kind,seed,family,score,best,best_score,kstar_used,kstar_own,kstarL_used,n_shell,C,C_star,M
isotropic_ownk,0,SC,0.2799702271224574,BCC,0.7200297728775427,0.3141592653589793,0.3141592653589793,6.283185307179586,18,0.9999643018348532,8.476589924461312e-05,
isotropic_ownk,0,BCC,0.7200297728775427,BCC,0.7200297728775427,0.3141592653589793,0.3141592653589793,6.283185307179586,18,0.9999643018348532,8.476589924461312e-05,
isotropic_ownk,0,FCC,0.0,BCC,0.7200297728775427,0.3141592653589793,0.3141592653589793,6.283185307179586,18,0.9999643018348532,8.476589924461312e-05,
isotropic_ownk,0,HCP,0.5732385882767558,BCC,0.7200297728775427,0.3141592653589793,0.3141592653589793,6.283185307179586,18,0.9999643018348532,8.476589924461312e-05,
isotropic_inj,0,SC,0.2799702271224574,BCC,0.7200297728775427,0.3141592653589793,0.3141592653589793,6.283185307179586,18,0.9999643018348532,8.476589924461312e-05,
isotropic_inj,0,BCC,0.7200297728775427,BCC,0.7200297728775427,0.3141592653589793,0.3141592653589793,6.283185307179586,18,0.9999643018348532,8.476589924461312e-05,
isotropic_inj,0,FCC,0.0,BCC,0.7200297728775427,0.3141592653589793,0.3141592653589793,6.283185307179586,18,0.9999643018348532,8.476589924461312e-05,
isotropic_inj,0,HCP,0.5732385882767558,BCC,0.7200297728775427,0.3141592653589793,0.3141592653589793,6.283185307179586,18,0.9999643018348532,8.476589924461312e-05,
isotropic_ownk,1,SC,0.0,FCC,1.0,17.27875959474386,17.27875959474386,345.5751918948772,7,0.99997823278027,3.36360423832637e-05,
isotropic_ownk,1,BCC,0.0,FCC,1.0,17.27875959474386,17.27875959474386,345.5751918948772,7,0.99997823278027,3.36360423832637e-05,
isotropic_ownk,1,FCC,1.0,FCC,1.0,17.27875959474386,17.27875959474386,345.5751918948772,7,0.99997823278027,3.36360423832637e-05,
isotropic_ownk,1,HCP,0.0,FCC,1.0,17.27875959474386,17.27875959474386,345.5751918948772,7,0.99997823278027,3.36360423832637e-05,
isotropic_inj,1,SC,0.2576310533427859,BCC,0.7423689466572142,0.3141592653589793,17.27875959474386,6.283185307179586,18,0.99997823278027,3.36360423832637e-05,
isotropic_inj,1,BCC,0.7423689466572142,BCC,0.7423689466572142,0.3141592653589793,17.27875959474386,6.283185307179586,18,0.99997823278027,3.36360423832637e-05,
isotropic_inj,1,FCC,0.0,BCC,0.7423689466572142,0.3141592653589793,17.27875959474386,6.283185307179586,18,0.99997823278027,3.36360423832637e-05,
isotropic_inj,1,HCP,0.6675060969130975,BCC,0.7423689466572142,0.3141592653589793,17.27875959474386,6.283185307179586,18,0.99997823278027,3.36360423832637e-05,
isotropic_ownk,2,SC,0.0,FCC,1.0,17.27875959474386,17.27875959474386,345.5751918948772,7,0.999973942042868,2.9232066481222556e-05,
isotropic_ownk,2,BCC,0.0,FCC,1.0,17.27875959474386,17.27875959474386,345.5751918948772,7,0.999973942042868,2.9232066481222556e-05,
isotropic_ownk,2,FCC,1.0,FCC,1.0,17.27875959474386,17.27875959474386,345.5751918948772,7,0.999973942042868,2.9232066481222556e-05,
isotropic_ownk,2,HCP,0.0,FCC,1.0,17.27875959474386,17.27875959474386,345.5751918948772,7,0.999973942042868,2.9232066481222556e-05,
isotropic_inj,2,SC,0.40106663667227543,HCP,0.6067628062127634,0.3141592653589793,17.27875959474386,6.283185307179586,18,0.999973942042868,2.9232066481222556e-05,
isotropic_inj,2,BCC,0.5989333633277244,HCP,0.6067628062127634,0.3141592653589793,17.27875959474386,6.283185307179586,18,0.999973942042868,2.9232066481222556e-05,
isotropic_inj,2,FCC,0.0,HCP,0.6067628062127634,0.3141592653589793,17.27875959474386,6.283185307179586,18,0.999973942042868,2.9232066481222556e-05,
isotropic_inj,2,HCP,0.6067628062127634,HCP,0.6067628062127634,0.3141592653589793,17.27875959474386,6.283185307179586,18,0.999973942042868,2.9232066481222556e-05,
isotropic_ownk,3,SC,0.0,FCC,1.0,17.27875959474386,17.27875959474386,345.5751918948772,7,0.9999819140100004,3.1220632023238164e-05,
isotropic_ownk,3,BCC,0.0,FCC,1.0,17.27875959474386,17.27875959474386,345.5751918948772,7,0.9999819140100004,3.1220632023238164e-05,
isotropic_ownk,3,FCC,1.0,FCC,1.0,17.27875959474386,17.27875959474386,345.5751918948772,7,0.9999819140100004,3.1220632023238164e-05,
isotropic_ownk,3,HCP,0.0,FCC,1.0,17.27875959474386,17.27875959474386,345.5751918948772,7,0.9999819140100004,3.1220632023238164e-05,
isotropic_inj,3,SC,0.2718281402834576,BCC,0.7281718597165424,0.3141592653589793,17.27875959474386,6.283185307179586,18,0.9999819140100004,3.1220632023238164e-05,
isotropic_inj,3,BCC,0.7281718597165424,BCC,0.7281718597165424,0.3141592653589793,17.27875959474386,6.283185307179586,18,0.9999819140100004,3.1220632023238164e-05,
isotropic_inj,3,FCC,0.0,BCC,0.7281718597165424,0.3141592653589793,17.27875959474386,6.283185307179586,18,0.9999819140100004,3.1220632023238164e-05,
isotropic_inj,3,HCP,0.49867530342709804,BCC,0.7281718597165424,0.3141592653589793,17.27875959474386,6.283185307179586,18,0.9999819140100004,3.1220632023238164e-05,
isotropic_ownk,4,SC,0.4292195251791547,BCC,0.819351224438718,0.9424777960769379,0.9424777960769379,18.84955592153876,98,0.999986997015142,0.00044611328043120564,
isotropic_ownk,4,BCC,0.819351224438718,BCC,0.819351224438718,0.9424777960769379,0.9424777960769379,18.84955592153876,98,0.999986997015142,0.00044611328043120564,
isotropic_ownk,4,FCC,0.6271601453799207,BCC,0.819351224438718,0.9424777960769379,0.9424777960769379,18.84955592153876,98,0.999986997015142,0.00044611328043120564,
isotropic_ownk,4,HCP,0.5166136394165319,BCC,0.819351224438718,0.9424777960769379,0.9424777960769379,18.84955592153876,98,0.999986997015142,0.00044611328043120564,
isotropic_inj,4,SC,0.10626565700772386,BCC,0.8937343429922762,0.3141592653589793,0.9424777960769379,6.283185307179586,18,0.999986997015142,0.00044611328043120564,
isotropic_inj,4,BCC,0.8937343429922762,BCC,0.8937343429922762,0.3141592653589793,0.9424777960769379,6.283185307179586,18,0.999986997015142,0.00044611328043120564,
isotropic_inj,4,FCC,0.0,BCC,0.8937343429922762,0.3141592653589793,0.9424777960769379,6.283185307179586,18,0.999986997015142,0.00044611328043120564,
isotropic_inj,4,HCP,0.4826389973901469,BCC,0.8937343429922762,0.3141592653589793,0.9424777960769379,6.283185307179586,18,0.999986997015142,0.00044611328043120564,
isotropic_ownk,5,SC,0.3788908602289178,BCC,0.809767683517552,1.8849555921538759,1.8849555921538759,37.69911184307752,450,0.9999907086702996,0.0018424789912337234,
isotropic_ownk,5,BCC,0.809767683517552,BCC,0.809767683517552,1.8849555921538759,1.8849555921538759,37.69911184307752,450,0.9999907086702996,0.0018424789912337234,
isotropic_ownk,5,FCC,0.5719971948888212,BCC,0.809767683517552,1.8849555921538759,1.8849555921538759,37.69911184307752,450,0.9999907086702996,0.0018424789912337234,
isotropic_ownk,5,HCP,0.5624256222960928,BCC,0.809767683517552,1.8849555921538759,1.8849555921538759,37.69911184307752,450,0.9999907086702996,0.0018424789912337234,
isotropic_inj,5,SC,0.15896454006625832,BCC,0.8410354599337417,0.3141592653589793,1.8849555921538759,6.283185307179586,18,0.9999907086702996,0.0018424789912337234,
isotropic_inj,5,BCC,0.8410354599337417,BCC,0.8410354599337417,0.3141592653589793,1.8849555921538759,6.283185307179586,18,0.9999907086702996,0.0018424789912337234,
isotropic_inj,5,FCC,0.0,BCC,0.8410354599337417,0.3141592653589793,1.8849555921538759,6.283185307179586,18,0.9999907086702996,0.0018424789912337234,
isotropic_inj,5,HCP,0.5296768091470135,BCC,0.8410354599337417,0.3141592653589793,1.8849555921538759,6.283185307179586,18,0.9999907086702996,0.0018424789912337234,
isotropic_ownk,6,SC,0.0,FCC,1.0,16.336281798666924,16.336281798666924,326.7256359733385,200,0.9999635861185251,0.0008282644105661147,
isotropic_ownk,6,BCC,0.46830376258929424,FCC,1.0,16.336281798666924,16.336281798666924,326.7256359733385,200,0.9999635861185251,0.0008282644105661147,
isotropic_ownk,6,FCC,1.0,FCC,1.0,16.336281798666924,16.336281798666924,326.7256359733385,200,0.9999635861185251,0.0008282644105661147,
isotropic_ownk,6,HCP,0.0,FCC,1.0,16.336281798666924,16.336281798666924,326.7256359733385,200,0.9999635861185251,0.0008282644105661147,
isotropic_inj,6,SC,0.5210130950232985,HCP,0.6941210904915631,0.3141592653589793,16.336281798666924,6.283185307179586,18,0.9999635861185251,0.0008282644105661147,
isotropic_inj,6,BCC,0.4789869049767017,HCP,0.6941210904915631,0.3141592653589793,16.336281798666924,6.283185307179586,18,0.9999635861185251,0.0008282644105661147,
isotropic_inj,6,FCC,0.0,HCP,0.6941210904915631,0.3141592653589793,16.336281798666924,6.283185307179586,18,0.9999635861185251,0.0008282644105661147,
isotropic_inj,6,HCP,0.6941210904915631,HCP,0.6941210904915631,0.3141592653589793,16.336281798666924,6.283185307179586,18,0.9999635861185251,0.0008282644105661147,
isotropic_ownk,7,SC,0.5304653213008802,BCC,0.728289293563445,0.6283185307179586,0.6283185307179586,12.566370614359172,62,0.9999767074166097,0.00027825920038411755,
isotropic_ownk,7,BCC,0.728289293563445,BCC,0.728289293563445,0.6283185307179586,0.6283185307179586,12.566370614359172,62,0.9999767074166097,0.00027825920038411755,
isotropic_ownk,7,FCC,0.46953467869912013,BCC,0.728289293563445,0.6283185307179586,0.6283185307179586,12.566370614359172,62,0.9999767074166097,0.00027825920038411755,
isotropic_ownk,7,HCP,0.5449253528422826,BCC,0.728289293563445,0.6283185307179586,0.6283185307179586,12.566370614359172,62,0.9999767074166097,0.00027825920038411755,
isotropic_inj,7,SC,0.35791081425286075,BCC,0.6420891857471391,0.3141592653589793,0.6283185307179586,6.283185307179586,18,0.9999767074166097,0.00027825920038411755,
isotropic_inj,7,BCC,0.6420891857471391,BCC,0.6420891857471391,0.3141592653589793,0.6283185307179586,6.283185307179586,18,0.9999767074166097,0.00027825920038411755,
isotropic_inj,7,FCC,0.0,BCC,0.6420891857471391,0.3141592653589793,0.6283185307179586,6.283185307179586,18,0.9999767074166097,0.00027825920038411755,
isotropic_inj,7,HCP,0.47364594524476833,BCC,0.6420891857471391,0.3141592653589793,0.6283185307179586,6.283185307179586,18,0.9999767074166097,0.00027825920038411755,
isotropic_ownk,8,SC,0.28017374812434814,BCC,0.7198262518756519,0.3141592653589793,0.3141592653589793,6.283185307179586,18,0.9999658064878748,0.0001166883522653824,
isotropic_ownk,8,BCC,0.7198262518756519,BCC,0.7198262518756519,0.3141592653589793,0.3141592653589793,6.283185307179586,18,0.9999658064878748,0.0001166883522653824,
isotropic_ownk,8,FCC,0.0,BCC,0.7198262518756519,0.3141592653589793,0.3141592653589793,6.283185307179586,18,0.9999658064878748,0.0001166883522653824,
isotropic_ownk,8,HCP,0.517813942887661,BCC,0.7198262518756519,0.3141592653589793,0.3141592653589793,6.283185307179586,18,0.9999658064878748,0.0001166883522653824,
isotropic_inj,8,SC,0.28017374812434814,BCC,0.7198262518756519,0.3141592653589793,0.3141592653589793,6.283185307179586,18,0.9999658064878748,0.0001166883522653824,
isotropic_inj,8,BCC,0.7198262518756519,BCC,0.7198262518756519,0.3141592653589793,0.3141592653589793,6.283185307179586,18,0.9999658064878748,0.0001166883522653824,
isotropic_inj,8,FCC,0.0,BCC,0.7198262518756519,0.3141592653589793,0.3141592653589793,6.283185307179586,18,0.9999658064878748,0.0001166883522653824,
isotropic_inj,8,HCP,0.517813942887661,BCC,0.7198262518756519,0.3141592653589793,0.3141592653589793,6.283185307179586,18,0.9999658064878748,0.0001166883522653824,
isotropic_ownk,9,SC,0.44877721380669733,HCP,0.61274266299806,0.3141592653589793,0.3141592653589793,6.283185307179586,18,0.9999587576848283,8.692170581448298e-05,
isotropic_ownk,9,BCC,0.5512227861933028,HCP,0.61274266299806,0.3141592653589793,0.3141592653589793,6.283185307179586,18,0.9999587576848283,8.692170581448298e-05,
isotropic_ownk,9,FCC,0.0,HCP,0.61274266299806,0.3141592653589793,0.3141592653589793,6.283185307179586,18,0.9999587576848283,8.692170581448298e-05,
isotropic_ownk,9,HCP,0.61274266299806,HCP,0.61274266299806,0.3141592653589793,0.3141592653589793,6.283185307179586,18,0.9999587576848283,8.692170581448298e-05,
isotropic_inj,9,SC,0.44877721380669733,HCP,0.61274266299806,0.3141592653589793,0.3141592653589793,6.283185307179586,18,0.9999587576848283,8.692170581448298e-05,
isotropic_inj,9,BCC,0.5512227861933028,HCP,0.61274266299806,0.3141592653589793,0.3141592653589793,6.283185307179586,18,0.9999587576848283,8.692170581448298e-05,
isotropic_inj,9,FCC,0.0,HCP,0.61274266299806,0.3141592653589793,0.3141592653589793,6.283185307179586,18,0.9999587576848283,8.692170581448298e-05,
isotropic_inj,9,HCP,0.61274266299806,HCP,0.61274266299806,0.3141592653589793,0.3141592653589793,6.283185307179586,18,0.9999587576848283,8.692170581448298e-05,
isotropic_ownk,10,SC,0.0,FCC,1.0,17.27875959474386,17.27875959474386,345.5751918948772,7,0.9999816220133299,3.88811173070627e-05,
isotropic_ownk,10,BCC,0.0,FCC,1.0,17.27875959474386,17.27875959474386,345.5751918948772,7,0.9999816220133299,3.88811173070627e-05,
isotropic_ownk,10,FCC,1.0,FCC,1.0,17.27875959474386,17.27875959474386,345.5751918948772,7,0.9999816220133299,3.88811173070627e-05,
isotropic_ownk,10,HCP,0.0,FCC,1.0,17.27875959474386,17.27875959474386,345.5751918948772,7,0.9999816220133299,3.88811173070627e-05,
isotropic_inj,10,SC,0.35904808600936056,HCP,0.6746648595157523,0.3141592653589793,17.27875959474386,6.283185307179586,18,0.9999816220133299,3.88811173070627e-05,
isotropic_inj,10,BCC,0.6409519139906394,HCP,0.6746648595157523,0.3141592653589793,17.27875959474386,6.283185307179586,18,0.9999816220133299,3.88811173070627e-05,
isotropic_inj,10,FCC,0.0,HCP,0.6746648595157523,0.3141592653589793,17.27875959474386,6.283185307179586,18,0.9999816220133299,3.88811173070627e-05,
isotropic_inj,10,HCP,0.6746648595157523,HCP,0.6746648595157523,0.3141592653589793,17.27875959474386,6.283185307179586,18,0.9999816220133299,3.88811173070627e-05,
isotropic_ownk,11,SC,0.0,FCC,1.0,16.964600329384883,16.964600329384883,339.29200658769764,56,0.9999839921853295,0.0002433827210273181,
isotropic_ownk,11,BCC,0.0,FCC,1.0,16.964600329384883,16.964600329384883,339.29200658769764,56,0.9999839921853295,0.0002433827210273181,
isotropic_ownk,11,FCC,1.0,FCC,1.0,16.964600329384883,16.964600329384883,339.29200658769764,56,0.9999839921853295,0.0002433827210273181,
isotropic_ownk,11,HCP,0.0,FCC,1.0,16.964600329384883,16.964600329384883,339.29200658769764,56,0.9999839921853295,0.0002433827210273181,
isotropic_inj,11,SC,0.3205342395671799,HCP,0.7177528696399722,0.3141592653589793,16.964600329384883,6.283185307179586,18,0.9999839921853295,0.0002433827210273181,
isotropic_inj,11,BCC,0.6794657604328199,HCP,0.7177528696399722,0.3141592653589793,16.964600329384883,6.283185307179586,18,0.9999839921853295,0.0002433827210273181,
isotropic_inj,11,FCC,0.0,HCP,0.7177528696399722,0.3141592653589793,16.964600329384883,6.283185307179586,18,0.9999839921853295,0.0002433827210273181,
isotropic_inj,11,HCP,0.7177528696399722,HCP,0.7177528696399722,0.3141592653589793,16.964600329384883,6.283185307179586,18,0.9999839921853295,0.0002433827210273181,
isotropic_ownk,12,SC,0.0,FCC,1.0,16.964600329384883,16.964600329384883,339.29200658769764,56,0.9999728146144488,0.0002697495439650227,
isotropic_ownk,12,BCC,0.0,FCC,1.0,16.964600329384883,16.964600329384883,339.29200658769764,56,0.9999728146144488,0.0002697495439650227,
isotropic_ownk,12,FCC,1.0,FCC,1.0,16.964600329384883,16.964600329384883,339.29200658769764,56,0.9999728146144488,0.0002697495439650227,
isotropic_ownk,12,HCP,0.0,FCC,1.0,16.964600329384883,16.964600329384883,339.29200658769764,56,0.9999728146144488,0.0002697495439650227,
isotropic_inj,12,SC,0.425908582395982,BCC,0.5740914176040179,0.3141592653589793,16.964600329384883,6.283185307179586,18,0.9999728146144488,0.0002697495439650227,
isotropic_inj,12,BCC,0.5740914176040179,BCC,0.5740914176040179,0.3141592653589793,16.964600329384883,6.283185307179586,18,0.9999728146144488,0.0002697495439650227,
isotropic_inj,12,FCC,0.0,BCC,0.5740914176040179,0.3141592653589793,16.964600329384883,6.283185307179586,18,0.9999728146144488,0.0002697495439650227,
isotropic_inj,12,HCP,0.5599187584785356,BCC,0.5740914176040179,0.3141592653589793,16.964600329384883,6.283185307179586,18,0.9999728146144488,0.0002697495439650227,
isotropic_ownk,13,SC,0.5793499276066455,BCC,0.8236480600580816,0.6283185307179586,0.6283185307179586,12.566370614359172,62,0.9999714379205112,0.00031307400586940906,
isotropic_ownk,13,BCC,0.8236480600580816,BCC,0.8236480600580816,0.6283185307179586,0.6283185307179586,12.566370614359172,62,0.9999714379205112,0.00031307400586940906,
isotropic_ownk,13,FCC,0.42065007239335456,BCC,0.8236480600580816,0.6283185307179586,0.6283185307179586,12.566370614359172,62,0.9999714379205112,0.00031307400586940906,
isotropic_ownk,13,HCP,0.5569342266830818,BCC,0.8236480600580816,0.6283185307179586,0.6283185307179586,12.566370614359172,62,0.9999714379205112,0.00031307400586940906,
isotropic_inj,13,SC,0.38410336899018943,BCC,0.6158966310098105,0.3141592653589793,0.6283185307179586,6.283185307179586,18,0.9999714379205112,0.00031307400586940906,
isotropic_inj,13,BCC,0.6158966310098105,BCC,0.6158966310098105,0.3141592653589793,0.6283185307179586,6.283185307179586,18,0.9999714379205112,0.00031307400586940906,
isotropic_inj,13,FCC,0.0,BCC,0.6158966310098105,0.3141592653589793,0.6283185307179586,6.283185307179586,18,0.9999714379205112,0.00031307400586940906,
isotropic_inj,13,HCP,0.5287822429392948,BCC,0.6158966310098105,0.3141592653589793,0.6283185307179586,6.283185307179586,18,0.9999714379205112,0.00031307400586940906,
isotropic_ownk,14,SC,0.0,FCC,1.0,17.27875959474386,17.27875959474386,345.5751918948772,7,0.9999723057907196,3.111586277301537e-05,
isotropic_ownk,14,BCC,0.0,FCC,1.0,17.27875959474386,17.27875959474386,345.5751918948772,7,0.9999723057907196,3.111586277301537e-05,
isotropic_ownk,14,FCC,1.0,FCC,1.0,17.27875959474386,17.27875959474386,345.5751918948772,7,0.9999723057907196,3.111586277301537e-05,
isotropic_ownk,14,HCP,0.0,FCC,1.0,17.27875959474386,17.27875959474386,345.5751918948772,7,0.9999723057907196,3.111586277301537e-05,
isotropic_inj,14,SC,0.4413626929301467,BCC,0.5586373070698534,0.3141592653589793,17.27875959474386,6.283185307179586,18,0.9999723057907196,3.111586277301537e-05,
isotropic_inj,14,BCC,0.5586373070698534,BCC,0.5586373070698534,0.3141592653589793,17.27875959474386,6.283185307179586,18,0.9999723057907196,3.111586277301537e-05,
isotropic_inj,14,FCC,0.0,BCC,0.5586373070698534,0.3141592653589793,17.27875959474386,6.283185307179586,18,0.9999723057907196,3.111586277301537e-05,
isotropic_inj,14,HCP,0.5578036545115442,BCC,0.5586373070698534,0.3141592653589793,17.27875959474386,6.283185307179586,18,0.9999723057907196,3.111586277301537e-05,
isotropic_ownk,15,SC,0.3132952088920703,BCC,0.6867047911079297,0.3141592653589793,0.3141592653589793,6.283185307179586,18,0.9999691895109345,8.939139552016325e-05,
isotropic_ownk,15,BCC,0.6867047911079297,BCC,0.6867047911079297,0.3141592653589793,0.3141592653589793,6.283185307179586,18,0.9999691895109345,8.939139552016325e-05,
isotropic_ownk,15,FCC,0.0,BCC,0.6867047911079297,0.3141592653589793,0.3141592653589793,6.283185307179586,18,0.9999691895109345,8.939139552016325e-05,
isotropic_ownk,15,HCP,0.5629451445836376,BCC,0.6867047911079297,0.3141592653589793,0.3141592653589793,6.283185307179586,18,0.9999691895109345,8.939139552016325e-05,
isotropic_inj,15,SC,0.3132952088920703,BCC,0.6867047911079297,0.3141592653589793,0.3141592653589793,6.283185307179586,18,0.9999691895109345,8.939139552016325e-05,
isotropic_inj,15,BCC,0.6867047911079297,BCC,0.6867047911079297,0.3141592653589793,0.3141592653589793,6.283185307179586,18,0.9999691895109345,8.939139552016325e-05,
isotropic_inj,15,FCC,0.0,BCC,0.6867047911079297,0.3141592653589793,0.3141592653589793,6.283185307179586,18,0.9999691895109345,8.939139552016325e-05,
isotropic_inj,15,HCP,0.5629451445836376,BCC,0.6867047911079297,0.3141592653589793,0.3141592653589793,6.283185307179586,18,0.9999691895109345,8.939139552016325e-05,
isotropic_ownk,16,SC,0.0,FCC,1.0,16.964600329384883,16.964600329384883,339.29200658769764,56,0.9999835639730636,0.00023658248011267197,
isotropic_ownk,16,BCC,0.0,FCC,1.0,16.964600329384883,16.964600329384883,339.29200658769764,56,0.9999835639730636,0.00023658248011267197,
isotropic_ownk,16,FCC,1.0,FCC,1.0,16.964600329384883,16.964600329384883,339.29200658769764,56,0.9999835639730636,0.00023658248011267197,
isotropic_ownk,16,HCP,0.0,FCC,1.0,16.964600329384883,16.964600329384883,339.29200658769764,56,0.9999835639730636,0.00023658248011267197,
isotropic_inj,16,SC,0.3071152741054264,BCC,0.6928847258945738,0.3141592653589793,16.964600329384883,6.283185307179586,18,0.9999835639730636,0.00023658248011267197,
isotropic_inj,16,BCC,0.6928847258945738,BCC,0.6928847258945738,0.3141592653589793,16.964600329384883,6.283185307179586,18,0.9999835639730636,0.00023658248011267197,
isotropic_inj,16,FCC,0.0,BCC,0.6928847258945738,0.3141592653589793,16.964600329384883,6.283185307179586,18,0.9999835639730636,0.00023658248011267197,
isotropic_inj,16,HCP,0.6024529522667004,BCC,0.6928847258945738,0.3141592653589793,16.964600329384883,6.283185307179586,18,0.9999835639730636,0.00023658248011267197,
isotropic_ownk,17,SC,0.0,FCC,1.0,17.27875959474386,17.27875959474386,345.5751918948772,7,0.9999754935981081,3.5305429672689445e-05,
isotropic_ownk,17,BCC,0.0,FCC,1.0,17.27875959474386,17.27875959474386,345.5751918948772,7,0.9999754935981081,3.5305429672689445e-05,
isotropic_ownk,17,FCC,1.0,FCC,1.0,17.27875959474386,17.27875959474386,345.5751918948772,7,0.9999754935981081,3.5305429672689445e-05,
isotropic_ownk,17,HCP,0.0,FCC,1.0,17.27875959474386,17.27875959474386,345.5751918948772,7,0.9999754935981081,3.5305429672689445e-05,
isotropic_inj,17,SC,0.4051705633389359,BCC,0.5948294366610641,0.3141592653589793,17.27875959474386,6.283185307179586,18,0.9999754935981081,3.5305429672689445e-05,
isotropic_inj,17,BCC,0.5948294366610641,BCC,0.5948294366610641,0.3141592653589793,17.27875959474386,6.283185307179586,18,0.9999754935981081,3.5305429672689445e-05,
isotropic_inj,17,FCC,0.0,BCC,0.5948294366610641,0.3141592653589793,17.27875959474386,6.283185307179586,18,0.9999754935981081,3.5305429672689445e-05,
isotropic_inj,17,HCP,0.5263115849183213,BCC,0.5948294366610641,0.3141592653589793,17.27875959474386,6.283185307179586,18,0.9999754935981081,3.5305429672689445e-05,
isotropic_ownk,18,SC,0.4474361044695506,BCC,0.7158455283937158,0.6283185307179586,0.6283185307179586,12.566370614359172,62,0.9999872084192728,0.0003071920481273069,
isotropic_ownk,18,BCC,0.7158455283937158,BCC,0.7158455283937158,0.6283185307179586,0.6283185307179586,12.566370614359172,62,0.9999872084192728,0.0003071920481273069,
isotropic_ownk,18,FCC,0.5525638955304497,BCC,0.7158455283937158,0.6283185307179586,0.6283185307179586,12.566370614359172,62,0.9999872084192728,0.0003071920481273069,
isotropic_ownk,18,HCP,0.49823112030826594,BCC,0.7158455283937158,0.6283185307179586,0.6283185307179586,12.566370614359172,62,0.9999872084192728,0.0003071920481273069,
isotropic_inj,18,SC,0.26481340994559815,BCC,0.7351865900544019,0.3141592653589793,0.6283185307179586,6.283185307179586,18,0.9999872084192728,0.0003071920481273069,
isotropic_inj,18,BCC,0.7351865900544019,BCC,0.7351865900544019,0.3141592653589793,0.6283185307179586,6.283185307179586,18,0.9999872084192728,0.0003071920481273069,
isotropic_inj,18,FCC,0.0,BCC,0.7351865900544019,0.3141592653589793,0.6283185307179586,6.283185307179586,18,0.9999872084192728,0.0003071920481273069,
isotropic_inj,18,HCP,0.5290308444176979,BCC,0.7351865900544019,0.3141592653589793,0.6283185307179586,6.283185307179586,18,0.9999872084192728,0.0003071920481273069,
isotropic_ownk,19,SC,0.5342742947653912,BCC,0.8232287260543338,0.9424777960769379,0.9424777960769379,18.84955592153876,98,0.9999752714362079,0.0004437836240308103,
isotropic_ownk,19,BCC,0.8232287260543338,BCC,0.8232287260543338,0.9424777960769379,0.9424777960769379,18.84955592153876,98,0.9999752714362079,0.0004437836240308103,
isotropic_ownk,19,FCC,0.5523235392539998,BCC,0.8232287260543338,0.9424777960769379,0.9424777960769379,18.84955592153876,98,0.9999752714362079,0.0004437836240308103,
isotropic_ownk,19,HCP,0.5894306425135325,BCC,0.8232287260543338,0.9424777960769379,0.9424777960769379,18.84955592153876,98,0.9999752714362079,0.0004437836240308103,
isotropic_inj,19,SC,0.4172436450430532,BCC,0.5827563549569467,0.3141592653589793,0.9424777960769379,6.283185307179586,18,0.9999752714362079,0.0004437836240308103,
isotropic_inj,19,BCC,0.5827563549569467,BCC,0.5827563549569467,0.3141592653589793,0.9424777960769379,6.283185307179586,18,0.9999752714362079,0.0004437836240308103,
isotropic_inj,19,FCC,0.0,BCC,0.5827563549569467,0.3141592653589793,0.9424777960769379,6.283185307179586,18,0.9999752714362079,0.0004437836240308103,
isotropic_inj,19,HCP,0.5013991079041862,BCC,0.5827563549569467,0.3141592653589793,0.9424777960769379,6.283185307179586,18,0.9999752714362079,0.0004437836240308103,
isotropic_ownk,20,SC,0.0,FCC,1.0,17.27875959474386,17.27875959474386,345.5751918948772,7,0.9999823446365842,3.964064342598937e-05,
isotropic_ownk,20,BCC,0.0,FCC,1.0,17.27875959474386,17.27875959474386,345.5751918948772,7,0.9999823446365842,3.964064342598937e-05,
isotropic_ownk,20,FCC,1.0,FCC,1.0,17.27875959474386,17.27875959474386,345.5751918948772,7,0.9999823446365842,3.964064342598937e-05,
isotropic_ownk,20,HCP,0.0,FCC,1.0,17.27875959474386,17.27875959474386,345.5751918948772,7,0.9999823446365842,3.964064342598937e-05,
isotropic_inj,20,SC,0.17144699538150163,BCC,0.8285530046184983,0.3141592653589793,17.27875959474386,6.283185307179586,18,0.9999823446365842,3.964064342598937e-05,
isotropic_inj,20,BCC,0.8285530046184983,BCC,0.8285530046184983,0.3141592653589793,17.27875959474386,6.283185307179586,18,0.9999823446365842,3.964064342598937e-05,
isotropic_inj,20,FCC,0.0,BCC,0.8285530046184983,0.3141592653589793,17.27875959474386,6.283185307179586,18,0.9999823446365842,3.964064342598937e-05,
isotropic_inj,20,HCP,0.28548333728642034,BCC,0.8285530046184983,0.3141592653589793,17.27875959474386,6.283185307179586,18,0.9999823446365842,3.964064342598937e-05,
isotropic_ownk,21,SC,0.0,FCC,1.0,16.650441064025905,16.650441064025905,333.0088212805181,168,0.9999773940095483,0.0007118595973811989,
isotropic_ownk,21,BCC,0.059026594131293186,FCC,1.0,16.650441064025905,16.650441064025905,333.0088212805181,168,0.9999773940095483,0.0007118595973811989,
isotropic_ownk,21,FCC,1.0,FCC,1.0,16.650441064025905,16.650441064025905,333.0088212805181,168,0.9999773940095483,0.0007118595973811989,
isotropic_ownk,21,HCP,0.0,FCC,1.0,16.650441064025905,16.650441064025905,333.0088212805181,168,0.9999773940095483,0.0007118595973811989,
isotropic_inj,21,SC,0.4492826816787452,BCC,0.5507173183212548,0.3141592653589793,16.650441064025905,6.283185307179586,18,0.9999773940095483,0.0007118595973811989,
isotropic_inj,21,BCC,0.5507173183212548,BCC,0.5507173183212548,0.3141592653589793,16.650441064025905,6.283185307179586,18,0.9999773940095483,0.0007118595973811989,
isotropic_inj,21,FCC,0.0,BCC,0.5507173183212548,0.3141592653589793,16.650441064025905,6.283185307179586,18,0.9999773940095483,0.0007118595973811989,
isotropic_inj,21,HCP,0.5204654388390715,BCC,0.5507173183212548,0.3141592653589793,16.650441064025905,6.283185307179586,18,0.9999773940095483,0.0007118595973811989,
isotropic_ownk,22,SC,0.0,FCC,1.0,16.650441064025905,16.650441064025905,333.0088212805181,168,0.999984063743568,0.000722570009339569,
isotropic_ownk,22,BCC,0.045489993310685525,FCC,1.0,16.650441064025905,16.650441064025905,333.0088212805181,168,0.999984063743568,0.000722570009339569,
isotropic_ownk,22,FCC,1.0,FCC,1.0,16.650441064025905,16.650441064025905,333.0088212805181,168,0.999984063743568,0.000722570009339569,
isotropic_ownk,22,HCP,0.0,FCC,1.0,16.650441064025905,16.650441064025905,333.0088212805181,168,0.999984063743568,0.000722570009339569,
isotropic_inj,22,SC,0.3119188120275965,BCC,0.6880811879724034,0.3141592653589793,16.650441064025905,6.283185307179586,18,0.999984063743568,0.000722570009339569,
isotropic_inj,22,BCC,0.6880811879724034,BCC,0.6880811879724034,0.3141592653589793,16.650441064025905,6.283185307179586,18,0.999984063743568,0.000722570009339569,
isotropic_inj,22,FCC,0.0,BCC,0.6880811879724034,0.3141592653589793,16.650441064025905,6.283185307179586,18,0.999984063743568,0.000722570009339569,
isotropic_inj,22,HCP,0.5999805996886228,BCC,0.6880811879724034,0.3141592653589793,16.650441064025905,6.283185307179586,18,0.999984063743568,0.000722570009339569,
isotropic_ownk,23,SC,0.5279579841408346,BCC,0.8822793194163794,0.9424777960769379,0.9424777960769379,18.84955592153876,98,0.9999768682547665,0.0004428130054155714,
isotropic_ownk,23,BCC,0.8822793194163794,BCC,0.8822793194163794,0.9424777960769379,0.9424777960769379,18.84955592153876,98,0.9999768682547665,0.0004428130054155714,
isotropic_ownk,23,FCC,0.5703264603265071,BCC,0.8822793194163794,0.9424777960769379,0.9424777960769379,18.84955592153876,98,0.9999768682547665,0.0004428130054155714,
isotropic_ownk,23,HCP,0.6222223090237244,BCC,0.8822793194163794,0.9424777960769379,0.9424777960769379,18.84955592153876,98,0.9999768682547665,0.0004428130054155714,
isotropic_inj,23,SC,0.2686756400905704,BCC,0.7313243599094296,0.3141592653589793,0.9424777960769379,6.283185307179586,18,0.9999768682547665,0.0004428130054155714,
isotropic_inj,23,BCC,0.7313243599094296,BCC,0.7313243599094296,0.3141592653589793,0.9424777960769379,6.283185307179586,18,0.9999768682547665,0.0004428130054155714,
isotropic_inj,23,FCC,0.0,BCC,0.7313243599094296,0.3141592653589793,0.9424777960769379,6.283185307179586,18,0.9999768682547665,0.0004428130054155714,
isotropic_inj,23,HCP,0.39321521705430035,BCC,0.7313243599094296,0.3141592653589793,0.9424777960769379,6.283185307179586,18,0.9999768682547665,0.0004428130054155714,
isotropic_ownk,24,SC,0.2341581823465448,BCC,0.765841817653455,0.3141592653589793,0.3141592653589793,6.283185307179586,18,0.9999785738234201,8.08493798626349e-05,
isotropic_ownk,24,BCC,0.765841817653455,BCC,0.765841817653455,0.3141592653589793,0.3141592653589793,6.283185307179586,18,0.9999785738234201,8.08493798626349e-05,
isotropic_ownk,24,FCC,0.0,BCC,0.765841817653455,0.3141592653589793,0.3141592653589793,6.283185307179586,18,0.9999785738234201,8.08493798626349e-05,
isotropic_ownk,24,HCP,0.4449236962795425,BCC,0.765841817653455,0.3141592653589793,0.3141592653589793,6.283185307179586,18,0.9999785738234201,8.08493798626349e-05,
isotropic_inj,24,SC,0.2341581823465448,BCC,0.765841817653455,0.3141592653589793,0.3141592653589793,6.283185307179586,18,0.9999785738234201,8.08493798626349e-05,
isotropic_inj,24,BCC,0.765841817653455,BCC,0.765841817653455,0.3141592653589793,0.3141592653589793,6.283185307179586,18,0.9999785738234201,8.08493798626349e-05,
isotropic_inj,24,FCC,0.0,BCC,0.765841817653455,0.3141592653589793,0.3141592653589793,6.283185307179586,18,0.9999785738234201,8.08493798626349e-05,
isotropic_inj,24,HCP,0.4449236962795425,BCC,0.765841817653455,0.3141592653589793,0.3141592653589793,6.283185307179586,18,0.9999785738234201,8.08493798626349e-05,
isotropic_ownk,25,SC,0.0,FCC,1.0,17.27875959474386,17.27875959474386,345.5751918948772,7,0.9999857822173349,4.631083269574187e-05,
isotropic_ownk,25,BCC,0.0,FCC,1.0,17.27875959474386,17.27875959474386,345.5751918948772,7,0.9999857822173349,4.631083269574187e-05,
isotropic_ownk,25,FCC,1.0,FCC,1.0,17.27875959474386,17.27875959474386,345.5751918948772,7,0.9999857822173349,4.631083269574187e-05,
isotropic_ownk,25,HCP,0.0,FCC,1.0,17.27875959474386,17.27875959474386,345.5751918948772,7,0.9999857822173349,4.631083269574187e-05,
isotropic_inj,25,SC,0.14205891659521686,BCC,0.8579410834047833,0.3141592653589793,17.27875959474386,6.283185307179586,18,0.9999857822173349,4.631083269574187e-05,
isotropic_inj,25,BCC,0.8579410834047833,BCC,0.8579410834047833,0.3141592653589793,17.27875959474386,6.283185307179586,18,0.9999857822173349,4.631083269574187e-05,
isotropic_inj,25,FCC,0.0,BCC,0.8579410834047833,0.3141592653589793,17.27875959474386,6.283185307179586,18,0.9999857822173349,4.631083269574187e-05,
isotropic_inj,25,HCP,0.352199675228731,BCC,0.8579410834047833,0.3141592653589793,17.27875959474386,6.283185307179586,18,0.9999857822173349,4.631083269574187e-05,
isotropic_ownk,26,SC,0.3742315239143155,BCC,0.6257684760856843,0.3141592653589793,0.3141592653589793,6.283185307179586,18,0.9999642538119625,8.822638845013164e-05,
isotropic_ownk,26,BCC,0.6257684760856843,BCC,0.6257684760856843,0.3141592653589793,0.3141592653589793,6.283185307179586,18,0.9999642538119625,8.822638845013164e-05,
isotropic_ownk,26,FCC,0.0,BCC,0.6257684760856843,0.3141592653589793,0.3141592653589793,6.283185307179586,18,0.9999642538119625,8.822638845013164e-05,
isotropic_ownk,26,HCP,0.49361712235239047,BCC,0.6257684760856843,0.3141592653589793,0.3141592653589793,6.283185307179586,18,0.9999642538119625,8.822638845013164e-05,
isotropic_inj,26,SC,0.3742315239143155,BCC,0.6257684760856843,0.3141592653589793,0.3141592653589793,6.283185307179586,18,0.9999642538119625,8.822638845013164e-05,
isotropic_inj,26,BCC,0.6257684760856843,BCC,0.6257684760856843,0.3141592653589793,0.3141592653589793,6.283185307179586,18,0.9999642538119625,8.822638845013164e-05,
isotropic_inj,26,FCC,0.0,BCC,0.6257684760856843,0.3141592653589793,0.3141592653589793,6.283185307179586,18,0.9999642538119625,8.822638845013164e-05,
isotropic_inj,26,HCP,0.49361712235239047,BCC,0.6257684760856843,0.3141592653589793,0.3141592653589793,6.283185307179586,18,0.9999642538119625,8.822638845013164e-05,
isotropic_ownk,27,SC,0.0,FCC,1.0,17.27875959474386,17.27875959474386,345.5751918948772,7,0.999964977428044,3.559116580276774e-05,
isotropic_ownk,27,BCC,0.0,FCC,1.0,17.27875959474386,17.27875959474386,345.5751918948772,7,0.999964977428044,3.559116580276774e-05,
isotropic_ownk,27,FCC,1.0,FCC,1.0,17.27875959474386,17.27875959474386,345.5751918948772,7,0.999964977428044,3.559116580276774e-05,
isotropic_ownk,27,HCP,0.0,FCC,1.0,17.27875959474386,17.27875959474386,345.5751918948772,7,0.999964977428044,3.559116580276774e-05,
isotropic_inj,27,SC,0.6486242971709835,HCP,0.7801961317685532,0.3141592653589793,17.27875959474386,6.283185307179586,18,0.999964977428044,3.559116580276774e-05,
isotropic_inj,27,BCC,0.3513757028290164,HCP,0.7801961317685532,0.3141592653589793,17.27875959474386,6.283185307179586,18,0.999964977428044,3.559116580276774e-05,
isotropic_inj,27,FCC,0.0,HCP,0.7801961317685532,0.3141592653589793,17.27875959474386,6.283185307179586,18,0.999964977428044,3.559116580276774e-05,
isotropic_inj,27,HCP,0.7801961317685532,HCP,0.7801961317685532,0.3141592653589793,17.27875959474386,6.283185307179586,18,0.999964977428044,3.559116580276774e-05,
isotropic_ownk,28,SC,0.32622407069467435,BCC,0.6737759293053257,0.3141592653589793,0.3141592653589793,6.283185307179586,18,0.9999683947469131,9.488466793191478e-05,
isotropic_ownk,28,BCC,0.6737759293053257,BCC,0.6737759293053257,0.3141592653589793,0.3141592653589793,6.283185307179586,18,0.9999683947469131,9.488466793191478e-05,
isotropic_ownk,28,FCC,0.0,BCC,0.6737759293053257,0.3141592653589793,0.3141592653589793,6.283185307179586,18,0.9999683947469131,9.488466793191478e-05,
isotropic_ownk,28,HCP,0.5455217755460352,BCC,0.6737759293053257,0.3141592653589793,0.3141592653589793,6.283185307179586,18,0.9999683947469131,9.488466793191478e-05,
isotropic_inj,28,SC,0.32622407069467435,BCC,0.6737759293053257,0.3141592653589793,0.3141592653589793,6.283185307179586,18,0.9999683947469131,9.488466793191478e-05,
isotropic_inj,28,BCC,0.6737759293053257,BCC,0.6737759293053257,0.3141592653589793,0.3141592653589793,6.283185307179586,18,0.9999683947469131,9.488466793191478e-05,
isotropic_inj,28,FCC,0.0,BCC,0.6737759293053257,0.3141592653589793,0.3141592653589793,6.283185307179586,18,0.9999683947469131,9.488466793191478e-05,
isotropic_inj,28,HCP,0.5455217755460352,BCC,0.6737759293053257,0.3141592653589793,0.3141592653589793,6.283185307179586,18,0.9999683947469131,9.488466793191478e-05,
isotropic_ownk,29,SC,0.0,FCC,1.0,16.964600329384883,16.964600329384883,339.29200658769764,56,0.9999824996396126,0.0002732265067637149,
isotropic_ownk,29,BCC,0.0,FCC,1.0,16.964600329384883,16.964600329384883,339.29200658769764,56,0.9999824996396126,0.0002732265067637149,
isotropic_ownk,29,FCC,1.0,FCC,1.0,16.964600329384883,16.964600329384883,339.29200658769764,56,0.9999824996396126,0.0002732265067637149,
isotropic_ownk,29,HCP,0.0,FCC,1.0,16.964600329384883,16.964600329384883,339.29200658769764,56,0.9999824996396126,0.0002732265067637149,
isotropic_inj,29,SC,0.3135898584330342,BCC,0.6864101415669658,0.3141592653589793,16.964600329384883,6.283185307179586,18,0.9999824996396126,0.0002732265067637149,
isotropic_inj,29,BCC,0.6864101415669658,BCC,0.6864101415669658,0.3141592653589793,16.964600329384883,6.283185307179586,18,0.9999824996396126,0.0002732265067637149,
isotropic_inj,29,FCC,0.0,BCC,0.6864101415669658,0.3141592653589793,16.964600329384883,6.283185307179586,18,0.9999824996396126,0.0002732265067637149,
isotropic_inj,29,HCP,0.4524180181269161,BCC,0.6864101415669658,0.3141592653589793,16.964600329384883,6.283185307179586,18,0.9999824996396126,0.0002732265067637149,
isotropic_ownk,30,SC,0.30155723193143835,BCC,0.6984427680685616,0.3141592653589793,0.3141592653589793,6.283185307179586,18,0.9999682706734438,0.00010369206841631069,
isotropic_ownk,30,BCC,0.6984427680685616,BCC,0.6984427680685616,0.3141592653589793,0.3141592653589793,6.283185307179586,18,0.9999682706734438,0.00010369206841631069,
isotropic_ownk,30,FCC,0.0,BCC,0.6984427680685616,0.3141592653589793,0.3141592653589793,6.283185307179586,18,0.9999682706734438,0.00010369206841631069,
isotropic_ownk,30,HCP,0.5484416708728109,BCC,0.6984427680685616,0.3141592653589793,0.3141592653589793,6.283185307179586,18,0.9999682706734438,0.00010369206841631069,
isotropic_inj,30,SC,0.30155723193143835,BCC,0.6984427680685616,0.3141592653589793,0.3141592653589793,6.283185307179586,18,0.9999682706734438,0.00010369206841631069,
isotropic_inj,30,BCC,0.6984427680685616,BCC,0.6984427680685616,0.3141592653589793,0.3141592653589793,6.283185307179586,18,0.9999682706734438,0.00010369206841631069,
isotropic_inj,30,FCC,0.0,BCC,0.6984427680685616,0.3141592653589793,0.3141592653589793,6.283185307179586,18,0.9999682706734438,0.00010369206841631069,
isotropic_inj,30,HCP,0.5484416708728109,BCC,0.6984427680685616,0.3141592653589793,0.3141592653589793,6.283185307179586,18,0.9999682706734438,0.00010369206841631069,
isotropic_ownk,31,SC,0.4594006201627264,HCP,0.7380039567226178,0.3141592653589793,0.3141592653589793,6.283185307179586,18,0.9999577777681267,8.953561120063432e-05,
isotropic_ownk,31,BCC,0.5405993798372735,HCP,0.7380039567226178,0.3141592653589793,0.3141592653589793,6.283185307179586,18,0.9999577777681267,8.953561120063432e-05,
isotropic_ownk,31,FCC,0.0,HCP,0.7380039567226178,0.3141592653589793,0.3141592653589793,6.283185307179586,18,0.9999577777681267,8.953561120063432e-05,
isotropic_ownk,31,HCP,0.7380039567226178,HCP,0.7380039567226178,0.3141592653589793,0.3141592653589793,6.283185307179586,18,0.9999577777681267,8.953561120063432e-05,
isotropic_inj,31,SC,0.4594006201627264,HCP,0.7380039567226178,0.3141592653589793,0.3141592653589793,6.283185307179586,18,0.9999577777681267,8.953561120063432e-05,
isotropic_inj,31,BCC,0.5405993798372735,HCP,0.7380039567226178,0.3141592653589793,0.3141592653589793,6.283185307179586,18,0.9999577777681267,8.953561120063432e-05,
isotropic_inj,31,FCC,0.0,HCP,0.7380039567226178,0.3141592653589793,0.3141592653589793,6.283185307179586,18,0.9999577777681267,8.953561120063432e-05,
isotropic_inj,31,HCP,0.7380039567226178,HCP,0.7380039567226178,0.3141592653589793,0.3141592653589793,6.283185307179586,18,0.9999577777681267,8.953561120063432e-05,
poisson_ownk,0,SC,0.3333333333333333,BCC,0.6666666666666666,0.3141592653589793,0.3141592653589793,6.283185307179586,18,0.9999732971191406,6.866638437153091e-05,1
poisson_ownk,0,BCC,0.6666666666666666,BCC,0.6666666666666666,0.3141592653589793,0.3141592653589793,6.283185307179586,18,0.9999732971191406,6.866638437153091e-05,1
poisson_ownk,0,FCC,0.0,BCC,0.6666666666666666,0.3141592653589793,0.3141592653589793,6.283185307179586,18,0.9999732971191406,6.866638437153091e-05,1
poisson_ownk,0,HCP,0.5555555555555556,BCC,0.6666666666666666,0.3141592653589793,0.3141592653589793,6.283185307179586,18,0.9999732971191406,6.866638437153091e-05,1
poisson_inj,0,SC,0.3333333333333333,BCC,0.6666666666666666,0.3141592653589793,0.3141592653589793,6.283185307179586,18,0.9999732971191406,6.866638437153091e-05,1
poisson_inj,0,BCC,0.6666666666666666,BCC,0.6666666666666666,0.3141592653589793,0.3141592653589793,6.283185307179586,18,0.9999732971191406,6.866638437153091e-05,1
poisson_inj,0,FCC,0.0,BCC,0.6666666666666666,0.3141592653589793,0.3141592653589793,6.283185307179586,18,0.9999732971191406,6.866638437153091e-05,1
poisson_inj,0,HCP,0.5555555555555556,BCC,0.6666666666666666,0.3141592653589793,0.3141592653589793,6.283185307179586,18,0.9999732971191406,6.866638437153091e-05,1
poisson_ownk,1,SC,0.0,FCC,1.0,16.022122533307943,16.022122533307943,320.44245066615883,432,0.9999732971191406,0.0016479932249167423,1
poisson_ownk,1,BCC,0.3055555555555556,FCC,1.0,16.022122533307943,16.022122533307943,320.44245066615883,432,0.9999732971191406,0.0016479932249167423,1
poisson_ownk,1,FCC,1.0,FCC,1.0,16.022122533307943,16.022122533307943,320.44245066615883,432,0.9999732971191406,0.0016479932249167423,1
poisson_ownk,1,HCP,0.018518518518518524,FCC,1.0,16.022122533307943,16.022122533307943,320.44245066615883,432,0.9999732971191406,0.0016479932249167423,1
poisson_inj,1,SC,0.33333333333333326,BCC,0.6666666666666666,0.3141592653589793,16.022122533307943,6.283185307179586,18,0.9999732971191406,0.0016479932249167423,1
poisson_inj,1,BCC,0.6666666666666666,BCC,0.6666666666666666,0.3141592653589793,16.022122533307943,6.283185307179586,18,0.9999732971191406,0.0016479932249167423,1
poisson_inj,1,FCC,0.0,BCC,0.6666666666666666,0.3141592653589793,16.022122533307943,6.283185307179586,18,0.9999732971191406,0.0016479932249167423,1
poisson_inj,1,HCP,0.5555555555555555,BCC,0.6666666666666666,0.3141592653589793,16.022122533307943,6.283185307179586,18,0.9999732971191406,0.0016479932249167423,1
poisson_ownk,2,SC,0.33333333333333326,BCC,0.6666666666666667,0.3141592653589793,0.3141592653589793,6.283185307179586,18,0.9999732971191406,6.866638437153092e-05,1
poisson_ownk,2,BCC,0.6666666666666667,BCC,0.6666666666666667,0.3141592653589793,0.3141592653589793,6.283185307179586,18,0.9999732971191406,6.866638437153092e-05,1
poisson_ownk,2,FCC,0.0,BCC,0.6666666666666667,0.3141592653589793,0.3141592653589793,6.283185307179586,18,0.9999732971191406,6.866638437153092e-05,1
poisson_ownk,2,HCP,0.5555555555555555,BCC,0.6666666666666667,0.3141592653589793,0.3141592653589793,6.283185307179586,18,0.9999732971191406,6.866638437153092e-05,1
poisson_inj,2,SC,0.33333333333333326,BCC,0.6666666666666667,0.3141592653589793,0.3141592653589793,6.283185307179586,18,0.9999732971191406,6.866638437153092e-05,1
poisson_inj,2,BCC,0.6666666666666667,BCC,0.6666666666666667,0.3141592653589793,0.3141592653589793,6.283185307179586,18,0.9999732971191406,6.866638437153092e-05,1
poisson_inj,2,FCC,0.0,BCC,0.6666666666666667,0.3141592653589793,0.3141592653589793,6.283185307179586,18,0.9999732971191406,6.866638437153092e-05,1
poisson_inj,2,HCP,0.5555555555555555,BCC,0.6666666666666667,0.3141592653589793,0.3141592653589793,6.283185307179586,18,0.9999732971191406,6.866638437153092e-05,1
poisson_ownk,3,SC,0.3333333333333333,BCC,0.6666666666666666,0.3141592653589793,0.3141592653589793,6.283185307179586,18,0.9999732971191406,6.866638437153091e-05,1
poisson_ownk,3,BCC,0.6666666666666666,BCC,0.6666666666666666,0.3141592653589793,0.3141592653589793,6.283185307179586,18,0.9999732971191406,6.866638437153091e-05,1
poisson_ownk,3,FCC,0.0,BCC,0.6666666666666666,0.3141592653589793,0.3141592653589793,6.283185307179586,18,0.9999732971191406,6.866638437153091e-05,1
poisson_ownk,3,HCP,0.5555555555555556,BCC,0.6666666666666666,0.3141592653589793,0.3141592653589793,6.283185307179586,18,0.9999732971191406,6.866638437153091e-05,1
poisson_inj,3,SC,0.3333333333333333,BCC,0.6666666666666666,0.3141592653589793,0.3141592653589793,6.283185307179586,18,0.9999732971191406,6.866638437153091e-05,1
poisson_inj,3,BCC,0.6666666666666666,BCC,0.6666666666666666,0.3141592653589793,0.3141592653589793,6.283185307179586,18,0.9999732971191406,6.866638437153091e-05,1
poisson_inj,3,FCC,0.0,BCC,0.6666666666666666,0.3141592653589793,0.3141592653589793,6.283185307179586,18,0.9999732971191406,6.866638437153091e-05,1
poisson_inj,3,HCP,0.5555555555555556,BCC,0.6666666666666666,0.3141592653589793,0.3141592653589793,6.283185307179586,18,0.9999732971191406,6.866638437153091e-05,1
poisson_ownk,4,SC,0.33333333333333326,BCC,0.6666666666666666,0.3141592653589793,0.3141592653589793,6.283185307179586,18,0.9999732971191406,6.866638437153091e-05,1
poisson_ownk,4,BCC,0.6666666666666666,BCC,0.6666666666666666,0.3141592653589793,0.3141592653589793,6.283185307179586,18,0.9999732971191406,6.866638437153091e-05,1
poisson_ownk,4,FCC,0.0,BCC,0.6666666666666666,0.3141592653589793,0.3141592653589793,6.283185307179586,18,0.9999732971191406,6.866638437153091e-05,1
poisson_ownk,4,HCP,0.5555555555555555,BCC,0.6666666666666666,0.3141592653589793,0.3141592653589793,6.283185307179586,18,0.9999732971191406,6.866638437153091e-05,1
poisson_inj,4,SC,0.33333333333333326,BCC,0.6666666666666666,0.3141592653589793,0.3141592653589793,6.283185307179586,18,0.9999732971191406,6.866638437153091e-05,1
poisson_inj,4,BCC,0.6666666666666666,BCC,0.6666666666666666,0.3141592653589793,0.3141592653589793,6.283185307179586,18,0.9999732971191406,6.866638437153091e-05,1
poisson_inj,4,FCC,0.0,BCC,0.6666666666666666,0.3141592653589793,0.3141592653589793,6.283185307179586,18,0.9999732971191406,6.866638437153091e-05,1
poisson_inj,4,HCP,0.5555555555555555,BCC,0.6666666666666666,0.3141592653589793,0.3141592653589793,6.283185307179586,18,0.9999732971191406,6.866638437153091e-05,1
poisson_ownk,5,SC,0.3333333333333333,BCC,0.6666666666666669,0.3141592653589793,0.3141592653589793,6.283185307179586,18,0.9999732971191406,6.866638437153091e-05,1
poisson_ownk,5,BCC,0.6666666666666669,BCC,0.6666666666666669,0.3141592653589793,0.3141592653589793,6.283185307179586,18,0.9999732971191406,6.866638437153091e-05,1
poisson_ownk,5,FCC,0.0,BCC,0.6666666666666669,0.3141592653589793,0.3141592653589793,6.283185307179586,18,0.9999732971191406,6.866638437153091e-05,1
poisson_ownk,5,HCP,0.5555555555555556,BCC,0.6666666666666669,0.3141592653589793,0.3141592653589793,6.283185307179586,18,0.9999732971191406,6.866638437153091e-05,1
poisson_inj,5,SC,0.3333333333333333,BCC,0.6666666666666669,0.3141592653589793,0.3141592653589793,6.283185307179586,18,0.9999732971191406,6.866638437153091e-05,1
poisson_inj,5,BCC,0.6666666666666669,BCC,0.6666666666666669,0.3141592653589793,0.3141592653589793,6.283185307179586,18,0.9999732971191406,6.866638437153091e-05,1
poisson_inj,5,FCC,0.0,BCC,0.6666666666666669,0.3141592653589793,0.3141592653589793,6.283185307179586,18,0.9999732971191406,6.866638437153091e-05,1
poisson_inj,5,HCP,0.5555555555555556,BCC,0.6666666666666669,0.3141592653589793,0.3141592653589793,6.283185307179586,18,0.9999732971191406,6.866638437153091e-05,1
poisson_ownk,6,SC,0.3333333333333333,BCC,0.6666666666666667,0.3141592653589793,0.3141592653589793,6.283185307179586,18,0.9999732971191406,6.866638437153091e-05,1
poisson_ownk,6,BCC,0.6666666666666667,BCC,0.6666666666666667,0.3141592653589793,0.3141592653589793,6.283185307179586,18,0.9999732971191406,6.866638437153091e-05,1
poisson_ownk,6,FCC,0.0,BCC,0.6666666666666667,0.3141592653589793,0.3141592653589793,6.283185307179586,18,0.9999732971191406,6.866638437153091e-05,1
poisson_ownk,6,HCP,0.5555555555555556,BCC,0.6666666666666667,0.3141592653589793,0.3141592653589793,6.283185307179586,18,0.9999732971191406,6.866638437153091e-05,1
poisson_inj,6,SC,0.3333333333333333,BCC,0.6666666666666667,0.3141592653589793,0.3141592653589793,6.283185307179586,18,0.9999732971191406,6.866638437153091e-05,1
poisson_inj,6,BCC,0.6666666666666667,BCC,0.6666666666666667,0.3141592653589793,0.3141592653589793,6.283185307179586,18,0.9999732971191406,6.866638437153091e-05,1
poisson_inj,6,FCC,0.0,BCC,0.6666666666666667,0.3141592653589793,0.3141592653589793,6.283185307179586,18,0.9999732971191406,6.866638437153091e-05,1
poisson_inj,6,HCP,0.5555555555555556,BCC,0.6666666666666667,0.3141592653589793,0.3141592653589793,6.283185307179586,18,0.9999732971191406,6.866638437153091e-05,1
poisson_ownk,7,SC,0.33333333333333326,BCC,0.6666666666666667,0.3141592653589793,0.3141592653589793,6.283185307179586,18,0.9999732971191406,6.866638437153092e-05,1
poisson_ownk,7,BCC,0.6666666666666667,BCC,0.6666666666666667,0.3141592653589793,0.3141592653589793,6.283185307179586,18,0.9999732971191406,6.866638437153092e-05,1
poisson_ownk,7,FCC,0.0,BCC,0.6666666666666667,0.3141592653589793,0.3141592653589793,6.283185307179586,18,0.9999732971191406,6.866638437153092e-05,1
poisson_ownk,7,HCP,0.5555555555555555,BCC,0.6666666666666667,0.3141592653589793,0.3141592653589793,6.283185307179586,18,0.9999732971191406,6.866638437153092e-05,1
poisson_inj,7,SC,0.33333333333333326,BCC,0.6666666666666667,0.3141592653589793,0.3141592653589793,6.283185307179586,18,0.9999732971191406,6.866638437153092e-05,1
poisson_inj,7,BCC,0.6666666666666667,BCC,0.6666666666666667,0.3141592653589793,0.3141592653589793,6.283185307179586,18,0.9999732971191406,6.866638437153092e-05,1
poisson_inj,7,FCC,0.0,BCC,0.6666666666666667,0.3141592653589793,0.3141592653589793,6.283185307179586,18,0.9999732971191406,6.866638437153092e-05,1
poisson_inj,7,HCP,0.5555555555555555,BCC,0.6666666666666667,0.3141592653589793,0.3141592653589793,6.283185307179586,18,0.9999732971191406,6.866638437153092e-05,1
poisson_ownk,8,SC,0.0,FCC,1.0,16.964600329384883,16.964600329384883,339.29200658769764,56,0.9999732971191406,0.00021362875137809618,1
poisson_ownk,8,BCC,0.0,FCC,1.0,16.964600329384883,16.964600329384883,339.29200658769764,56,0.9999732971191406,0.00021362875137809618,1
poisson_ownk,8,FCC,1.0,FCC,1.0,16.964600329384883,16.964600329384883,339.29200658769764,56,0.9999732971191406,0.00021362875137809618,1
poisson_ownk,8,HCP,0.0,FCC,1.0,16.964600329384883,16.964600329384883,339.29200658769764,56,0.9999732971191406,0.00021362875137809618,1
poisson_inj,8,SC,0.3333333333333333,BCC,0.6666666666666667,0.3141592653589793,16.964600329384883,6.283185307179586,18,0.9999732971191406,0.00021362875137809618,1
poisson_inj,8,BCC,0.6666666666666667,BCC,0.6666666666666667,0.3141592653589793,16.964600329384883,6.283185307179586,18,0.9999732971191406,0.00021362875137809618,1
poisson_inj,8,FCC,0.0,BCC,0.6666666666666667,0.3141592653589793,16.964600329384883,6.283185307179586,18,0.9999732971191406,0.00021362875137809618,1
poisson_inj,8,HCP,0.5555555555555556,BCC,0.6666666666666667,0.3141592653589793,16.964600329384883,6.283185307179586,18,0.9999732971191406,0.00021362875137809618,1
poisson_ownk,9,SC,0.3333333333333333,BCC,0.6666666666666666,0.3141592653589793,0.3141592653589793,6.283185307179586,18,0.9999732971191406,6.866638437153091e-05,1
poisson_ownk,9,BCC,0.6666666666666666,BCC,0.6666666666666666,0.3141592653589793,0.3141592653589793,6.283185307179586,18,0.9999732971191406,6.866638437153091e-05,1
poisson_ownk,9,FCC,0.0,BCC,0.6666666666666666,0.3141592653589793,0.3141592653589793,6.283185307179586,18,0.9999732971191406,6.866638437153091e-05,1
poisson_ownk,9,HCP,0.5555555555555556,BCC,0.6666666666666666,0.3141592653589793,0.3141592653589793,6.283185307179586,18,0.9999732971191406,6.866638437153091e-05,1
poisson_inj,9,SC,0.3333333333333333,BCC,0.6666666666666666,0.3141592653589793,0.3141592653589793,6.283185307179586,18,0.9999732971191406,6.866638437153091e-05,1
poisson_inj,9,BCC,0.6666666666666666,BCC,0.6666666666666666,0.3141592653589793,0.3141592653589793,6.283185307179586,18,0.9999732971191406,6.866638437153091e-05,1
poisson_inj,9,FCC,0.0,BCC,0.6666666666666666,0.3141592653589793,0.3141592653589793,6.283185307179586,18,0.9999732971191406,6.866638437153091e-05,1
poisson_inj,9,HCP,0.5555555555555556,BCC,0.6666666666666666,0.3141592653589793,0.3141592653589793,6.283185307179586,18,0.9999732971191406,6.866638437153091e-05,1
poisson_ownk,10,SC,0.3333333333333333,BCC,0.6666666666666666,0.3141592653589793,0.3141592653589793,6.283185307179586,18,0.9999732971191406,6.866638437153091e-05,1
poisson_ownk,10,BCC,0.6666666666666666,BCC,0.6666666666666666,0.3141592653589793,0.3141592653589793,6.283185307179586,18,0.9999732971191406,6.866638437153091e-05,1
poisson_ownk,10,FCC,0.0,BCC,0.6666666666666666,0.3141592653589793,0.3141592653589793,6.283185307179586,18,0.9999732971191406,6.866638437153091e-05,1
poisson_ownk,10,HCP,0.5555555555555556,BCC,0.6666666666666666,0.3141592653589793,0.3141592653589793,6.283185307179586,18,0.9999732971191406,6.866638437153091e-05,1
poisson_inj,10,SC,0.3333333333333333,BCC,0.6666666666666666,0.3141592653589793,0.3141592653589793,6.283185307179586,18,0.9999732971191406,6.866638437153091e-05,1
poisson_inj,10,BCC,0.6666666666666666,BCC,0.6666666666666666,0.3141592653589793,0.3141592653589793,6.283185307179586,18,0.9999732971191406,6.866638437153091e-05,1
poisson_inj,10,FCC,0.0,BCC,0.6666666666666666,0.3141592653589793,0.3141592653589793,6.283185307179586,18,0.9999732971191406,6.866638437153091e-05,1
poisson_inj,10,HCP,0.5555555555555556,BCC,0.6666666666666666,0.3141592653589793,0.3141592653589793,6.283185307179586,18,0.9999732971191406,6.866638437153091e-05,1
poisson_ownk,11,SC,0.3333333333333333,BCC,0.6666666666666666,0.3141592653589793,0.3141592653589793,6.283185307179586,18,0.9999732971191406,6.866638437153091e-05,1
poisson_ownk,11,BCC,0.6666666666666666,BCC,0.6666666666666666,0.3141592653589793,0.3141592653589793,6.283185307179586,18,0.9999732971191406,6.866638437153091e-05,1
poisson_ownk,11,FCC,0.0,BCC,0.6666666666666666,0.3141592653589793,0.3141592653589793,6.283185307179586,18,0.9999732971191406,6.866638437153091e-05,1
poisson_ownk,11,HCP,0.5555555555555556,BCC,0.6666666666666666,0.3141592653589793,0.3141592653589793,6.283185307179586,18,0.9999732971191406,6.866638437153091e-05,1
poisson_inj,11,SC,0.3333333333333333,BCC,0.6666666666666666,0.3141592653589793,0.3141592653589793,6.283185307179586,18,0.9999732971191406,6.866638437153091e-05,1
poisson_inj,11,BCC,0.6666666666666666,BCC,0.6666666666666666,0.3141592653589793,0.3141592653589793,6.283185307179586,18,0.9999732971191406,6.866638437153091e-05,1
poisson_inj,11,FCC,0.0,BCC,0.6666666666666666,0.3141592653589793,0.3141592653589793,6.283185307179586,18,0.9999732971191406,6.866638437153091e-05,1
poisson_inj,11,HCP,0.5555555555555556,BCC,0.6666666666666666,0.3141592653589793,0.3141592653589793,6.283185307179586,18,0.9999732971191406,6.866638437153091e-05,1
poisson_ownk,12,SC,0.3333333333333333,BCC,0.6666666666666666,0.3141592653589793,0.3141592653589793,6.283185307179586,18,0.9999732971191406,6.866638437153094e-05,1
poisson_ownk,12,BCC,0.6666666666666666,BCC,0.6666666666666666,0.3141592653589793,0.3141592653589793,6.283185307179586,18,0.9999732971191406,6.866638437153094e-05,1
poisson_ownk,12,FCC,0.0,BCC,0.6666666666666666,0.3141592653589793,0.3141592653589793,6.283185307179586,18,0.9999732971191406,6.866638437153094e-05,1
poisson_ownk,12,HCP,0.5555555555555554,BCC,0.6666666666666666,0.3141592653589793,0.3141592653589793,6.283185307179586,18,0.9999732971191406,6.866638437153094e-05,1
poisson_inj,12,SC,0.3333333333333333,BCC,0.6666666666666666,0.3141592653589793,0.3141592653589793,6.283185307179586,18,0.9999732971191406,6.866638437153094e-05,1
poisson_inj,12,BCC,0.6666666666666666,BCC,0.6666666666666666,0.3141592653589793,0.3141592653589793,6.283185307179586,18,0.9999732971191406,6.866638437153094e-05,1
poisson_inj,12,FCC,0.0,BCC,0.6666666666666666,0.3141592653589793,0.3141592653589793,6.283185307179586,18,0.9999732971191406,6.866638437153094e-05,1
poisson_inj,12,HCP,0.5555555555555554,BCC,0.6666666666666666,0.3141592653589793,0.3141592653589793,6.283185307179586,18,0.9999732971191406,6.866638437153094e-05,1
poisson_ownk,13,SC,0.3333333333333333,BCC,0.6666666666666666,0.3141592653589793,0.3141592653589793,6.283185307179586,18,0.9999732971191406,6.866638437153091e-05,1
poisson_ownk,13,BCC,0.6666666666666666,BCC,0.6666666666666666,0.3141592653589793,0.3141592653589793,6.283185307179586,18,0.9999732971191406,6.866638437153091e-05,1
poisson_ownk,13,FCC,0.0,BCC,0.6666666666666666,0.3141592653589793,0.3141592653589793,6.283185307179586,18,0.9999732971191406,6.866638437153091e-05,1
poisson_ownk,13,HCP,0.5555555555555556,BCC,0.6666666666666666,0.3141592653589793,0.3141592653589793,6.283185307179586,18,0.9999732971191406,6.866638437153091e-05,1
poisson_inj,13,SC,0.3333333333333333,BCC,0.6666666666666666,0.3141592653589793,0.3141592653589793,6.283185307179586,18,0.9999732971191406,6.866638437153091e-05,1
poisson_inj,13,BCC,0.6666666666666666,BCC,0.6666666666666666,0.3141592653589793,0.3141592653589793,6.283185307179586,18,0.9999732971191406,6.866638437153091e-05,1
poisson_inj,13,FCC,0.0,BCC,0.6666666666666666,0.3141592653589793,0.3141592653589793,6.283185307179586,18,0.9999732971191406,6.866638437153091e-05,1
poisson_inj,13,HCP,0.5555555555555556,BCC,0.6666666666666666,0.3141592653589793,0.3141592653589793,6.283185307179586,18,0.9999732971191406,6.866638437153091e-05,1
poisson_ownk,14,SC,0.0,FCC,1.0,16.022122533307943,16.022122533307943,320.44245066615883,432,0.9999732971191406,0.0016479932249167423,1
poisson_ownk,14,BCC,0.30555555555555564,FCC,1.0,16.022122533307943,16.022122533307943,320.44245066615883,432,0.9999732971191406,0.0016479932249167423,1
poisson_ownk,14,FCC,1.0,FCC,1.0,16.022122533307943,16.022122533307943,320.44245066615883,432,0.9999732971191406,0.0016479932249167423,1
poisson_ownk,14,HCP,0.018518518518518524,FCC,1.0,16.022122533307943,16.022122533307943,320.44245066615883,432,0.9999732971191406,0.0016479932249167423,1
poisson_inj,14,SC,0.33333333333333326,BCC,0.6666666666666667,0.3141592653589793,16.022122533307943,6.283185307179586,18,0.9999732971191406,0.0016479932249167423,1
poisson_inj,14,BCC,0.6666666666666667,BCC,0.6666666666666667,0.3141592653589793,16.022122533307943,6.283185307179586,18,0.9999732971191406,0.0016479932249167423,1
poisson_inj,14,FCC,0.0,BCC,0.6666666666666667,0.3141592653589793,16.022122533307943,6.283185307179586,18,0.9999732971191406,0.0016479932249167423,1
poisson_inj,14,HCP,0.5555555555555556,BCC,0.6666666666666667,0.3141592653589793,16.022122533307943,6.283185307179586,18,0.9999732971191406,0.0016479932249167423,1
poisson_ownk,15,SC,0.3333333333333333,BCC,0.6666666666666669,0.3141592653589793,0.3141592653589793,6.283185307179586,18,0.9999732971191406,6.866638437153091e-05,1
poisson_ownk,15,BCC,0.6666666666666669,BCC,0.6666666666666669,0.3141592653589793,0.3141592653589793,6.283185307179586,18,0.9999732971191406,6.866638437153091e-05,1
poisson_ownk,15,FCC,0.0,BCC,0.6666666666666669,0.3141592653589793,0.3141592653589793,6.283185307179586,18,0.9999732971191406,6.866638437153091e-05,1
poisson_ownk,15,HCP,0.5555555555555556,BCC,0.6666666666666669,0.3141592653589793,0.3141592653589793,6.283185307179586,18,0.9999732971191406,6.866638437153091e-05,1
poisson_inj,15,SC,0.3333333333333333,BCC,0.6666666666666669,0.3141592653589793,0.3141592653589793,6.283185307179586,18,0.9999732971191406,6.866638437153091e-05,1
poisson_inj,15,BCC,0.6666666666666669,BCC,0.6666666666666669,0.3141592653589793,0.3141592653589793,6.283185307179586,18,0.9999732971191406,6.866638437153091e-05,1
poisson_inj,15,FCC,0.0,BCC,0.6666666666666669,0.3141592653589793,0.3141592653589793,6.283185307179586,18,0.9999732971191406,6.866638437153091e-05,1
poisson_inj,15,HCP,0.5555555555555556,BCC,0.6666666666666669,0.3141592653589793,0.3141592653589793,6.283185307179586,18,0.9999732971191406,6.866638437153091e-05,1
poisson_ownk,16,SC,0.3333333333333333,BCC,0.6666666666666666,0.3141592653589793,0.3141592653589793,6.283185307179586,18,0.9999732971191406,6.866638437153091e-05,1
poisson_ownk,16,BCC,0.6666666666666666,BCC,0.6666666666666666,0.3141592653589793,0.3141592653589793,6.283185307179586,18,0.9999732971191406,6.866638437153091e-05,1
poisson_ownk,16,FCC,0.0,BCC,0.6666666666666666,0.3141592653589793,0.3141592653589793,6.283185307179586,18,0.9999732971191406,6.866638437153091e-05,1
poisson_ownk,16,HCP,0.5555555555555556,BCC,0.6666666666666666,0.3141592653589793,0.3141592653589793,6.283185307179586,18,0.9999732971191406,6.866638437153091e-05,1
poisson_inj,16,SC,0.3333333333333333,BCC,0.6666666666666666,0.3141592653589793,0.3141592653589793,6.283185307179586,18,0.9999732971191406,6.866638437153091e-05,1
poisson_inj,16,BCC,0.6666666666666666,BCC,0.6666666666666666,0.3141592653589793,0.3141592653589793,6.283185307179586,18,0.9999732971191406,6.866638437153091e-05,1
poisson_inj,16,FCC,0.0,BCC,0.6666666666666666,0.3141592653589793,0.3141592653589793,6.283185307179586,18,0.9999732971191406,6.866638437153091e-05,1
poisson_inj,16,HCP,0.5555555555555556,BCC,0.6666666666666666,0.3141592653589793,0.3141592653589793,6.283185307179586,18,0.9999732971191406,6.866638437153091e-05,1
poisson_ownk,17,SC,0.3333333333333333,BCC,0.6666666666666667,0.3141592653589793,0.3141592653589793,6.283185307179586,18,0.9999732971191406,6.866638437153091e-05,1
poisson_ownk,17,BCC,0.6666666666666667,BCC,0.6666666666666667,0.3141592653589793,0.3141592653589793,6.283185307179586,18,0.9999732971191406,6.866638437153091e-05,1
poisson_ownk,17,FCC,0.0,BCC,0.6666666666666667,0.3141592653589793,0.3141592653589793,6.283185307179586,18,0.9999732971191406,6.866638437153091e-05,1
poisson_ownk,17,HCP,0.5555555555555556,BCC,0.6666666666666667,0.3141592653589793,0.3141592653589793,6.283185307179586,18,0.9999732971191406,6.866638437153091e-05,1
poisson_inj,17,SC,0.3333333333333333,BCC,0.6666666666666667,0.3141592653589793,0.3141592653589793,6.283185307179586,18,0.9999732971191406,6.866638437153091e-05,1
poisson_inj,17,BCC,0.6666666666666667,BCC,0.6666666666666667,0.3141592653589793,0.3141592653589793,6.283185307179586,18,0.9999732971191406,6.866638437153091e-05,1
poisson_inj,17,FCC,0.0,BCC,0.6666666666666667,0.3141592653589793,0.3141592653589793,6.283185307179586,18,0.9999732971191406,6.866638437153091e-05,1
poisson_inj,17,HCP,0.5555555555555556,BCC,0.6666666666666667,0.3141592653589793,0.3141592653589793,6.283185307179586,18,0.9999732971191406,6.866638437153091e-05,1
poisson_ownk,18,SC,0.3333333333333333,BCC,0.6666666666666666,0.3141592653589793,0.3141592653589793,6.283185307179586,18,0.9999732971191406,6.866638437153091e-05,1
poisson_ownk,18,BCC,0.6666666666666666,BCC,0.6666666666666666,0.3141592653589793,0.3141592653589793,6.283185307179586,18,0.9999732971191406,6.866638437153091e-05,1
poisson_ownk,18,FCC,0.0,BCC,0.6666666666666666,0.3141592653589793,0.3141592653589793,6.283185307179586,18,0.9999732971191406,6.866638437153091e-05,1
poisson_ownk,18,HCP,0.5555555555555556,BCC,0.6666666666666666,0.3141592653589793,0.3141592653589793,6.283185307179586,18,0.9999732971191406,6.866638437153091e-05,1
poisson_inj,18,SC,0.3333333333333333,BCC,0.6666666666666666,0.3141592653589793,0.3141592653589793,6.283185307179586,18,0.9999732971191406,6.866638437153091e-05,1
poisson_inj,18,BCC,0.6666666666666666,BCC,0.6666666666666666,0.3141592653589793,0.3141592653589793,6.283185307179586,18,0.9999732971191406,6.866638437153091e-05,1
poisson_inj,18,FCC,0.0,BCC,0.6666666666666666,0.3141592653589793,0.3141592653589793,6.283185307179586,18,0.9999732971191406,6.866638437153091e-05,1
poisson_inj,18,HCP,0.5555555555555556,BCC,0.6666666666666666,0.3141592653589793,0.3141592653589793,6.283185307179586,18,0.9999732971191406,6.866638437153091e-05,1
poisson_ownk,19,SC,0.0,FCC,1.0,16.964600329384883,16.964600329384883,339.29200658769764,56,0.9999732971191406,0.00021362875137809618,1
poisson_ownk,19,BCC,0.0,FCC,1.0,16.964600329384883,16.964600329384883,339.29200658769764,56,0.9999732971191406,0.00021362875137809618,1
poisson_ownk,19,FCC,1.0,FCC,1.0,16.964600329384883,16.964600329384883,339.29200658769764,56,0.9999732971191406,0.00021362875137809618,1
poisson_ownk,19,HCP,0.0,FCC,1.0,16.964600329384883,16.964600329384883,339.29200658769764,56,0.9999732971191406,0.00021362875137809618,1
poisson_inj,19,SC,0.33333333333333326,BCC,0.6666666666666666,0.3141592653589793,16.964600329384883,6.283185307179586,18,0.9999732971191406,0.00021362875137809618,1
poisson_inj,19,BCC,0.6666666666666666,BCC,0.6666666666666666,0.3141592653589793,16.964600329384883,6.283185307179586,18,0.9999732971191406,0.00021362875137809618,1
poisson_inj,19,FCC,0.0,BCC,0.6666666666666666,0.3141592653589793,16.964600329384883,6.283185307179586,18,0.9999732971191406,0.00021362875137809618,1
poisson_inj,19,HCP,0.5555555555555555,BCC,0.6666666666666666,0.3141592653589793,16.964600329384883,6.283185307179586,18,0.9999732971191406,0.00021362875137809618,1
poisson_ownk,20,SC,0.3333333333333333,BCC,0.6666666666666666,0.3141592653589793,0.3141592653589793,6.283185307179586,18,0.9999732971191406,6.866638437153091e-05,1
poisson_ownk,20,BCC,0.6666666666666666,BCC,0.6666666666666666,0.3141592653589793,0.3141592653589793,6.283185307179586,18,0.9999732971191406,6.866638437153091e-05,1
poisson_ownk,20,FCC,0.0,BCC,0.6666666666666666,0.3141592653589793,0.3141592653589793,6.283185307179586,18,0.9999732971191406,6.866638437153091e-05,1
poisson_ownk,20,HCP,0.5555555555555556,BCC,0.6666666666666666,0.3141592653589793,0.3141592653589793,6.283185307179586,18,0.9999732971191406,6.866638437153091e-05,1
poisson_inj,20,SC,0.3333333333333333,BCC,0.6666666666666666,0.3141592653589793,0.3141592653589793,6.283185307179586,18,0.9999732971191406,6.866638437153091e-05,1
poisson_inj,20,BCC,0.6666666666666666,BCC,0.6666666666666666,0.3141592653589793,0.3141592653589793,6.283185307179586,18,0.9999732971191406,6.866638437153091e-05,1
poisson_inj,20,FCC,0.0,BCC,0.6666666666666666,0.3141592653589793,0.3141592653589793,6.283185307179586,18,0.9999732971191406,6.866638437153091e-05,1
poisson_inj,20,HCP,0.5555555555555556,BCC,0.6666666666666666,0.3141592653589793,0.3141592653589793,6.283185307179586,18,0.9999732971191406,6.866638437153091e-05,1
poisson_ownk,21,SC,0.3333333333333333,BCC,0.6666666666666666,0.3141592653589793,0.3141592653589793,6.283185307179586,18,0.9999732971191406,6.866638437153091e-05,1
poisson_ownk,21,BCC,0.6666666666666666,BCC,0.6666666666666666,0.3141592653589793,0.3141592653589793,6.283185307179586,18,0.9999732971191406,6.866638437153091e-05,1
poisson_ownk,21,FCC,0.0,BCC,0.6666666666666666,0.3141592653589793,0.3141592653589793,6.283185307179586,18,0.9999732971191406,6.866638437153091e-05,1
poisson_ownk,21,HCP,0.5555555555555556,BCC,0.6666666666666666,0.3141592653589793,0.3141592653589793,6.283185307179586,18,0.9999732971191406,6.866638437153091e-05,1
poisson_inj,21,SC,0.3333333333333333,BCC,0.6666666666666666,0.3141592653589793,0.3141592653589793,6.283185307179586,18,0.9999732971191406,6.866638437153091e-05,1
poisson_inj,21,BCC,0.6666666666666666,BCC,0.6666666666666666,0.3141592653589793,0.3141592653589793,6.283185307179586,18,0.9999732971191406,6.866638437153091e-05,1
poisson_inj,21,FCC,0.0,BCC,0.6666666666666666,0.3141592653589793,0.3141592653589793,6.283185307179586,18,0.9999732971191406,6.866638437153091e-05,1
poisson_inj,21,HCP,0.5555555555555556,BCC,0.6666666666666666,0.3141592653589793,0.3141592653589793,6.283185307179586,18,0.9999732971191406,6.866638437153091e-05,1
poisson_ownk,22,SC,0.3333333333333333,BCC,0.6666666666666667,0.3141592653589793,0.3141592653589793,6.283185307179586,18,0.9999732971191406,6.866638437153092e-05,1
poisson_ownk,22,BCC,0.6666666666666667,BCC,0.6666666666666667,0.3141592653589793,0.3141592653589793,6.283185307179586,18,0.9999732971191406,6.866638437153092e-05,1
poisson_ownk,22,FCC,0.0,BCC,0.6666666666666667,0.3141592653589793,0.3141592653589793,6.283185307179586,18,0.9999732971191406,6.866638437153092e-05,1
poisson_ownk,22,HCP,0.5555555555555555,BCC,0.6666666666666667,0.3141592653589793,0.3141592653589793,6.283185307179586,18,0.9999732971191406,6.866638437153092e-05,1
poisson_inj,22,SC,0.3333333333333333,BCC,0.6666666666666667,0.3141592653589793,0.3141592653589793,6.283185307179586,18,0.9999732971191406,6.866638437153092e-05,1
poisson_inj,22,BCC,0.6666666666666667,BCC,0.6666666666666667,0.3141592653589793,0.3141592653589793,6.283185307179586,18,0.9999732971191406,6.866638437153092e-05,1
poisson_inj,22,FCC,0.0,BCC,0.6666666666666667,0.3141592653589793,0.3141592653589793,6.283185307179586,18,0.9999732971191406,6.866638437153092e-05,1
poisson_inj,22,HCP,0.5555555555555555,BCC,0.6666666666666667,0.3141592653589793,0.3141592653589793,6.283185307179586,18,0.9999732971191406,6.866638437153092e-05,1
poisson_ownk,23,SC,0.33333333333333337,BCC,0.6666666666666667,0.3141592653589793,0.3141592653589793,6.283185307179586,18,0.9999732971191406,6.866638437153091e-05,1
poisson_ownk,23,BCC,0.6666666666666667,BCC,0.6666666666666667,0.3141592653589793,0.3141592653589793,6.283185307179586,18,0.9999732971191406,6.866638437153091e-05,1
poisson_ownk,23,FCC,0.0,BCC,0.6666666666666667,0.3141592653589793,0.3141592653589793,6.283185307179586,18,0.9999732971191406,6.866638437153091e-05,1
poisson_ownk,23,HCP,0.5555555555555556,BCC,0.6666666666666667,0.3141592653589793,0.3141592653589793,6.283185307179586,18,0.9999732971191406,6.866638437153091e-05,1
poisson_inj,23,SC,0.33333333333333337,BCC,0.6666666666666667,0.3141592653589793,0.3141592653589793,6.283185307179586,18,0.9999732971191406,6.866638437153091e-05,1
poisson_inj,23,BCC,0.6666666666666667,BCC,0.6666666666666667,0.3141592653589793,0.3141592653589793,6.283185307179586,18,0.9999732971191406,6.866638437153091e-05,1
poisson_inj,23,FCC,0.0,BCC,0.6666666666666667,0.3141592653589793,0.3141592653589793,6.283185307179586,18,0.9999732971191406,6.866638437153091e-05,1
poisson_inj,23,HCP,0.5555555555555556,BCC,0.6666666666666667,0.3141592653589793,0.3141592653589793,6.283185307179586,18,0.9999732971191406,6.866638437153091e-05,1
poisson_ownk,24,SC,0.33333333333333337,BCC,0.6666666666666666,0.3141592653589793,0.3141592653589793,6.283185307179586,18,0.9999732971191406,6.866638437153091e-05,1
poisson_ownk,24,BCC,0.6666666666666666,BCC,0.6666666666666666,0.3141592653589793,0.3141592653589793,6.283185307179586,18,0.9999732971191406,6.866638437153091e-05,1
poisson_ownk,24,FCC,0.0,BCC,0.6666666666666666,0.3141592653589793,0.3141592653589793,6.283185307179586,18,0.9999732971191406,6.866638437153091e-05,1
poisson_ownk,24,HCP,0.5555555555555556,BCC,0.6666666666666666,0.3141592653589793,0.3141592653589793,6.283185307179586,18,0.9999732971191406,6.866638437153091e-05,1
poisson_inj,24,SC,0.33333333333333337,BCC,0.6666666666666666,0.3141592653589793,0.3141592653589793,6.283185307179586,18,0.9999732971191406,6.866638437153091e-05,1
poisson_inj,24,BCC,0.6666666666666666,BCC,0.6666666666666666,0.3141592653589793,0.3141592653589793,6.283185307179586,18,0.9999732971191406,6.866638437153091e-05,1
poisson_inj,24,FCC,0.0,BCC,0.6666666666666666,0.3141592653589793,0.3141592653589793,6.283185307179586,18,0.9999732971191406,6.866638437153091e-05,1
poisson_inj,24,HCP,0.5555555555555556,BCC,0.6666666666666666,0.3141592653589793,0.3141592653589793,6.283185307179586,18,0.9999732971191406,6.866638437153091e-05,1
poisson_ownk,25,SC,0.3333333333333333,BCC,0.6666666666666666,0.3141592653589793,0.3141592653589793,6.283185307179586,18,0.9999732971191406,6.866638437153091e-05,1
poisson_ownk,25,BCC,0.6666666666666666,BCC,0.6666666666666666,0.3141592653589793,0.3141592653589793,6.283185307179586,18,0.9999732971191406,6.866638437153091e-05,1
poisson_ownk,25,FCC,0.0,BCC,0.6666666666666666,0.3141592653589793,0.3141592653589793,6.283185307179586,18,0.9999732971191406,6.866638437153091e-05,1
poisson_ownk,25,HCP,0.5555555555555556,BCC,0.6666666666666666,0.3141592653589793,0.3141592653589793,6.283185307179586,18,0.9999732971191406,6.866638437153091e-05,1
poisson_inj,25,SC,0.3333333333333333,BCC,0.6666666666666666,0.3141592653589793,0.3141592653589793,6.283185307179586,18,0.9999732971191406,6.866638437153091e-05,1
poisson_inj,25,BCC,0.6666666666666666,BCC,0.6666666666666666,0.3141592653589793,0.3141592653589793,6.283185307179586,18,0.9999732971191406,6.866638437153091e-05,1
poisson_inj,25,FCC,0.0,BCC,0.6666666666666666,0.3141592653589793,0.3141592653589793,6.283185307179586,18,0.9999732971191406,6.866638437153091e-05,1
poisson_inj,25,HCP,0.5555555555555556,BCC,0.6666666666666666,0.3141592653589793,0.3141592653589793,6.283185307179586,18,0.9999732971191406,6.866638437153091e-05,1
poisson_ownk,26,SC,0.3333333333333333,BCC,0.6666666666666666,0.3141592653589793,0.3141592653589793,6.283185307179586,18,0.9999732971191406,6.866638437153091e-05,1
poisson_ownk,26,BCC,0.6666666666666666,BCC,0.6666666666666666,0.3141592653589793,0.3141592653589793,6.283185307179586,18,0.9999732971191406,6.866638437153091e-05,1
poisson_ownk,26,FCC,0.0,BCC,0.6666666666666666,0.3141592653589793,0.3141592653589793,6.283185307179586,18,0.9999732971191406,6.866638437153091e-05,1
poisson_ownk,26,HCP,0.5555555555555556,BCC,0.6666666666666666,0.3141592653589793,0.3141592653589793,6.283185307179586,18,0.9999732971191406,6.866638437153091e-05,1
poisson_inj,26,SC,0.3333333333333333,BCC,0.6666666666666666,0.3141592653589793,0.3141592653589793,6.283185307179586,18,0.9999732971191406,6.866638437153091e-05,1
poisson_inj,26,BCC,0.6666666666666666,BCC,0.6666666666666666,0.3141592653589793,0.3141592653589793,6.283185307179586,18,0.9999732971191406,6.866638437153091e-05,1
poisson_inj,26,FCC,0.0,BCC,0.6666666666666666,0.3141592653589793,0.3141592653589793,6.283185307179586,18,0.9999732971191406,6.866638437153091e-05,1
poisson_inj,26,HCP,0.5555555555555556,BCC,0.6666666666666666,0.3141592653589793,0.3141592653589793,6.283185307179586,18,0.9999732971191406,6.866638437153091e-05,1
poisson_ownk,27,SC,0.3333333333333333,BCC,0.6666666666666667,0.3141592653589793,0.3141592653589793,6.283185307179586,18,0.9999732971191406,6.866638437153091e-05,1
poisson_ownk,27,BCC,0.6666666666666667,BCC,0.6666666666666667,0.3141592653589793,0.3141592653589793,6.283185307179586,18,0.9999732971191406,6.866638437153091e-05,1
poisson_ownk,27,FCC,0.0,BCC,0.6666666666666667,0.3141592653589793,0.3141592653589793,6.283185307179586,18,0.9999732971191406,6.866638437153091e-05,1
poisson_ownk,27,HCP,0.5555555555555556,BCC,0.6666666666666667,0.3141592653589793,0.3141592653589793,6.283185307179586,18,0.9999732971191406,6.866638437153091e-05,1
poisson_inj,27,SC,0.3333333333333333,BCC,0.6666666666666667,0.3141592653589793,0.3141592653589793,6.283185307179586,18,0.9999732971191406,6.866638437153091e-05,1
poisson_inj,27,BCC,0.6666666666666667,BCC,0.6666666666666667,0.3141592653589793,0.3141592653589793,6.283185307179586,18,0.9999732971191406,6.866638437153091e-05,1
poisson_inj,27,FCC,0.0,BCC,0.6666666666666667,0.3141592653589793,0.3141592653589793,6.283185307179586,18,0.9999732971191406,6.866638437153091e-05,1
poisson_inj,27,HCP,0.5555555555555556,BCC,0.6666666666666667,0.3141592653589793,0.3141592653589793,6.283185307179586,18,0.9999732971191406,6.866638437153091e-05,1
poisson_ownk,28,SC,0.3333333333333333,BCC,0.6666666666666666,0.3141592653589793,0.3141592653589793,6.283185307179586,18,0.9999732971191406,6.866638437153091e-05,1
poisson_ownk,28,BCC,0.6666666666666666,BCC,0.6666666666666666,0.3141592653589793,0.3141592653589793,6.283185307179586,18,0.9999732971191406,6.866638437153091e-05,1
poisson_ownk,28,FCC,0.0,BCC,0.6666666666666666,0.3141592653589793,0.3141592653589793,6.283185307179586,18,0.9999732971191406,6.866638437153091e-05,1
poisson_ownk,28,HCP,0.5555555555555556,BCC,0.6666666666666666,0.3141592653589793,0.3141592653589793,6.283185307179586,18,0.9999732971191406,6.866638437153091e-05,1
poisson_inj,28,SC,0.3333333333333333,BCC,0.6666666666666666,0.3141592653589793,0.3141592653589793,6.283185307179586,18,0.9999732971191406,6.866638437153091e-05,1
poisson_inj,28,BCC,0.6666666666666666,BCC,0.6666666666666666,0.3141592653589793,0.3141592653589793,6.283185307179586,18,0.9999732971191406,6.866638437153091e-05,1
poisson_inj,28,FCC,0.0,BCC,0.6666666666666666,0.3141592653589793,0.3141592653589793,6.283185307179586,18,0.9999732971191406,6.866638437153091e-05,1
poisson_inj,28,HCP,0.5555555555555556,BCC,0.6666666666666666,0.3141592653589793,0.3141592653589793,6.283185307179586,18,0.9999732971191406,6.866638437153091e-05,1
poisson_ownk,29,SC,0.3333333333333333,BCC,0.6666666666666666,0.3141592653589793,0.3141592653589793,6.283185307179586,18,0.9999732971191406,6.866638437153091e-05,1
poisson_ownk,29,BCC,0.6666666666666666,BCC,0.6666666666666666,0.3141592653589793,0.3141592653589793,6.283185307179586,18,0.9999732971191406,6.866638437153091e-05,1
poisson_ownk,29,FCC,0.0,BCC,0.6666666666666666,0.3141592653589793,0.3141592653589793,6.283185307179586,18,0.9999732971191406,6.866638437153091e-05,1
poisson_ownk,29,HCP,0.5555555555555556,BCC,0.6666666666666666,0.3141592653589793,0.3141592653589793,6.283185307179586,18,0.9999732971191406,6.866638437153091e-05,1
poisson_inj,29,SC,0.3333333333333333,BCC,0.6666666666666666,0.3141592653589793,0.3141592653589793,6.283185307179586,18,0.9999732971191406,6.866638437153091e-05,1
poisson_inj,29,BCC,0.6666666666666666,BCC,0.6666666666666666,0.3141592653589793,0.3141592653589793,6.283185307179586,18,0.9999732971191406,6.866638437153091e-05,1
poisson_inj,29,FCC,0.0,BCC,0.6666666666666666,0.3141592653589793,0.3141592653589793,6.283185307179586,18,0.9999732971191406,6.866638437153091e-05,1
poisson_inj,29,HCP,0.5555555555555556,BCC,0.6666666666666666,0.3141592653589793,0.3141592653589793,6.283185307179586,18,0.9999732971191406,6.866638437153091e-05,1
poisson_ownk,30,SC,0.3333333333333333,BCC,0.6666666666666666,0.3141592653589793,0.3141592653589793,6.283185307179586,18,0.9999732971191406,6.866638437153091e-05,1
poisson_ownk,30,BCC,0.6666666666666666,BCC,0.6666666666666666,0.3141592653589793,0.3141592653589793,6.283185307179586,18,0.9999732971191406,6.866638437153091e-05,1
poisson_ownk,30,FCC,0.0,BCC,0.6666666666666666,0.3141592653589793,0.3141592653589793,6.283185307179586,18,0.9999732971191406,6.866638437153091e-05,1
poisson_ownk,30,HCP,0.5555555555555556,BCC,0.6666666666666666,0.3141592653589793,0.3141592653589793,6.283185307179586,18,0.9999732971191406,6.866638437153091e-05,1
poisson_inj,30,SC,0.3333333333333333,BCC,0.6666666666666666,0.3141592653589793,0.3141592653589793,6.283185307179586,18,0.9999732971191406,6.866638437153091e-05,1
poisson_inj,30,BCC,0.6666666666666666,BCC,0.6666666666666666,0.3141592653589793,0.3141592653589793,6.283185307179586,18,0.9999732971191406,6.866638437153091e-05,1
poisson_inj,30,FCC,0.0,BCC,0.6666666666666666,0.3141592653589793,0.3141592653589793,6.283185307179586,18,0.9999732971191406,6.866638437153091e-05,1
poisson_inj,30,HCP,0.5555555555555556,BCC,0.6666666666666666,0.3141592653589793,0.3141592653589793,6.283185307179586,18,0.9999732971191406,6.866638437153091e-05,1
poisson_ownk,31,SC,0.0,FCC,1.0,16.964600329384883,16.964600329384883,339.29200658769764,56,0.9999732971191406,0.00021362875137809618,1
poisson_ownk,31,BCC,0.0,FCC,1.0,16.964600329384883,16.964600329384883,339.29200658769764,56,0.9999732971191406,0.00021362875137809618,1
poisson_ownk,31,FCC,1.0,FCC,1.0,16.964600329384883,16.964600329384883,339.29200658769764,56,0.9999732971191406,0.00021362875137809618,1
poisson_ownk,31,HCP,0.0,FCC,1.0,16.964600329384883,16.964600329384883,339.29200658769764,56,0.9999732971191406,0.00021362875137809618,1
poisson_inj,31,SC,0.33333333333333326,BCC,0.6666666666666666,0.3141592653589793,16.964600329384883,6.283185307179586,18,0.9999732971191406,0.00021362875137809618,1
poisson_inj,31,BCC,0.6666666666666666,BCC,0.6666666666666666,0.3141592653589793,16.964600329384883,6.283185307179586,18,0.9999732971191406,0.00021362875137809618,1
poisson_inj,31,FCC,0.0,BCC,0.6666666666666666,0.3141592653589793,16.964600329384883,6.283185307179586,18,0.9999732971191406,0.00021362875137809618,1
poisson_inj,31,HCP,0.5555555555555556,BCC,0.6666666666666666,0.3141592653589793,16.964600329384883,6.283185307179586,18,0.9999732971191406,0.00021362875137809618,1
shellrand,0,SC,0.33545595261342864,BCC,0.6645440473865716,0.3141592653589793,0.3141592653589793,6.283185307179586,18,0.9918536343688074,0.020812224975350145,
shellrand,0,BCC,0.6645440473865716,BCC,0.6645440473865716,0.3141592653589793,0.3141592653589793,6.283185307179586,18,0.9918536343688074,0.020812224975350145,
shellrand,0,FCC,0.0,BCC,0.6645440473865716,0.3141592653589793,0.3141592653589793,6.283185307179586,18,0.9918536343688074,0.020812224975350145,
shellrand,0,HCP,0.5548480157955279,BCC,0.6645440473865716,0.3141592653589793,0.3141592653589793,6.283185307179586,18,0.9918536343688074,0.020812224975350145,
shellrand,1,SC,0.33545595261343014,BCC,0.6645440473865699,0.3141592653589793,0.3141592653589793,6.283185307179586,18,0.9918536343688074,0.020812224975350145,
shellrand,1,BCC,0.6645440473865699,BCC,0.6645440473865699,0.3141592653589793,0.3141592653589793,6.283185307179586,18,0.9918536343688074,0.020812224975350145,
shellrand,1,FCC,0.0,BCC,0.6645440473865699,0.3141592653589793,0.3141592653589793,6.283185307179586,18,0.9918536343688074,0.020812224975350145,
shellrand,1,HCP,0.5569706350756203,BCC,0.6645440473865699,0.3141592653589793,0.3141592653589793,6.283185307179586,18,0.9918536343688074,0.020812224975350145,
shellrand,2,SC,0.33121071405324004,BCC,0.6687892859467598,0.3141592653589793,0.3141592653589793,6.283185307179586,18,0.991941267474094,0.02081038631820147,
shellrand,2,BCC,0.6687892859467598,BCC,0.6687892859467598,0.3141592653589793,0.3141592653589793,6.283185307179586,18,0.991941267474094,0.02081038631820147,
shellrand,2,FCC,0.0,BCC,0.6687892859467598,0.3141592653589793,0.3141592653589793,6.283185307179586,18,0.991941267474094,0.02081038631820147,
shellrand,2,HCP,0.5527253965154387,BCC,0.6687892859467598,0.3141592653589793,0.3141592653589793,6.283185307179586,18,0.991941267474094,0.02081038631820147,
shellrand,3,SC,0.3333333333333447,BCC,0.6666666666666553,0.3141592653589793,0.3141592653589793,6.283185307179586,18,0.9918974509214504,0.020811305606164947,
shellrand,3,BCC,0.6666666666666553,BCC,0.6666666666666553,0.3141592653589793,0.3141592653589793,6.283185307179586,18,0.9918974509214504,0.020811305606164947,
shellrand,3,FCC,0.0,BCC,0.6666666666666553,0.3141592653589793,0.3141592653589793,6.283185307179586,18,0.9918974509214504,0.020811305606164947,
shellrand,3,HCP,0.5548480157955487,BCC,0.6666666666666553,0.3141592653589793,0.3141592653589793,6.283185307179586,18,0.9918974509214504,0.020811305606164947,
shellrand,4,SC,0.33333333333333504,BCC,0.6666666666666649,0.3141592653589793,0.3141592653589793,6.283185307179586,18,0.9918974509214507,0.020811305606164947,
shellrand,4,BCC,0.6666666666666649,BCC,0.6666666666666649,0.3141592653589793,0.3141592653589793,6.283185307179586,18,0.9918974509214507,0.020811305606164947,
shellrand,4,FCC,0.0,BCC,0.6666666666666649,0.3141592653589793,0.3141592653589793,6.283185307179586,18,0.9918974509214507,0.020811305606164947,
shellrand,4,HCP,0.5569706350756298,BCC,0.6666666666666649,0.3141592653589793,0.3141592653589793,6.283185307179586,18,0.9918974509214507,0.020811305606164947,
shellrand,5,SC,0.33333333333334314,BCC,0.6666666666666571,0.3141592653589793,0.3141592653589793,6.283185307179586,18,0.9918974509214504,0.020811305606164947,
shellrand,5,BCC,0.6666666666666571,BCC,0.6666666666666571,0.3141592653589793,0.3141592653589793,6.283185307179586,18,0.9918974509214504,0.020811305606164947,
shellrand,5,FCC,0.0,BCC,0.6666666666666571,0.3141592653589793,0.3141592653589793,6.283185307179586,18,0.9918974509214504,0.020811305606164947,
shellrand,5,HCP,0.5548480157955579,BCC,0.6666666666666571,0.3141592653589793,0.3141592653589793,6.283185307179586,18,0.9918974509214504,0.020811305606164947,
shellrand,6,SC,0.3290880947731799,BCC,0.67091190522682,0.3141592653589793,0.3141592653589793,6.283185307179586,18,0.9919850840267368,0.020809467111448956,
shellrand,6,BCC,0.67091190522682,BCC,0.67091190522682,0.3141592653589793,0.3141592653589793,6.283185307179586,18,0.9919850840267368,0.020809467111448956,
shellrand,6,FCC,0.0,BCC,0.67091190522682,0.3141592653589793,0.3141592653589793,6.283185307179586,18,0.9919850840267368,0.020809467111448956,
shellrand,6,HCP,0.5527253965154526,BCC,0.67091190522682,0.3141592653589793,0.3141592653589793,6.283185307179586,18,0.9919850840267368,0.020809467111448956,
shellrand,7,SC,0.3333333333333351,BCC,0.666666666666665,0.3141592653589793,0.3141592653589793,6.283185307179586,18,0.9918974509214507,0.020811305606164943,
shellrand,7,BCC,0.666666666666665,BCC,0.666666666666665,0.3141592653589793,0.3141592653589793,6.283185307179586,18,0.9918974509214507,0.020811305606164943,
shellrand,7,FCC,0.0,BCC,0.666666666666665,0.3141592653589793,0.3141592653589793,6.283185307179586,18,0.9918974509214507,0.020811305606164943,
shellrand,7,HCP,0.5548480157955226,BCC,0.666666666666665,0.3141592653589793,0.3141592653589793,6.283185307179586,18,0.9918974509214507,0.020811305606164943,
shellrand,8,SC,0.33121071405323754,BCC,0.6687892859467622,0.3141592653589793,0.3141592653589793,6.283185307179586,18,0.9919412674740942,0.020810386318201462,
shellrand,8,BCC,0.6687892859467622,BCC,0.6687892859467622,0.3141592653589793,0.3141592653589793,6.283185307179586,18,0.9919412674740942,0.020810386318201462,
shellrand,8,FCC,0.0,BCC,0.6687892859467622,0.3141592653589793,0.3141592653589793,6.283185307179586,18,0.9919412674740942,0.020810386318201462,
shellrand,8,HCP,0.5527253965154278,BCC,0.6687892859467622,0.3141592653589793,0.3141592653589793,6.283185307179586,18,0.9919412674740942,0.020810386318201462,
shellrand,9,SC,0.3290880947731796,BCC,0.6709119052268204,0.3141592653589793,0.3141592653589793,6.283185307179586,18,0.9919850840267368,0.020809467111448952,
shellrand,9,BCC,0.6709119052268204,BCC,0.6709119052268204,0.3141592653589793,0.3141592653589793,6.283185307179586,18,0.9919850840267368,0.020809467111448952,
shellrand,9,FCC,0.0,BCC,0.6709119052268204,0.3141592653589793,0.3141592653589793,6.283185307179586,18,0.9919850840267368,0.020809467111448952,
shellrand,9,HCP,0.5527253965154514,BCC,0.6709119052268204,0.3141592653589793,0.3141592653589793,6.283185307179586,18,0.9919850840267368,0.020809467111448952,
shellrand,10,SC,0.33121071405325114,BCC,0.6687892859467489,0.3141592653589793,0.3141592653589793,6.283185307179586,18,0.9919412674740937,0.02081038631820147,
shellrand,10,BCC,0.6687892859467489,BCC,0.6687892859467489,0.3141592653589793,0.3141592653589793,6.283185307179586,18,0.9919412674740937,0.02081038631820147,
shellrand,10,FCC,0.0,BCC,0.6687892859467489,0.3141592653589793,0.3141592653589793,6.283185307179586,18,0.9919412674740937,0.02081038631820147,
shellrand,10,HCP,0.556970635075582,BCC,0.6687892859467489,0.3141592653589793,0.3141592653589793,6.283185307179586,18,0.9919412674740937,0.02081038631820147,
shellrand,11,SC,0.33333333333332243,BCC,0.6666666666666774,0.3141592653589793,0.3141592653589793,6.283185307179586,18,0.9918974509214511,0.02081130560616494,
shellrand,11,BCC,0.6666666666666774,BCC,0.6666666666666774,0.3141592653589793,0.3141592653589793,6.283185307179586,18,0.9918974509214511,0.02081130560616494,
shellrand,11,FCC,0.0,BCC,0.6666666666666774,0.3141592653589793,0.3141592653589793,6.283185307179586,18,0.9918974509214511,0.02081130560616494,
shellrand,11,HCP,0.5569706350756221,BCC,0.6666666666666774,0.3141592653589793,0.3141592653589793,6.283185307179586,18,0.9918974509214511,0.02081130560616494,
shellrand,12,SC,0.3333333333333683,BCC,0.6666666666666317,0.3141592653589793,0.3141592653589793,6.283185307179586,18,0.99189745092145,0.02081130560616496,
shellrand,12,BCC,0.6666666666666317,BCC,0.6666666666666317,0.3141592653589793,0.3141592653589793,6.283185307179586,18,0.99189745092145,0.02081130560616496,
shellrand,12,FCC,0.0,BCC,0.6666666666666317,0.3141592653589793,0.3141592653589793,6.283185307179586,18,0.99189745092145,0.02081130560616496,
shellrand,12,HCP,0.556970635075642,BCC,0.6666666666666317,0.3141592653589793,0.3141592653589793,6.283185307179586,18,0.99189745092145,0.02081130560616496,
shellrand,13,SC,0.3312107140532615,BCC,0.6687892859467385,0.3141592653589793,0.3141592653589793,6.283185307179586,18,0.9919412674740935,0.020810386318201472,
shellrand,13,BCC,0.6687892859467385,BCC,0.6687892859467385,0.3141592653589793,0.3141592653589793,6.283185307179586,18,0.9919412674740935,0.020810386318201472,
shellrand,13,FCC,0.0,BCC,0.6687892859467385,0.3141592653589793,0.3141592653589793,6.283185307179586,18,0.9919412674740935,0.020810386318201472,
shellrand,13,HCP,0.5569706350756043,BCC,0.6687892859467385,0.3141592653589793,0.3141592653589793,6.283185307179586,18,0.9919412674740935,0.020810386318201472,
shellrand,14,SC,0.3312107140532632,BCC,0.6687892859467369,0.3141592653589793,0.3141592653589793,6.283185307179586,18,0.9919412674740935,0.020810386318201472,
shellrand,14,BCC,0.6687892859467369,BCC,0.6687892859467369,0.3141592653589793,0.3141592653589793,6.283185307179586,18,0.9919412674740935,0.020810386318201472,
shellrand,14,FCC,0.0,BCC,0.6687892859467369,0.3141592653589793,0.3141592653589793,6.283185307179586,18,0.9919412674740935,0.020810386318201472,
shellrand,14,HCP,0.5527253965154534,BCC,0.6687892859467369,0.3141592653589793,0.3141592653589793,6.283185307179586,18,0.9919412674740935,0.020810386318201472,
shellrand,15,SC,0.3312107140532628,BCC,0.6687892859467373,0.3141592653589793,0.3141592653589793,6.283185307179586,18,0.9919412674740935,0.020810386318201472,
shellrand,15,BCC,0.6687892859467373,BCC,0.6687892859467373,0.3141592653589793,0.3141592653589793,6.283185307179586,18,0.9919412674740935,0.020810386318201472,
shellrand,15,FCC,0.0,BCC,0.6687892859467373,0.3141592653589793,0.3141592653589793,6.283185307179586,18,0.9919412674740935,0.020810386318201472,
shellrand,15,HCP,0.5548480157955512,BCC,0.6687892859467373,0.3141592653589793,0.3141592653589793,6.283185307179586,18,0.9919412674740935,0.020810386318201472,
shellrand,16,SC,0.3354559526134035,BCC,0.6645440473865963,0.3141592653589793,0.3141592653589793,6.283185307179586,18,0.9918536343688078,0.020812224975350138,
shellrand,16,BCC,0.6645440473865963,BCC,0.6645440473865963,0.3141592653589793,0.3141592653589793,6.283185307179586,18,0.9918536343688078,0.020812224975350138,
shellrand,16,FCC,0.0,BCC,0.6645440473865963,0.3141592653589793,0.3141592653589793,6.283185307179586,18,0.9918536343688078,0.020812224975350138,
shellrand,16,HCP,0.556970635075607,BCC,0.6645440473865963,0.3141592653589793,0.3141592653589793,6.283185307179586,18,0.9918536343688078,0.020812224975350138,
shellrand,17,SC,0.3333333333333098,BCC,0.66666666666669,0.3141592653589793,0.3141592653589793,6.283185307179586,18,0.9918974509214513,0.020811305606164933,
shellrand,17,BCC,0.66666666666669,BCC,0.66666666666669,0.3141592653589793,0.3141592653589793,6.283185307179586,18,0.9918974509214513,0.020811305606164933,
shellrand,17,FCC,0.0,BCC,0.66666666666669,0.3141592653589793,0.3141592653589793,6.283185307179586,18,0.9918974509214513,0.020811305606164933,
shellrand,17,HCP,0.5569706350755953,BCC,0.66666666666669,0.3141592653589793,0.3141592653589793,6.283185307179586,18,0.9918974509214513,0.020811305606164933,
shellrand,18,SC,0.33121071405326474,BCC,0.6687892859467353,0.3141592653589793,0.3141592653589793,6.283185307179586,18,0.9919412674740935,0.020810386318201472,
shellrand,18,BCC,0.6687892859467353,BCC,0.6687892859467353,0.3141592653589793,0.3141592653589793,6.283185307179586,18,0.9919412674740935,0.020810386318201472,
shellrand,18,FCC,0.0,BCC,0.6687892859467353,0.3141592653589793,0.3141592653589793,6.283185307179586,18,0.9919412674740935,0.020810386318201472,
shellrand,18,HCP,0.5548480157955393,BCC,0.6687892859467353,0.3141592653589793,0.3141592653589793,6.283185307179586,18,0.9919412674740935,0.020810386318201472,
shellrand,19,SC,0.33333333333334525,BCC,0.666666666666655,0.3141592653589793,0.3141592653589793,6.283185307179586,18,0.9918974509214504,0.020811305606164943,
shellrand,19,BCC,0.666666666666655,BCC,0.666666666666655,0.3141592653589793,0.3141592653589793,6.283185307179586,18,0.9918974509214504,0.020811305606164943,
shellrand,19,FCC,0.0,BCC,0.666666666666655,0.3141592653589793,0.3141592653589793,6.283185307179586,18,0.9918974509214504,0.020811305606164943,
shellrand,19,HCP,0.5548480157955364,BCC,0.666666666666655,0.3141592653589793,0.3141592653589793,6.283185307179586,18,0.9918974509214504,0.020811305606164943,
shellrand,20,SC,0.33333333333334797,BCC,0.666666666666652,0.3141592653589793,0.3141592653589793,6.283185307179586,18,0.9918974509214504,0.02081130560616495,
shellrand,20,BCC,0.666666666666652,BCC,0.666666666666652,0.3141592653589793,0.3141592653589793,6.283185307179586,18,0.9918974509214504,0.02081130560616495,
shellrand,20,FCC,0.0,BCC,0.666666666666652,0.3141592653589793,0.3141592653589793,6.283185307179586,18,0.9918974509214504,0.02081130560616495,
shellrand,20,HCP,0.5548480157955372,BCC,0.666666666666652,0.3141592653589793,0.3141592653589793,6.283185307179586,18,0.9918974509214504,0.02081130560616495,
shellrand,21,SC,0.33333333333332993,BCC,0.6666666666666702,0.3141592653589793,0.3141592653589793,6.283185307179586,18,0.9918974509214507,0.020811305606164943,
shellrand,21,BCC,0.6666666666666702,BCC,0.6666666666666702,0.3141592653589793,0.3141592653589793,6.283185307179586,18,0.9918974509214507,0.020811305606164943,
shellrand,21,FCC,0.0,BCC,0.6666666666666702,0.3141592653589793,0.3141592653589793,6.283185307179586,18,0.9918974509214507,0.020811305606164943,
shellrand,21,HCP,0.5569706350756163,BCC,0.6666666666666702,0.3141592653589793,0.3141592653589793,6.283185307179586,18,0.9918974509214507,0.020811305606164943,
shellrand,22,SC,0.33333333333332094,BCC,0.6666666666666791,0.3141592653589793,0.3141592653589793,6.283185307179586,18,0.9918974509214511,0.02081130560616494,
shellrand,22,BCC,0.6666666666666791,BCC,0.6666666666666791,0.3141592653589793,0.3141592653589793,6.283185307179586,18,0.9918974509214511,0.02081130560616494,
shellrand,22,FCC,0.0,BCC,0.6666666666666791,0.3141592653589793,0.3141592653589793,6.283185307179586,18,0.9918974509214511,0.02081130560616494,
shellrand,22,HCP,0.5590932543556776,BCC,0.6666666666666791,0.3141592653589793,0.3141592653589793,6.283185307179586,18,0.9918974509214511,0.02081130560616494,
shellrand,23,SC,0.3312107140532397,BCC,0.6687892859467603,0.3141592653589793,0.3141592653589793,6.283185307179586,18,0.991941267474094,0.02081038631820147,
shellrand,23,BCC,0.6687892859467603,BCC,0.6687892859467603,0.3141592653589793,0.3141592653589793,6.283185307179586,18,0.991941267474094,0.02081038631820147,
shellrand,23,FCC,0.0,BCC,0.6687892859467603,0.3141592653589793,0.3141592653589793,6.283185307179586,18,0.991941267474094,0.02081038631820147,
shellrand,23,HCP,0.5527253965154552,BCC,0.6687892859467603,0.3141592653589793,0.3141592653589793,6.283185307179586,18,0.991941267474094,0.02081038631820147,
shellrand,24,SC,0.3333333333333208,BCC,0.6666666666666791,0.3141592653589793,0.3141592653589793,6.283185307179586,18,0.9918974509214509,0.02081130560616494,
shellrand,24,BCC,0.6666666666666791,BCC,0.6666666666666791,0.3141592653589793,0.3141592653589793,6.283185307179586,18,0.9918974509214509,0.02081130560616494,
shellrand,24,FCC,0.0,BCC,0.6666666666666791,0.3141592653589793,0.3141592653589793,6.283185307179586,18,0.9918974509214509,0.02081130560616494,
shellrand,24,HCP,0.5548480157955105,BCC,0.6666666666666791,0.3141592653589793,0.3141592653589793,6.283185307179586,18,0.9918974509214509,0.02081130560616494,
shellrand,25,SC,0.33333333333332044,BCC,0.6666666666666796,0.3141592653589793,0.3141592653589793,6.283185307179586,18,0.9918974509214509,0.02081130560616494,
shellrand,25,BCC,0.6666666666666796,BCC,0.6666666666666796,0.3141592653589793,0.3141592653589793,6.283185307179586,18,0.9918974509214509,0.02081130560616494,
shellrand,25,FCC,0.0,BCC,0.6666666666666796,0.3141592653589793,0.3141592653589793,6.283185307179586,18,0.9918974509214509,0.02081130560616494,
shellrand,25,HCP,0.5569706350756197,BCC,0.6666666666666796,0.3141592653589793,0.3141592653589793,6.283185307179586,18,0.9918974509214509,0.02081130560616494,
shellrand,26,SC,0.3354559526134046,BCC,0.6645440473865954,0.3141592653589793,0.3141592653589793,6.283185307179586,18,0.991853634368808,0.02081222497535013,
shellrand,26,BCC,0.6645440473865954,BCC,0.6645440473865954,0.3141592653589793,0.3141592653589793,6.283185307179586,18,0.991853634368808,0.02081222497535013,
shellrand,26,FCC,0.0,BCC,0.6645440473865954,0.3141592653589793,0.3141592653589793,6.283185307179586,18,0.991853634368808,0.02081222497535013,
shellrand,26,HCP,0.5590932543556558,BCC,0.6645440473865954,0.3141592653589793,0.3141592653589793,6.283185307179586,18,0.991853634368808,0.02081222497535013,
shellrand,27,SC,0.33333333333328696,BCC,0.6666666666667129,0.3141592653589793,0.3141592653589793,6.283185307179586,18,0.9918974509214515,0.02081130560616493,
shellrand,27,BCC,0.6666666666667129,BCC,0.6666666666667129,0.3141592653589793,0.3141592653589793,6.283185307179586,18,0.9918974509214515,0.02081130560616493,
shellrand,27,FCC,0.0,BCC,0.6666666666667129,0.3141592653589793,0.3141592653589793,6.283185307179586,18,0.9918974509214515,0.02081130560616493,
shellrand,27,HCP,0.5548480157954864,BCC,0.6666666666667129,0.3141592653589793,0.3141592653589793,6.283185307179586,18,0.9918974509214515,0.02081130560616493,
shellrand,28,SC,0.33333333333332044,BCC,0.6666666666666794,0.3141592653589793,0.3141592653589793,6.283185307179586,18,0.9918974509214511,0.02081130560616494,
shellrand,28,BCC,0.6666666666666794,BCC,0.6666666666666794,0.3141592653589793,0.3141592653589793,6.283185307179586,18,0.9918974509214511,0.02081130560616494,
shellrand,28,FCC,0.0,BCC,0.6666666666666794,0.3141592653589793,0.3141592653589793,6.283185307179586,18,0.9918974509214511,0.02081130560616494,
shellrand,28,HCP,0.5548480157955002,BCC,0.6666666666666794,0.3141592653589793,0.3141592653589793,6.283185307179586,18,0.9918974509214511,0.02081130560616494,
shellrand,29,SC,0.3333333333333315,BCC,0.6666666666666687,0.3141592653589793,0.3141592653589793,6.283185307179586,18,0.9918974509214507,0.020811305606164943,
shellrand,29,BCC,0.6666666666666687,BCC,0.6666666666666687,0.3141592653589793,0.3141592653589793,6.283185307179586,18,0.9918974509214507,0.020811305606164943,
shellrand,29,FCC,0.0,BCC,0.6666666666666687,0.3141592653589793,0.3141592653589793,6.283185307179586,18,0.9918974509214507,0.020811305606164943,
shellrand,29,HCP,0.5548480157955373,BCC,0.6666666666666687,0.3141592653589793,0.3141592653589793,6.283185307179586,18,0.9918974509214507,0.020811305606164943,
shellrand,30,SC,0.33333333333332166,BCC,0.6666666666666783,0.3141592653589793,0.3141592653589793,6.283185307179586,18,0.9918974509214509,0.020811305606164943,
shellrand,30,BCC,0.6666666666666783,BCC,0.6666666666666783,0.3141592653589793,0.3141592653589793,6.283185307179586,18,0.9918974509214509,0.020811305606164943,
shellrand,30,FCC,0.0,BCC,0.6666666666666783,0.3141592653589793,0.3141592653589793,6.283185307179586,18,0.9918974509214509,0.020811305606164943,
shellrand,30,HCP,0.5569706350755848,BCC,0.6666666666666783,0.3141592653589793,0.3141592653589793,6.283185307179586,18,0.9918974509214509,0.020811305606164943,
shellrand,31,SC,0.33545595261340366,BCC,0.6645440473865963,0.3141592653589793,0.3141592653589793,6.283185307179586,18,0.9918536343688078,0.020812224975350135,
shellrand,31,BCC,0.6645440473865963,BCC,0.6645440473865963,0.3141592653589793,0.3141592653589793,6.283185307179586,18,0.9918536343688078,0.020812224975350135,
shellrand,31,FCC,0.0,BCC,0.6645440473865963,0.3141592653589793,0.3141592653589793,6.283185307179586,18,0.9918536343688078,0.020812224975350135,
shellrand,31,HCP,0.5569706350755829,BCC,0.6645440473865963,0.3141592653589793,0.3141592653589793,6.283185307179586,18,0.9918536343688078,0.020812224975350135,
poisson_Mnodes_inj,0,SC,0.2032269380522177,BCC,0.7967730619477823,0.3141592653589793,1.2566370614359172,6.283185307179586,18,0.9954896819134637,0.0008690059200688433,1179
poisson_Mnodes_inj,0,BCC,0.7967730619477823,BCC,0.7967730619477823,0.3141592653589793,1.2566370614359172,6.283185307179586,18,0.9954896819134637,0.0008690059200688433,1179
poisson_Mnodes_inj,0,FCC,0.0,BCC,0.7967730619477823,0.3141592653589793,1.2566370614359172,6.283185307179586,18,0.9954896819134637,0.0008690059200688433,1179
poisson_Mnodes_inj,0,HCP,0.30955598408397667,BCC,0.7967730619477823,0.3141592653589793,1.2566370614359172,6.283185307179586,18,0.9954896819134637,0.0008690059200688433,1179
poisson_Mnodes_resolved,0,SC,0.20497667966557936,BCC,0.9671463822734497,0.8150000000000001,1.2566370614359172,16.3,90,0.9954896819134637,0.0008690059200688433,1179
poisson_Mnodes_resolved,0,BCC,0.9671463822734497,BCC,0.9671463822734497,0.8150000000000001,1.2566370614359172,16.3,90,0.9954896819134637,0.0008690059200688433,1179
poisson_Mnodes_resolved,0,FCC,0.7396185102691283,BCC,0.9671463822734497,0.8150000000000001,1.2566370614359172,16.3,90,0.9954896819134637,0.0008690059200688433,1179
poisson_Mnodes_resolved,0,HCP,0.48501960668592603,BCC,0.9671463822734497,0.8150000000000001,1.2566370614359172,16.3,90,0.9954896819134637,0.0008690059200688433,1179
poisson_Mnodes_inj,1,SC,0.17002983478047207,BCC,0.829970165219528,0.3141592653589793,16.964600329384883,6.283185307179586,18,0.9954962742487945,0.000259913824021751,1179
poisson_Mnodes_inj,1,BCC,0.829970165219528,BCC,0.829970165219528,0.3141592653589793,16.964600329384883,6.283185307179586,18,0.9954962742487945,0.000259913824021751,1179
poisson_Mnodes_inj,1,FCC,0.0,BCC,0.829970165219528,0.3141592653589793,16.964600329384883,6.283185307179586,18,0.9954962742487945,0.000259913824021751,1179
poisson_Mnodes_inj,1,HCP,0.3820379007248568,BCC,0.829970165219528,0.3141592653589793,16.964600329384883,6.283185307179586,18,0.9954962742487945,0.000259913824021751,1179
poisson_Mnodes_resolved,1,SC,0.3493539790940818,BCC,0.9686021735007618,0.8150000000000001,16.964600329384883,16.3,90,0.9954962742487945,0.000259913824021751,1179
poisson_Mnodes_resolved,1,BCC,0.9686021735007618,BCC,0.9686021735007618,0.8150000000000001,16.964600329384883,16.3,90,0.9954962742487945,0.000259913824021751,1179
poisson_Mnodes_resolved,1,FCC,0.4647657253217162,BCC,0.9686021735007618,0.8150000000000001,16.964600329384883,16.3,90,0.9954962742487945,0.000259913824021751,1179
poisson_Mnodes_resolved,1,HCP,0.5575279383815956,BCC,0.9686021735007618,0.8150000000000001,16.964600329384883,16.3,90,0.9954962742487945,0.000259913824021751,1179
poisson_Mnodes_inj,2,SC,0.30920001268352054,BCC,0.6907999873164793,0.3141592653589793,1.2566370614359172,6.283185307179586,18,0.9954833038791386,0.0010559637309404727,1179
poisson_Mnodes_inj,2,BCC,0.6907999873164793,BCC,0.6907999873164793,0.3141592653589793,1.2566370614359172,6.283185307179586,18,0.9954833038791386,0.0010559637309404727,1179
poisson_Mnodes_inj,2,FCC,0.0,BCC,0.6907999873164793,0.3141592653589793,1.2566370614359172,6.283185307179586,18,0.9954833038791386,0.0010559637309404727,1179
poisson_Mnodes_inj,2,HCP,0.43049669772914967,BCC,0.6907999873164793,0.3141592653589793,1.2566370614359172,6.283185307179586,18,0.9954833038791386,0.0010559637309404727,1179
poisson_Mnodes_resolved,2,SC,0.26138720433549045,BCC,0.9547784439079342,0.8150000000000001,1.2566370614359172,16.3,90,0.9954833038791386,0.0010559637309404727,1179
poisson_Mnodes_resolved,2,BCC,0.9547784439079342,BCC,0.9547784439079342,0.8150000000000001,1.2566370614359172,16.3,90,0.9954833038791386,0.0010559637309404727,1179
poisson_Mnodes_resolved,2,FCC,0.6338418425940285,BCC,0.9547784439079342,0.8150000000000001,1.2566370614359172,16.3,90,0.9954833038791386,0.0010559637309404727,1179
poisson_Mnodes_resolved,2,HCP,0.5278038843656171,BCC,0.9547784439079342,0.8150000000000001,1.2566370614359172,16.3,90,0.9954833038791386,0.0010559637309404727,1179
poisson_Mnodes_inj,3,SC,0.5313392849689615,HCP,0.6676169904662451,0.3141592653589793,0.3141592653589793,6.283185307179586,18,0.9954512031725885,9.693058561086554e-05,1179
poisson_Mnodes_inj,3,BCC,0.46866071503103846,HCP,0.6676169904662451,0.3141592653589793,0.3141592653589793,6.283185307179586,18,0.9954512031725885,9.693058561086554e-05,1179
poisson_Mnodes_inj,3,FCC,0.0,HCP,0.6676169904662451,0.3141592653589793,0.3141592653589793,6.283185307179586,18,0.9954512031725885,9.693058561086554e-05,1179
poisson_Mnodes_inj,3,HCP,0.6676169904662451,HCP,0.6676169904662451,0.3141592653589793,0.3141592653589793,6.283185307179586,18,0.9954512031725885,9.693058561086554e-05,1179
poisson_Mnodes_resolved,3,SC,0.4608231470958433,BCC,0.9257490389175599,0.8150000000000001,0.3141592653589793,16.3,90,0.9954512031725885,9.693058561086554e-05,1179
poisson_Mnodes_resolved,3,BCC,0.9257490389175599,BCC,0.9257490389175599,0.8150000000000001,0.3141592653589793,16.3,90,0.9954512031725885,9.693058561086554e-05,1179
poisson_Mnodes_resolved,3,FCC,0.40400368826261346,BCC,0.9257490389175599,0.8150000000000001,0.3141592653589793,16.3,90,0.9954512031725885,9.693058561086554e-05,1179
poisson_Mnodes_resolved,3,HCP,0.5394082434047064,BCC,0.9257490389175599,0.8150000000000001,0.3141592653589793,16.3,90,0.9954512031725885,9.693058561086554e-05,1179
poisson_Mnodes_inj,4,SC,0.2055639524405462,BCC,0.794436047559454,0.3141592653589793,17.27875959474386,6.283185307179586,18,0.9954892090977472,3.7997134557425805e-05,1179
poisson_Mnodes_inj,4,BCC,0.794436047559454,BCC,0.794436047559454,0.3141592653589793,17.27875959474386,6.283185307179586,18,0.9954892090977472,3.7997134557425805e-05,1179
poisson_Mnodes_inj,4,FCC,0.0,BCC,0.794436047559454,0.3141592653589793,17.27875959474386,6.283185307179586,18,0.9954892090977472,3.7997134557425805e-05,1179
poisson_Mnodes_inj,4,HCP,0.5928896648180557,BCC,0.794436047559454,0.3141592653589793,17.27875959474386,6.283185307179586,18,0.9954892090977472,3.7997134557425805e-05,1179
poisson_Mnodes_resolved,4,SC,0.4954421278658769,BCC,0.919795089391817,0.8150000000000001,17.27875959474386,16.3,90,0.9954892090977472,3.7997134557425805e-05,1179
poisson_Mnodes_resolved,4,BCC,0.919795089391817,BCC,0.919795089391817,0.8150000000000001,17.27875959474386,16.3,90,0.9954892090977472,3.7997134557425805e-05,1179
poisson_Mnodes_resolved,4,FCC,0.3410344947607327,BCC,0.919795089391817,0.8150000000000001,17.27875959474386,16.3,90,0.9954892090977472,3.7997134557425805e-05,1179
poisson_Mnodes_resolved,4,HCP,0.5398141919815913,BCC,0.919795089391817,0.8150000000000001,17.27875959474386,16.3,90,0.9954892090977472,3.7997134557425805e-05,1179
poisson_Mnodes_inj,5,SC,0.28778057490174286,BCC,0.712219425098257,0.3141592653589793,1.5707963267948966,6.283185307179586,18,0.9954826985071258,0.001534083738084432,1179
poisson_Mnodes_inj,5,BCC,0.712219425098257,BCC,0.712219425098257,0.3141592653589793,1.5707963267948966,6.283185307179586,18,0.9954826985071258,0.001534083738084432,1179
poisson_Mnodes_inj,5,FCC,0.0,BCC,0.712219425098257,0.3141592653589793,1.5707963267948966,6.283185307179586,18,0.9954826985071258,0.001534083738084432,1179
poisson_Mnodes_inj,5,HCP,0.463659814080524,BCC,0.712219425098257,0.3141592653589793,1.5707963267948966,6.283185307179586,18,0.9954826985071258,0.001534083738084432,1179
poisson_Mnodes_resolved,5,SC,0.28712784967570404,BCC,0.9538818220018876,0.8150000000000001,1.5707963267948966,16.3,90,0.9954826985071258,0.001534083738084432,1179
poisson_Mnodes_resolved,5,BCC,0.9538818220018876,BCC,0.9538818220018876,0.8150000000000001,1.5707963267948966,16.3,90,0.9954826985071258,0.001534083738084432,1179
poisson_Mnodes_resolved,5,FCC,0.6025276686937174,BCC,0.9538818220018876,0.8150000000000001,1.5707963267948966,16.3,90,0.9954826985071258,0.001534083738084432,1179
poisson_Mnodes_resolved,5,HCP,0.46721913577726476,BCC,0.9538818220018876,0.8150000000000001,1.5707963267948966,16.3,90,0.9954826985071258,0.001534083738084432,1179
poisson_Mnodes_inj,6,SC,0.5911803333635172,HCP,0.72323799911238,0.3141592653589793,16.336281798666924,6.283185307179586,18,0.9954604402179007,0.0009075746552531909,1179
poisson_Mnodes_inj,6,BCC,0.4088196666364826,HCP,0.72323799911238,0.3141592653589793,16.336281798666924,6.283185307179586,18,0.9954604402179007,0.0009075746552531909,1179
poisson_Mnodes_inj,6,FCC,0.0,HCP,0.72323799911238,0.3141592653589793,16.336281798666924,6.283185307179586,18,0.9954604402179007,0.0009075746552531909,1179
poisson_Mnodes_inj,6,HCP,0.72323799911238,HCP,0.72323799911238,0.3141592653589793,16.336281798666924,6.283185307179586,18,0.9954604402179007,0.0009075746552531909,1179
poisson_Mnodes_resolved,6,SC,0.40238244333920514,BCC,0.954285251028369,0.8150000000000001,16.336281798666924,16.3,90,0.9954604402179007,0.0009075746552531909,1179
poisson_Mnodes_resolved,6,BCC,0.954285251028369,BCC,0.954285251028369,0.8150000000000001,16.336281798666924,16.3,90,0.9954604402179007,0.0009075746552531909,1179
poisson_Mnodes_resolved,6,FCC,0.5083550418071658,BCC,0.954285251028369,0.8150000000000001,16.336281798666924,16.3,90,0.9954604402179007,0.0009075746552531909,1179
poisson_Mnodes_resolved,6,HCP,0.5380287238524932,BCC,0.954285251028369,0.8150000000000001,16.336281798666924,16.3,90,0.9954604402179007,0.0009075746552531909,1179
poisson_Mnodes_inj,7,SC,0.2726558957865997,BCC,0.7273441042134005,0.3141592653589793,17.27875959474386,6.283185307179586,18,0.9954866275529158,4.7299695627699624e-05,1179
poisson_Mnodes_inj,7,BCC,0.7273441042134005,BCC,0.7273441042134005,0.3141592653589793,17.27875959474386,6.283185307179586,18,0.9954866275529158,4.7299695627699624e-05,1179
poisson_Mnodes_inj,7,FCC,0.0,BCC,0.7273441042134005,0.3141592653589793,17.27875959474386,6.283185307179586,18,0.9954866275529158,4.7299695627699624e-05,1179
poisson_Mnodes_inj,7,HCP,0.4163436585366656,BCC,0.7273441042134005,0.3141592653589793,17.27875959474386,6.283185307179586,18,0.9954866275529158,4.7299695627699624e-05,1179
poisson_Mnodes_resolved,7,SC,0.4360533463502174,BCC,0.9242710919646787,0.8150000000000001,17.27875959474386,16.3,90,0.9954866275529158,4.7299695627699624e-05,1179
poisson_Mnodes_resolved,7,BCC,0.9242710919646787,BCC,0.9242710919646787,0.8150000000000001,17.27875959474386,16.3,90,0.9954866275529158,4.7299695627699624e-05,1179
poisson_Mnodes_resolved,7,FCC,0.4992039848600493,BCC,0.9242710919646787,0.8150000000000001,17.27875959474386,16.3,90,0.9954866275529158,4.7299695627699624e-05,1179
poisson_Mnodes_resolved,7,HCP,0.581440149451453,BCC,0.9242710919646787,0.8150000000000001,17.27875959474386,16.3,90,0.9954866275529158,4.7299695627699624e-05,1179
poisson_Mnodes_inj,8,SC,0.37790465619893193,HCP,0.6346848310512482,0.3141592653589793,16.650441064025905,6.283185307179586,18,0.9954857773229742,0.0007719393025298845,1179
poisson_Mnodes_inj,8,BCC,0.6220953438010681,HCP,0.6346848310512482,0.3141592653589793,16.650441064025905,6.283185307179586,18,0.9954857773229742,0.0007719393025298845,1179
poisson_Mnodes_inj,8,FCC,0.0,HCP,0.6346848310512482,0.3141592653589793,16.650441064025905,6.283185307179586,18,0.9954857773229742,0.0007719393025298845,1179
poisson_Mnodes_inj,8,HCP,0.6346848310512482,HCP,0.6346848310512482,0.3141592653589793,16.650441064025905,6.283185307179586,18,0.9954857773229742,0.0007719393025298845,1179
poisson_Mnodes_resolved,8,SC,0.37335877235921544,BCC,0.9645225912462129,0.8150000000000001,16.650441064025905,16.3,90,0.9954857773229742,0.0007719393025298845,1179
poisson_Mnodes_resolved,8,BCC,0.9645225912462129,BCC,0.9645225912462129,0.8150000000000001,16.650441064025905,16.3,90,0.9954857773229742,0.0007719393025298845,1179
poisson_Mnodes_resolved,8,FCC,0.5228077506197673,BCC,0.9645225912462129,0.8150000000000001,16.650441064025905,16.3,90,0.9954857773229742,0.0007719393025298845,1179
poisson_Mnodes_resolved,8,HCP,0.6052716854876755,BCC,0.9645225912462129,0.8150000000000001,16.650441064025905,16.3,90,0.9954857773229742,0.0007719393025298845,1179
poisson_Mnodes_inj,9,SC,0.2555360823739821,BCC,0.7444639176260179,0.3141592653589793,1.8849555921538759,6.283185307179586,18,0.9954822501521363,0.002075603415409911,1179
poisson_Mnodes_inj,9,BCC,0.7444639176260179,BCC,0.7444639176260179,0.3141592653589793,1.8849555921538759,6.283185307179586,18,0.9954822501521363,0.002075603415409911,1179
poisson_Mnodes_inj,9,FCC,0.0,BCC,0.7444639176260179,0.3141592653589793,1.8849555921538759,6.283185307179586,18,0.9954822501521363,0.002075603415409911,1179
poisson_Mnodes_inj,9,HCP,0.5129568971063904,BCC,0.7444639176260179,0.3141592653589793,1.8849555921538759,6.283185307179586,18,0.9954822501521363,0.002075603415409911,1179
poisson_Mnodes_resolved,9,SC,0.3769107627123405,BCC,0.9917737547805228,0.8150000000000001,1.8849555921538759,16.3,90,0.9954822501521363,0.002075603415409911,1179
poisson_Mnodes_resolved,9,BCC,0.9917737547805228,BCC,0.9917737547805228,0.8150000000000001,1.8849555921538759,16.3,90,0.9954822501521363,0.002075603415409911,1179
poisson_Mnodes_resolved,9,FCC,0.48345084840139196,BCC,0.9917737547805228,0.8150000000000001,1.8849555921538759,16.3,90,0.9954822501521363,0.002075603415409911,1179
poisson_Mnodes_resolved,9,HCP,0.39017583108247955,BCC,0.9917737547805228,0.8150000000000001,1.8849555921538759,16.3,90,0.9954822501521363,0.002075603415409911,1179
poisson_Mnodes_inj,10,SC,0.14491041530552784,BCC,0.8550895846944724,0.3141592653589793,0.6283185307179586,6.283185307179586,18,0.9954937071327515,0.0003153294476661163,1179
poisson_Mnodes_inj,10,BCC,0.8550895846944724,BCC,0.8550895846944724,0.3141592653589793,0.6283185307179586,6.283185307179586,18,0.9954937071327515,0.0003153294476661163,1179
poisson_Mnodes_inj,10,FCC,0.0,BCC,0.8550895846944724,0.3141592653589793,0.6283185307179586,6.283185307179586,18,0.9954937071327515,0.0003153294476661163,1179
poisson_Mnodes_inj,10,HCP,0.625079629617053,BCC,0.8550895846944724,0.3141592653589793,0.6283185307179586,6.283185307179586,18,0.9954937071327515,0.0003153294476661163,1179
poisson_Mnodes_resolved,10,SC,0.33722335179011914,BCC,0.9652481527081448,0.8150000000000001,0.6283185307179586,16.3,90,0.9954937071327515,0.0003153294476661163,1179
poisson_Mnodes_resolved,10,BCC,0.9652481527081448,BCC,0.9652481527081448,0.8150000000000001,0.6283185307179586,16.3,90,0.9954937071327515,0.0003153294476661163,1179
poisson_Mnodes_resolved,10,FCC,0.5084416500327171,BCC,0.9652481527081448,0.8150000000000001,0.6283185307179586,16.3,90,0.9954937071327515,0.0003153294476661163,1179
poisson_Mnodes_resolved,10,HCP,0.5462352708199493,BCC,0.9652481527081448,0.8150000000000001,0.6283185307179586,16.3,90,0.9954937071327515,0.0003153294476661163,1179
poisson_Mnodes_inj,11,SC,0.36825285530262875,HCP,0.8247003949629889,0.3141592653589793,16.964600329384883,6.283185307179586,18,0.9954844116971813,0.0002519953722539344,1179
poisson_Mnodes_inj,11,BCC,0.6317471446973713,HCP,0.8247003949629889,0.3141592653589793,16.964600329384883,6.283185307179586,18,0.9954844116971813,0.0002519953722539344,1179
poisson_Mnodes_inj,11,FCC,0.0,HCP,0.8247003949629889,0.3141592653589793,16.964600329384883,6.283185307179586,18,0.9954844116971813,0.0002519953722539344,1179
poisson_Mnodes_inj,11,HCP,0.8247003949629889,HCP,0.8247003949629889,0.3141592653589793,16.964600329384883,6.283185307179586,18,0.9954844116971813,0.0002519953722539344,1179
poisson_Mnodes_resolved,11,SC,0.40707628273966495,BCC,0.8729629924347413,0.8150000000000001,16.964600329384883,16.3,90,0.9954844116971813,0.0002519953722539344,1179
poisson_Mnodes_resolved,11,BCC,0.8729629924347413,BCC,0.8729629924347413,0.8150000000000001,16.964600329384883,16.3,90,0.9954844116971813,0.0002519953722539344,1179
poisson_Mnodes_resolved,11,FCC,0.5175625899139148,BCC,0.8729629924347413,0.8150000000000001,16.964600329384883,16.3,90,0.9954844116971813,0.0002519953722539344,1179
poisson_Mnodes_resolved,11,HCP,0.5109137303699439,BCC,0.8729629924347413,0.8150000000000001,16.964600329384883,16.3,90,0.9954844116971813,0.0002519953722539344,1179
poisson_Mnodes_inj,12,SC,0.4048512778021412,BCC,0.595148722197859,0.3141592653589793,0.3141592653589793,6.283185307179586,18,0.9954453658462512,0.00014169984901036815,1179
poisson_Mnodes_inj,12,BCC,0.595148722197859,BCC,0.595148722197859,0.3141592653589793,0.3141592653589793,6.283185307179586,18,0.9954453658462512,0.00014169984901036815,1179
poisson_Mnodes_inj,12,FCC,0.0,BCC,0.595148722197859,0.3141592653589793,0.3141592653589793,6.283185307179586,18,0.9954453658462512,0.00014169984901036815,1179
poisson_Mnodes_inj,12,HCP,0.5600832428404788,BCC,0.595148722197859,0.3141592653589793,0.3141592653589793,6.283185307179586,18,0.9954453658462512,0.00014169984901036815,1179
poisson_Mnodes_resolved,12,SC,0.3523000322868146,BCC,0.9080067847618402,0.8150000000000001,0.3141592653589793,16.3,90,0.9954453658462512,0.00014169984901036815,1179
poisson_Mnodes_resolved,12,BCC,0.9080067847618402,BCC,0.9080067847618402,0.8150000000000001,0.3141592653589793,16.3,90,0.9954453658462512,0.00014169984901036815,1179
poisson_Mnodes_resolved,12,FCC,0.5521313649316415,BCC,0.9080067847618402,0.8150000000000001,0.3141592653589793,16.3,90,0.9954453658462512,0.00014169984901036815,1179
poisson_Mnodes_resolved,12,HCP,0.45745855106501554,BCC,0.9080067847618402,0.8150000000000001,0.3141592653589793,16.3,90,0.9954453658462512,0.00014169984901036815,1179
poisson_Mnodes_inj,13,SC,0.2784791462093196,BCC,0.7215208537906805,0.3141592653589793,16.964600329384883,6.283185307179586,18,0.9954868919730951,0.0002474030641286107,1179
poisson_Mnodes_inj,13,BCC,0.7215208537906805,BCC,0.7215208537906805,0.3141592653589793,16.964600329384883,6.283185307179586,18,0.9954868919730951,0.0002474030641286107,1179
poisson_Mnodes_inj,13,FCC,0.0,BCC,0.7215208537906805,0.3141592653589793,16.964600329384883,6.283185307179586,18,0.9954868919730951,0.0002474030641286107,1179
poisson_Mnodes_inj,13,HCP,0.6634769105312355,BCC,0.7215208537906805,0.3141592653589793,16.964600329384883,6.283185307179586,18,0.9954868919730951,0.0002474030641286107,1179
poisson_Mnodes_resolved,13,SC,0.36372500915073847,BCC,0.9333793252163168,0.8150000000000001,16.964600329384883,16.3,90,0.9954868919730951,0.0002474030641286107,1179
poisson_Mnodes_resolved,13,BCC,0.9333793252163168,BCC,0.9333793252163168,0.8150000000000001,16.964600329384883,16.3,90,0.9954868919730951,0.0002474030641286107,1179
poisson_Mnodes_resolved,13,FCC,0.49117185862753826,BCC,0.9333793252163168,0.8150000000000001,16.964600329384883,16.3,90,0.9954868919730951,0.0002474030641286107,1179
poisson_Mnodes_resolved,13,HCP,0.5737857298848947,BCC,0.9333793252163168,0.8150000000000001,16.964600329384883,16.3,90,0.9954868919730951,0.0002474030641286107,1179
poisson_Mnodes_inj,14,SC,0.11929189232827878,BCC,0.8807081076717211,0.3141592653589793,3.7699111843077517,6.283185307179586,18,0.9954963688276885,0.007594490764948201,1179
poisson_Mnodes_inj,14,BCC,0.8807081076717211,BCC,0.8807081076717211,0.3141592653589793,3.7699111843077517,6.283185307179586,18,0.9954963688276885,0.007594490764948201,1179
poisson_Mnodes_inj,14,FCC,0.0,BCC,0.8807081076717211,0.3141592653589793,3.7699111843077517,6.283185307179586,18,0.9954963688276885,0.007594490764948201,1179
poisson_Mnodes_inj,14,HCP,0.34187436470769544,BCC,0.8807081076717211,0.3141592653589793,3.7699111843077517,6.283185307179586,18,0.9954963688276885,0.007594490764948201,1179
poisson_Mnodes_resolved,14,SC,0.3173584439586242,BCC,0.934219889815874,0.8150000000000001,3.7699111843077517,16.3,90,0.9954963688276885,0.007594490764948201,1179
poisson_Mnodes_resolved,14,BCC,0.934219889815874,BCC,0.934219889815874,0.8150000000000001,3.7699111843077517,16.3,90,0.9954963688276885,0.007594490764948201,1179
poisson_Mnodes_resolved,14,FCC,0.5239297996075305,BCC,0.934219889815874,0.8150000000000001,3.7699111843077517,16.3,90,0.9954963688276885,0.007594490764948201,1179
poisson_Mnodes_resolved,14,HCP,0.5652255471134192,BCC,0.934219889815874,0.8150000000000001,3.7699111843077517,16.3,90,0.9954963688276885,0.007594490764948201,1179
poisson_Mnodes_inj,15,SC,0.30616514328389444,HCP,0.7407593828382361,0.3141592653589793,16.964600329384883,6.283185307179586,18,0.9954861293552874,0.0002441468788888203,1179
poisson_Mnodes_inj,15,BCC,0.6938348567161057,HCP,0.7407593828382361,0.3141592653589793,16.964600329384883,6.283185307179586,18,0.9954861293552874,0.0002441468788888203,1179
poisson_Mnodes_inj,15,FCC,0.0,HCP,0.7407593828382361,0.3141592653589793,16.964600329384883,6.283185307179586,18,0.9954861293552874,0.0002441468788888203,1179
poisson_Mnodes_inj,15,HCP,0.7407593828382361,HCP,0.7407593828382361,0.3141592653589793,16.964600329384883,6.283185307179586,18,0.9954861293552874,0.0002441468788888203,1179
poisson_Mnodes_resolved,15,SC,0.40420382559161566,BCC,0.9401512764247103,0.8150000000000001,16.964600329384883,16.3,90,0.9954861293552874,0.0002441468788888203,1179
poisson_Mnodes_resolved,15,BCC,0.9401512764247103,BCC,0.9401512764247103,0.8150000000000001,16.964600329384883,16.3,90,0.9954861293552874,0.0002441468788888203,1179
poisson_Mnodes_resolved,15,FCC,0.4802027068747947,BCC,0.9401512764247103,0.8150000000000001,16.964600329384883,16.3,90,0.9954861293552874,0.0002441468788888203,1179
poisson_Mnodes_resolved,15,HCP,0.5558409411485125,BCC,0.9401512764247103,0.8150000000000001,16.964600329384883,16.3,90,0.9954861293552874,0.0002441468788888203,1179
poisson_Mnodes_inj,16,SC,0.4608926910281342,HCP,0.701293075578847,0.3141592653589793,17.27875959474386,6.283185307179586,18,0.9954670783764964,3.5908998319241553e-05,1179
poisson_Mnodes_inj,16,BCC,0.5391073089718659,HCP,0.701293075578847,0.3141592653589793,17.27875959474386,6.283185307179586,18,0.9954670783764964,3.5908998319241553e-05,1179
poisson_Mnodes_inj,16,FCC,0.0,HCP,0.701293075578847,0.3141592653589793,17.27875959474386,6.283185307179586,18,0.9954670783764964,3.5908998319241553e-05,1179
poisson_Mnodes_inj,16,HCP,0.701293075578847,HCP,0.701293075578847,0.3141592653589793,17.27875959474386,6.283185307179586,18,0.9954670783764964,3.5908998319241553e-05,1179
poisson_Mnodes_resolved,16,SC,0.3173709184471229,BCC,0.94071698654278,0.8150000000000001,17.27875959474386,16.3,90,0.9954670783764964,3.5908998319241553e-05,1179
poisson_Mnodes_resolved,16,BCC,0.94071698654278,BCC,0.94071698654278,0.8150000000000001,17.27875959474386,16.3,90,0.9954670783764964,3.5908998319241553e-05,1179
poisson_Mnodes_resolved,16,FCC,0.5904600758364427,BCC,0.94071698654278,0.8150000000000001,17.27875959474386,16.3,90,0.9954670783764964,3.5908998319241553e-05,1179
poisson_Mnodes_resolved,16,HCP,0.4466321970761958,BCC,0.94071698654278,0.8150000000000001,17.27875959474386,16.3,90,0.9954670783764964,3.5908998319241553e-05,1179
poisson_Mnodes_inj,17,SC,0.5973158583476054,HCP,0.7196113381274236,0.3141592653589793,0.3141592653589793,6.283185307179586,18,0.9954477251601799,9.207377455528521e-05,1179
poisson_Mnodes_inj,17,BCC,0.40268414165239463,HCP,0.7196113381274236,0.3141592653589793,0.3141592653589793,6.283185307179586,18,0.9954477251601799,9.207377455528521e-05,1179
poisson_Mnodes_inj,17,FCC,0.0,HCP,0.7196113381274236,0.3141592653589793,0.3141592653589793,6.283185307179586,18,0.9954477251601799,9.207377455528521e-05,1179
poisson_Mnodes_inj,17,HCP,0.7196113381274236,HCP,0.7196113381274236,0.3141592653589793,0.3141592653589793,6.283185307179586,18,0.9954477251601799,9.207377455528521e-05,1179
poisson_Mnodes_resolved,17,SC,0.37071676938807946,BCC,0.9327602622631219,0.8150000000000001,0.3141592653589793,16.3,90,0.9954477251601799,9.207377455528521e-05,1179
poisson_Mnodes_resolved,17,BCC,0.9327602622631219,BCC,0.9327602622631219,0.8150000000000001,0.3141592653589793,16.3,90,0.9954477251601799,9.207377455528521e-05,1179
poisson_Mnodes_resolved,17,FCC,0.5395202431977562,BCC,0.9327602622631219,0.8150000000000001,0.3141592653589793,16.3,90,0.9954477251601799,9.207377455528521e-05,1179
poisson_Mnodes_resolved,17,HCP,0.5182657535844232,BCC,0.9327602622631219,0.8150000000000001,0.3141592653589793,16.3,90,0.9954477251601799,9.207377455528521e-05,1179
poisson_Mnodes_inj,18,SC,0.23802378204773034,BCC,0.7619762179522698,0.3141592653589793,0.6283185307179586,6.283185307179586,18,0.9954882956246985,0.0002995741649307221,1179
poisson_Mnodes_inj,18,BCC,0.7619762179522698,BCC,0.7619762179522698,0.3141592653589793,0.6283185307179586,6.283185307179586,18,0.9954882956246985,0.0002995741649307221,1179
poisson_Mnodes_inj,18,FCC,0.0,BCC,0.7619762179522698,0.3141592653589793,0.6283185307179586,6.283185307179586,18,0.9954882956246985,0.0002995741649307221,1179
poisson_Mnodes_inj,18,HCP,0.5477144790943618,BCC,0.7619762179522698,0.3141592653589793,0.6283185307179586,6.283185307179586,18,0.9954882956246985,0.0002995741649307221,1179
poisson_Mnodes_resolved,18,SC,0.40059570845883724,BCC,0.9757653594664615,0.8150000000000001,0.6283185307179586,16.3,90,0.9954882956246985,0.0002995741649307221,1179
poisson_Mnodes_resolved,18,BCC,0.9757653594664615,BCC,0.9757653594664615,0.8150000000000001,0.6283185307179586,16.3,90,0.9954882956246985,0.0002995741649307221,1179
poisson_Mnodes_resolved,18,FCC,0.5561968619480024,BCC,0.9757653594664615,0.8150000000000001,0.6283185307179586,16.3,90,0.9954882956246985,0.0002995741649307221,1179
poisson_Mnodes_resolved,18,HCP,0.5240138865671543,BCC,0.9757653594664615,0.8150000000000001,0.6283185307179586,16.3,90,0.9954882956246985,0.0002995741649307221,1179
poisson_Mnodes_inj,19,SC,0.14877596212511307,BCC,0.8512240378748869,0.3141592653589793,14.765485471872028,6.283185307179586,18,0.9954924624325284,0.007523211910260944,1179
poisson_Mnodes_inj,19,BCC,0.8512240378748869,BCC,0.8512240378748869,0.3141592653589793,14.765485471872028,6.283185307179586,18,0.9954924624325284,0.007523211910260944,1179
poisson_Mnodes_inj,19,FCC,0.0,BCC,0.8512240378748869,0.3141592653589793,14.765485471872028,6.283185307179586,18,0.9954924624325284,0.007523211910260944,1179
poisson_Mnodes_inj,19,HCP,0.739558232725794,BCC,0.8512240378748869,0.3141592653589793,14.765485471872028,6.283185307179586,18,0.9954924624325284,0.007523211910260944,1179
poisson_Mnodes_resolved,19,SC,0.24135953853418313,BCC,0.911655499680316,0.8150000000000001,14.765485471872028,16.3,90,0.9954924624325284,0.007523211910260944,1179
poisson_Mnodes_resolved,19,BCC,0.911655499680316,BCC,0.911655499680316,0.8150000000000001,14.765485471872028,16.3,90,0.9954924624325284,0.007523211910260944,1179
poisson_Mnodes_resolved,19,FCC,0.7032409584310901,BCC,0.911655499680316,0.8150000000000001,14.765485471872028,16.3,90,0.9954924624325284,0.007523211910260944,1179
poisson_Mnodes_resolved,19,HCP,0.4558990411526348,BCC,0.911655499680316,0.8150000000000001,14.765485471872028,16.3,90,0.9954924624325284,0.007523211910260944,1179
poisson_Mnodes_inj,20,SC,0.6427324673055437,HCP,0.8069799373045033,0.3141592653589793,0.3141592653589793,6.283185307179586,18,0.9954389262784497,9.932096637600323e-05,1179
poisson_Mnodes_inj,20,BCC,0.3572675326944564,HCP,0.8069799373045033,0.3141592653589793,0.3141592653589793,6.283185307179586,18,0.9954389262784497,9.932096637600323e-05,1179
poisson_Mnodes_inj,20,FCC,0.0,HCP,0.8069799373045033,0.3141592653589793,0.3141592653589793,6.283185307179586,18,0.9954389262784497,9.932096637600323e-05,1179
poisson_Mnodes_inj,20,HCP,0.8069799373045033,HCP,0.8069799373045033,0.3141592653589793,0.3141592653589793,6.283185307179586,18,0.9954389262784497,9.932096637600323e-05,1179
poisson_Mnodes_resolved,20,SC,0.2408584335014201,BCC,0.964156151836797,0.8150000000000001,0.3141592653589793,16.3,90,0.9954389262784497,9.932096637600323e-05,1179
poisson_Mnodes_resolved,20,BCC,0.964156151836797,BCC,0.964156151836797,0.8150000000000001,0.3141592653589793,16.3,90,0.9954389262784497,9.932096637600323e-05,1179
poisson_Mnodes_resolved,20,FCC,0.6106072469908133,BCC,0.964156151836797,0.8150000000000001,0.3141592653589793,16.3,90,0.9954389262784497,9.932096637600323e-05,1179
poisson_Mnodes_resolved,20,HCP,0.47422317505290323,BCC,0.964156151836797,0.8150000000000001,0.3141592653589793,16.3,90,0.9954389262784497,9.932096637600323e-05,1179
poisson_Mnodes_inj,21,SC,0.2611760854560641,BCC,0.738823914543936,0.3141592653589793,16.650441064025905,6.283185307179586,18,0.9954917270800391,0.0007503233382345371,1179
poisson_Mnodes_inj,21,BCC,0.738823914543936,BCC,0.738823914543936,0.3141592653589793,16.650441064025905,6.283185307179586,18,0.9954917270800391,0.0007503233382345371,1179
poisson_Mnodes_inj,21,FCC,0.0,BCC,0.738823914543936,0.3141592653589793,16.650441064025905,6.283185307179586,18,0.9954917270800391,0.0007503233382345371,1179
poisson_Mnodes_inj,21,HCP,0.3942675654887142,BCC,0.738823914543936,0.3141592653589793,16.650441064025905,6.283185307179586,18,0.9954917270800391,0.0007503233382345371,1179
poisson_Mnodes_resolved,21,SC,0.2464968654317929,BCC,0.9279775648517261,0.8150000000000001,16.650441064025905,16.3,90,0.9954917270800391,0.0007503233382345371,1179
poisson_Mnodes_resolved,21,BCC,0.9279775648517261,BCC,0.9279775648517261,0.8150000000000001,16.650441064025905,16.3,90,0.9954917270800391,0.0007503233382345371,1179
poisson_Mnodes_resolved,21,FCC,0.614517001720746,BCC,0.9279775648517261,0.8150000000000001,16.650441064025905,16.3,90,0.9954917270800391,0.0007503233382345371,1179
poisson_Mnodes_resolved,21,HCP,0.598439067967714,BCC,0.9279775648517261,0.8150000000000001,16.650441064025905,16.3,90,0.9954917270800391,0.0007503233382345371,1179
poisson_Mnodes_inj,22,SC,0.15324835584323898,BCC,0.8467516441567609,0.3141592653589793,0.6283185307179586,6.283185307179586,18,0.9954938273066248,0.0002733996801395299,1179
poisson_Mnodes_inj,22,BCC,0.8467516441567609,BCC,0.8467516441567609,0.3141592653589793,0.6283185307179586,6.283185307179586,18,0.9954938273066248,0.0002733996801395299,1179
poisson_Mnodes_inj,22,FCC,0.0,BCC,0.8467516441567609,0.3141592653589793,0.6283185307179586,6.283185307179586,18,0.9954938273066248,0.0002733996801395299,1179
poisson_Mnodes_inj,22,HCP,0.41928996513566236,BCC,0.8467516441567609,0.3141592653589793,0.6283185307179586,6.283185307179586,18,0.9954938273066248,0.0002733996801395299,1179
poisson_Mnodes_resolved,22,SC,0.3369474409498667,BCC,0.9668656029557133,0.8150000000000001,0.6283185307179586,16.3,90,0.9954938273066248,0.0002733996801395299,1179
poisson_Mnodes_resolved,22,BCC,0.9668656029557133,BCC,0.9668656029557133,0.8150000000000001,0.6283185307179586,16.3,90,0.9954938273066248,0.0002733996801395299,1179
poisson_Mnodes_resolved,22,FCC,0.5825610566125101,BCC,0.9668656029557133,0.8150000000000001,0.6283185307179586,16.3,90,0.9954938273066248,0.0002733996801395299,1179
poisson_Mnodes_resolved,22,HCP,0.4886371007810135,BCC,0.9668656029557133,0.8150000000000001,0.6283185307179586,16.3,90,0.9954938273066248,0.0002733996801395299,1179
poisson_Mnodes_inj,23,SC,0.3242983924832079,BCC,0.6757016075167922,0.3141592653589793,17.27875959474386,6.283185307179586,18,0.9954828435335044,3.195774270261825e-05,1179
poisson_Mnodes_inj,23,BCC,0.6757016075167922,BCC,0.6757016075167922,0.3141592653589793,17.27875959474386,6.283185307179586,18,0.9954828435335044,3.195774270261825e-05,1179
poisson_Mnodes_inj,23,FCC,0.0,BCC,0.6757016075167922,0.3141592653589793,17.27875959474386,6.283185307179586,18,0.9954828435335044,3.195774270261825e-05,1179
poisson_Mnodes_inj,23,HCP,0.5516021143849039,BCC,0.6757016075167922,0.3141592653589793,17.27875959474386,6.283185307179586,18,0.9954828435335044,3.195774270261825e-05,1179
poisson_Mnodes_resolved,23,SC,0.3078096167960894,BCC,0.9557158225121415,0.8150000000000001,17.27875959474386,16.3,90,0.9954828435335044,3.195774270261825e-05,1179
poisson_Mnodes_resolved,23,BCC,0.9557158225121415,BCC,0.9557158225121415,0.8150000000000001,17.27875959474386,16.3,90,0.9954828435335044,3.195774270261825e-05,1179
poisson_Mnodes_resolved,23,FCC,0.6271345042912743,BCC,0.9557158225121415,0.8150000000000001,17.27875959474386,16.3,90,0.9954828435335044,3.195774270261825e-05,1179
poisson_Mnodes_resolved,23,HCP,0.37904053771860297,BCC,0.9557158225121415,0.8150000000000001,17.27875959474386,16.3,90,0.9954828435335044,3.195774270261825e-05,1179
poisson_Mnodes_inj,24,SC,0.4418262087992655,HCP,0.5887474548833294,0.3141592653589793,16.964600329384883,6.283185307179586,18,0.9954768978676373,0.0002847919531517905,1179
poisson_Mnodes_inj,24,BCC,0.5581737912007344,HCP,0.5887474548833294,0.3141592653589793,16.964600329384883,6.283185307179586,18,0.9954768978676373,0.0002847919531517905,1179
poisson_Mnodes_inj,24,FCC,0.0,HCP,0.5887474548833294,0.3141592653589793,16.964600329384883,6.283185307179586,18,0.9954768978676373,0.0002847919531517905,1179
poisson_Mnodes_inj,24,HCP,0.5887474548833294,HCP,0.5887474548833294,0.3141592653589793,16.964600329384883,6.283185307179586,18,0.9954768978676373,0.0002847919531517905,1179
poisson_Mnodes_resolved,24,SC,0.32971832531401174,BCC,0.889634189258013,0.8150000000000001,16.964600329384883,16.3,90,0.9954768978676373,0.0002847919531517905,1179
poisson_Mnodes_resolved,24,BCC,0.889634189258013,BCC,0.889634189258013,0.8150000000000001,16.964600329384883,16.3,90,0.9954768978676373,0.0002847919531517905,1179
poisson_Mnodes_resolved,24,FCC,0.5573102304346312,BCC,0.889634189258013,0.8150000000000001,16.964600329384883,16.3,90,0.9954768978676373,0.0002847919531517905,1179
poisson_Mnodes_resolved,24,HCP,0.4931341595836136,BCC,0.889634189258013,0.8150000000000001,16.964600329384883,16.3,90,0.9954768978676373,0.0002847919531517905,1179
poisson_Mnodes_inj,25,SC,0.6985865466518578,HCP,0.8176164638711341,0.3141592653589793,1.5707963267948966,6.283185307179586,18,0.995456493428465,0.0014349667609479262,1179
poisson_Mnodes_inj,25,BCC,0.3014134533481421,HCP,0.8176164638711341,0.3141592653589793,1.5707963267948966,6.283185307179586,18,0.995456493428465,0.0014349667609479262,1179
poisson_Mnodes_inj,25,FCC,0.0,HCP,0.8176164638711341,0.3141592653589793,1.5707963267948966,6.283185307179586,18,0.995456493428465,0.0014349667609479262,1179
poisson_Mnodes_inj,25,HCP,0.8176164638711341,HCP,0.8176164638711341,0.3141592653589793,1.5707963267948966,6.283185307179586,18,0.995456493428465,0.0014349667609479262,1179
poisson_Mnodes_resolved,25,SC,0.4480515099095552,BCC,0.9060821014739978,0.8150000000000001,1.5707963267948966,16.3,90,0.995456493428465,0.0014349667609479262,1179
poisson_Mnodes_resolved,25,BCC,0.9060821014739978,BCC,0.9060821014739978,0.8150000000000001,1.5707963267948966,16.3,90,0.995456493428465,0.0014349667609479262,1179
poisson_Mnodes_resolved,25,FCC,0.5107775297211464,BCC,0.9060821014739978,0.8150000000000001,1.5707963267948966,16.3,90,0.995456493428465,0.0014349667609479262,1179
poisson_Mnodes_resolved,25,HCP,0.5799529580774101,BCC,0.9060821014739978,0.8150000000000001,1.5707963267948966,16.3,90,0.995456493428465,0.0014349667609479262,1179
poisson_Mnodes_inj,26,SC,0.31088149929161374,BCC,0.6891185007083862,0.3141592653589793,17.27875959474386,6.283185307179586,18,0.9954737073886666,4.518694360051507e-05,1179
poisson_Mnodes_inj,26,BCC,0.6891185007083862,BCC,0.6891185007083862,0.3141592653589793,17.27875959474386,6.283185307179586,18,0.9954737073886666,4.518694360051507e-05,1179
poisson_Mnodes_inj,26,FCC,0.0,BCC,0.6891185007083862,0.3141592653589793,17.27875959474386,6.283185307179586,18,0.9954737073886666,4.518694360051507e-05,1179
poisson_Mnodes_inj,26,HCP,0.4279817023294086,BCC,0.6891185007083862,0.3141592653589793,17.27875959474386,6.283185307179586,18,0.9954737073886666,4.518694360051507e-05,1179
poisson_Mnodes_resolved,26,SC,0.3031095411380098,BCC,0.9530464330495347,0.8150000000000001,17.27875959474386,16.3,90,0.9954737073886666,4.518694360051507e-05,1179
poisson_Mnodes_resolved,26,BCC,0.9530464330495347,BCC,0.9530464330495347,0.8150000000000001,17.27875959474386,16.3,90,0.9954737073886666,4.518694360051507e-05,1179
poisson_Mnodes_resolved,26,FCC,0.5691690940186875,BCC,0.9530464330495347,0.8150000000000001,17.27875959474386,16.3,90,0.9954737073886666,4.518694360051507e-05,1179
poisson_Mnodes_resolved,26,HCP,0.6265749040957511,BCC,0.9530464330495347,0.8150000000000001,17.27875959474386,16.3,90,0.9954737073886666,4.518694360051507e-05,1179
poisson_Mnodes_inj,27,SC,0.2875345287327073,BCC,0.7124654712672929,0.3141592653589793,17.27875959474386,6.283185307179586,18,0.995479127625943,3.6439943836771015e-05,1179
poisson_Mnodes_inj,27,BCC,0.7124654712672929,BCC,0.7124654712672929,0.3141592653589793,17.27875959474386,6.283185307179586,18,0.995479127625943,3.6439943836771015e-05,1179
poisson_Mnodes_inj,27,FCC,0.0,BCC,0.7124654712672929,0.3141592653589793,17.27875959474386,6.283185307179586,18,0.995479127625943,3.6439943836771015e-05,1179
poisson_Mnodes_inj,27,HCP,0.38211889209049776,BCC,0.7124654712672929,0.3141592653589793,17.27875959474386,6.283185307179586,18,0.995479127625943,3.6439943836771015e-05,1179
poisson_Mnodes_resolved,27,SC,0.26391639228920794,BCC,0.9630491316772728,0.8150000000000001,17.27875959474386,16.3,90,0.995479127625943,3.6439943836771015e-05,1179
poisson_Mnodes_resolved,27,BCC,0.9630491316772728,BCC,0.9630491316772728,0.8150000000000001,17.27875959474386,16.3,90,0.995479127625943,3.6439943836771015e-05,1179
poisson_Mnodes_resolved,27,FCC,0.570645859678367,BCC,0.9630491316772728,0.8150000000000001,17.27875959474386,16.3,90,0.995479127625943,3.6439943836771015e-05,1179
poisson_Mnodes_resolved,27,HCP,0.44455418536139313,BCC,0.9630491316772728,0.8150000000000001,17.27875959474386,16.3,90,0.995479127625943,3.6439943836771015e-05,1179
poisson_Mnodes_inj,28,SC,0.6279645330148124,HCP,0.790061761689816,0.3141592653589793,0.3141592653589793,6.283185307179586,18,0.9954553707178991,7.534858772079194e-05,1179
poisson_Mnodes_inj,28,BCC,0.3720354669851876,HCP,0.790061761689816,0.3141592653589793,0.3141592653589793,6.283185307179586,18,0.9954553707178991,7.534858772079194e-05,1179
poisson_Mnodes_inj,28,FCC,0.0,HCP,0.790061761689816,0.3141592653589793,0.3141592653589793,6.283185307179586,18,0.9954553707178991,7.534858772079194e-05,1179
poisson_Mnodes_inj,28,HCP,0.790061761689816,HCP,0.790061761689816,0.3141592653589793,0.3141592653589793,6.283185307179586,18,0.9954553707178991,7.534858772079194e-05,1179
poisson_Mnodes_resolved,28,SC,0.34443114964360505,BCC,0.9478060507222232,0.8150000000000001,0.3141592653589793,16.3,90,0.9954553707178991,7.534858772079194e-05,1179
poisson_Mnodes_resolved,28,BCC,0.9478060507222232,BCC,0.9478060507222232,0.8150000000000001,0.3141592653589793,16.3,90,0.9954553707178991,7.534858772079194e-05,1179
poisson_Mnodes_resolved,28,FCC,0.5800766353339211,BCC,0.9478060507222232,0.8150000000000001,0.3141592653589793,16.3,90,0.9954553707178991,7.534858772079194e-05,1179
poisson_Mnodes_resolved,28,HCP,0.5435902374690762,BCC,0.9478060507222232,0.8150000000000001,0.3141592653589793,16.3,90,0.9954553707178991,7.534858772079194e-05,1179
poisson_Mnodes_inj,29,SC,0.6002761603528165,HCP,0.6934775247798117,0.3141592653589793,0.3141592653589793,6.283185307179586,18,0.9954516227416768,8.509669973660305e-05,1179
poisson_Mnodes_inj,29,BCC,0.39972383964718344,HCP,0.6934775247798117,0.3141592653589793,0.3141592653589793,6.283185307179586,18,0.9954516227416768,8.509669973660305e-05,1179
poisson_Mnodes_inj,29,FCC,0.0,HCP,0.6934775247798117,0.3141592653589793,0.3141592653589793,6.283185307179586,18,0.9954516227416768,8.509669973660305e-05,1179
poisson_Mnodes_inj,29,HCP,0.6934775247798117,HCP,0.6934775247798117,0.3141592653589793,0.3141592653589793,6.283185307179586,18,0.9954516227416768,8.509669973660305e-05,1179
poisson_Mnodes_resolved,29,SC,0.26377314395761287,BCC,0.9621081554945946,0.8150000000000001,0.3141592653589793,16.3,90,0.9954516227416768,8.509669973660305e-05,1179
poisson_Mnodes_resolved,29,BCC,0.9621081554945946,BCC,0.9621081554945946,0.8150000000000001,0.3141592653589793,16.3,90,0.9954516227416768,8.509669973660305e-05,1179
poisson_Mnodes_resolved,29,FCC,0.541590559347558,BCC,0.9621081554945946,0.8150000000000001,0.3141592653589793,16.3,90,0.9954516227416768,8.509669973660305e-05,1179
poisson_Mnodes_resolved,29,HCP,0.40612220713673874,BCC,0.9621081554945946,0.8150000000000001,0.3141592653589793,16.3,90,0.9954516227416768,8.509669973660305e-05,1179
poisson_Mnodes_inj,30,SC,0.2064831122950283,BCC,0.7935168877049715,0.3141592653589793,0.3141592653589793,6.283185307179586,18,0.9954704442671441,0.0001558160736715797,1179
poisson_Mnodes_inj,30,BCC,0.7935168877049715,BCC,0.7935168877049715,0.3141592653589793,0.3141592653589793,6.283185307179586,18,0.9954704442671441,0.0001558160736715797,1179
poisson_Mnodes_inj,30,FCC,0.0,BCC,0.7935168877049715,0.3141592653589793,0.3141592653589793,6.283185307179586,18,0.9954704442671441,0.0001558160736715797,1179
poisson_Mnodes_inj,30,HCP,0.37292870131869826,BCC,0.7935168877049715,0.3141592653589793,0.3141592653589793,6.283185307179586,18,0.9954704442671441,0.0001558160736715797,1179
poisson_Mnodes_resolved,30,SC,0.3510764789149618,BCC,0.9458876410852983,0.8150000000000001,0.3141592653589793,16.3,90,0.9954704442671441,0.0001558160736715797,1179
poisson_Mnodes_resolved,30,BCC,0.9458876410852983,BCC,0.9458876410852983,0.8150000000000001,0.3141592653589793,16.3,90,0.9954704442671441,0.0001558160736715797,1179
poisson_Mnodes_resolved,30,FCC,0.4980519761853017,BCC,0.9458876410852983,0.8150000000000001,0.3141592653589793,16.3,90,0.9954704442671441,0.0001558160736715797,1179
poisson_Mnodes_resolved,30,HCP,0.4073325252852008,BCC,0.9458876410852983,0.8150000000000001,0.3141592653589793,16.3,90,0.9954704442671441,0.0001558160736715797,1179
poisson_Mnodes_inj,31,SC,0.46423309668009477,BCC,0.5357669033199052,0.3141592653589793,17.27875959474386,6.283185307179586,18,0.9954845853949547,7.638877419459812e-05,1179
poisson_Mnodes_inj,31,BCC,0.5357669033199052,BCC,0.5357669033199052,0.3141592653589793,17.27875959474386,6.283185307179586,18,0.9954845853949547,7.638877419459812e-05,1179
poisson_Mnodes_inj,31,FCC,0.0,BCC,0.5357669033199052,0.3141592653589793,17.27875959474386,6.283185307179586,18,0.9954845853949547,7.638877419459812e-05,1179
poisson_Mnodes_inj,31,HCP,0.5276898400716183,BCC,0.5357669033199052,0.3141592653589793,17.27875959474386,6.283185307179586,18,0.9954845853949547,7.638877419459812e-05,1179
poisson_Mnodes_resolved,31,SC,0.29438104523713265,BCC,0.9251175801998475,0.8150000000000001,17.27875959474386,16.3,90,0.9954845853949547,7.638877419459812e-05,1179
poisson_Mnodes_resolved,31,BCC,0.9251175801998475,BCC,0.9251175801998475,0.8150000000000001,17.27875959474386,16.3,90,0.9954845853949547,7.638877419459812e-05,1179
poisson_Mnodes_resolved,31,FCC,0.5164763234374125,BCC,0.9251175801998475,0.8150000000000001,17.27875959474386,16.3,90,0.9954845853949547,7.638877419459812e-05,1179
poisson_Mnodes_resolved,31,HCP,0.554813435994118,BCC,0.9251175801998475,0.8150000000000001,17.27875959474386,16.3,90,0.9954845853949547,7.638877419459812e-05,1179
isotropic_resolved,0,SC,0.3388344413917157,BCC,0.929388998358726,0.8150000000000001,16.964600329384883,16.3,90,0.9999731338901594,0.00026549016622618625,
isotropic_resolved,0,BCC,0.929388998358726,BCC,0.929388998358726,0.8150000000000001,16.964600329384883,16.3,90,0.9999731338901594,0.00026549016622618625,
isotropic_resolved,0,FCC,0.5126430865496517,BCC,0.929388998358726,0.8150000000000001,16.964600329384883,16.3,90,0.9999731338901594,0.00026549016622618625,
isotropic_resolved,0,HCP,0.5208086881161783,BCC,0.929388998358726,0.8150000000000001,16.964600329384883,16.3,90,0.9999731338901594,0.00026549016622618625,
isotropic_resolved,1,SC,0.39026453436598185,BCC,0.8997816931179803,0.8150000000000001,17.27875959474386,16.3,90,0.9999602294834872,3.0132773625681222e-05,
isotropic_resolved,1,BCC,0.8997816931179803,BCC,0.8997816931179803,0.8150000000000001,17.27875959474386,16.3,90,0.9999602294834872,3.0132773625681222e-05,
isotropic_resolved,1,FCC,0.44883457125403275,BCC,0.8997816931179803,0.8150000000000001,17.27875959474386,16.3,90,0.9999602294834872,3.0132773625681222e-05,
isotropic_resolved,1,HCP,0.562934646212352,BCC,0.8997816931179803,0.8150000000000001,17.27875959474386,16.3,90,0.9999602294834872,3.0132773625681222e-05,
isotropic_resolved,2,SC,0.3087413681989073,BCC,0.9482556091918766,0.8150000000000001,17.27875959474386,16.3,90,0.9999763236665075,3.664615770084533e-05,
isotropic_resolved,2,BCC,0.9482556091918766,BCC,0.9482556091918766,0.8150000000000001,17.27875959474386,16.3,90,0.9999763236665075,3.664615770084533e-05,
isotropic_resolved,2,FCC,0.541675004894245,BCC,0.9482556091918766,0.8150000000000001,17.27875959474386,16.3,90,0.9999763236665075,3.664615770084533e-05,
isotropic_resolved,2,HCP,0.4775946155439425,BCC,0.9482556091918766,0.8150000000000001,17.27875959474386,16.3,90,0.9999763236665075,3.664615770084533e-05,
isotropic_resolved,3,SC,0.3263809416323462,BCC,0.9288486390997689,0.8150000000000001,0.9424777960769379,16.3,90,0.9999803304558963,0.00040430101366452814,
isotropic_resolved,3,BCC,0.9288486390997689,BCC,0.9288486390997689,0.8150000000000001,0.9424777960769379,16.3,90,0.9999803304558963,0.00040430101366452814,
isotropic_resolved,3,FCC,0.6081972449652275,BCC,0.9288486390997689,0.8150000000000001,0.9424777960769379,16.3,90,0.9999803304558963,0.00040430101366452814,
isotropic_resolved,3,HCP,0.5687220254388388,BCC,0.9288486390997689,0.8150000000000001,0.9424777960769379,16.3,90,0.9999803304558963,0.00040430101366452814,
isotropic_resolved,4,SC,0.391089043472424,BCC,0.8792410663784977,0.8150000000000001,2.5132741228718345,16.3,90,0.9999772325262118,0.0031652241877826383,
isotropic_resolved,4,BCC,0.8792410663784977,BCC,0.8792410663784977,0.8150000000000001,2.5132741228718345,16.3,90,0.9999772325262118,0.0031652241877826383,
isotropic_resolved,4,FCC,0.5226865491424427,BCC,0.8792410663784977,0.8150000000000001,2.5132741228718345,16.3,90,0.9999772325262118,0.0031652241877826383,
isotropic_resolved,4,HCP,0.5672080213338074,BCC,0.8792410663784977,0.8150000000000001,2.5132741228718345,16.3,90,0.9999772325262118,0.0031652241877826383,
isotropic_resolved,5,SC,0.32353550260198244,BCC,0.9539694856769237,0.8150000000000001,0.3141592653589793,16.3,90,0.9999668276748133,7.398199863359254e-05,
isotropic_resolved,5,BCC,0.9539694856769237,BCC,0.9539694856769237,0.8150000000000001,0.3141592653589793,16.3,90,0.9999668276748133,7.398199863359254e-05,
isotropic_resolved,5,FCC,0.5285939941687242,BCC,0.9539694856769237,0.8150000000000001,0.3141592653589793,16.3,90,0.9999668276748133,7.398199863359254e-05,
isotropic_resolved,5,HCP,0.46554499766615587,BCC,0.9539694856769237,0.8150000000000001,0.3141592653589793,16.3,90,0.9999668276748133,7.398199863359254e-05,
isotropic_resolved,6,SC,0.3050009350074601,BCC,0.9614474498192065,0.8150000000000001,2.199114857512855,16.3,90,0.999966556932038,0.0025188984902952704,
isotropic_resolved,6,BCC,0.9614474498192065,BCC,0.9614474498192065,0.8150000000000001,2.199114857512855,16.3,90,0.999966556932038,0.0025188984902952704,
isotropic_resolved,6,FCC,0.5065481193736893,BCC,0.9614474498192065,0.8150000000000001,2.199114857512855,16.3,90,0.999966556932038,0.0025188984902952704,
isotropic_resolved,6,HCP,0.4638109196514834,BCC,0.9614474498192065,0.8150000000000001,2.199114857512855,16.3,90,0.999966556932038,0.0025188984902952704,
isotropic_resolved,7,SC,0.3508196544682182,BCC,0.9258396664528881,0.8150000000000001,17.27875959474386,16.3,90,0.9999689069092104,3.1526835493305267e-05,
isotropic_resolved,7,BCC,0.9258396664528881,BCC,0.9258396664528881,0.8150000000000001,17.27875959474386,16.3,90,0.9999689069092104,3.1526835493305267e-05,
isotropic_resolved,7,FCC,0.5153549317638199,BCC,0.9258396664528881,0.8150000000000001,17.27875959474386,16.3,90,0.9999689069092104,3.1526835493305267e-05,
isotropic_resolved,7,HCP,0.47487751320168947,BCC,0.9258396664528881,0.8150000000000001,17.27875959474386,16.3,90,0.9999689069092104,3.1526835493305267e-05,
isotropic_resolved,8,SC,0.3148046292940245,BCC,0.943168164260623,0.8150000000000001,17.27875959474386,16.3,90,0.9999819509347618,4.1819997210843226e-05,
isotropic_resolved,8,BCC,0.943168164260623,BCC,0.943168164260623,0.8150000000000001,17.27875959474386,16.3,90,0.9999819509347618,4.1819997210843226e-05,
isotropic_resolved,8,FCC,0.5223236918525174,BCC,0.943168164260623,0.8150000000000001,17.27875959474386,16.3,90,0.9999819509347618,4.1819997210843226e-05,
isotropic_resolved,8,HCP,0.42382892793313875,BCC,0.943168164260623,0.8150000000000001,17.27875959474386,16.3,90,0.9999819509347618,4.1819997210843226e-05,
isotropic_resolved,9,SC,0.37456003901530627,BCC,0.9033289757511729,0.8150000000000001,14.451326206513048,16.3,90,0.9999851329965705,0.009841694817897659,
isotropic_resolved,9,BCC,0.9033289757511729,BCC,0.9033289757511729,0.8150000000000001,14.451326206513048,16.3,90,0.9999851329965705,0.009841694817897659,
isotropic_resolved,9,FCC,0.43604035176209677,BCC,0.9033289757511729,0.8150000000000001,14.451326206513048,16.3,90,0.9999851329965705,0.009841694817897659,
isotropic_resolved,9,HCP,0.4868547254301796,BCC,0.9033289757511729,0.8150000000000001,14.451326206513048,16.3,90,0.9999851329965705,0.009841694817897659,
isotropic_resolved,10,SC,0.4123818721699443,BCC,0.8973143904584028,0.8150000000000001,17.27875959474386,16.3,90,0.9999704365893414,3.366719370395255e-05,
isotropic_resolved,10,BCC,0.8973143904584028,BCC,0.8973143904584028,0.8150000000000001,17.27875959474386,16.3,90,0.9999704365893414,3.366719370395255e-05,
isotropic_resolved,10,FCC,0.48995001514656944,BCC,0.8973143904584028,0.8150000000000001,17.27875959474386,16.3,90,0.9999704365893414,3.366719370395255e-05,
isotropic_resolved,10,HCP,0.5993844821990479,BCC,0.8973143904584028,0.8150000000000001,17.27875959474386,16.3,90,0.9999704365893414,3.366719370395255e-05,
isotropic_resolved,11,SC,0.32271099372353046,BCC,0.9203157343796069,0.8150000000000001,0.3141592653589793,16.3,90,0.9999633888500689,8.419303406967434e-05,
isotropic_resolved,11,BCC,0.9203157343796069,BCC,0.9203157343796069,0.8150000000000001,0.3141592653589793,16.3,90,0.9999633888500689,8.419303406967434e-05,
isotropic_resolved,11,FCC,0.5229956893219685,BCC,0.9203157343796069,0.8150000000000001,0.3141592653589793,16.3,90,0.9999633888500689,8.419303406967434e-05,
isotropic_resolved,11,HCP,0.5106665759736841,BCC,0.9203157343796069,0.8150000000000001,0.3141592653589793,16.3,90,0.9999633888500689,8.419303406967434e-05,
isotropic_resolved,12,SC,0.3820027830053778,BCC,0.9603431583701398,0.8150000000000001,0.6283185307179586,16.3,90,0.9999810334293533,0.00026697419145285634,
isotropic_resolved,12,BCC,0.9603431583701398,BCC,0.9603431583701398,0.8150000000000001,0.6283185307179586,16.3,90,0.9999810334293533,0.00026697419145285634,
isotropic_resolved,12,FCC,0.49493564323640205,BCC,0.9603431583701398,0.8150000000000001,0.6283185307179586,16.3,90,0.9999810334293533,0.00026697419145285634,
isotropic_resolved,12,HCP,0.5069714312167153,BCC,0.9603431583701398,0.8150000000000001,0.6283185307179586,16.3,90,0.9999810334293533,0.00026697419145285634,
isotropic_resolved,13,SC,0.2882209532533021,BCC,0.9338329150281853,0.8150000000000001,0.9424777960769379,16.3,90,0.9999747643608978,0.00041225261791858587,
isotropic_resolved,13,BCC,0.9338329150281853,BCC,0.9338329150281853,0.8150000000000001,0.9424777960769379,16.3,90,0.9999747643608978,0.00041225261791858587,
isotropic_resolved,13,FCC,0.5923409572595033,BCC,0.9338329150281853,0.8150000000000001,0.9424777960769379,16.3,90,0.9999747643608978,0.00041225261791858587,
isotropic_resolved,13,HCP,0.5511936263349595,BCC,0.9338329150281853,0.8150000000000001,0.9424777960769379,16.3,90,0.9999747643608978,0.00041225261791858587,
isotropic_resolved,14,SC,0.3053902369439672,BCC,0.8909952508714518,0.8150000000000001,16.336281798666924,16.3,90,0.9999742430570898,0.0008628854029124444,
isotropic_resolved,14,BCC,0.8909952508714518,BCC,0.8909952508714518,0.8150000000000001,16.336281798666924,16.3,90,0.9999742430570898,0.0008628854029124444,
isotropic_resolved,14,FCC,0.5500765705409512,BCC,0.8909952508714518,0.8150000000000001,16.336281798666924,16.3,90,0.9999742430570898,0.0008628854029124444,
isotropic_resolved,14,HCP,0.46825812504569087,BCC,0.8909952508714518,0.8150000000000001,16.336281798666924,16.3,90,0.9999742430570898,0.0008628854029124444,
isotropic_resolved,15,SC,0.3408297241588131,BCC,0.9268678782069824,0.8150000000000001,0.3141592653589793,16.3,90,0.9999661505614471,8.870175103009452e-05,
isotropic_resolved,15,BCC,0.9268678782069824,BCC,0.9268678782069824,0.8150000000000001,0.3141592653589793,16.3,90,0.9999661505614471,8.870175103009452e-05,
isotropic_resolved,15,FCC,0.5406686654079228,BCC,0.9268678782069824,0.8150000000000001,0.3141592653589793,16.3,90,0.9999661505614471,8.870175103009452e-05,
isotropic_resolved,15,HCP,0.5196958732176458,BCC,0.9268678782069824,0.8150000000000001,0.3141592653589793,16.3,90,0.9999661505614471,8.870175103009452e-05,
isotropic_resolved,16,SC,0.3623735014613719,BCC,0.9415225668742034,0.8150000000000001,0.3141592653589793,16.3,90,0.999975119479855,8.372052408752023e-05,
isotropic_resolved,16,BCC,0.9415225668742034,BCC,0.9415225668742034,0.8150000000000001,0.3141592653589793,16.3,90,0.999975119479855,8.372052408752023e-05,
isotropic_resolved,16,FCC,0.41616444239835915,BCC,0.9415225668742034,0.8150000000000001,0.3141592653589793,16.3,90,0.999975119479855,8.372052408752023e-05,
isotropic_resolved,16,HCP,0.5374358090680579,BCC,0.9415225668742034,0.8150000000000001,0.3141592653589793,16.3,90,0.999975119479855,8.372052408752023e-05,
isotropic_resolved,17,SC,0.3370349686121434,BCC,0.9699314597681091,0.8150000000000001,0.3141592653589793,16.3,90,0.9999512503181592,0.00012067369481112286,
isotropic_resolved,17,BCC,0.9699314597681091,BCC,0.9699314597681091,0.8150000000000001,0.3141592653589793,16.3,90,0.9999512503181592,0.00012067369481112286,
isotropic_resolved,17,FCC,0.5233981297151463,BCC,0.9699314597681091,0.8150000000000001,0.3141592653589793,16.3,90,0.9999512503181592,0.00012067369481112286,
isotropic_resolved,17,HCP,0.5081148157643398,BCC,0.9699314597681091,0.8150000000000001,0.3141592653589793,16.3,90,0.9999512503181592,0.00012067369481112286,
isotropic_resolved,18,SC,0.30259344463982596,BCC,0.9465201235081516,0.8150000000000001,0.3141592653589793,16.3,90,0.9999623505062665,8.457529175001313e-05,
isotropic_resolved,18,BCC,0.9465201235081516,BCC,0.9465201235081516,0.8150000000000001,0.3141592653589793,16.3,90,0.9999623505062665,8.457529175001313e-05,
isotropic_resolved,18,FCC,0.6116441250648889,BCC,0.9465201235081516,0.8150000000000001,0.3141592653589793,16.3,90,0.9999623505062665,8.457529175001313e-05,
isotropic_resolved,18,HCP,0.4894041163660075,BCC,0.9465201235081516,0.8150000000000001,0.3141592653589793,16.3,90,0.9999623505062665,8.457529175001313e-05,
isotropic_resolved,19,SC,0.33111083891030846,BCC,0.9284835632693795,0.8150000000000001,0.3141592653589793,16.3,90,0.9999623943487574,8.177274100479606e-05,
isotropic_resolved,19,BCC,0.9284835632693795,BCC,0.9284835632693795,0.8150000000000001,0.3141592653589793,16.3,90,0.9999623943487574,8.177274100479606e-05,
isotropic_resolved,19,FCC,0.5662695306957444,BCC,0.9284835632693795,0.8150000000000001,0.3141592653589793,16.3,90,0.9999623943487574,8.177274100479606e-05,
isotropic_resolved,19,HCP,0.5285329657963086,BCC,0.9284835632693795,0.8150000000000001,0.3141592653589793,16.3,90,0.9999623943487574,8.177274100479606e-05,
isotropic_resolved,20,SC,0.2701639512492716,BCC,0.9671947572980966,0.8150000000000001,0.3141592653589793,16.3,90,0.9999661730917596,9.91728242954925e-05,
isotropic_resolved,20,BCC,0.9671947572980966,BCC,0.9671947572980966,0.8150000000000001,0.3141592653589793,16.3,90,0.9999661730917596,9.91728242954925e-05,
isotropic_resolved,20,FCC,0.5512463269409683,BCC,0.9671947572980966,0.8150000000000001,0.3141592653589793,16.3,90,0.9999661730917596,9.91728242954925e-05,
isotropic_resolved,20,HCP,0.5681507645002938,BCC,0.9671947572980966,0.8150000000000001,0.3141592653589793,16.3,90,0.9999661730917596,9.91728242954925e-05,
isotropic_resolved,21,SC,0.30317651863336065,BCC,0.9324731454933975,0.8150000000000001,17.27875959474386,16.3,90,0.9999805539959175,3.148480923100986e-05,
isotropic_resolved,21,BCC,0.9324731454933975,BCC,0.9324731454933975,0.8150000000000001,17.27875959474386,16.3,90,0.9999805539959175,3.148480923100986e-05,
isotropic_resolved,21,FCC,0.5151935819546017,BCC,0.9324731454933975,0.8150000000000001,17.27875959474386,16.3,90,0.9999805539959175,3.148480923100986e-05,
isotropic_resolved,21,HCP,0.4546470640337765,BCC,0.9324731454933975,0.8150000000000001,17.27875959474386,16.3,90,0.9999805539959175,3.148480923100986e-05,
isotropic_resolved,22,SC,0.2608621043038436,BCC,0.9412336977669158,0.8150000000000001,15.707963267948966,16.3,90,0.999977211392793,0.003219180379221614,
isotropic_resolved,22,BCC,0.9412336977669158,BCC,0.9412336977669158,0.8150000000000001,15.707963267948966,16.3,90,0.999977211392793,0.003219180379221614,
isotropic_resolved,22,FCC,0.5856873852705867,BCC,0.9412336977669158,0.8150000000000001,15.707963267948966,16.3,90,0.999977211392793,0.003219180379221614,
isotropic_resolved,22,HCP,0.49625338167393573,BCC,0.9412336977669158,0.8150000000000001,15.707963267948966,16.3,90,0.999977211392793,0.003219180379221614,
isotropic_resolved,23,SC,0.29754401870998715,BCC,0.9306899335850833,0.8150000000000001,0.3141592653589793,16.3,90,0.999974448177342,0.00010066311832943883,
isotropic_resolved,23,BCC,0.9306899335850833,BCC,0.9306899335850833,0.8150000000000001,0.3141592653589793,16.3,90,0.999974448177342,0.00010066311832943883,
isotropic_resolved,23,FCC,0.536846542616183,BCC,0.9306899335850833,0.8150000000000001,0.3141592653589793,16.3,90,0.999974448177342,0.00010066311832943883,
isotropic_resolved,23,HCP,0.46921681492316536,BCC,0.9306899335850833,0.8150000000000001,0.3141592653589793,16.3,90,0.999974448177342,0.00010066311832943883,
isotropic_resolved,24,SC,0.2716272169564376,BCC,0.9314227071818597,0.8150000000000001,1.8849555921538759,16.3,90,0.9999838275189817,0.0018986752323948179,
isotropic_resolved,24,BCC,0.9314227071818597,BCC,0.9314227071818597,0.8150000000000001,1.8849555921538759,16.3,90,0.9999838275189817,0.0018986752323948179,
isotropic_resolved,24,FCC,0.6623469795500461,BCC,0.9314227071818597,0.8150000000000001,1.8849555921538759,16.3,90,0.9999838275189817,0.0018986752323948179,
isotropic_resolved,24,HCP,0.4419073879193936,BCC,0.9314227071818597,0.8150000000000001,1.8849555921538759,16.3,90,0.9999838275189817,0.0018986752323948179,
isotropic_resolved,25,SC,0.37573739188809474,BCC,0.9451858899090662,0.8150000000000001,15.079644737231007,16.3,90,0.9999821805302093,0.0055017706829526775,
isotropic_resolved,25,BCC,0.9451858899090662,BCC,0.9451858899090662,0.8150000000000001,15.079644737231007,16.3,90,0.9999821805302093,0.0055017706829526775,
isotropic_resolved,25,FCC,0.45512597504922,BCC,0.9451858899090662,0.8150000000000001,15.079644737231007,16.3,90,0.9999821805302093,0.0055017706829526775,
isotropic_resolved,25,HCP,0.6710276890134537,BCC,0.9451858899090662,0.8150000000000001,15.079644737231007,16.3,90,0.9999821805302093,0.0055017706829526775,
isotropic_resolved,26,SC,0.32097512033188147,BCC,0.9092053612167255,0.8150000000000001,16.964600329384883,16.3,90,0.9999842764549647,0.0002415946825324884,
isotropic_resolved,26,BCC,0.9092053612167255,BCC,0.9092053612167255,0.8150000000000001,16.964600329384883,16.3,90,0.9999842764549647,0.0002415946825324884,
isotropic_resolved,26,FCC,0.609439438219041,BCC,0.9092053612167255,0.8150000000000001,16.964600329384883,16.3,90,0.9999842764549647,0.0002415946825324884,
isotropic_resolved,26,HCP,0.43253041332764686,BCC,0.9092053612167255,0.8150000000000001,16.964600329384883,16.3,90,0.9999842764549647,0.0002415946825324884,
isotropic_resolved,27,SC,0.35977284904399853,BCC,0.937285485060421,0.8150000000000001,0.6283185307179586,16.3,90,0.9999829319795212,0.00027386392166194707,
isotropic_resolved,27,BCC,0.937285485060421,BCC,0.937285485060421,0.8150000000000001,0.6283185307179586,16.3,90,0.9999829319795212,0.00027386392166194707,
isotropic_resolved,27,FCC,0.463881768477429,BCC,0.937285485060421,0.8150000000000001,0.6283185307179586,16.3,90,0.9999829319795212,0.00027386392166194707,
isotropic_resolved,27,HCP,0.41892323969058226,BCC,0.937285485060421,0.8150000000000001,0.6283185307179586,16.3,90,0.9999829319795212,0.00027386392166194707,
isotropic_resolved,28,SC,0.2856715256720979,BCC,0.9186056040314938,0.8150000000000001,16.336281798666924,16.3,90,0.9999688586948813,0.0008701873789537528,
isotropic_resolved,28,BCC,0.9186056040314938,BCC,0.9186056040314938,0.8150000000000001,16.336281798666924,16.3,90,0.9999688586948813,0.0008701873789537528,
isotropic_resolved,28,FCC,0.5413903029056737,BCC,0.9186056040314938,0.8150000000000001,16.336281798666924,16.3,90,0.9999688586948813,0.0008701873789537528,
isotropic_resolved,28,HCP,0.4416875025958385,BCC,0.9186056040314938,0.8150000000000001,16.336281798666924,16.3,90,0.9999688586948813,0.0008701873789537528,
isotropic_resolved,29,SC,0.3411099169363357,BCC,0.9200021495756208,0.8150000000000001,1.8849555921538759,16.3,90,0.9999654280756938,0.0018503769808174311,
isotropic_resolved,29,BCC,0.9200021495756208,BCC,0.9200021495756208,0.8150000000000001,1.8849555921538759,16.3,90,0.9999654280756938,0.0018503769808174311,
isotropic_resolved,29,FCC,0.5016937127427671,BCC,0.9200021495756208,0.8150000000000001,1.8849555921538759,16.3,90,0.9999654280756938,0.0018503769808174311,
isotropic_resolved,29,HCP,0.5790987252620763,BCC,0.9200021495756208,0.8150000000000001,1.8849555921538759,16.3,90,0.9999654280756938,0.0018503769808174311,
isotropic_resolved,30,SC,0.3952659414096137,BCC,0.9296255672009802,0.8150000000000001,16.650441064025905,16.3,90,0.9999859958302364,0.0007768388699742193,
isotropic_resolved,30,BCC,0.9296255672009802,BCC,0.9296255672009802,0.8150000000000001,16.650441064025905,16.3,90,0.9999859958302364,0.0007768388699742193,
isotropic_resolved,30,FCC,0.4714016311885321,BCC,0.9296255672009802,0.8150000000000001,16.650441064025905,16.3,90,0.9999859958302364,0.0007768388699742193,
isotropic_resolved,30,HCP,0.6028521376399795,BCC,0.9296255672009802,0.8150000000000001,16.650441064025905,16.3,90,0.9999859958302364,0.0007768388699742193,
isotropic_resolved,31,SC,0.30826185844507403,BCC,0.9316529782190901,0.8150000000000001,16.964600329384883,16.3,90,0.9999877864496092,0.00025473716694649867,
isotropic_resolved,31,BCC,0.9316529782190901,BCC,0.9316529782190901,0.8150000000000001,16.964600329384883,16.3,90,0.9999877864496092,0.00025473716694649867,
isotropic_resolved,31,FCC,0.5438890626565699,BCC,0.9316529782190901,0.8150000000000001,16.964600329384883,16.3,90,0.9999877864496092,0.00025473716694649867,
isotropic_resolved,31,HCP,0.486140525759526,BCC,0.9316529782190901,0.8150000000000001,16.964600329384883,16.3,90,0.9999877864496092,0.00025473716694649867,
