t,norm,peak,PR,R_rms
0.0,1.0000000000000002,1.4366969769095943,1.968662709604115,0.6123724353664733
0.0025,1.0000000000000004,1.4373929187791554,1.9684918617997937,0.6123797218216832
0.005,1.0000000000000013,1.4394797162204824,1.9679789035659196,0.6124015789050633
0.0075,1.0000000000000016,1.4429542772466677,1.9671226007679747,0.6124379997603685
0.01,1.0000000000000022,1.4478114243537403,1.965920930737207,0.6124889729289644
0.0125,1.0000000000000022,1.4540438608354538,1.9643711328889881,0.6125544823028322
0.015,1.0000000000000029,1.4616421286683674,1.9624697781727523,0.6126345070594513
0.0175,1.0000000000000038,1.4705945626429586,1.9602128559687473,0.6127290215792501
0.02,1.0000000000000033,1.48088724625249,1.9575958766933113,0.6128379953464818
0.0225,1.0000000000000042,1.4925039753570792,1.9546139880486912,0.6129613928345866
0.025,1.0000000000000049,1.5054262357881463,1.951262102559689,0.6130991733772834
0.0275,1.0000000000000047,1.5196332008425304,1.9475350337813842,0.6132512910267865
0.03,1.0000000000000056,1.5351017540527705,1.9434276383441702,0.613417694400734
0.0325,1.000000000000006,1.5518065417471276,1.938934960830334,0.6135983265195513
0.035,1.0000000000000067,1.5697200587846298,1.934052378358023,0.6137931246361183
0.0375,1.0000000000000064,1.5888127695347938,1.928775741691743,0.6140020200597449
0.04,1.0000000000000069,1.609053264745602,1.9231015097136497,0.6142249379765622
0.0425,1.000000000000008,1.6304084534874121,1.9170268741847236,0.6144617972685533
0.045,1.0000000000000073,1.652843787953903,1.9105498719067349,0.6147125103335116
0.0475,1.0000000000000087,1.676323517616522,1.9036694816674304,0.6149769829082826
0.05,1.000000000000009,1.7008109681289516,1.8963857037108733,0.615255113897684
0.0525,1.0000000000000095,1.7262688395112666,1.8886996199157489,0.6155467952114784
0.055,1.00000000000001,1.752659517543145,1.8806134333725806,0.6158519116117575
0.0575,1.0000000000000102,1.7799453919778327,1.8721304866089583,0.6161703405729875
0.06,1.0000000000000107,1.8080891751537198,1.8632552582967639,0.6165019521568402
0.0625,1.000000000000011,1.8370542148128899,1.853993338862105,0.6168466089037246
0.065,1.0000000000000115,1.8668047954075144,1.844351385981411,0.617204165742672
0.0675,1.0000000000000124,1.8973064228467895,1.8343370614611088,0.6175744699209059
0.07,1.0000000000000127,1.9285260884633664,1.8239589514420647,0.6179573609540292
0.0725,1.0000000000000127,1.960432508909253,1.8132264722265192,0.6183526705973261
0.075,1.000000000000013,1.9929963396768111,1.8021497642830013,0.6187602228381798
0.0775,1.000000000000014,2.0261903609329086,1.7907395771385648,0.6191798339090795
0.08,1.0000000000000142,2.0599896353104126,1.7790071479179377,0.6196113123201515
0.0825,1.0000000000000147,2.0943716381847466,1.7669640762421748,0.6200544589095911
0.085,1.0000000000000147,2.1293163617456816,1.7546221980656413,0.6205090669098517
0.08750000000000001,1.0000000000000153,2.1648063948357135,1.7419934608239385,0.6209749220269353
0.09,1.0000000000000158,2.200826981054698,1.729089802002747,0.6214518025296841
0.0925,1.000000000000016,2.237366058022,1.7159230329361204,0.6219394793455856
0.095,1.0000000000000167,2.27441428094523,1.7025047293191216,0.6224377161592901
0.0975,1.0000000000000173,2.3119650337776405,1.6888461295900188,0.62294626950982
0.1,1.000000000000018,2.350014431267301,1.674958042015487,0.6234648888823071
0.10250000000000001,1.0000000000000182,2.3885613151268728,1.6608507610096628,0.6239933167900648
0.105,1.0000000000000187,2.4276072474007053,1.6465339929438536,0.6245312888428367
0.1075,1.0000000000000189,2.4671565038949845,1.6320167914640689,0.6250785337972105
0.11,1.0000000000000193,2.5072160702849833,1.6173075021322831,0.6256347735853853
0.1125,1.0000000000000202,2.5477956432385125,1.602413716045717,0.6261997233187641
0.115,1.0000000000000207,2.5889076386120866,1.5873422319659731,0.6267730912631627
0.11750000000000001,1.0000000000000207,2.6305672085003122,1.572099026404557,0.6273545787827984
0.12,1.0000000000000213,2.6727922686611842,1.5566892310597238,0.6279438802506023
0.1225,1.0000000000000218,2.715603537610438,1.5411171169778763,0.6285406829227975
0.125,1.0000000000000218,2.7590245884842877,1.5253860848164025,0.6291446667760658
0.1275,1.0000000000000226,2.803081914617574,1.5094986606092105,0.6297555043059937
0.13,1.000000000000023,2.847805009677305,1.4934564964769876,0.6303728602858218
0.1325,1.0000000000000226,2.893226463131465,1.477260375777376,0.6309963914848078
0.135,1.0000000000000233,2.939382071820244,1.460910222252002,0.6316257463457603
0.1375,1.000000000000024,2.9863109684299287,1.4444051127949633,0.6322605646214936
0.14,1.000000000000024,3.034055767745955,1.4277432935386043,0.6329004769700856
0.14250000000000002,1.0000000000000246,3.0826627316773116,1.4109221990254488,0.6335451045089154
0.145,1.000000000000025,3.1321819541946687,1.3939384743093708,0.6341940583275005
0.1475,1.0000000000000253,3.182667567504314,1.3767879999039594,0.6348469389591457
0.15,1.0000000000000253,3.234177970983515,1.359465919571727,0.6355033358113917
0.1525,1.0000000000000264,3.286776084624914,1.3419666710251579,0.6361628265551966
0.155,1.0000000000000266,3.3405296289731967,1.3242840196901324,0.6368249764727121
0.1575,1.0000000000000275,3.3955114337820747,1.3064110957653763,0.6374893377634344
0.16,1.0000000000000273,3.4517997778704257,1.2883404348988936,0.63815544880846
0.1625,1.0000000000000278,3.509478762910747,1.270064022895269,0.6388228333924958
0.165,1.0000000000000284,3.5686387241397153,1.2515733449664443,0.6394909998832723
0.1675,1.0000000000000286,3.6293766812389916,1.232859440143898,0.6401594403679799
0.17,1.0000000000000289,3.6917968328945814,1.2139129615818127,0.640827629746425
0.17250000000000001,1.0000000000000295,3.756011098805262,1.194724243598157,0.6414950247806923
0.17500000000000002,1.0000000000000304,3.8221397131742463,1.1752833764228772,0.642161063101292
0.1775,1.000000000000031,3.8903118739819806,1.155580289747354,0.6428251621700476
0.18,1.000000000000031,3.960666452597765,1.135604846294657,0.6434867182003956
0.1825,1.0000000000000309,4.033352768536696,1.1153469467524253,0.6441451050363413
0.185,1.0000000000000315,4.108531434394848,1.0947966475249045,0.6447996729921235
0.1875,1.0000000000000324,4.186375276182288,1.073944292862096,0.645449747655728
0.19,1.0000000000000324,4.26707033439527,1.0527806630050514,0.6460946286608584
0.1925,1.000000000000033,4.35081695119165,1.031297140037907,0.646733588433941
0.195,1.0000000000000335,4.437830948910008,1.0094858931485104,0.6473658709253406
0.1975,1.0000000000000342,4.528344904841765,0.9873400849567902,0.6479906903373718
0.2,1.000000000000034,4.622609526545028,0.9648541004570498,0.6486072298661513
0.2025,1.0000000000000344,4.720895130973886,0.9420237999177712,0.649214640480099
0.20500000000000002,1.0000000000000346,4.823493229151132,0.9188467967675034,0.6498120397653356
0.20750000000000002,1.000000000000035,4.930718215861098,0.8953227610420182,0.6503985108777136
0.21,1.0000000000000357,5.042909160658753,0.8714537483471433,0.6509731016533518
0.2125,1.000000000000036,5.160431692096447,0.8472445534725254,0.6515348239448749
0.215,1.0000000000000362,5.283679961098706,0.8227030867421871,0.6520826532699345
0.2175,1.0000000000000364,5.41307866141078,0.7978407698780263,0.6526155288829233
0.22,1.000000000000037,5.549085074433467,0.7726729465570779,0.6531323544112528
0.2225,1.0000000000000373,5.692191091816268,0.7472193009467512,0.6536319992355314
0.225,1.0000000000000375,5.842925151023084,0.7215042753042483,0.6541133008401143
0.2275,1.0000000000000382,6.0018539956172114,0.6955574752495244,0.6545750684187492
0.23,1.0000000000000389,6.169584141911243,0.6694140486201503,0.6550160880916615
0.2325,1.0000000000000386,6.346762895315266,0.6431150209867125,0.655435130177978
0.23500000000000001,1.0000000000000389,6.534078711353141,0.6167075680954371,0.6558309590736523
0.23750000000000002,1.0000000000000397,6.732260635820332,0.5902452029158948,0.6562023464129074
0.24,1.0000000000000395,6.942076483674144,0.5637878528753575,0.6565480883433609
0.2425,1.00000000000004,7.164329324708598,0.5374018015896381,0.6568670279234989
0.245,1.0000000000000402,7.3998517338674015,0.5111594693384032,0.6571580838567345
0.2475,1.0000000000000406,7.64949713393547,0.48513900809743626,0.6574202870070124
0.25,1.000000000000041,7.91412740858817,0.45942369054208754,0.6576528263907216
0.2525,1.000000000000041,8.194595797333882,0.43410107842848633,0.657855106595498
0.255,1.0000000000000417,8.491723908147026,0.40926196436987516,0.658026818815086
0.2575,1.0000000000000422,8.806271512773638,0.38499909228000473,0.6581680278723246
0.26,1.000000000000042,9.138897648049813,0.36140567539788415,0.6582792776701176
0.2625,1.0000000000000429,9.490111472352586,0.338573746235457,0.658361717375522
0.265,1.0000000000000426,9.860211376208575,0.3165923890163393,0.6584172501823172
0.2675,1.000000000000043,10.249211099429806,0.2955459208445277,0.6584487055497551
0.27,1.0000000000000433,10.656752168101594,0.27551210130898063,0.6584600341765408
0.2725,1.0000000000000433,11.082002959886529,0.25656045970174474,0.65845652240748
0.275,1.0000000000000435,11.523546272929742,0.2387508327830553,0.6584450190561542
0.2775,1.000000000000044,11.979259534359615,0.22213220267580613,0.658434162595207
0.28,1.0000000000000442,12.44619479873807,0.20674191321784072,0.6584345903182431
0.28250000000000003,1.0000000000000444,12.920469380131172,0.19260532396402588,0.6584591037307024
0.28500000000000003,1.0000000000000446,13.397182031016468,0.17973593497628554,0.6585227568925869
0.28750000000000003,1.0000000000000446,13.870373399173037,0.16813598447416725,0.6586428281861393
0.29,1.0000000000000453,14.333052046785532,0.1577974880334843,0.6588386332151591
0.2925,1.000000000000045,14.77730724708563,0.14870365550691705,0.6591311400133216
0.295,1.0000000000000457,15.194525601639825,0.14083059350749771,0.6595423602048374
0.2975,1.0000000000000453,15.575719089458808,0.1341491801619958,0.6600945129851076
0.3,1.000000000000046,15.91195727827487,0.1286269872605802,0.6608089922230217
0.3025,1.0000000000000457,16.194877528497237,0.12423012430414741,0.6617052065799993
0.305,1.0000000000000464,16.4172274745418,0.12092488955439551,0.6627994004056954
0.3075,1.000000000000046,16.573378809130926,0.11867913409840124,0.6641035888260063
0.31,1.000000000000047,16.659745638186806,0.11746327405209825,0.665624743849824
0.3125,1.0000000000000475,16.675047998477698,0.11725092020104702,0.6673643439377575
0.315,1.0000000000000473,16.620381694096494,0.11801912966728911,0.6693183495169107
0.3175,1.0000000000000469,16.49908543807514,0.11974831626868514,0.6714776019486586
0.32,1.000000000000048,16.316428251599625,0.12242188099964788,0.6738285793520963
0.3225,1.0000000000000477,16.079166286388787,0.12602563838984232,0.6763543951343898
0.325,1.0000000000000486,15.795032808222736,0.1305471169925478,0.6790359040326328
0.3275,1.000000000000048,15.472225964390587,0.1359748037152942,0.6818527872572185
0.33,1.0000000000000486,15.118948121772615,0.14229738509615117,0.6847845164429721
0.3325,1.0000000000000493,14.743032655983766,0.149503018444029,0.6878111348089712
0.335,1.0000000000000488,14.351674439358282,0.15757864691350582,0.6909138324810611
0.3375,1.0000000000000488,13.951263244898897,0.16650935915111253,0.6940753237571798
0.34,1.0000000000000493,13.547307294285714,0.17627778838543962,0.6972800538482598
0.3425,1.0000000000000493,13.144427775482658,0.18686354775835531,0.7005142715975662
0.34500000000000003,1.0000000000000506,12.746403534415402,0.1982427063411714,0.7037660053444953
0.34750000000000003,1.0000000000000502,12.356246854362094,0.210387320443764,0.7070249746357012
0.35000000000000003,1.0000000000000504,11.97629476074534,0.2232650440322609,0.7102824637478315
0.3525,1.0000000000000506,11.608304395944181,0.23683884745672926,0.7135311760067671
0.355,1.0000000000000508,11.253544876142314,0.25106687358130886,0.7167650818255619
0.3575,1.0000000000000513,10.912881234600363,0.26590245453350997,0.7199792686917972
0.36,1.0000000000000517,10.586848430724283,0.2812943016442623,0.7231697980137626
0.3625,1.0000000000000517,10.275715004484196,0.2971868676292964,0.7263335715508707
0.365,1.000000000000052,9.97953691692061,0.3135208659656235,0.7294682088022181
0.3675,1.000000000000052,9.698202604150195,0.3302339199598787,0.7325719359249881
0.37,1.000000000000052,9.431470439249237,0.3472613049199824,0.7356434862810187
0.3725,1.0000000000000526,9.178999770475206,0.3645367421268714,0.7386820124155573
0.375,1.0000000000000535,8.940376579260601,0.3819932031490219,0.7416870090679035
0.3775,1.0000000000000524,8.715134640352392,0.3995636869142637,0.74465824665441
0.38,1.0000000000000535,8.502772907439695,0.4171819387935997,0.7475957145332464
0.3825,1.0000000000000537,8.302769710169567,0.43478308944328814,0.750499573255189
0.385,1.0000000000000544,8.114594239615116,0.4523041999798613,0.7533701149287705
0.3875,1.0000000000000546,7.937715718367396,0.4696847081288016,0.7562077307849463
0.39,1.0000000000000548,7.7716105937587825,0.48686677654067784,0.7590128850169972
0.3925,1.0000000000000555,7.615768052040388,0.5037955491510695,0.7617860939936374
0.395,1.0000000000000557,7.469694121451671,0.5204193242757467,0.7645279099924664
0.3975,1.000000000000056,7.332914607842241,0.5366896543560962,0.7672389086704721
0.4,1.0000000000000566,7.204977084035151,0.5525613823359933,0.7699196795710603
0.4025,1.0000000000000564,7.085452131128979,0.5679926240377225,0.7725708190560072
0.405,1.000000000000057,6.973934005414851,0.5829447050378063,0.7751929251397092
0.40750000000000003,1.000000000000058,6.870040878584086,0.5973820597367347,0.777786593787354
0.41000000000000003,1.0000000000000577,6.77341477220305,0.6112720997434625,0.7803524163148295
0.41250000000000003,1.0000000000000582,6.683721281223806,0.6245850583957147,0.7828909775945396
0.41500000000000004,1.0000000000000584,6.600649156886025,0.6372938181456564,0.7854028548272998
0.4175,1.0000000000000584,6.523909797927846,0.6493737275287152,0.7878886166866041
0.42,1.0000000000000593,6.45323668144671,0.6608024143530745,0.7903488226790961
0.4225,1.00000000000006,6.388384751529148,0.671559601468262,0.792784022595607
0.425,1.00000000000006,6.329129774969217,0.6816269309079563,0.795194755952433
0.4275,1.0000000000000602,6.275267668690849,0.6909878013274854,0.7975815513442257
0.43,1.0000000000000606,6.226613802227696,0.6996272225035797,0.7999449256492989
0.4325,1.0000000000000606,6.183002279922803,0.707531689316407,0.802285383046284
0.435,1.0000000000000613,6.144285210412535,0.7146890762103606,0.8046034138184458
0.4375,1.000000000000062,6.1103319744893,0.7210885517640658,0.8068994929386742
0.44,1.000000000000062,6.081028505741062,0.7267205118201066,0.8091740784440978
0.4425,1.0000000000000624,6.056276600776043,0.7315765287366105,0.8114276096238557
0.445,1.0000000000000624,6.035993276925875,0.7356493137956237,0.8136605050563734
0.4475,1.0000000000000635,6.020110194895299,0.7389326896636976,0.815873160542789
0.45,1.0000000000000635,6.008573161941198,0.7414215700302461,0.8180659469905858
0.4525,1.0000000000000637,6.001341728061063,0.7431119440922302,0.8202392083055523
0.455,1.0000000000000637,5.998388883731214,0.7440008643225038,0.8223932593508764
0.4575,1.0000000000000646,5.999700863409513,0.744086436850043,0.8245283840295431
0.46,1.0000000000000646,6.00527705476311,0.7433678146853337,0.8266448335406735
0.4625,1.0000000000000653,6.01513000980265,0.7418451948449686,0.8287428248525394
0.465,1.0000000000000655,6.029285551106345,0.7395198210865391,0.830822539425553
0.4675,1.0000000000000657,6.047782964279502,0.736393994405097,0.832884122208314
0.47000000000000003,1.000000000000066,6.070675266759506,0.7324710936414931,0.8349276809197821
0.47250000000000003,1.000000000000066,6.098029542955491,0.7277556085144481,0.8369532856216136
0.47500000000000003,1.0000000000000662,6.129927336308864,0.7222531871393022,0.838960968577427
0.47750000000000004,1.000000000000067,6.1664650899010995,0.7159706996803942,0.8409507243908411
0.48,1.000000000000067,6.207754628401163,0.7089163192528231,0.842922510411948
0.4825,1.0000000000000675,6.253923675111366,0.7010996205947283,0.8448762474026821
0.485,1.000000000000068,6.3051163983359855,0.6925316964177561,0.846811820455344
0.4875,1.0000000000000684,6.3614939810013365,0.6832252907437477,0.8487290801651722
0.49,1.0000000000000684,6.423235206196677,0.6731949479667099,0.8506278440671365
0.4925,1.0000000000000684,6.490537048930411,0.662457175842978,0.8525078983586377
0.495,1.0000000000000688,6.563615260799097,0.6510306200974986,0.8543689999433085
0.4975,1.0000000000000697,6.642704929362642,0.6389362478201076,0.8562108788462
0.5,1.00000000000007,6.728060987724136,0.6261975362879446,0.8580332410671746
0.5025000000000001,1.00000000000007,6.819958642015099,0.6128406632665202,0.8598357719571418
0.505,1.0000000000000702,6.918693675026993,0.598894694197037,0.8616181402208801
0.5075000000000001,1.0000000000000708,7.0245825728801465,0.5843917609681359,0.8633800026707206
0.51,1.000000000000071,7.137962408079872,0.5693672262076198,0.8651210098775142
0.5125,1.000000000000071,7.2591903962040005,0.5538598262418136,0.8668408128893071
0.515,1.0000000000000722,7.388643024370401,0.5379117851012155,0.8685390712142443
0.5175,1.000000000000072,7.526714627104982,0.5215688912602372,0.8702154622924158
0.52,1.0000000000000722,7.673815258865963,0.5048805282580353,0.8718696927115401
0.5225,1.0000000000000726,7.830367681994176,0.48789965003804114,0.8735015114529372
0.525,1.0000000000000735,7.996803254198005,0.4706826918535086,0.8751107254860083
0.5275,1.0000000000000737,8.173556461174048,0.45328940800437917,0.8766972180595124
0.53,1.0000000000000744,8.36105779852329,0.43578262858376676,0.8782609700632937
0.5325,1.000000000000074,8.559724664509181,0.4182279288980251,0.8798020848504481
0.535,1.0000000000000742,8.769949884367449,0.40069320734437597,0.8813208169111281
0.5375,1.0000000000000744,8.992087452376479,0.3832481703199245,0.8828176047671403
0.54,1.0000000000000755,9.226435056397355,0.365963726194278,0.8842931084003463
0.5425,1.0000000000000757,9.473212950417965,0.34891129445300245,0.885748251424018
0.545,1.0000000000000755,9.732538776302398,0.3321620406960497,0.8871842680377747
0.5475,1.000000000000076,10.004398022556584,0.31578605306544283,0.8886027545536624
0.55,1.0000000000000762,10.288609965200818,0.2998514806120623,0.8900057249211442
0.5525,1.0000000000000764,10.584789186499894,0.2844236587482081,0.8913956691896606
0.555,1.0000000000000766,10.892303135263813,0.2695642508649435,0.8927756132095535
0.5575,1.0000000000000768,11.210226699372173,0.25533043798119975,0.8941491770746435
0.56,1.0000000000000773,11.537295420781694,0.2417741895025874,0.8955206288589788
0.5625,1.0000000000000773,11.871859792817952,0.2289416474275325,0.8968949291305301
0.5650000000000001,1.0000000000000777,12.211844008783782,0.21687265338780376,0.8982777606118764
0.5675,1.0000000000000782,12.554713509366147,0.20560044265972843,0.899675536332708
0.5700000000000001,1.0000000000000786,12.897456581492413,0.1951515218528682,0.9010953788759972
0.5725,1.0000000000000782,13.23658591232799,0.18554573772905064,0.9025450631165702
0.5750000000000001,1.0000000000000786,13.56816616547851,0.17679653410830504,0.9040329154887503
0.5775,1.0000000000000784,13.887873060967586,0.1689113828527976,0.9055676645974604
0.58,1.0000000000000793,14.191087867482139,0.16189236438498494,0.9071582411246568
0.5825,1.0000000000000788,14.473028513414281,0.15573686402968998,0.9088135295206059
0.585,1.0000000000000795,14.728914737348816,0.15043834354585967,0.910542079662378
0.5875,1.0000000000000793,14.954160138155409,0.14598714323920908,0.9123517929070394
0.59,1.0000000000000795,15.144579254860522,0.1423712694687755,0.9142496028083867
0.5925,1.0000000000000795,15.296593756390797,0.13957712529498129,0.9162411750187911
0.595,1.0000000000000797,15.407419391532617,0.13759014821256557,0.9183306523964793
0.5975,1.0000000000000797,15.475215334449981,0.13639532775264618,0.9205204692677152
0.6,1.0000000000000802,15.499180350732042,0.1359775862951719,0.9228112529972503
0.6025,1.0000000000000804,15.479585601606516,0.13632201756471457,0.9252018221712416
0.605,1.0000000000000808,15.417741078132257,0.1374139877805913,0.9276892802228164
0.6075,1.0000000000000815,15.31590033825929,0.13923911319528862,0.9302691930937251
0.61,1.000000000000081,15.177115001452146,0.14178313396369904,0.9329358313419592
0.6125,1.0000000000000815,15.005055168763054,0.1450317075414457,0.9356824522730012
0.615,1.0000000000000817,14.803813934200537,0.14897014520248777,0.9385015966745356
0.6175,1.0000000000000822,14.577713422907014,0.15358311333837807,0.941385377206259
0.62,1.0000000000000824,14.33112687110036,0.15885431782204887,0.9443257404389112
0.6225,1.0000000000000824,14.068327020801076,0.16476618587736455,0.9473146906678147
0.625,1.0000000000000824,13.793366474784097,0.17129955647956502,0.9503444697339202
0.6275000000000001,1.0000000000000824,13.509991427426026,0.1784333879215837,0.9534076922746888
0.63,1.000000000000083,13.221586862810117,0.1861444900289335,0.9564974396202259
0.6325000000000001,1.000000000000083,12.93114910224492,0.19440728841807162,0.9596073178547464
0.635,1.0000000000000833,12.641280453364923,0.20319362870788357,0.9627314865633608
0.6375000000000001,1.0000000000000837,12.354200468924398,0.21247262911524925,0.9658646648061865
0.64,1.0000000000000842,12.07176870400817,0.22221058983059255,0.9690021202623285
0.6425,1.0000000000000837,11.79551460599004,0.23237096658420453,0.972139646576225
0.645,1.0000000000000842,11.526671066325545,0.2429144137340962,0.9752735329481547
0.6475,1.0000000000000844,11.266209052424115,0.2537988991477296,0.9784005290837103
0.65,1.0000000000000848,11.014871527156833,0.2649798894457534,0.9815178078258661
0.6525,1.0000000000000853,10.77320550864175,0.2764106002893331,0.9846229271587327
0.655,1.0000000000000855,10.541591615058987,0.28804230281790544,0.9877137927839617
0.6575,1.0000000000000862,10.32027079154273,0.29982467451184175,0.990788622104355
0.66,1.0000000000000853,10.109368152668207,0.3117061809623787,0.993845910176511
0.6625,1.0000000000000862,9.908914021713958,0.32363447440773097,0.9968843979901014
0.665,1.000000000000086,9.71886233197192,0.3355567953976539,0.9999030432761353
0.6675,1.0000000000000862,9.539106596942876,0.34742036539535975,1.002900993926548
0.67,1.0000000000000864,9.36949367136324,0.35917276023858546,1.0058775640140534
0.6725,1.000000000000087,9.209835524998123,0.37076225684685027,1.008832212329029
0.675,1.0000000000000873,9.059919243361195,0.3821381480810916,1.0117645232963874
0.6775,1.0000000000000884,8.91951545830398,0.39325102299269066,1.014674190097728
0.68,1.000000000000088,8.788385398953304,0.40405301167900165,1.0175609998010409
0.6825,1.0000000000000884,8.666286740631584,0.4144979955148874,1.020424820289897
0.685,1.0000000000000886,8.552978416314907,0.42454178465341397,1.0232655887844817
0.6875,1.0000000000000888,8.448224541725716,0.43414226543868223,1.0260833017556275
0.6900000000000001,1.0000000000000888,8.35179759116709,0.4432595208354364,1.028878006047909
0.6925,1.000000000000089,8.263480946663936,0.4518559272459257,1.031649791046518
0.6950000000000001,1.000000000000089,8.183070928048098,0.45989623123348916,1.0343987817429812
0.6975,1.0000000000000893,8.110378396639511,0.4673476097580098,1.0371251325751523
0.7000000000000001,1.0000000000000895,8.045230010575663,0.4741797175740532,1.0398290219359854
0.7025,1.0000000000000904,7.987469196104046,0.48036472544440173,1.0425106472625885
0.705,1.0000000000000904,7.936956886717999,0.48587735275652166,1.0451702206316082
0.7075,1.0000000000000906,7.893572071226527,0.49069489796575916,1.0478079647991034
0.71,1.0000000000000913,7.857212182902134,0.49479726999783474,1.050424109633071
0.7125,1.0000000000000915,7.82779335478378,0.49816702330768675,1.0530188888951788
0.715,1.0000000000000917,7.805250560897054,0.5007893987131594,1.055592537335712
0.7175,1.0000000000000921,7.789537659322371,0.5026523714217721,1.0581452880728197
0.72,1.0000000000000926,7.780627350316625,0.5037467068863329,1.0606773702345071
0.7225,1.0000000000000926,7.778511060632983,0.5040660243127744,1.0631890068498073
0.725,1.0000000000000933,7.7831987633260775,0.5036068668590193,1.0656804129845527
0.7275,1.0000000000000933,7.7947187402394205,0.5023687768617522,1.0681517941271912
0.73,1.0000000000000935,7.813117291670556,0.5003543738530435,1.0706033448411347
0.7325,1.0000000000000937,7.838458394105021,0.4975694327084778,1.0730352477119982
0.735,1.0000000000000944,7.870823302205861,0.4940229590108388,1.0754476726304354
0.7375,1.0000000000000946,7.910310085343715,0.4897272586059813,1.0778407764638478
0.74,1.0000000000000948,7.957033081840573,0.48469799834058264,1.0802147031825458
0.7425,1.0000000000000953,8.011122245835601,0.47895425506265493,1.0825695845177827
0.745,1.000000000000096,8.07272235236622,0.4725185500872856,1.0849055412400521
0.7475,1.0000000000000961,8.14199201601598,0.46541686643648994,1.0872226851560503
0.75,1.0000000000000961,8.219102467441882,0.45767864621699883,1.0895211219315826
0.7525000000000001,1.0000000000000966,8.30423602037722,0.44933676548246915,1.0918009548553682
0.755,1.0000000000000964,8.397584149426528,0.4404274838355041,1.0940622896651726
0.7575000000000001,1.0000000000000968,8.499345086249287,0.4309903658792804,1.096305240562784
0.76,1.0000000000000973,8.609720828732295,0.4210681714675307,1.0985299375479876
0.7625000000000001,1.0000000000000977,8.72891344473356,0.4107067115802717,1.1007365352032694
0.765,1.000000000000098,8.85712053936059,0.39995466663660495,1.1029252230599298
0.7675000000000001,1.0000000000000981,8.994529743190707,0.38886336421461937,1.1050962376713214
0.77,1.0000000000000981,9.141312069374278,0.37748651354721185,1.1072498765083918
0.7725,1.0000000000000988,9.297613981679515,0.3658798948555263,1.1093865137742112
0.775,1.0000000000000993,9.463548015335402,0.3541010026041771,1.1115066182046902
0.7775,1.0000000000000993,9.63918180081881,0.34220864312584887,1.1136107728782878
0.78,1.0000000000000993,9.824525361136493,0.33026248875005215,1.1156996969937563
0.7825,1.0000000000000995,10.019516590146507,0.31832259253370654,1.1177742694865531
0.785,1.0000000000001001,10.224004878317787,0.30644886984993863,1.1198355542361798
0.7875,1.0000000000000997,10.437732938895664,0.29470055533636824,1.1218848264630497
0.79,1.0000000000001004,10.660317007727777,0.2831356458990543,1.1239235997204602
0.7925,1.0000000000001004,10.891225749405422,0.2718103424571613,1.1259536526528708
0.795,1.0000000000001008,11.129758404528255,0.2607785047291357,1.1279770544177068
0.7975,1.0000000000001008,11.375022958074634,0.25009113443662034,1.1299961873620281
0.8,1.0000000000001013,11.625915391883115,0.2397959026843636,1.132013765222947
0.8025,1.000000000000101,11.881101392095626,0.22993673683884341,1.1340328448076258
0.805,1.0000000000001015,12.139002191754775,0.22055348089574922,1.136056828842642
0.8075,1.0000000000001017,12.397786504026232,0.2116816410768218,1.1380894575140847
0.81,1.0000000000001021,12.65537069436129,0.20335222528041882,1.140134786210222
0.8125,1.0000000000001021,12.909429390964345,0.19559168115518288,1.1421971471956454
0.8150000000000001,1.0000000000001028,13.157418577193793,0.18842193317618935,1.1442810934540444
0.8175,1.0000000000001028,13.396612786074492,0.18186051444859852,1.146391323784387
0.8200000000000001,1.000000000000103,13.624157283107253,0.1759207843647782,1.1485325894367908
0.8225,1.000000000000103,13.837135071273016,0.1706122190395136,1.1507095840926533
0.8250000000000001,1.0000000000001035,14.032647225565384,0.16594075797755467,1.1529268207251728
0.8275,1.0000000000001037,14.207903570774345,0.16190918797771206,1.155188500646724
0.8300000000000001,1.0000000000001044,14.360319226377573,0.15851754405993246,1.1574983816232354
0.8325,1.0000000000001041,14.487611274977272,0.15576350732292463,1.1598596530464502
0.835,1.0000000000001046,14.587888999144619,0.1536427810837379,1.162274826552545
0.8375,1.0000000000001046,14.659730976963438,0.1521494292736888,1.164745649983627
0.84,1.0000000000001044,14.702242947235606,0.151276164608199,1.1672730511571687
0.8425,1.0000000000001048,14.715091746263292,0.15101457816431124,1.1698571156466433
0.845,1.0000000000001046,14.698512635452788,0.1513553062951486,1.1724970999498137
0.8475,1.0000000000001057,14.653289717179854,0.15228813489477136,1.1751914784093422
0.85,1.0000000000001052,14.580711537425202,0.15380204456367888,1.1779380194748337
0.8525,1.000000000000106,14.482506056180116,0.15588520297668335,1.1807338847322102
0.855,1.000000000000106,14.36076065558946,0.15852491260878587,1.1835757428319793
0.8575,1.0000000000001061,14.217833594395803,0.1617075229501557,1.1864598901154713
0.86,1.0000000000001066,14.056263287120832,0.1654183165703799,1.1893823702952553
0.8625,1.0000000000001068,13.878681094563989,0.16964137808190338,1.1923390867898884
0.865,1.0000000000001072,13.687732152108468,0.17435945443524728,1.195325902969573
0.8675,1.0000000000001072,13.486007363393007,0.1795538142621201,1.1983387273550454
0.87,1.0000000000001072,13.275988266607198,0.18520411331193418,1.201373582487038
0.8725,1.000000000000108,13.060005210076175,0.19128827246482408,1.204426657581534
0.875,1.0000000000001077,12.840208260874482,0.19778237433181614,1.2074943461221077
0.8775000000000001,1.0000000000001075,12.61854955956201,0.2046605839921209,1.2105732702026275
0.88,1.0000000000001081,12.396775418420118,0.21189509886292648,1.2136602937613639
0.8825000000000001,1.000000000000109,12.176426297463665,0.2194561319505167,1.216752526910448
0.885,1.0000000000001084,11.958842822085831,0.22731193173174383,1.2198473234414806
0.8875000000000001,1.0000000000001092,11.745176165233937,0.2354288406550803,1.2229422733525452
0.89,1.0000000000001095,11.536401348756794,0.24377139278171972,1.2260351919541346
0.8925000000000001,1.0000000000001097,11.333332277899503,0.2523024495089882,1.2291241068152616
0.895,1.0000000000001097,11.136637577897224,0.26098337075938344,1.2322072435343978
0.8975,1.0000000000001104,10.946856532461844,0.26977421761402454,1.2352830110776605
0.9,1.0000000000001106,10.764414620776348,0.27863398123767436,1.2383499872244406
0.9025,1.0000000000001108,10.58963830968116,0.2875208321688759,1.2414069044976523
0.905,1.0000000000001115,10.422768882923371,0.2963923836741497,1.244452636827983
0.9075,1.000000000000112,10.263975184008034,0.30520596288544644,1.2474861871034175
0.91,1.0000000000001117,10.113365218666464,0.31391888381110894,1.2505066756813916
0.9125,1.0000000000001115,9.970996612529316,0.3224887169595063,1.253513329886169
0.915,1.000000000000112,9.836885953950405,0.33087355115308553,1.2565054744742887
0.9175,1.0000000000001117,9.71101707492517,0.3390322440484867,1.2594825230229578
0.92,1.0000000000001124,9.593348337674504,0.3469246588344123,1.2624439701774544
0.9225,1.0000000000001124,9.483819002945904,0.3545118854882802,1.2653893846821402
0.925,1.0000000000001126,9.382354760026443,0.36175644579037863,1.2683184031139005
0.9275,1.0000000000001132,9.288872499017959,0.3686224819943081,1.2712307242356242
0.93,1.0000000000001135,9.203284403930752,0.3750759296251268,1.274126103889607
0.9325,1.0000000000001141,9.125501441242905,0.3810846753227896,1.2770043503556554
0.935,1.000000000000115,9.055436313258587,0.38661870097524187,1.2798653201054335
0.9375,1.0000000000001141,8.993005939316749,0.3916502156013069,1.2827089138925432
0.9400000000000001,1.0000000000001146,8.938133521033667,0.39615377655544937,1.2855350731264437
0.9425,1.0000000000001152,8.89075024064564,0.4001064016391241,1.288343776487203
0.9450000000000001,1.0000000000001152,8.850796634436385,0.40348767361932547,1.2911350367468222
0.9475,1.000000000000116,8.818223676409723,0.40627983847603066,1.2939088977714337
0.9500000000000001,1.000000000000116,8.792993600955384,0.40846789843042136,1.2966654316868695
0.9525,1.000000000000116,8.775080487331111,0.4100397004525547,1.2994047361979424
0.9550000000000001,1.0000000000001166,8.76447062334942,0.4109860205236512,1.3021269320594184
0.9575,1.0000000000001161,8.761162660646711,0.41130064345325223,1.3048321607041504
0.96,1.0000000000001168,8.765167569202877,0.41098043754951835,1.3075205820413374
0.9625,1.0000000000001168,8.776508394210452,0.41002542293986527,1.3101923724455855
0.965,1.000000000000117,8.795219813783783,0.4084388318684176,1.3128477229653437
0.9675,1.0000000000001177,8.82134749117258,0.40622715888424127,1.315486837787595
0.97,1.0000000000001183,8.854947209945863,0.4034001985039636,1.3181099330042507
0.9725,1.0000000000001183,8.896083774927988,0.3999710677016412,1.3207172357345276
0.975,1.0000000000001183,8.944829655442135,0.39595621045770163,1.3233089836664893
0.9775,1.0000000000001186,9.001263340663298,0.3913753815895754,1.325885425089659
0.98,1.0000000000001192,9.065467369698764,0.38625160718462415,1.3284468194987997
0.9825,1.0000000000001195,9.137525991586859,0.3806111191512252,1.3309934388561968
0.985,1.0000000000001197,9.21752240302282,0.374483261683933,1.3335255696055401
0.9875,1.0000000000001201,9.305535504682272,0.36790036779097185,1.3360435155341233
0.99,1.0000000000001203,9.401636111040995,0.3608976044468844,1.3385476015808488
0.9925,1.0000000000001203,9.505882544247225,0.3535127854042056,1.341038178684555
0.995,1.0000000000001203,9.618315540711658,0.3457861512248409,1.3435156297594508
0.9975,1.0000000000001215,9.738952400643724,0.3377601166783776,1.3459803768707743
1.0,1.000000000000121,9.867780316983213,0.3294789863078282,1.3484328896628552
1.0025,1.0000000000001221,10.004748832467158,0.3209886396906345,1.3508736950619482
1.0050000000000001,1.0000000000001217,10.14976139355168,0.3123361887281323,1.3533033882360102
1.0075,1.000000000000122,10.302665999366528,0.30356961017738837,1.3557226447410486
1.01,1.0000000000001223,10.46324498469205,0.29473735758184927,1.3581322337173367
1.0125,1.0000000000001226,10.631204029936264,0.2858879577352296,1.3605330319170328
1.0150000000000001,1.000000000000123,10.806160559783445,0.27706959778547513,1.3629260382468766
1.0175,1.0000000000001235,10.987631776493826,0.26832970999746886,1.3653123883957443
1.02,1.0000000000001235,11.175022673587126,0.2597145619779093,1.3676933689886865
1.0225,1.0000000000001237,11.367614489032764,0.2512688607496859,1.3700704305705695
1.025,1.0000000000001243,11.564554180000707,0.24303537937152492,1.3724451985804462
1.0275,1.0000000000001246,11.764845626652455,0.2350546147635529,1.374819481342674
1.03,1.000000000000125,11.967343389812402,0.22736448496719955,1.3771952739870323
1.0325,1.0000000000001252,12.170749942293279,0.22000007320752188,1.379574757136111
1.035,1.000000000000125,12.373617348202593,0.21299342483548878,1.381960289185904
1.0375,1.000000000000126,12.574354358140898,0.20637340153863495,1.3843543910786205
1.04,1.0000000000001255,12.771239799530377,0.2001655951875256,1.386759722647962
1.0425,1.0000000000001257,12.962442951425864,0.19439230143291505,1.3891790499245447
1.045,1.000000000000126,13.146051289468332,0.18907255081245822,1.3916152032311842
1.0475,1.0000000000001263,13.320105567560683,0.18422219281352867,1.3940710264677196
1.05,1.0000000000001261,13.482641682268262,0.17985402622426885,1.396549318657075
1.0525,1.0000000000001261,13.631738176412453,0.1759779673359439,1.3990527695502282
1.055,1.0000000000001266,13.76556763159351,0.17260124626240703,1.4015838917987014
1.0575,1.0000000000001268,13.8824496432508,0.16972862090919347,1.4041449528143295
1.06,1.0000000000001268,13.980902642683231,0.16736259800290643,1.4067379098576558
1.0625,1.0000000000001275,14.059691601696306,0.1655036510776997,1.4093643520474601
1.065,1.000000000000128,14.117868684224325,0.16415042635491175,1.4120254528089797
1.0675000000000001,1.0000000000001275,14.15480422287634,0.1632999289429927,1.414721935760542
1.07,1.000000000000129,14.170205985610249,0.16294768359136214,1.4174540562084903
1.0725,1.0000000000001286,14.16412550621075,0.16308786619767063,1.4202215993564349
1.075,1.0000000000001286,14.13695119413616,0.1637134042355325,1.4230238951526881
1.0775000000000001,1.000000000000129,14.089388904941782,0.16481604609821243,1.425859848534317
1.08,1.000000000000129,14.022431528791966,0.16638640093394527,1.4287279828094748
1.0825,1.0000000000001295,13.937319844209819,0.1684139518131376,1.431626493158775
1.085,1.0000000000001297,13.835497321166573,0.17088704599379653,1.4345533067973515
1.0875000000000001,1.00000000000013,13.718561715735815,0.17379286665640153,1.437506146239319
1.09,1.0000000000001297,13.588216191792217,0.17711739080973912,1.4404825923169393
1.0925,1.0000000000001303,13.4462223804553,0.18084533818688298,1.4434801440636358
1.095,1.0000000000001303,13.294357312734245,0.18496011591762965,1.446496273188331
1.0975,1.000000000000131,13.134375609686437,0.1894437636304696,1.449528471559404
1.1,1.0000000000001308,12.96797775665048,0.19427690343408582,1.4525742908001569
1.1025,1.0000000000001308,12.796784779039553,0.19943869896493044,1.45563137371219
1.105,1.0000000000001312,12.622319213680278,0.20490682735594234,1.4586974777491513
1.1075,1.0000000000001315,12.445991949932933,0.21065746756501774,1.461770491142671
1.11,1.0000000000001317,12.269094300918372,0.2166653079838167,1.4648484425347048
1.1125,1.0000000000001317,12.092794547398912,0.22290357562017482,1.4679295051084695
1.115,1.0000000000001321,11.918138158413397,0.22934408841802575,1.4710119962534418
1.1175,1.0000000000001321,11.74605091397164,0.2359573314715453,1.4740943737712386
1.12,1.0000000000001326,11.57734421664174,0.24271255704454472,1.4771752295506946
1.1225,1.0000000000001326,11.412721963814425,0.24957790747145497,1.4802532815315452
1.125,1.0000000000001337,11.25278844736904,0.25652055924508266,1.4833273646525034
1.1275,1.0000000000001334,11.098056842652124,0.2635068859370229,1.4863964213530887
1.1300000000000001,1.0000000000001334,10.948957937744055,0.27050263708701017,1.4894594920774196
1.1325,1.0000000000001337,10.805848833336889,0.2774731298604693,1.492515706117659
1.135,1.0000000000001343,10.669021411657015,0.2843834501156728,1.4955642730376526
1.1375,1.0000000000001343,10.53871042963317,0.29119865953383234,1.498604474834717
1.1400000000000001,1.0000000000001348,10.415101137685719,0.2978840056250854,1.5016356589294575
1.1425,1.0000000000001343,10.298336362285237,0.304405131699749,1.5046572320190899
1.145,1.000000000000135,10.188523019133905,0.31072828425234933,1.5076686547877218
1.1475,1.000000000000135,10.085738045763893,0.3168205156106944,1.510669437435996
1.1500000000000001,1.000000000000135,9.990033758700394,0.32264988012197227,1.5136591359706644
1.1525,1.0000000000001357,9.901442652116007,0.32818562255617173,1.5166373491807266
1.155,1.0000000000001354,9.819981662962263,0.3333983577839831,1.519603716218989
1.1575,1.0000000000001366,9.74565593261224,0.3382602411176983,1.5225579147051964
1.16,1.0000000000001357,9.678462097679494,0.3427451289805466,1.5254996592679204
1.1625,1.0000000000001363,9.618391143392545,0.3468287297873251,1.5284287004461679
1.165,1.0000000000001372,9.56543085212557,0.3504887450746267,1.5313448238774887
1.1675,1.0000000000001372,9.51956787777866,0.35370500101190316,1.5342478497062935
1.17,1.0000000000001374,9.48078947397153,0.3564595704555962,1.5371376321539088
1.1725,1.000000000000137,9.449084900720955,0.35873688567959056,1.5400140591999993
1.175,1.0000000000001374,9.424446530618688,0.3605238418299023,1.5428770523331805
1.1775,1.000000000000138,9.406870671671077,0.36180989101522604,1.545726566336844
1.18,1.0000000000001388,9.396358120013772,0.362587126765787,1.548562589084158
1.1825,1.0000000000001388,9.392914451742275,0.36285035838141266,1.551385141324045
1.185,1.0000000000001397,9.3965500591349,0.3625971744588971,1.554194276447493
1.1875,1.0000000000001397,9.407279932595886,0.36182799465350096,1.5569900802309846
1.19,1.0000000000001397,9.425123185705907,0.3605461085060221,1.5597726705610047
1.1925000000000001,1.0000000000001399,9.450102316827069,0.3587576999713224,1.562542197150681
1.195,1.00000000000014,9.482242196774038,0.35647185613179144,1.5652988412664142
1.1975,1.0000000000001414,9.521568768162604,0.3537005584829182,1.5680428154890231
1.2,1.0000000000001408,9.568107438251412,0.35045865514823993,1.57077436354026
1.2025000000000001,1.0000000000001412,9.621881143522645,0.34676381242434084,1.5734937602114614
1.205,1.0000000000001412,9.682908061086843,0.34263644417668765,1.5762013114365605
1.2075,1.0000000000001414,9.751198939500226,0.33809961780442604,1.5788973545562397
1.21,1.0000000000001419,9.826754020085378,0.33317893576427826,1.5815822588237178
1.2125000000000001,1.0000000000001423,9.909559519768809,0.3279023919861888,1.5842564262048813
1.215,1.0000000000001428,9.99958364830153,0.32230020292051953,1.5869202925260135
1.2175,1.0000000000001428,10.096772137111099,0.31640461342169973,1.5895743290205604
1.22,1.0000000000001432,10.201043264626147,0.3102496781888453,1.5922190443216881
1.2225,1.0000000000001434,10.312282374466523,0.3038710200415397,1.5948549869390563
1.225,1.0000000000001439,10.43033589919033,0.2973055668990156,1.5974827482454255
1.2275,1.0000000000001439,10.55500492411342,0.29059126994149087,1.600102965980651
1.23,1.000000000000144,10.68603835377115,0.2837668060486572,1.6027163282562669
1.2325,1.0000000000001443,10.823125778404316,0.2768712682138503,1.6053235780125825
1.235,1.0000000000001443,10.965890179643468,0.2699438482007401,1.6079255178412393
1.2375,1.000000000000145,11.113880663085814,0.26302351621582665,1.6105230150393777
1.24,1.0000000000001452,11.2665654597816,0.2561487027845849,1.6131170067071512
1.2425,1.0000000000001448,11.423325496951685,0.24935698830977387,1.6157085046394617
1.245,1.000000000000145,11.58344889761199,0.2426848059251905,1.6182985996976074
1.2475,1.0000000000001454,11.74612682494868,0.2361671632080675,1.620888465280494
1.25,1.0000000000001454,11.910451134641601,0.22983738805520784,1.6234793594530927
1.2525,1.000000000000146,12.075414329895525,0.22372690354812622,1.6260726252384636
1.2550000000000001,1.000000000000146,12.239912321664555,0.21786503592927517,1.628669688546819
1.2575,1.0000000000001468,12.402750471893816,0.21227885889789505,1.6312720532097087
1.26,1.0000000000001463,12.562653332400918,0.20699307633878908,1.6338812926188553
1.2625,1.0000000000001472,12.718278379759463,0.20202994436473665,1.6364990375457986
1.2650000000000001,1.0000000000001472,12.86823388384211,0.1974092322414915,1.6391269598467366
1.2675,1.0000000000001477,13.011100835872593,0.19314822044217284,1.6417667519390322
1.27,1.000000000000147,13.14545860840135,0.18926173281994366,1.644420102168882
1.2725,1.0000000000001479,13.269913739065426,0.18576219876886135,1.6470886664634827
1.2750000000000001,1.0000000000001483,13.383130943832906,0.18265974033089863,1.6497740369586555
1.2775,1.0000000000001485,13.483865200955762,0.17996227855811184,1.6524777085898705
1.28,1.0000000000001483,13.570993534534193,0.17767565309031327,1.6552010449018093
1.2825,1.000000000000148,13.643544996263266,0.17580374887620265,1.6579452445376237
1.285,1.000000000000149,13.700727320205814,0.17434862424173297,1.6607113099847866
1.2875,1.0000000000001494,13.741948823141202,0.17331063506263017,1.6635000201575971
1.29,1.0000000000001492,13.766834343600543,0.17268855057776678,1.666311908275583
1.2925,1.0000000000001492,13.775234342378782,0.17247965732143192,1.6691472462548123
1.295,1.0000000000001497,13.767226697940366,0.17267984868293304,1.6720060364825924
1.2975,1.0000000000001497,13.74311118240331,0.17328369864908574,1.6748880114254046
1.3,1.0000000000001505,13.70339705267105,0.17428451928400923,1.6777926410646056
1.3025,1.0000000000001508,13.648784592545434,0.17567440239945134,1.6807191477074428
1.305,1.0000000000001508,13.580141758191663,0.17744424663248243,1.6836665273230262
1.3075,1.0000000000001508,13.498477286086441,0.17958377175832285,1.6866335762372575
1.31,1.0000000000001512,13.404911709220457,0.18208152252274998,1.6896189218088344
1.3125,1.0000000000001514,13.300647698238949,0.18492486459157778,1.692621055608863
1.315,1.0000000000001512,13.186941016209373,0.1880999754019961,1.6956383676350764
1.3175000000000001,1.0000000000001519,13.065073174113566,0.1915918327821158,1.6986691801937013
1.32,1.000000000000152,12.936326628154767,0.1953842041988883,1.7017117802561252
1.3225,1.000000000000152,12.801963098228502,0.19945963941386713,1.7047644493190535
1.325,1.0000000000001519,12.663205334169948,0.2037994691788111,1.7078254900415073
1.3275000000000001,1.0000000000001519,12.521222431318755,0.20838381239212542,1.7108932491780653
1.33,1.0000000000001523,12.377118611319563,0.213191593863548,1.713966136558233
1.3325,1.0000000000001525,12.231925243140553,0.21820057449976107,1.717042640064681
1.335,1.0000000000001534,12.086595782840131,0.2233873953324128,1.7201213367312818
1.3375000000000001,1.0000000000001534,11.942003254499364,0.22872763637174326,1.7232009002127737
1.34,1.0000000000001537,11.79893987243052,0.23419589079866396,1.726280104972014
1.3425,1.000000000000154,11.658118408726454,0.2397658545253619,1.7293578275912844
1.345,1.0000000000001543,11.520174932938795,0.24541043068208948,1.7324330456452972
1.3475,1.0000000000001545,11.385672585439957,0.2511018481490462,1.7355048345805748
1.35,1.0000000000001545,11.255106087264165,0.25681179286855305,1.7385723630338858
1.3525,1.0000000000001552,11.12890673264906,0.2625115503611103,1.7416348869963023
1.355,1.0000000000001554,11.00744765305268,0.26817215764057534,1.744691743193543
1.3575,1.000000000000155,10.891049181106144,0.2737645625829664,1.7477423420113238
1.36,1.0000000000001554,10.779984178635523,0.27925978874809354,1.7507861602494887
1.3625,1.000000000000156,10.674483224037324,0.284629103675282,1.7538227339431518
1.365,1.0000000000001563,10.574739580847387,0.2898441887615287,1.7568516514448234
1.3675,1.000000000000157,10.480913891508264,0.2948773089673705,1.7598725469197836
1.37,1.0000000000001572,10.393138558476364,0.2997014807664358,1.7628850943688397
1.3725,1.0000000000001572,10.311521789352827,0.3042906369432804,1.7658890022584228
1.375,1.0000000000001579,10.236151294119917,0.3086197870365015,1.7688840088082587
1.3775,1.0000000000001579,10.16709763125632,0.3126651724080815,1.7718698779614035
1.3800000000000001,1.0000000000001579,10.104417205893027,0.3164044150859391,1.7748463960403351
1.3825,1.000000000000158,10.04815492762392,0.3198166596675823,1.777813369075717
1.385,1.0000000000001585,9.998346538429473,0.3228827076838084,1.7807706207811063
1.3875,1.000000000000159,9.955020622697983,0.32558514389987175,1.7837179911369019
1.3900000000000001,1.0000000000001588,9.91820031179104,0.32790845407652885,1.786655335539872
1.3925,1.0000000000001594,9.88790469522026,0.3298391337256598,1.7895825244701709
1.395,1.0000000000001594,9.864149949470956,0.33136578737699485,1.7924994436256096
1.3975,1.00000000000016,9.846950193986414,0.33247921782770107,1.7954059944725271
1.4000000000000001,1.0000000000001605,9.83631808194902,0.33317250478027466,1.7983020951637456
1.4025,1.0000000000001608,9.832265131372518,0.33344107219303426,1.8011876817762627
1.405,1.0000000000001605,9.834801799745577,0.3332827435791126,1.8040627098243747
1.4075,1.000000000000161,9.84393730311948,0.3326977844028861,1.8069271560074076
1.41,1.0000000000001612,9.859679178182745,0.33168893064638155,1.8097810201549602
1.4125,1.0000000000001616,9.882032583584964,0.33026140256153813,1.8126243273362155
1.415,1.000000000000162,9.91099933464007,0.3284229025959615,1.8154571301032536
1.4175,1.0000000000001619,9.946576663651417,0.3261835964877489,1.8182795108411172
1.42,1.0000000000001625,9.988755696576892,0.3235560765753861,1.8210915841994955
1.4225,1.0000000000001628,10.037519635742333,0.3205553064661422,1.8238934995820835
1.425,1.0000000000001628,10.092841638002698,0.3171985463535156,1.8266854436697861
1.4275,1.0000000000001634,10.154682378371813,0.3135052584715395,1.8294676429529035
1.43,1.0000000000001636,10.22298729096194,0.3094969924199565,1.832240366245113
1.4325,1.0000000000001636,10.297683482406761,0.30519725038604517,1.8350039271484617
1.435,1.000000000000164,10.378676318130184,0.30063133262147373,1.8377586864337396
1.4375,1.0000000000001645,10.465845689238959,0.2958261638995682,1.8405050542945283
1.44,1.000000000000165,10.559041977834225,0.29081010207205266,1.8432434924261325
1.4425000000000001,1.0000000000001654,10.658081751508973,0.28561273025554584,1.8459745158726768
1.445,1.0000000000001654,10.7627432340219,0.2802646345962816,1.848698694577173
1.4475,1.0000000000001652,10.872761618801611,0.2747971699746939,1.8514166545607387
1.45,1.0000000000001656,10.987824315061115,0.26924221640602763,1.8541290786488078
1.4525000000000001,1.000000000000166,11.107566242671721,0.2636319292539706,1.8568367066546811
1.455,1.0000000000001663,11.231565321014372,0.25799848668505165,1.85954033492475
1.4575,1.0000000000001665,11.359338327838337,0.25237383803499974,1.8622408151459011
1.46,1.0000000000001665,11.490337335257841,0.24678945691707826,1.8649390523147482
1.4625000000000001,1.0000000000001668,11.623946959386112,0.24127610296020702,1.8676360017712486
1.465,1.0000000000001674,11.759482685126041,0.23586359600719017,1.8703326652067451
1.4675,1.0000000000001672,11.896190545116186,0.23058060642005349,1.8730300855692956
1.47,1.000000000000168,12.033248438114663,0.22545446482482434,1.8757293408078934
1.4725,1.0000000000001676,12.169769363285653,0.22051099418304823,1.8784315364223199
1.475,1.000000000000168,12.304806819111857,0.2157743665104115,1.8811377968168967
1.4775,1.000000000000168,12.437362565719175,0.21126698589045784,1.8838492554941475
1.48,1.0000000000001685,12.566396875111952,0.2070093986779933,1.8865670441673705
1.4825,1.0000000000001692,12.690841294769365,0.20302023098385422,1.8892922809181671
1.485,1.0000000000001694,12.809613828192518,0.19931615271727993,1.892026057573893
1.4875,1.0000000000001696,12.921636296093217,0.19591186667447355,1.894769426528473
1.49,1.0000000000001696,13.025853491803277,0.1928201204427442,1.8975233872748665
1.4925,1.0000000000001696,13.121253594856737,0.19005173827703772,1.9002888729555703
1.495,1.00000000000017,13.206889170488445,0.1876156696320185,1.9030667372655463
1.4975,1.000000000000171,13.281897974011654,0.18551905072213754,1.9058577420569862
1.5,1.0000000000001708,13.345522711198113,0.18376727534766668,1.90866254599503
1.5025,1.0000000000001708,13.397128890066693,0.18236407126817314,1.9114816945967297
1.5050000000000001,1.0000000000001714,13.436219942926154,0.18131157861623112,1.914315611952066
1.5075,1.0000000000001714,13.46244890154455,0.18061042720245302,1.9171645943769684
1.51,1.0000000000001716,13.475626067956895,0.18025981003869365,1.9200288061866004
1.5125,1.000000000000172,13.475722327395617,0.18025755096434987,1.9229082777063244
1.5150000000000001,1.0000000000001719,13.462867981615592,0.18060016486352481,1.9258029055619845
1.5175,1.000000000000172,13.437347220643142,0.18128290957197513,1.9287124552151262
1.52,1.0000000000001723,13.399588578009443,0.18229982915980916,1.9316365656369041
1.5225,1.0000000000001725,13.350151909888833,0.1836437888127429,1.9345747559504631
1.5250000000000001,1.0000000000001734,13.289712587358377,0.18530650200275137,1.9375264338184677
1.5275,1.0000000000001725,13.219043683992183,0.1872785510272695,1.9404909053120134
1.53,1.000000000000173,13.138996975316473,0.18954940230067083,1.9434673859701201
1.5325,1.000000000000173,13.050483545480551,0.1921074180038708,1.9464550127452453
1.5350000000000001,1.0000000000001739,12.95445472805449,0.19493986584243558,1.949452856528692
1.5375,1.0000000000001739,12.851884003752025,0.19803292873691197,1.9524599349590663
1.54,1.0000000000001743,12.743750351275008,0.20137171627799402,1.9554752252350913
1.5425,1.000000000000174,12.631023411415661,0.20494027972948337,1.9584976766793294
1.545,1.0000000000001743,12.514650690541439,0.2087216322588983,1.9615262228295922
1.5475,1.0000000000001745,12.395546906698826,0.21269777592336497,1.964559792868438
1.55,1.000000000000175,12.274585476036917,0.2168497367415918,1.9675973222363083
1.5525,1.0000000000001756,12.15259205247732,0.22115760894656927,1.970637762309283
1.555,1.000000000000176,12.030339970478177,0.2256006092450223,1.9736800890567714
1.5575,1.000000000000176,11.908547398352114,0.2301571416173555,1.9767233106267992
1.56,1.0000000000001763,11.787875985565714,0.23480487288645366,1.9797664738360583
1.5625,1.0000000000001763,11.668930778680924,0.23952081897724706,1.9828086695680345
1.565,1.0000000000001772,11.552261183741766,0.24428144149390768,1.9858490371049478
1.5675000000000001,1.0000000000001767,11.438362764706872,0.24906275396996636,1.9888867674378465
1.57,1.0000000000001767,11.327679685066826,0.25384043690908087,1.9919211056139436
1.5725,1.0000000000001772,11.22060762062424,0.2585899605387927,1.9949513521914748
1.575,1.0000000000001783,11.117496993627672,0.2632867140516009,1.9979768638801758
1.5775000000000001,1.0000000000001785,11.01865640060519,0.2679061400089665,2.0009970534504404
1.58,1.0000000000001785,10.924356127344122,0.2724238725332333,2.0040113889966396
1.5825,1.0000000000001787,10.834831663874782,0.27681587790586737,2.0070193926405198
1.585,1.0000000000001787,10.750287149683269,0.2810585962216843,2.01002063875939
1.5875000000000001,1.000000000000179,10.67089869455644,0.2851290828101122,2.013014751821405
1.59,1.0000000000001799,10.596817533449942,0.2890051482175772,2.016001403906989
1.5925,1.0000000000001792,10.528172984664096,0.29266549564121286,2.0189803119916427
1.595,1.0000000000001803,10.465075189566678,0.2960898548051866,2.0219512350611466
1.5975000000000001,1.00000000000018,10.407617619302226,0.2992591113697092,2.02491397112594
1.6,1.0000000000001805,10.355879339573562,0.3021554310532608,2.027868354196959
1.6025,1.0000000000001805,10.309927028873336,0.3047623777257506,2.030814251281004
1.605,1.0000000000001807,10.269816748673716,0.307065024791103,2.0337515594492994
1.6075,1.0000000000001807,10.235595466234031,0.30905005921993195,2.0366802030288125
1.61,1.0000000000001812,10.207302332025597,0.3107058776162005,2.0396001309616505
1.6125,1.0000000000001814,10.184969714452544,0.3120226737068572,2.0425113143737748
1.615,1.0000000000001812,10.168623994704054,0.3129925166326548,2.0454137443900735
1.6175,1.0000000000001816,10.158286124327581,0.3136094193952092,2.0483074302286375
1.62,1.0000000000001825,10.153971947572968,0.3138693967844686,2.0511923976027453
1.6225,1.0000000000001827,10.155692289821724,0.31377051207763895,2.05406868745461
1.625,1.0000000000001825,10.163452812572784,0.3133129117714557,2.0569363550403272
1.6275,1.0000000000001836,10.177253634593411,0.3124988475909558,2.0597954693806946
1.6300000000000001,1.000000000000184,10.197088718049057,0.3113326850159334,2.0626461130876135
1.6325,1.0000000000001839,10.222945017791956,0.30982089758704084,2.0654883825706243
1.635,1.0000000000001839,10.254801391621049,0.3079720463018724,2.0683223886228657
1.6375,1.0000000000001845,10.292627269343415,0.30579674349139435,2.0711482573802087
1.6400000000000001,1.0000000000001843,10.336381079008726,0.3033076006809774,2.0739661316415834
1.6425,1.0000000000001845,10.38600842991045,0.3005191600890005,2.0767761725325466
1.645,1.0000000000001856,10.441440054027655,0.29744780959872774,2.079578561487807
1.6475,1.000000000000186,10.502589510714024,0.2941116812536449,2.0823735025216252
1.6500000000000001,1.000000000000186,10.569350663829367,0.2905305335690667,2.0851612247477105
1.6525,1.0000000000001865,10.641594946359994,0.2867256182186366,2.0879419851021854
1.655,1.0000000000001867,10.719168435078355,0.2827195319375866,2.0907160712143
1.6575,1.000000000000187,10.801888767109743,0.2785360547784475,2.093483804359825
1.6600000000000001,1.0000000000001874,10.889541941505502,0.27419997615187985,2.096245542421178
1.6625,1.0000000000001872,10.981879062085122,0.26973691037719016,2.0990016827666276
1.665,1.0000000000001876,11.078613092797015,0.2651731037450873,2.1017526649483975
1.6675,1.000000000000188,11.179415713394862,0.26053523534980966,2.104498973106562
1.67,1.0000000000001883,11.283914380866886,0.255850214168908,2.107241137952948
1.6725,1.0000000000001892,11.391689720084537,0.25114497504633726,2.109979738197592
1.675,1.0000000000001885,11.502273384579137,0.24644627635767397,2.112715401270878
1.6775,1.0000000000001896,11.615146543945293,0.24178050219532288,2.1154488031885124
1.68,1.0000000000001896,11.729739166558034,0.23717347189765117,2.118180667405869
1.6825,1.0000000000001903,11.84543027327829,0.2326502596521986,2.1209117625142326
1.685,1.00000000000019,11.961549337635375,0.22823502672520235,2.1236428986463114
1.6875,1.0000000000001903,12.077378998601551,0.22395086860701363,2.126374922483051
1.69,1.0000000000001912,12.192159231628704,0.2198196790191156,2.129108710789813
1.6925000000000001,1.0000000000001905,12.305093090590379,0.21586203231157677,2.1318451624574304
1.695,1.0000000000001916,12.415354086787863,0.21209708530287702,2.1345851890823164
1.6975,1.0000000000001916,12.522095211290182,0.20854249909451716,2.137329704187882
1.7,1.0000000000001925,12.624459534829798,0.20521438085184163,2.1400796112641864
1.7025000000000001,1.0000000000001914,12.721592237904977,0.20212724500371324,2.142835790879969
1.705,1.0000000000001918,12.812653836756398,0.19929399280195995,2.1455990871954986
1.7075,1.0000000000001925,12.896834283979338,0.19672590872097645,2.148370294270172
1.71,1.0000000000001927,12.973367542283189,0.19443267179045423,2.1511501426088757
1.7125000000000001,1.0000000000001932,13.041546163470722,0.19242237965771025,2.153939286419978
1.715,1.0000000000001932,13.100735359114559,0.1907015829829872,2.1567382920603912
1.7175,1.0000000000001936,13.150386030744638,0.18927532768769154,2.1595476281163744
1.72,1.000000000000194,13.190046239935462,0.18814720260125078,2.1623676575121262
1.7225000000000001,1.0000000000001943,13.219370644293184,0.18731939018029317,2.1651986319539325
1.725,1.000000000000195,13.238127502800486,0.18679271819150023,2.168040688910784
1.7275,1.0000000000001945,13.246202958976706,0.1865667105397434,2.170893851210671
1.73,1.0000000000001945,13.243602435715822,0.18663963576606166,2.1737580292045084
1.7325,1.0000000000001947,13.230449112190211,0.18700855211459255,2.176633025327143
1.735,1.0000000000001958,13.206979590416825,0.18766934845326172,2.179518540776771
1.7375,1.000000000000196,13.173536986554069,0.18861678071116358,2.1824141839487328
1.74,1.0000000000001956,13.13056179048436,0.18984450385055668,2.1853194802026636
1.7425,1.0000000000001956,13.078580919641885,0.19134509971100858,2.1882338825162537
1.745,1.000000000000196,13.018195445066644,0.193110101338936,2.191156782583754
1.7475,1.0000000000001967,12.950067488053937,0.19513001464227478,2.194087521949623
1.75,1.000000000000197,12.874906776163785,0.1973943383847296,2.197025402821629
1.7525,1.000000000000197,12.793457311797438,0.19989158365653942,2.199969698276245
1.7550000000000001,1.0000000000001972,12.706484550753194,0.20260929402986713,2.2029196616448674
1.7575,1.0000000000001972,12.614763418711618,0.20553406762881682,2.205874534945148
1.76,1.000000000000197,12.519067417114954,0.20865158231931272,2.2088335562917276
1.7625,1.0000000000001974,12.42015899245463,0.21194662515611945,2.211795966280553
1.7650000000000001,1.0000000000001978,12.318781269581097,0.2154031271172213,2.214761013388244
1.7675,1.0000000000001985,12.215651184019771,0.21900420401484078,2.2177279584617735
1.77,1.000000000000198,12.111453992787169,0.22273220430357876,2.2206960783946808
1.7725,1.0000000000001987,12.00683909897191,0.22656876431676168,2.223664669095699
1.7750000000000001,1.000000000000199,11.902417092452518,0.23049487125990567,2.2266330478563976
1.7775,1.000000000000199,11.798757886854007,0.23449093408366709,2.2296005552185694
1.78,1.0000000000001996,11.696389819960459,0.2385368621558392,2.232566556432195
1.7825,1.0000000000001996,11.595799579778973,0.24261215146043058,2.2355304425827995
1.7850000000000001,1.0000000000002,11.49743281967934,0.2466959778778501,2.2384916314545356
1.7875,1.0000000000002003,11.401695331957653,0.25076729694837446,2.241449568183585
1.79,1.0000000000002007,11.308954658385204,0.25480494939415405,2.2444037257458986
1.7925,1.0000000000002012,11.219542027599854,0.2587877715740254,2.2473536053144083
1.795,1.0000000000002014,11.133754521590035,0.2626947099695843,2.250298736513345
1.7975,1.0000000000002018,11.051857386235353,0.26650493874843656,2.2532386775912405
1.8,1.000000000000202,10.974086413321691,0.270197979418404,2.256173015529113
1.8025,1.000000000000202,10.900650333225988,0.2737538215715032,2.259101366096048
1.805,1.000000000000203,10.831733168287025,0.27715304371551447,2.26202337386072
1.8075,1.0000000000002027,10.767496506576355,0.28037693320085866,2.2649387121641062
1.81,1.0000000000002034,10.708081664274827,0.28340760426884687,2.2678470830557385
1.8125,1.0000000000002032,10.653611712130852,0.286228113271929,2.27074821719339
1.815,1.0000000000002032,10.60419334756071,0.2888225701458476,2.273641873704
1.8175000000000001,1.0000000000002036,10.559918598919475,0.2911762452461509,2.276527840002201
1.82,1.0000000000002043,10.520866352419791,0.29327567069636995,2.2794059315618997
1.8225,1.0000000000002038,10.487103695214666,0.2951087354314311,2.282275991636195
1.825,1.000000000000205,10.45868707041,0.2966647731568327,2.2851378909213826
1.8275000000000001,1.000000000000205,10.43566324135208,0.2979346424812864,2.2879915271620272
1.83,1.0000000000002054,10.418070063564846,0.2989107985176589,2.29083682469577
1.8325,1.0000000000002058,10.405937063303416,0.2995873552840923,2.2936737339389506
1.835,1.0000000000002054,10.399285821952633,0.2999601382746366,2.2965022308167096
1.8375000000000001,1.0000000000002058,10.398130165533791,0.3000267266071707,2.2993223161442873
1.84,1.000000000000206,10.402476158486241,0.29978648419697074,2.3021340149693374
1.8425,1.0000000000002065,10.412321900761146,0.2992405794482013,2.3049373758881617
1.845,1.0000000000002065,10.42765712719785,0.29839199300432373,2.3077324703518687
1.8475000000000001,1.0000000000002074,10.448462608252285,0.29724551315342684,2.310519391981167
1.85,1.0000000000002076,10.474709351516715,0.29580771854735377,2.3132982559109583
1.8525,1.0000000000002076,10.50635760422571,0.2940869479656736,2.316069198187726
1.855,1.0000000000002078,10.543355658201165,0.29209325693864147,2.318832375243905
1.8575,1.0000000000002085,10.585638460572035,0.2898383611387736,2.321587963473687
1.86,1.0000000000002085,10.633126036230346,0.28733556656017184,2.324336158933851
1.8625,1.0000000000002087,10.685721731467087,0.2845996866297325,2.3270771771910117
1.865,1.000000000000209,10.743310292666731,0.28164694653621813,2.3298112533329927
1.8675,1.000000000000209,10.80575579940255,0.27849487522272953,2.332538642156462
1.87,1.00000000000021,10.872899477809266,0.2751621856653946,2.335259618535683
1.8725,1.0000000000002094,10.944557427715738,0.2716686442548922,2.337974477967966
1.875,1.0000000000002098,11.020518305645806,0.26803493030488457,2.3406835372803423
1.8775,1.0000000000002107,11.100541015322195,0.26428248692756606,2.3433871354694302
1.8800000000000001,1.0000000000002105,11.184352467540458,0.2604333647343859,2.346085634632615
1.8825,1.0000000000002112,11.271645481928273,0.25651006003029164,2.348779420934344
1.885,1.000000000000211,11.362076913774548,0.2525353493617317,2.351468905537065
1.8875,1.0000000000002114,11.455266099287408,0.24853212244027464,2.3541545254129437
1.8900000000000001,1.0000000000002118,11.55079372167522,0.24452321558288298,2.3568367439411118
1.8925,1.0000000000002118,11.648201207563494,0.24053124787565966,2.359516051186342
1.895,1.0000000000002123,11.746990767562117,0.23657846227109683,2.362192963750105
1.8975,1.0000000000002125,11.846626195281603,0.23268657376355179,2.364868024084297
1.9000000000000001,1.0000000000002125,11.946534534711061,0.22887662665163988,2.367541799162465
1.9025,1.0000000000002125,12.04610871557836,0.22516886269144062,2.3702148784134596
1.905,1.000000000000213,12.144711239196795,0.22158260167709992,2.372887870838309
1.9075,1.0000000000002134,12.241678972682891,0.2181361356657677,2.3755614012528463
1.9100000000000001,1.0000000000002138,12.33632907701326,0.21484663770504192,2.378236105625791
1.9125,1.000000000000214,12.427966054409687,0.21173008553886624,2.3809126255142403
1.915,1.000000000000214,12.515889853903039,0.20880120037885044,2.383591601634875
1.9175,1.000000000000214,12.599404922290908,0.20607340044909986,2.3862736666486453
1.92,1.0000000000002147,12.677830033526506,0.20355876865981112,2.3889594372777005
1.9225,1.0000000000002152,12.750508676049328,0.2012680334522199,2.391649505914225
1.925,1.0000000000002152,12.816819728453545,0.19921056159668304,2.3943444319193787
1.9275,1.0000000000002152,12.876188113249755,0.19739436152547904,2.3970447328444786
1.93,1.0000000000002158,12.928095090300719,0.19582609564778522,2.3997508758331754
1.9325,1.0000000000002158,12.97208783928928,0.19451110002848146,2.402463269480234
1.935,1.000000000000216,13.007787986850975,0.19345340981379877,2.40518225642722
1.9375,1.000000000000216,13.034898759983749,0.19265578885120901,2.407908106966206
1.94,1.0000000000002172,13.053210492634927,0.19211976207153836,2.410641013898511
1.9425000000000001,1.0000000000002172,13.062604274859316,0.1918456493688101,2.4133810888567164
1.945,1.0000000000002172,13.063053609937164,0.1918325999170564,2.4161283602460824
1.9475,1.0000000000002176,13.054624029341479,0.1920786260912542,2.418882772898716
1.95,1.0000000000002178,13.03747070264531,0.19258063639937703,2.4216441894641405
1.9525000000000001,1.000000000000218,13.011834163331244,0.19333446707224472,2.4244123934878004
1.955,1.0000000000002183,12.97803434637101,0.1943349121862518,2.427187094059435
1.9575,1.000000000000219,12.936463194688471,0.19557575240158498,2.4299679318506997
1.96,1.0000000000002187,12.88757613587255,0.1970497825774845,2.432754486310094
1.9625000000000001,1.0000000000002192,12.831882756029264,0.19874883867116577,2.435546283745958
1.965,1.0000000000002196,12.769937004342863,0.20066382443534994,2.4383428060069003
1.9675,1.0000000000002203,12.702327251116264,0.20278473850074077,2.4411434994635726
1.97,1.0000000000002205,12.629666496318853,0.20510070246637616,2.4439477840055828
1.9725000000000001,1.0000000000002207,12.55258298831827,0.2075999906269041,2.4467550617902725
1.975,1.0000000000002205,12.471711467232712,0.21027006194728814,2.449564725513707
1.9775,1.0000000000002207,12.38768519794223,0.21309759485896898,2.4523761660152257
1.98,1.0000000000002212,12.301128907673661,0.21606852540378524,2.4551887790724276
1.9825000000000002,1.0000000000002212,12.21265269513593,0.21916808919882214,2.4580019712904027
1.985,1.0000000000002218,12.122846934696216,0.2223808676409805,2.4608151650349672
1.9875,1.000000000000222,12.032278161630996,0.22569083871627751,2.463627802402311
1.99,1.000000000000222,11.941485893973551,0.22908143272508164,2.466439348255302
1.9925,1.0000000000002223,11.850980323234428,0.23253559317756153,2.469249292388427
1.995,1.0000000000002225,11.76124079012497,0.23603584304888875,2.4720571509082347
1.9975,1.000000000000223,11.672714951815765,0.2395643565056868,2.4748624669338297
2.0,1.0000000000002227,11.58581854338845,0.2431030361190515,2.477664810732365
2.0025,1.0000000000002234,11.50093563699909,0.24663359546234595,2.4804637794081126
2.005,1.000000000000223,11.41841930679123,0.25013764685409906,2.483258996260962
2.0075,1.0000000000002238,11.338592614705638,0.25359679385191314,2.4860501099221874
2.0100000000000002,1.000000000000224,11.261749841022636,0.25699272794013867,2.4888367933631903
2.0125,1.000000000000224,11.188157892848885,0.2603073286935365,2.491618742857722
2.015,1.0000000000002247,11.118057833085002,0.26352276655414736,2.4943956769615108
2.0175,1.0000000000002247,11.051666481120899,0.26662160724223644,2.4971673355562345
2.02,1.0000000000002252,10.989178044226227,0.269586916745479,2.4999334789887984
2.0225,1.0000000000002256,10.930765745139638,0.2724023658004781,2.502693887322865
2.025,1.0000000000002256,10.876583416680232,0.27505233279896857,2.505448359708085
2.0275,1.000000000000226,10.826767038407967,0.2775220041133,2.508196713864135
2.0300000000000002,1.000000000000226,10.78143619364272,0.27979747093204227,2.5109387856713234
2.0325,1.0000000000002265,10.740695427761557,0.2818658218125868,2.513674428857049
2.035,1.0000000000002267,10.704635490888787,0.283715230276866,2.516403514767348
2.0375,1.0000000000002276,10.673334450105886,0.28533503688259293,2.519125932214357
2.04,1.0000000000002276,10.646858658314601,0.28671582528225353,2.5218415873931845
2.0425,1.000000000000228,10.625263568991572,0.2878494918270115,2.524550403864475
2.045,1.0000000000002283,10.608594388304933,0.28872930828031634,2.5272523226015364
2.0475,1.0000000000002285,10.596886558383002,0.28934997718057365,2.5299473021024035
2.05,1.0000000000002285,10.590166067843755,0.28970767934347647,2.5326353185677104
2.0525,1.0000000000002294,10.588449587898614,0.289800112936291,2.5353163661444027
2.055,1.0000000000002292,10.591744434329284,0.28962652350376245,2.5379904572333625
2.0575,1.0000000000002294,10.600048357326695,0.2891877242927773,2.5406576228561937
2.06,1.0000000000002298,10.613349162557476,0.2884861062215471,2.543317913073094
2.0625,1.0000000000002303,10.63162416792897,0.28752563687552596,2.5459713974403195
2.065,1.0000000000002305,10.654839501470104,0.2863118479876822,2.548618165492649
2.0675,1.000000000000231,10.682949246696106,0.2848518109716914,2.551258327233764
2.07,1.0000000000002311,10.715894442977786,0.2831541002161455,2.5538920136158016
2.0725000000000002,1.0000000000002314,10.753601949993485,0.2812287440074134,2.5565193769885126
2.075,1.0000000000002318,10.795983187481056,0.27908716312024096,2.5591405914985104
2.0775,1.0000000000002325,10.842932764353812,0.27674209729235566,2.561755853419736
2.08,1.0000000000002318,10.89432701485005,0.2742075199790138,2.5643653813974012
2.0825,1.000000000000233,10.950022463720888,0.27149854196519174,2.566969416588941
2.085,1.0000000000002323,11.009854247417435,0.268631304598375,2.5695682226869008
2.0875,1.0000000000002336,11.07363452364257,0.2656228635954476,2.5721620858098126
2.09,1.0000000000002338,11.141150907275174,0.26249106457271587,2.5747513142483807
2.0925000000000002,1.0000000000002338,11.212164976334162,0.25925441164530116,2.5773362380552065
2.095,1.000000000000234,11.286410897122826,0.2559319306326976,2.5799172084676028
2.0975,1.000000000000235,11.363594222813465,0.2525430285787807,2.5824945971542936
2.1,1.0000000000002351,11.443390924367112,0.24910735143104817,2.585068795278515
2.1025,1.0000000000002354,11.525446716726341,0.2456446418084743,2.587640212371893
2.105,1.0000000000002356,11.609376746549994,0.24217459880505895,2.590209275015436
2.1075,1.0000000000002358,11.694765710194833,0.23871674171682716,2.592776425325675
2.11,1.0000000000002365,11.781168471891313,0.23529027944090206,2.5953421192448927
2.1125,1.0000000000002365,11.868111251644873,0.23191398708243305,2.597906824634218
2.115,1.0000000000002367,11.955093449668288,0.22860609103330246,2.6004710191665743
2.1175,1.0000000000002371,12.041590168288806,0.22538416347756987,2.6030351880131617
2.12,1.0000000000002374,12.12705548234094,0.2222650269586263,2.6055998213124707
2.1225,1.0000000000002378,12.210926494130904,0.21926466933851094,2.608165411405683
2.125,1.0000000000002378,12.292628188402112,0.21639816921381866,2.6107324498179305
2.1275,1.0000000000002387,12.371579075990354,0.2136796316413104,2.6133014239628545
2.13,1.0000000000002385,12.44719758226969,0.2111221338767717,2.6158728135501645
2.1325,1.0000000000002385,12.518909099050564,0.20873768074034565,2.6184470866838794
2.1350000000000002,1.0000000000002387,12.586153578141422,0.20653716917909304,2.6210246956539063
2.1375,1.0000000000002396,12.648393503980616,0.20453036158554014,2.62360607244551
2.14,1.0000000000002398,12.705122044892127,0.20272586742910348,2.626191624019272
2.1425,1.0000000000002403,12.755871151258692,0.20113113274647157,2.6287817274457876
2.145,1.0000000000002403,12.800219347799866,0.19975243700264908,2.6313767250114957
2.1475,1.0000000000002407,12.8377989591863,0.19859489676927072,2.6339769194403364
2.15,1.0000000000002405,12.868302515389574,0.19766247557217703,2.636582569396403
2.1525,1.000000000000241,12.891488106049069,0.19695799914607454,2.6391938854416424
2.1550000000000002,1.0000000000002416,12.907183490757673,0.19648317521709954,2.6418110266177393
2.1575,1.000000000000242,12.915288822023525,0.1962386168354274,2.644434097801931
2.16,1.000000000000242,12.915777895992354,0.19622386822169582,2.6470631479541273
2.1625,1.0000000000002425,12.90869790825562,0.19643743209217485,2.649698169330504
2.165,1.0000000000002425,12.89416775344499,0.19687679750138623,2.6523390976913226
2.1675,1.000000000000243,12.872374963416759,0.19753846739157835,2.6549858134831266
2.17,1.0000000000002434,12.84357142613255,0.19841798526015625,2.657638143932723
2.1725,1.000000000000243,12.808068063525548,0.19950996063269788,2.66029586595611
2.1750000000000003,1.0000000000002438,12.766228670712747,0.2008080933357098,2.662958709762244
2.1775,1.000000000000244,12.71846313110994,0.2023051968691805,2.665626363019582
2.18,1.000000000000244,12.665220223522496,0.20399322145218063,2.6682984754515986
2.1825,1.000000000000244,12.606980229910107,0.2058632775260077,2.670974663733646
2.185,1.0000000000002447,12.544247538259881,0.2079056606272159,2.673654516574518
2.1875,1.0000000000002445,12.477543415752063,0.2101098785767209,2.6763375998791337
2.19,1.0000000000002447,12.407399104768874,0.2124646818735736,2.679023461901386
2.1925,1.000000000000245,12.334349369510594,0.21495809804810975,2.681711638307183
2.195,1.0000000000002456,12.258926594951733,0.21757747054446142,2.68440165707643
2.1975000000000002,1.000000000000246,12.181655513297091,0.22030950249789516,2.6870930431797286
2.2,1.000000000000246,12.103048606625515,0.2231403055792539,2.6897853229718214
2.2025,1.000000000000246,12.023602208740932,0.22605545392186746,2.6924780282503518
2.205,1.0000000000002465,11.943793305202899,0.22904004303980702,2.6951706999363414
2.2075,1.000000000000247,11.864077008997956,0.23207875359042812,2.697862891342258
2.21,1.0000000000002467,11.784884671260414,0.23515591981512965,2.7005541710046406
2.2125,1.0000000000002471,11.706622572651838,0.23825560248563618,2.7032441250703423
2.215,1.0000000000002476,11.62967113198201,0.2413616661593371,2.7059323592375253
2.2175000000000002,1.0000000000002485,11.554384564524195,0.24445786047896093,2.7086185002636656
2.22,1.0000000000002485,11.481090922903947,0.24752790512163259,2.711302197061952
2.2225,1.0000000000002487,11.410092457628773,0.2505555778084442,2.713983121414144
2.225,1.0000000000002491,11.341666241110442,0.2535248045451138,2.716660968331978
2.2275,1.0000000000002494,11.276065007027514,0.25641975101210335,2.7193354561009637
2.23,1.0000000000002498,11.213518164671827,0.2592249138062678,2.7220063260406446
2.2325,1.0000000000002496,11.154232954283616,0.2619252101073845,2.7246733420149822
2.235,1.0000000000002502,11.098395713425091,0.2645060643466879,2.7273362897264595
2.2375000000000003,1.0000000000002502,11.04617322577494,0.26695349061821094,2.72999497582851
2.24,1.0000000000002505,10.997714122483403,0.26925416989883777,2.732649226893315
2.2425,1.0000000000002514,10.953150303052801,0.271395521600669,2.735298888275929
2.245,1.0000000000002516,10.912598338641647,0.2733657695118118,2.737943822920379
2.2475,1.000000000000252,10.876160816995904,0.2751540027093108,2.7405839101581266
2.25,1.000000000000252,10.843927586166602,0.2767502324610843,2.743219044552794
2.2525,1.0000000000002522,10.815976854856542,0.2781454463884728,2.7458491348462006
2.255,1.0000000000002522,10.79237611133669,0.2793316611744801,2.748474103058575
2.2575,1.0000000000002527,10.77318283054883,0.2803019748469974,2.7510938837895424
2.2600000000000002,1.0000000000002531,10.758444949850382,0.281050619156038,2.7537084237561524
2.2625,1.0000000000002534,10.748201106899758,0.2815730118584368,2.756317681590127
2.265,1.000000000000254,10.742480647038246,0.281865807919439,2.7589216278998245
2.2675,1.0000000000002542,10.741303420572496,0.28192694785910083,2.7615202455845287
2.27,1.0000000000002545,10.744679400971368,0.28175570083874363,2.7641135303714246
2.2725,1.0000000000002547,10.752608161778062,0.281352699709336,2.766701491530826
2.275,1.0000000000002545,10.765078252086294,0.2807199652049224,2.7692841527145666
2.2775,1.0000000000002554,10.782066507453662,0.2798609167855016,2.7718615528571013
2.2800000000000002,1.0000000000002554,10.803537325556897,0.278780368284251,2.7744337470795095
2.2825,1.0000000000002556,10.829441924859664,0.2774845074093598,2.77700080754299
2.285,1.0000000000002558,10.859717591762433,0.27598085916564696,2.7795628242098425
2.2875,1.0000000000002565,10.894286909197108,0.2742782342493058,2.7821199054846826
2.29,1.0000000000002562,10.93305694955799,0.2723866642874606,2.7846721787247493
2.2925,1.000000000000257,10.975918409142988,0.27031732632746996,2.7872197906234093
2.295,1.0000000000002573,11.02274466131234,0.2680824591615183,2.789762907483013
2.2975,1.0000000000002578,11.07339071200238,0.2656952738922096,2.792301715400389
2.3000000000000003,1.0000000000002576,11.127692053809628,0.26316986065804554,2.7948364203892657
2.3025,1.000000000000258,11.185463432429936,0.2605210927492562,2.7973672484584267
2.305,1.000000000000259,11.246497559850747,0.2577645285930268,2.799894445653089
2.3075,1.000000000000259,11.310563829859317,0.2549163114197563,2.802418278051317
2.31,1.0000000000002598,11.37740711044722,0.2519930659675594,2.804939031689504
2.3125,1.00000000000026,11.446746702049204,0.24901179142851274,2.8074570123737206
2.315,1.0000000000002598,11.518275558308845,0.24598975001782752,2.8099725453196216
2.3175,1.00000000000026,11.591659866149634,0.24294435102436052,2.812485974555163
2.32,1.000000000000261,11.666539074347595,0.23989303088958464,2.8149976620189583
2.3225000000000002,1.0000000000002611,11.742526445621095,0.236853130634332,2.8175079862934616
2.325,1.0000000000002611,11.819210188445078,0.23384177266423595,2.8200173409257023
2.3275,1.0000000000002616,11.896155203876779,0.23087573950250048,2.8225261323074977
2.33,1.0000000000002618,11.972905462237962,0.22797135722408915,2.8250347771095217
2.3325,1.0000000000002618,12.04898700667657,0.22514438625340505,2.8275436992866423
2.335,1.000000000000262,12.12391156665499,0.22240992175340774,2.830053326692983
2.3375,1.0000000000002625,12.197180754282133,0.21978230515061664,2.8325640873621345
2.34,1.0000000000002625,12.268290808826341,0.2172750475235151,2.8350764055199646
2.3425000000000002,1.000000000000263,12.336737847352754,0.21490076476905728,2.8375906974046448
2.345,1.000000000000263,12.402023569304756,0.21267112378721836,2.840107366972022
2.3475,1.0000000000002633,12.463661347261887,0.21059679849277652,2.842626801566279
2.35,1.0000000000002636,12.52118261332669,0.20868743433595002,2.8451493676379043
2.3525,1.0000000000002645,12.574143420631021,0.2069516201911389,2.8476754065948002
2.355,1.0000000000002647,12.62213102451623,0.20539686690022682,2.8502052308783234
2.3575,1.0000000000002647,12.66477029246159,0.20402959233055287,2.8527391203630086
2.36,1.000000000000265,12.70172972197431,0.2028551133945613,2.855277319184244
2.3625000000000003,1.0000000000002651,12.732726828326866,0.20187764593838264,2.8578200330987857
2.365,1.0000000000002653,12.757532665561367,0.20110031361786943,2.8603674274751407
2.3675,1.000000000000266,12.775975268891443,0.20052516676001683,2.862919625991804
2.37,1.000000000000266,12.787941855583517,0.20015321172822204,2.865476710090192
2.3725,1.0000000000002665,12.793379691688049,0.19998445050807845,2.8680387191874703
2.375,1.0000000000002671,12.792295616748671,0.20001792920505393,2.8706056516063914
2.3775,1.0000000000002673,12.784754307827754,0.20025179304594742,2.873177466131162
2.38,1.000000000000267,12.770875446213497,0.2006833444826237,2.875754084057405
2.3825,1.0000000000002676,12.750830013737174,0.2013091002938058,2.878335391577633
2.3850000000000002,1.0000000000002678,12.724835981851232,0.20212484332820532,2.880921242336248
2.3875,1.000000000000268,12.69315366071749,0.20312566483627004,2.8835114600021687
2.39,1.0000000000002682,12.656080947830375,0.20430599422867854,2.8861058407410884
2.3925,1.0000000000002691,12.613948661595519,0.20565961451929013,2.8887041555178596
2.395,1.0000000000002691,12.567116074482968,0.20717966351229147,2.8913061522147485
2.3975,1.0000000000002693,12.515966685115771,0.20885862275820527,2.893911557603955
2.4,1.0000000000002698,12.460904201573157,0.2106882981662845,2.8965200792541115
2.4025,1.0000000000002702,12.402348660110293,0.21265979764889759,2.8991314074735146
2.4050000000000002,1.0000000000002707,12.34073258159603,0.21476351204801702,2.9017452173942275
2.4075,1.0000000000002707,12.276497074615692,0.21698910568965082,2.9043611712810726
2.41,1.0000000000002713,12.210087826683898,0.2193255221677472,2.9069789211121435
2.4125,1.0000000000002711,12.141950976239109,0.22176100943436924,2.9095981114296157
2.415,1.0000000000002718,12.072528917883595,0.22428316614674074,2.9122183824098684
2.4175,1.0000000000002722,12.00225615033567,0.22687900877284972,2.914839373058729
2.42,1.0000000000002722,11.931555320202053,0.2295350565272589,2.9174607244079107
2.4225,1.0000000000002724,11.860833636904692,0.2322374291525539,2.9200820825769385
2.4250000000000003,1.0000000000002731,11.790479830607149,0.2349719511929517,2.922703101572161
2.4275,1.0000000000002733,11.72086179577583,0.23772425594478408,2.925323445718823
2.43,1.0000000000002736,11.652325012196245,0.24047988279997864,2.9279427916591745
2.4325,1.000000000000274,11.58519177025252,0.243224363155552,2.9305608298928285
2.435,1.000000000000274,11.519761157480009,0.2459432922275451,2.9331772658783604
2.4375,1.0000000000002744,11.456309698700796,0.2486223866459165,2.9357918207512848
2.44,1.0000000000002747,11.395092491295538,0.2512475302147551,2.938404231738487
2.4425,1.0000000000002747,11.33634464688661,0.25380481229518,2.9410142523602745
2.445,1.0000000000002756,11.280282844265246,0.2562805645673617,2.9436216525085674
2.4475000000000002,1.0000000000002753,11.227106815619955,0.2586614022376898,2.9462262184749695
2.45,1.0000000000002758,11.177000625495017,0.260934275022799,2.9488277529796134
2.4525,1.000000000000276,11.130133653204679,0.2630865315820267,2.9514260752250383
2.455,1.0000000000002764,11.086661246738512,0.26510599875642604,2.954021020973726
2.4575,1.0000000000002767,11.046725071112101,0.26698107438866353,2.9566124426275486
2.46,1.000000000000277,11.01045321897453,0.26870083007402373,2.9592002092749445
2.4625,1.0000000000002776,10.977960180208571,0.2702551183331681,2.9617842066686735
2.465,1.0000000000002773,10.94934677694969,0.2716346777129758,2.964364337103062
2.4675000000000002,1.0000000000002778,10.924700160561208,0.27283122937480403,2.966940519172935
2.47,1.0000000000002782,10.904093940199827,0.2738375598035984,2.9695126874141207
2.4725,1.0000000000002784,10.887588473715015,0.2746475861722471,2.9720807918438523
2.475,1.0000000000002789,10.875231307457954,0.2752564032823507,2.9746447974353276
2.4775,1.0000000000002793,10.867057709525918,0.27566031344519465,2.9772046835710957
2.48,1.0000000000002796,10.863091208040778,0.2758568427205522,2.9797604435230594
2.4825,1.00000000000028,10.863344027859045,0.27584474821552735,2.98231208400214
2.485,1.0000000000002798,10.867817319023898,0.2756240214137296,2.984859624808885
2.4875000000000003,1.0000000000002804,10.87650108896671,0.27519589168961495,2.987403098599482
2.49,1.0000000000002807,10.889373785760949,0.27456283239362284,2.9899425507627977
2.4925,1.0000000000002816,10.906401526851415,0.2737285694795995,2.9924780393863206
2.495,1.0000000000002816,10.927537019884138,0.27269809002533957,2.995009635275701
2.4975,1.000000000000281,10.952718271755394,0.27147764566465826,2.9975374219861353
2.5,1.0000000000002822,10.981867221022108,0.27007474437079726,3.000061495825895
2.5025,1.000000000000282,11.014888450760337,0.26849812356031133,3.0025819658025727
2.505,1.000000000000283,11.051668139366376,0.266757698300187,3.005098953499723
2.5075,1.000000000000283,11.092073384109991,0.26486448046059136,3.0076125928929214
2.5100000000000002,1.000000000000283,11.13595198820862,0.2628304677070719,3.010123030135602
2.5125,1.0000000000002836,11.183132741782845,0.26066850483457726,3.0126304233626904
2.515,1.000000000000284,11.233426158031536,0.25839212356372704,3.0151349425696314
2.5175,1.000000000000284,11.286625557944891,0.2560153699742225,3.0176367696230098
2.52,1.0000000000002842,11.342508340113364,0.2535526307357519,3.0201360984450196
2.5225,1.0000000000002844,11.400837236178491,0.25101846985857285,3.0226331353877796
2.525,1.000000000000285,11.461361344512973,0.2484274866790842,3.0251280997775587
2.5275,1.000000000000285,11.52381675870206,0.2457942033102968,3.027621224567725
2.5300000000000002,1.0000000000002862,11.587926662946241,0.2431329861374322,3.0301127569985447
2.5325,1.0000000000002862,11.653400848644601,0.24045800161754252,3.032602959128711
2.535,1.0000000000002864,11.719934705895216,0.23778320224794416,3.0350921080835676
2.5375,1.0000000000002875,11.787207847878124,0.23512233471850552,3.0375804958639234
2.54,1.000000000000287,11.854882620674882,0.23248895950232304,3.040068428579177
2.5425,1.0000000000002869,11.92260282173248,0.22989646986056553,3.0425562250091174
2.545,1.0000000000002875,11.989992984769646,0.22735809862209344,3.0450442144564933
2.5475,1.0000000000002882,12.05665857939963,0.22488690309100093,3.0475327339202
2.5500000000000003,1.0000000000002882,12.122187417616104,0.2224957217497939,3.050022124688112
2.5525,1.0000000000002884,12.186152460415789,0.22019710059038755,3.0525127285089475
2.555,1.0000000000002887,12.248116086333507,0.21800319133244567,3.0550048835447887
2.5575,1.0000000000002893,12.307635734902469,0.21592562786559835,3.0574989203227934
2.56,1.000000000000289,12.36427069072886,0.21397539043045163,3.059995157892702
2.5625,1.0000000000002895,12.417589647481844,0.21216266892757568,3.06249390035691
2.565,1.0000000000002902,12.467178603061727,0.21049673710382885,3.0649954338779373
2.5675,1.0000000000002893,12.512648600099913,0.2089858482168927,3.0675000241939636
2.57,1.0000000000002909,12.553642845339493,0.20763716032939813,3.0700079145991928
2.5725000000000002,1.0000000000002907,12.589842814757189,0.20645669600229344,3.0725193242853823
2.575,1.000000000000291,12.620973067898676,0.20544933731328474,3.075034446904756
2.5775,1.0000000000002915,12.646804637649804,0.20461885332415417,3.0775534492103622
2.58,1.000000000000292,12.66715700952925,0.20396795383270994,3.080076469658484
2.5825,1.0000000000002922,12.681898836074838,0.20349836085513717,3.082603616914763
2.585,1.0000000000002922,12.690947628627624,0.20321088804720608,3.085134968280321
2.5875,1.0000000000002922,12.694268718571367,0.2031055182888754,3.0876705681325345
2.59,1.0000000000002929,12.691873778763881,0.20318147086740362,3.090210426541631
2.5925000000000002,1.000000000000293,12.683819148033267,0.20343725189336054,3.09275451826544
2.595,1.0000000000002938,12.670204119330023,0.2038706844492683,3.0953027823312462
2.5975,1.000000000000294,12.65116925276288,0.2044789181059927,3.0978551223828528
2.6,1.000000000000294,12.62689467761628,0.2052584204309951,3.1004114079065226
2.6025,1.0000000000002947,12.59759827036446,0.20620495557269466,3.1029714763616325
2.605,1.0000000000002947,12.563533551910504,0.2073135566376068,3.1055351361448844
2.6075,1.0000000000002949,12.524987143367827,0.20857849920384014,3.108102170226774
2.61,1.0000000000002953,12.482275654773735,0.20999328289946875,3.110672340230282
2.6125000000000003,1.0000000000002955,12.435741947390392,0.21155062662341817,3.113245390684976
2.615,1.0000000000002958,12.38575079479248,0.2132424809301354,3.115821053189776
2.6175,1.000000000000296,12.332684055284483,0.21506005865812464,3.118399050253012
2.62,1.0000000000002964,12.276935543133957,0.21699388242131237,3.1209790986416572
2.6225,1.0000000000002969,12.21890583631289,0.21903384545927554,3.1235609121511794
2.625,1.000000000000297,12.158997276321085,0.22116928085882293,3.1261442037898264
2.6275,1.0000000000002982,12.097609399315942,0.22338903351724176,3.1287286874432265
2.63,1.0000000000002975,12.035134990853775,0.22568152949105966,3.1313140791367777
2.6325,1.000000000000298,11.971956887267204,0.228034838499776,3.133900098038192
2.6350000000000002,1.0000000000002989,11.908445566151023,0.23043672714012656,3.1364864673399633
2.6375,1.0000000000002993,11.844957488609271,0.23287470252275067,3.1390729151345513
2.64,1.0000000000002993,11.781834087827901,0.23533604822485654,3.141659175351604
2.6425,1.0000000000002995,11.719401250612178,0.23780785631313525,3.1442449887754926
2.645,1.0000000000003002,11.657969115605308,0.24027706043523422,3.1468301041130777
2.6475,1.0000000000003,11.597832014866391,0.24273047540538645,3.149414279044373
2.65,1.0000000000003004,11.539268411493088,0.24515484824521566,3.1519972811688284
2.6525,1.0000000000003002,11.4825407292356,0.2475369243440525,3.154578888760029
2.6550000000000002,1.0000000000003009,11.42789502291557,0.2498635304588385,3.1571588912608948
2.6575,1.0000000000003013,11.375560492677682,0.2521216739619868,3.159737089486029
2.66,1.0000000000003015,11.325748892992616,0.2542986553996048,3.1623132955413698
2.6625,1.0000000000003018,11.278653922793117,0.25638218937859186,3.164887332516215
2.665,1.0000000000003018,11.234450702293364,0.25836052734926623,3.167459034041458
2.6675,1.0000000000003024,11.193295443564638,0.2602225751924444,3.1700282438340324
2.67,1.0000000000003029,11.155325406911702,0.26195799874278564,3.1725948153566996
2.6725,1.000000000000303,11.120659206657619,0.26355731144508304,3.175158611712535
2.6750000000000003,1.0000000000003033,11.089397492682043,0.2650119400924537,3.1777195058656718
2.6775,1.0000000000003033,11.06162399326063,0.26631426679109294,3.1802773812373726
2.68,1.000000000000304,11.037406865688325,0.2674576476404932,3.18283213267477
2.6825,1.0000000000003042,11.01680026842702,0.2684364108093034,3.1853836677352976
2.685,1.0000000000003046,10.999846045522157,0.2692458384599046,3.1879319081799276
2.6875,1.0000000000003049,10.986575402742549,0.2698821381345713,3.190476791529449
2.69,1.0000000000003055,10.977010455731191,0.2703424096603236,3.1930182725153804
2.6925,1.0000000000003055,10.971165542399202,0.2706246133548985,3.1955563242540044
2.695,1.0000000000003058,10.969048212692538,0.2707275444099338,3.198090938989469
2.6975000000000002,1.000000000000306,10.970659835790787,0.2706508169474222,3.20062212828859
2.7,1.0000000000003066,10.975995794520571,0.27039485959204,3.2031499226219453
2.7025,1.0000000000003064,10.985045266150648,0.2699609226869653,3.2056743703278787
2.705,1.0000000000003069,10.997790615123298,0.2693510956987794,3.2081955360210945
2.7075,1.0000000000003075,11.014206444739767,0.2685683320622332,3.2107134985685186
2.71,1.0000000000003078,11.0342583702917,0.2676164778079052,3.2132283488051527
2.7125,1.0000000000003086,11.057901585411106,0.26650029983578966,3.2157401871958817
2.715,1.0000000000003084,11.085079297031445,0.26522550963213254,3.218249121661751
2.7175000000000002,1.000000000000309,11.11572110337648,0.26379877851903005,3.2207552657789904
2.72,1.0000000000003093,11.149741385153831,0.26222774109359176,3.223258737526871
2.7225,1.00000000000031,11.187037773971035,0.26052098426348563,3.2257596587089212
2.725,1.00000000000031,11.22748975503978,0.2586880201313793,3.2282581551063263
2.7275,1.0000000000003102,11.270957454247773,0.25673924185126384,3.2307543573487703
2.73,1.000000000000311,11.317280652984417,0.2546858624246293,3.233248402414167
2.7325,1.0000000000003109,11.366278067637358,0.2525398371937357,3.2357404356020503
2.735,1.0000000000003113,11.417746924083062,0.2503137715071108,3.238230612772853
2.7375000000000003,1.0000000000003113,11.47146285032466,0.24802081567006506,3.2407191026124273
2.74,1.000000000000312,11.527180102327735,0.24567454984062506,3.2432060886713723
2.7425,1.0000000000003122,11.584632128985888,0.24328886197228405,3.245691770943345
2.745,1.0000000000003126,11.643532472322116,0.24087782221439044,3.2481763667839765
2.7475,1.0000000000003133,11.703575989231991,0.2384555573275906,3.2506601110285835
2.75,1.0000000000003135,11.764440372381415,0.23603612862436885,3.253143255236477
2.7525,1.000000000000314,11.825787941536777,0.23363341668084914,3.2556260660651497
2.755,1.0000000000003142,11.887267673797586,0.23126101558022,3.2581088228508452
2.7575,1.0000000000003144,11.948517442709655,0.2289321387595018,3.260591814535319
2.7600000000000002,1.0000000000003144,12.00916644220267,0.226659537686053,3.2630753361255405
2.7625,1.000000000000315,12.068837781018392,0.22445543366019263,3.2655596848990593
2.765,1.000000000000315,12.127151245174918,0.22233146211653348,3.2680451565707695
2.7675,1.0000000000003157,12.183726237668067,0.22029862797803823,3.270532041617675
2.77,1.0000000000003164,12.238184913174988,0.21836726999706418,3.2730206219203195
2.7725,1.0000000000003164,12.290155528097486,0.21654703167123146,3.2755111678284474
2.775,1.0000000000003166,12.339276020475669,0.21484683629195636,3.2780039357012596
2.7775,1.0000000000003169,12.385197818789942,0.2132748639739529,3.2804991659166474
2.7800000000000002,1.0000000000003173,12.4275898536349,0.21183852908685358,3.2829970812962146
2.7825,1.000000000000318,12.466142713622888,0.21054445728866453,3.2854978858588453
2.785,1.000000000000318,12.500572850294418,0.20939846223879074,3.288001763798673
2.7875,1.0000000000003184,12.530626701251968,0.20840552292341866,3.290508878584033
2.79,1.000000000000319,12.55608457184593,0.2075697632358461,3.2930193720908165
2.7925,1.0000000000003189,12.5767640989864,0.20689443591317627,3.2955333637126225
2.795,1.0000000000003197,12.592523120351046,0.20638191306407344,3.2980509494260764
2.7975,1.0000000000003197,12.603261790736262,0.20603368529736985,3.3005722008268723
2.8000000000000003,1.0000000000003202,12.608923824308684,0.20585037089286568,3.3030971641849054
2.8025,1.0000000000003204,12.60949679403993,0.20583173560502072,3.305625859591271
2.805,1.0000000000003206,12.605011482141132,0.20597672265917055,3.3081582802827723
2.8075,1.0000000000003209,12.595540340570249,0.20628349141857844,3.3106943922305048
2.81,1.000000000000321,12.581195180663187,0.20674946221238813,3.3132341340685834
2.8125,1.0000000000003215,12.56212425814012,0.20737136405757406,3.315777417419788
2.815,1.0000000000003217,12.538508948336691,0.20814528159760243,3.3183241276497935
2.8175,1.000000000000322,12.51056021326828,0.20906669759289345,3.32087412505439
2.82,1.000000000000322,12.47851504689786,0.21013052775867525,3.323427246457909
2.8225000000000002,1.0000000000003226,12.442633050665012,0.21133114562325547,3.325983307178569
2.825,1.0000000000003226,12.403193243441333,0.21266239628792627,3.328542103299422
2.8275,1.0000000000003237,12.360491155782656,0.21411759937668357,3.3311034141728326
2.83,1.0000000000003235,12.31483620537943,0.21568954290746617,3.333667005081986
2.8325,1.0000000000003242,12.266549306072234,0.21737047112470104,3.3362326299839156
2.835,1.0000000000003242,12.215960632174776,0.21915207034583079,3.338800034264154
2.8375,1.0000000000003246,12.163407446263328,0.22102545746576904,3.3413689574416265
2.84,1.0000000000003253,12.109231902530276,0.22298117585620789,3.343939135772829
2.8425000000000002,1.0000000000003253,12.053778757204457,0.22500920297486382,3.3465103047150984
2.845,1.0000000000003255,11.99739294831029,0.2270989731086079,3.349082201219104
2.8475,1.0000000000003257,11.940417043777748,0.22923941741579537,3.351654565829636
2.85,1.0000000000003257,11.883188593828722,0.23141902195153735,3.354227144580893
2.8525,1.0000000000003262,11.826037455317692,0.23362590282369292,3.356799690677563
2.855,1.0000000000003266,11.769283178143338,0.23584789620760124,3.3593719659561376
2.8575,1.000000000000327,11.713232554478923,0.2380726597947306,3.361943742122358
2.86,1.0000000000003275,11.658177429743748,0.24028778147640353,3.3645148017611257
2.8625000000000003,1.0000000000003275,11.604392861054516,0.24248089072835663,3.367084939115251
2.865,1.000000000000328,11.552135686860142,0.24463976826714492,3.369653960629926
2.8675,1.0000000000003286,11.501643543990033,0.24675245004243304,3.3722216852616285
2.87,1.000000000000329,11.453134339182466,0.24880732241289355,3.374787944553858
2.8725,1.0000000000003295,11.40680615483318,0.2507932063035972,3.377352582488218
2.875,1.0000000000003293,11.36283754606303,0.2526994291282202,3.379915455127874
2.8775,1.0000000000003293,11.32138817010557,0.25451588416250914,3.3824764300809465
2.88,1.0000000000003302,11.282599680191806,0.256233077788673,3.3850353858232523
2.8825,1.0000000000003306,11.246596814205805,0.25784216554707773,3.3875922109316567
2.8850000000000002,1.0000000000003308,11.213488612144719,0.259334978228852,3.3901468032896847
2.8875,1.0000000000003315,11.183369703982477,0.2607040393564839,3.3926990693344785
2.89,1.0000000000003315,11.156321618798824,0.2619425753919478,3.395248923416901
2.8925,1.0000000000003317,11.132414074989224,0.2630445199571793,3.397796287343552
2.895,1.0000000000003324,11.111706218425175,0.26400451331758457,3.4003410901598556
2.8975,1.0000000000003324,11.094247779628125,0.2648178984124768,3.402883268217134
2.9,1.000000000000333,11.080080122140126,0.26548071483203234,3.405422765544449
2.9025,1.000000000000333,11.069237152836553,0.26598969231854924,3.407959534519456
2.9050000000000002,1.0000000000003333,11.06174606206401,0.2663422455585963,3.4104935368037617
2.9075,1.0000000000003337,11.057627858729912,0.26653647215829146,3.413024744480038
2.91,1.000000000000334,11.056897664486872,0.2665711556757605,3.4155531413034512
2.9125,1.0000000000003346,11.059564733459302,0.2664457753519262,3.4180787239615444
2.915,1.0000000000003348,11.065632170654784,0.2661605236886506,3.42060150322744
2.9175,1.0000000000003355,11.075096333776512,0.2657163322661125,3.423121504892397
2.92,1.0000000000003353,11.087945919360276,0.26511490520893527,3.4256387703766613
2.9225,1.0000000000003357,11.104160754008866,0.2643587585876224,3.4281533569413685
2.9250000000000003,1.0000000000003362,11.123710333339227,0.2634512628994115,3.4306653374576137
2.9275,1.0000000000003366,11.146552172965489,0.2623966847536827,3.4331747997287607
2.93,1.000000000000337,11.172630055062927,0.2612002231363601,3.4356818454049423
2.9325,1.0000000000003377,11.201872268502655,0.25986803527102875,3.4381865885700753
2.935,1.0000000000003377,11.234189948277198,0.25840724721816216,3.4406891541171007
2.9375,1.0000000000003382,11.269475619625991,0.2568259449897766,3.4431896760522105
2.94,1.0000000000003386,11.307602043391121,0.25513314307424406,3.4456882958802133
2.9425,1.0000000000003388,11.34842144206675,0.2533387287722206,3.448185161218537
2.945,1.0000000000003393,11.391765162034808,0.2514533824946702,3.4506804247661083
2.9475000000000002,1.0000000000003395,11.437443798690511,0.24948847598806317,3.453174243716604
2.95,1.0000000000003397,11.485247780239972,0.24745595213828955,3.455666779656225
2.9525,1.0000000000003404,11.534948375911215,0.24536819138454027,3.4581581989288606
2.955,1.0000000000003406,11.586299068172144,0.243237870703811,3.46064867339214
2.9575,1.0000000000003404,11.63903720897443,0.24107782151533227,3.463138381432949
2.96,1.0000000000003413,11.6928858690743,0.23890089267478798,3.465627509067273
2.9625,1.0000000000003417,11.747555788258039,0.236719824017731,3.4681162509224563
2.965,1.0000000000003417,11.802747342909246,0.23454713476420494,3.4706048108944265
2.9675000000000002,1.0000000000003422,11.858152464791372,0.23239502964916475,3.473093402290506
2.97,1.0000000000003426,11.913456469174779,0.23027532405687529,3.4755822473092306
2.9725,1.000000000000343,11.96833977870486,0.22819938787679522,3.478071575769027
2.975,1.0000000000003433,12.022479558389428,0.22617810641295158,3.4805616230716554
2.9775,1.000000000000344,12.075551303363024,0.22422185558693683,3.4830526274658564
2.98,1.0000000000003437,12.127230441519728,0.22234048795352263,3.4855448267525877
2.9825,1.000000000000344,12.177194025186035,0.22054332572875648,3.4880384546361825
2.985,1.0000000000003448,12.22512258814875,0.21883915709989912,3.4905337369677407
2.9875000000000003,1.000000000000345,12.270702236076723,0.21723623249317003,3.4930308881420564
2.99,1.0000000000003453,12.313627020343056,0.21574225813922338,3.4955301078949534
2.9925,1.0000000000003455,12.353601619185383,0.21436438510184302,3.498031578705039
2.995,1.0000000000003457,12.390344318596599,0.21310919282342364,3.5005354639374615
2.9975,1.0000000000003462,12.423590251422539,0.21198266709999322,3.503041906785361
3.0,1.0000000000003468,12.4530948201536,0.2109901731542998,3.5055510299776924
3.0025,1.000000000000347,12.478637199974262,0.21013642507537408,3.5080629361410884
3.005,1.0000000000003473,12.500023796450142,0.20942545330868667,3.5105777086390697
3.0075000000000003,1.0000000000003475,12.517091518754182,0.20886057210687772,3.5130954126724054
3.0100000000000002,1.0000000000003477,12.52971072568513,0.20844434890004504,3.515616096414751
3.0125,1.000000000000348,12.537787708150963,0.20817857744268817,3.518139791978599
3.015,1.0000000000003484,12.54126658768347,0.20806425637435122,3.5206665160545185
3.0175,1.0000000000003486,12.540130534611894,0.20810157452684655,3.5231962701342887
3.02,1.0000000000003486,12.534402239909369,0.2082899039535554,3.525729040305928
3.0225,1.0000000000003488,12.524143609235331,0.20862780127115324,3.5282647966846863
3.025,1.0000000000003493,12.509454683963282,0.20911301751057587,3.5308034926081087
3.0275,1.0000000000003493,12.490471829634727,0.2097425162864115,3.5333450637668165
3.0300000000000002,1.0000000000003502,12.467365265084847,0.21051249972362823,3.535889427460486
3.0325,1.0000000000003502,12.440336033463822,0.2114184412386761,3.5384364821590846
3.035,1.0000000000003508,12.409612537902413,0.21245512397144273,3.540986107515511
3.0375,1.0000000000003513,12.375446778440095,0.21361668342127724,3.543538164923138
3.04,1.0000000000003515,12.338110432346413,0.21489665267334387,3.546092498648559
3.0425,1.000000000000352,12.297890916960394,0.21628800853123598,3.5486489375052797
3.045,1.0000000000003528,12.255087563062155,0.21778321691680794,3.5512072969767643
3.0475,1.0000000000003528,12.21000800855243,0.21937427607182944,3.553767381654289
3.0500000000000003,1.0000000000003528,12.162964898345829,0.22105275640203756,3.556328987830966
3.0525,1.000000000000353,12.114272948799567,0.22280983623332543,3.5588919060898387
3.055,1.0000000000003533,12.064246405901073,0.22463633327802984,3.5614559237398224
3.0575,1.000000000000354,12.013196898123768,0.22652273219757518,3.564020826984902
3.06,1.0000000000003546,11.961431659527184,0.22845920924449845,3.566586402754003
3.0625,1.0000000000003546,11.90925207821734,0.23043565551255193,3.5691524401651846
3.065,1.000000000000355,11.856952511100266,0.23244170075689743,3.5717187316420698
3.0675,1.0000000000003557,11.804819298741991,0.2344667400119799,3.5742850737375007
3.0700000000000003,1.0000000000003557,11.75312991418982,0.23649996529008585,3.576851267745306
3.0725000000000002,1.0000000000003562,11.70215218622388,0.2385304044661156,3.5794171201937113
3.075,1.0000000000003562,11.652143549503087,0.24054696904454625,3.5819824433129694
3.0775,1.0000000000003566,11.603350289791791,0.2425385118893076,3.5845470555564356
3.08,1.000000000000357,11.556006769976717,0.24449389522631565,3.587110782231401
3.0825,1.000000000000357,11.510334639926231,0.2464020683710031,3.589673456266767
3.085,1.0000000000003573,11.466542048575358,0.24825215377054521,3.5922349191132485
3.0875,1.000000000000358,11.424822888445249,0.25003353916693805,3.594795021741827
3.09,1.0000000000003584,11.385356110102318,0.25173597306026807,3.5973536256811016
3.0925000000000002,1.0000000000003586,11.348305146350272,0.25334966024374383,3.5999106040164826
3.095,1.000000000000359,11.313817483306417,0.2548653540325489,3.602465842265575
3.0975,1.0000000000003595,11.282024408521432,0.25627444192968013,3.6050192390450726
3.1,1.000000000000359,11.253040955943346,0.25756902184724306,3.6075707064548554
3.1025,1.0000000000003595,11.226966055048077,0.25874196658924586,3.610120170123473
3.105,1.0000000000003597,11.203882878220464,0.2597869750391606,3.6126675688840604
3.1075,1.0000000000003604,11.183859367790124,0.26069860930762634,3.615212854078575
3.11,1.0000000000003608,11.1669489131526,0.2614723179045057,3.6177559885186814
3.1125000000000003,1.0000000000003608,11.153191140012321,0.26210444573285246,3.620296945160894
3.115,1.000000000000361,11.14261276850848,0.26259223230163403,3.6228357055794267
3.1175,1.0000000000003617,11.135228495014683,0.26293379997979593,3.62537225834035
3.12,1.000000000000362,11.131041853591718,0.26312813434886745,3.627906597393437
3.1225,1.000000000000362,11.13004601699758,0.2631750587585024,3.630438720602359
3.125,1.0000000000003628,11.132224503200364,0.26307520507131305,3.632968628529034
3.1275,1.0000000000003633,11.137551760774015,0.2628299823355393,3.635496323574081
3.13,1.0000000000003637,11.145993614646505,0.26244154478937926,3.6380218095531336
3.1325000000000003,1.0000000000003637,11.15750756175049,0.2619127602230351,3.6405450917597806
3.1350000000000002,1.0000000000003642,11.172042913664413,0.26124717934358604,3.6430661775317246
3.1375,1.0000000000003644,11.189540789967948,0.26044900643536795,3.6455850773001086
3.14,1.000000000000365,11.209933971593658,0.2595230713062676,3.6481018060652164
3.1425,1.0000000000003653,11.233146627928445,0.2584748022695503,3.650616385207917
3.145,1.0000000000003655,11.259093934931917,0.25731019973381075,3.6531288445178567
3.1475,1.0000000000003655,11.28768160430346,0.2560358098560423,3.6556392242990365
3.15,1.0000000000003662,11.31880534598682,0.2546586976465817,3.6581475774028864
3.1525,1.0000000000003664,11.352350288265196,0.25318641889076177,3.660653971039578
3.1550000000000002,1.0000000000003668,11.388190381521541,0.2516269902626167,3.663158488230312
3.1575,1.0000000000003673,11.42618781347353,0.24998885704553706,3.6656612287864103
3.16,1.000000000000367,11.466192465293911,0.24828085794070723,3.668162309733353
3.1625,1.000000000000367,11.50804143935601,0.24651218653588214,3.670661865137337
3.165,1.000000000000368,11.551558690194117,0.24469234912478732,3.67316004533517
3.1675,1.0000000000003681,11.596554790402548,0.24283111871069973,3.6756570156117254
3.17,1.0000000000003686,11.642826862387786,0.24093848519390812,3.67815295440897
3.1725,1.0000000000003688,11.690158704957792,0.23902460192606664,3.680648051183063
3.1750000000000003,1.0000000000003693,11.738321140584047,0.23709972900587037,3.683142504047941
3.1775,1.0000000000003697,11.787072604807577,0.23517417387804615,3.685636517353151
3.18,1.0000000000003704,11.836159993786143,0.23325822996776918,3.6881302993390137
3.1825,1.0000000000003704,11.885319779595514,0.23136211422153535,3.6906240599942137
3.185,1.0000000000003706,11.934279395872679,0.22949590452129026,3.6931180092108375
3.1875,1.0000000000003713,11.982758889032173,0.22766947798253942,3.6956123552931373
3.19,1.0000000000003708,12.030472822911989,0.22589245113512602,3.698107303832522
3.1925,1.000000000000372,12.077132417601446,0.22417412291831598,3.7006030569175112
3.1950000000000003,1.0000000000003721,12.122447896607344,0.22252342130570002,3.7030998126082117
3.1975000000000002,1.0000000000003726,12.166131010602925,0.22094885422034807,3.705597764574781
3.2,1.0000000000003728,12.207897700886024,0.21945846521963336,3.7080971017818927
3.2025,1.0000000000003733,12.247470861405548,0.21805979423664051,3.710598008098303
3.205,1.0000000000003737,12.284583154816286,0.21675984347526084,3.713100661722786
3.2075,1.0000000000003744,12.318979835492259,0.21556504838159532,3.7156052343434283
3.21,1.0000000000003741,12.350421530771401,0.21448125346520952,3.718111889983525
3.2125,1.0000000000003748,12.378686930937517,0.21351369262694414,3.7206207835297542
3.215,1.0000000000003746,12.40357533860868,0.2126669735690539,3.7231320589818213
3.2175000000000002,1.0000000000003755,12.424909029351747,0.21194506581900902,3.7256458475019807
3.22,1.0000000000003757,12.442535377541853,0.2113512918885348,3.728162265373465
3.2225,1.0000000000003757,12.456328704786067,0.21088832111076963,3.7306814119948704
3.225,1.0000000000003761,12.466191812654003,0.2105581657459986,3.733203368041633
3.2275,1.0000000000003764,12.47205716698543,0.21036217901492765,3.735728193915319
3.23,1.0000000000003768,12.473887707604112,0.21030105480221328,3.7382559285785946
3.2325,1.000000000000377,12.471677264731866,0.21037482886626907,3.7407865888413974
3.235,1.0000000000003775,12.465450571594753,0.21058288148842982,3.743320169126329
3.2375000000000003,1.000000000000378,12.455262871431678,0.21092394158950473,3.745856641703157
3.24,1.0000000000003781,12.441199126117,0.21139609242867238,3.7483959573479018
3.2425,1.0000000000003781,12.42337284263969,0.21199677907263595,3.7509380463550634
3.245,1.0000000000003786,12.401924542481364,0.21272281787638717,3.75348281981426
3.2475,1.000000000000379,12.377019907240419,0.213570408245953,3.756030171056242
3.25,1.0000000000003797,12.34884764139307,0.21453514695464695,3.758579977177253
3.2525,1.0000000000003795,12.317617099597651,0.21561204525606867,3.761132100563665
3.255,1.00000000000038,12.28355573117193,0.216795548980428,3.763686390357997
3.2575000000000003,1.0000000000003806,12.246906398051747,0.21807956171964832,3.7662426838301792
3.2600000000000002,1.000000000000381,12.2079246244491,0.2194574711080292,3.768800807640803
3.2625,1.000000000000381,12.166875836393833,0.22092217809847906,3.771360579003916
3.265,1.0000000000003815,12.124032647266693,0.22246612903074037,3.773921806773135
3.2675,1.0000000000003817,12.07967224131761,0.22408135019939177,3.776484292485512
3.27,1.0000000000003817,12.034073901135859,0.2257594845667234,3.7790478314019427
3.2725,1.0000000000003824,11.987516717358938,0.22749183023723094,3.781612213581451
3.275,1.000000000000383,11.940277509960545,0.22926938032122746,3.784177225020117
3.2775,1.000000000000383,11.89262898074078,0.23108286386473825,3.786742648875121
3.2800000000000002,1.0000000000003835,11.844838106721522,0.23292278760609894,3.789308266781893
3.2825,1.0000000000003835,11.797164774618828,0.2347794784263303,3.791873860259204
3.285,1.000000000000384,11.749860647985676,0.23664312647634655,3.7944392121845785
3.2875,1.0000000000003846,11.70316825147012,0.23850382907320242,3.797004108312004
3.29,1.0000000000003848,11.657320251264961,0.24035163554374406,3.7995683387962425
3.2925,1.0000000000003848,11.612538907416841,0.24217659324327656,3.8021316996837933
3.295,1.000000000000385,11.569035672219654,0.24396879497963175,3.8046939943298854
3.2975,1.0000000000003855,11.527010909264217,0.245718428025732,3.8072550347036747
3.3000000000000003,1.0000000000003864,11.486653709530506,0.24741582480933427,3.8098146425497226
3.3025,1.0000000000003864,11.448141783752572,0.24905151523685226,3.8123726503823336
3.305,1.0000000000003866,11.411641413667367,0.2506162804538571,3.814928902299524
3.3075,1.000000000000387,11.377307448179195,0.25210120768673777,3.817483254614666
3.31,1.0000000000003872,11.345283333492787,0.253497745667419,3.8200355763149934
3.3125,1.000000000000388,11.315701168547847,0.25479776003380283,3.8225857493666155
3.315,1.0000000000003881,11.288681778424165,0.2559935880359824,3.8251336688942947
3.3175,1.0000000000003881,11.264334798725416,0.25707809186925706,3.8276792432705564
3.3200000000000003,1.000000000000389,11.242758763390855,0.2580447099988848,3.830222394151972
3.3225000000000002,1.000000000000389,11.224041187157415,0.25888750593004334,3.8327630565005073
3.325,1.000000000000389,11.208258632330415,0.259601213994664,3.8353011786243383
3.3275,1.0000000000003892,11.195476748004266,0.26018128185500106,3.837836722266024
3.33,1.00000000000039,11.185750268800161,0.260623909540457,3.840369662756352
3.3325,1.0000000000003897,11.179122959911439,0.26092608491881053,3.8428999892405966
3.335,1.0000000000003906,11.175627496045516,0.2610856155393117,3.845427704970971
3.3375,1.0000000000003912,11.175285263891096,0.26110115676336226,3.8479528276458246
3.34,1.0000000000003912,11.178106081059365,0.26097223601727143,3.850475389763612
3.3425000000000002,1.0000000000003924,11.184087828954992,0.2606992728681698,3.852995438949045
3.345,1.000000000000392,11.19321600251197,0.26028359445417215,3.8555130382010545
3.3475,1.0000000000003928,11.205463185864737,0.259727445615371,3.8580282660079583
3.35,1.0000000000003935,11.22078846943021,0.2590339928991948,3.8605412162754638
3.3525,1.0000000000003932,11.239136830129844,0.2582073214790949,3.86305199801768
3.355,1.0000000000003937,11.26043850216056,0.2572524239539012,3.8655607347706007
3.3575,1.0000000000003937,11.284608370442493,0.25617518000590694,3.868067563700918
3.36,1.000000000000394,11.311545422304375,0.2549823260004431,3.8705726343998443
3.3625000000000003,1.0000000000003941,11.341132294868954,0.2536814138110519,3.8730761073710775
3.365,1.0000000000003944,11.37323495582056,0.2522807584455908,3.875578152242611
3.3675,1.000000000000395,11.407702553718456,0.25078937441408444,3.8780789457525455
3.37,1.0000000000003948,11.444367470797664,0.24921690119612863,3.8805786695777935
3.3725,1.0000000000003955,11.48304560638981,0.24757351860638777,3.8830775080900177
3.375,1.0000000000003957,11.523536912882713,0.24586985329128438,3.8855756461339985
3.3775,1.0000000000003957,11.565626198756323,0.24411687798897533,3.8880732669284708
3.38,1.0000000000003961,11.60908420496012,0.2423258055217989,3.8905705501876287
3.3825000000000003,1.0000000000003968,11.653668952039196,0.2405079797445185,3.893067670552258
3.3850000000000002,1.0000000000003966,11.699127346299932,0.2386747658282382,3.895564796402883
3.3875,1.0000000000003972,11.745197024272228,0.23683744231155218,3.898062089103973
3.39,1.0000000000003977,11.791608406126649,0.2350070972970175,3.9005597026991996
3.3925,1.0000000000003981,11.838086920898522,0.23319453101868362,3.903057784044563
3.395,1.0000000000003981,11.88435535971261,0.23141016676655812,3.905556473331308
3.3975,1.0000000000003988,11.930136308034008,0.22966397184183754,3.9080559049162806
3.4,1.000000000000399,11.975154604606809,0.22796538985002693,3.9105562083467595
3.4025,1.0000000000003995,12.019139773444405,0.22632328523620118,3.913057509442642
3.4050000000000002,1.0000000000003997,12.061828376191288,0.22474590054577726,3.9155599312839513
3.4075,1.0000000000003997,12.102966235471802,0.2232408264724005,3.918063594948091
3.41,1.0000000000004001,12.142310485433704,0.22181498434719993,3.9205686198508123
3.4125,1.0000000000004008,12.179631413396205,0.22047462034426757,3.9230751235678394
3.415,1.0000000000004008,12.214714065979457,0.21922531033722673,3.925583221050047
3.4175,1.0000000000004015,12.24735960383039,0.2180719740508167,3.9280930231921434
3.42,1.0000000000004012,12.277386400440857,0.21701889691755302,3.930604634769915
3.4225,1.000000000000402,12.304630891857306,0.21606975787902702,3.933118151820076
3.4250000000000003,1.000000000000402,12.328948194536878,0.21522766126917586,3.9356336585948153
3.4275,1.000000000000403,12.350212517465069,0.21449517088595557,3.938151224274797
3.43,1.0000000000004026,12.368317401244944,0.21387434439959138,3.9406708996646413
3.4325,1.0000000000004032,12.383175820682414,0.21336676635896482,3.9431927141188923
3.435,1.0000000000004032,12.394720188112473,0.2129735782392209,3.9457166729512547
3.4375,1.0000000000004035,12.402902292274293,0.21269550421713695,3.9482427555629367
3.44,1.000000000000404,12.407693202149314,0.21253287165686252,3.9507709144881016
3.4425,1.0000000000004046,12.40908315728816,0.21248562562537676,3.953301075497205
3.4450000000000003,1.000000000000404,12.4070814564609,0.2125533371197255,3.9558331388268675
3.4475000000000002,1.0000000000004043,12.401716345835018,0.21273520506029048,3.958366981523489
3.45,1.0000000000004048,12.393034897280776,0.2130300524682129,3.9609024608040606
3.4525,1.0000000000004055,12.381102857800814,0.21343631758276255,3.9634394182588912
3.455,1.0000000000004052,12.36600444337765,0.2139520409687729,3.9659776846547072
3.4575,1.0000000000004055,12.347842045465812,0.21457484990021714,3.968517085048751
3.46,1.0000000000004063,12.32673581642781,0.21530194147134632,3.9710574439000514
3.4625,1.0000000000004063,12.302823101648078,0.21613006597326842,3.9735985898650896
3.465,1.0000000000004066,12.276257690778595,0.21705551207734808,3.976140359992023
3.4675000000000002,1.0000000000004072,12.247208868202826,0.21807409528818197,3.9786826030778184
3.47,1.0000000000004075,12.215860252724067,0.2191811509736449,3.9812251820215248
3.4725,1.0000000000004077,12.182408427869053,0.22037153305764867,3.9837679750881536
3.475,1.0000000000004077,12.147061376110296,0.22163961918678485,3.986310876083827
3.4775,1.0000000000004083,12.110036741785366,0.22297932287212377,3.98885379352611
3.48,1.0000000000004081,12.071559957623997,0.2243841127812836,3.991396648966718
3.4825,1.0000000000004083,12.031862277816305,0.22584703903365294,3.993939374680774
3.485,1.000000000000409,11.991178765902255,0.2273607660529368,3.9964819109733276
3.4875000000000003,1.0000000000004092,11.94974628810727,0.22891761127387703,3.999024203367433
3.49,1.00000000000041,11.90780156202225,0.23050958879869807,4.001566199928859
3.4925,1.0000000000004106,11.865579306903516,0.23212845696401846,4.004107848952325
3.495,1.0000000000004106,11.823310535742431,0.2337657687159755,4.00664909718686
3.4975,1.0000000000004108,11.781221021183384,0.23541292369996936,4.009189888718533
3.5,1.0000000000004121,11.739529958019645,0.2370612210461024,4.011730164563296
3.5025,1.0000000000004121,11.698448835079793,0.2387019119614319,4.014269862956935
3.505,1.0000000000004117,11.65818051952573,0.24032625141097558,4.016808920268739
3.5075000000000003,1.0000000000004123,11.618918547536687,0.24192554836374097,4.019347272415433
3.5100000000000002,1.0000000000004126,11.580846607557623,0.24349121427964476,4.021884856615315
3.5125,1.0000000000004126,11.544138196105619,0.24501480970046194,4.024421613301859
3.515,1.0000000000004132,11.508956421757933,0.24648808896753008,4.02695748801184
3.5175,1.000000000000413,11.475453930438315,0.24790304320915874,4.029492433074289
3.52,1.000000000000414,11.443772924379678,0.24925194181434743,4.032026408951561
3.5225,1.0000000000004141,11.414045247961088,0.2505273726341833,4.034559385119378
3.525,1.0000000000004143,11.386392515698903,0.2517222811308574,4.037091340415125
3.5275,1.0000000000004143,11.360926260670833,0.25283000863321914,4.0396222628294
3.5300000000000002,1.0000000000004146,11.337748085206668,0.2538443297673636,4.042152148760463
3.5325,1.0000000000004152,11.316949799447418,0.25475948902264794,4.044681001791916
3.535,1.0000000000004152,11.29861353705609,0.25557023630030934,4.047208831087203
3.5375,1.000000000000416,11.282811840721154,0.2562718611851032,4.0497356495187935
3.54,1.0000000000004161,11.269607712965566,0.25686022558978433,4.052261471663649
3.5425,1.0000000000004168,11.259054630073328,0.2573317943548799,4.054786311799664
3.545,1.0000000000004168,11.25119651865955,0.25768366334579546,4.057310182030821
3.5475,1.0000000000004172,11.24606769558702,0.25791358457669505,4.059833090653042
3.5500000000000003,1.0000000000004179,11.243692772669103,0.25801998790362213,4.062355040850124
3.5525,1.0000000000004179,11.244086528023452,0.25800199886377895,4.064876029781922
3.555,1.0000000000004183,11.247253746191978,0.2578594522882379,4.0673960480976525
3.5575,1.0000000000004188,11.253189029359342,0.25759290137547297,4.069915079878094
3.56,1.0000000000004194,11.261876582303376,0.2572036219773849,4.072433102983741
3.5625,1.0000000000004192,11.273289974191275,0.2566936119131654,4.0749500897635595
3.565,1.0000000000004194,11.287391881055331,0.25606558518616623,4.077466008061961
3.5675,1.00000000000042,11.304133813766487,0.255322961033234,4.079980822450901
3.5700000000000003,1.00000000000042,11.323455837565493,0.2544698477846142,4.082494495609542
3.5725000000000002,1.0000000000004206,11.345286290671005,0.2535110215566409,4.085006989775612
3.575,1.0000000000004214,11.369541511099836,0.252451899841023,4.087518268199347
3.5775,1.000000000000421,11.396125582527555,0.2512985100959873,4.090028296541667
3.58,1.0000000000004214,11.424930111698716,0.2500574534880222,4.092537044171512
3.5825,1.0000000000004219,11.455834051471234,0.24873586398027908,4.095044485331769
3.585,1.000000000000422,11.488703584955916,0.2473413630157176,4.097550600157117
3.5875,1.0000000000004223,11.523392087299959,0.2458820100997867,4.100055375539615
3.59,1.0000000000004226,11.55974018237876,0.24436624964783282,4.1025588058476385
3.5925000000000002,1.0000000000004228,11.59757591192395,0.24280285452481976,4.105060893510395
3.595,1.0000000000004234,11.636715034356873,0.24120086676682856,4.107561649483376
3.5975,1.0000000000004232,11.676961469749045,0.23956953603263137,4.110061093610012
3.6,1.0000000000004237,11.718107905838716,0.2379182563865976,4.112559254891823
3.6025,1.000000000000424,11.759936577848821,0.23625650205877932,4.115056171674421
3.605,1.0000000000004248,11.802220231947794,0.2345937628621045,4.1175518917506295
3.6075,1.0000000000004252,11.844723278562968,0.23293947996842754,4.120046472375939
3.61,1.000000000000425,11.887203137420732,0.2313029827535581,4.122539980186242
3.6125000000000003,1.0000000000004257,11.929411771209951,0.22969342741554266,4.1250324910045055
3.615,1.0000000000004259,11.971097399255001,0.22811973804995356,4.127524089521931
3.6175,1.0000000000004259,12.012006376701558,0.2265905508306816,4.1300148688408935
3.62,1.0000000000004265,12.051885218676178,0.22511416189476846,4.1325049298713905
3.6225,1.000000000000427,12.09048274294233,0.22369847946546917,4.1349943805795
3.625,1.000000000000427,12.127552299042604,0.22235098066947398,4.137483335094918
3.6275,1.000000000000427,12.162854047113091,0.22107867341278487,4.139971912694095
3.63,1.0000000000004274,12.196157245805013,0.21988806357632518,4.142460236684873
3.6325000000000003,1.0000000000004274,12.2272425063448,0.2187851276785759,4.144948433226679
3.6350000000000002,1.0000000000004279,12.255903968944612,0.2177752910307289,4.147436630126418
3.6375,1.0000000000004279,12.281951358689962,0.21686341128309153,4.149924955653362
3.64,1.0000000000004283,12.305211880720668,0.21605376713366772,4.152413537415833
3.6425,1.0000000000004285,12.32553191889913,0.2153500518456396,4.154902501338365
3.645,1.0000000000004288,12.342778508010328,0.21475537110527873,4.15739197077021
3.6475,1.0000000000004299,12.356840556525327,0.21427224465142986,4.159882065744979
3.65,1.0000000000004297,12.367629804650603,0.213902611028132,4.162372902397897
3.6525,1.0000000000004299,12.375081510284918,0.21364783475893281,4.164864592532408
3.6550000000000002,1.00000000000043,12.379154863100352,0.2135087152200442,4.167357243313216
3.6575,1.0000000000004303,12.379833133776042,0.21348549650355947,4.169850957049391
3.66,1.0000000000004305,12.377123571039386,0.213577877613706,4.172345831020426
3.6625,1.0000000000004312,12.371057063332064,0.2137850224286165,4.174841957291118
3.665,1.0000000000004312,12.361687584484232,0.21410556898515215,4.177339422458818
3.6675,1.0000000000004314,12.349091443781795,0.2145376377999568,4.17983830727944
3.67,1.0000000000004319,12.333366360431972,0.2150788391189162,4.1823386861268705
3.6725,1.0000000000004323,12.314630380991822,0.2157262791797826,4.1848406262535
3.6750000000000003,1.0000000000004319,12.29302065623108,0.21647656576753557,4.187344186837109
3.6775,1.0000000000004325,12.26869209161092,0.2173258135264509,4.189849417819608
3.68,1.000000000000433,12.24181588351885,0.21826964965394396,4.192356358565121
3.6825,1.000000000000433,12.212577951990493,0.2193032207268104,4.194865036386462
3.685,1.0000000000004339,12.181177280149974,0.22042120148987712,4.197375465008698
3.6875,1.000000000000434,12.147824171155374,0.2216178064622601,4.199887643054174
3.69,1.000000000000434,12.112738435036404,0.22288680518281367,4.202401552643802
3.6925,1.0000000000004345,12.076147520305163,0.22422154182327708,4.204917158213294
3.6950000000000003,1.0000000000004348,12.038284608326911,0.2256149597488621,4.207434405639594
3.6975000000000002,1.0000000000004352,11.999386691784304,0.22705963140960694,4.209953221762057
3.7,1.0000000000004354,11.959692661732998,0.2285477937137607,4.212473514365216
3.7025,1.000000000000436,11.919441430305834,0.23007138878198855,4.214995172666426
3.705,1.0000000000004363,11.878870117697033,0.23162210972564376,4.21751806832368
3.7075,1.0000000000004363,11.838212332352409,0.23319145085184217,4.220042056948542
3.71,1.0000000000004368,11.797696572124677,0.23477076149006365,4.222566980078466
3.7125,1.000000000000437,11.757544771475645,0.2363513024745967,4.225092667534184
3.715,1.0000000000004376,11.717971015703368,0.23792430421593375,4.227618940063367
3.7175000000000002,1.0000000000004376,11.679180437852455,0.23948102525893722,4.230145612153387
3.72,1.0000000000004383,11.641368307742313,0.24101281025755888,4.232672494885138
3.7225,1.0000000000004385,11.60471931580894,0.24251114639067173,4.23519939869743
3.725,1.0000000000004388,11.569407047624638,0.24396771739151582,4.237726135937677
3.7275,1.0000000000004392,11.535593638464347,0.2453744545501233,4.240252523089188
3.73,1.000000000000439,11.50342959151808,0.24672358425672267,4.24277838258725
3.7325,1.0000000000004399,11.473053738634894,0.2480076718657891,4.245303544163927
3.735,1.0000000000004396,11.444593319063419,0.24921966185692132,4.2478278456930045
3.7375000000000003,1.0000000000004403,11.418164149664644,0.25035291443402075,4.250351133539719
3.74,1.0000000000004408,11.393870859543757,0.2514012388258616,4.2528732624523995
3.7425,1.0000000000004412,11.371807162904354,0.2523589236216272,4.255394095062629
3.745,1.0000000000004412,11.352056146005587,0.25322076449191594,4.257913501085112
3.7475,1.0000000000004414,11.33469054716361,0.25398208961232166,4.260431356326406
3.75,1.0000000000004416,11.319773012499077,0.254638783030642,4.262947541621872
3.7525,1.000000000000442,11.307356314286864,0.2551873061116875,4.265461941822143
3.755,1.000000000000442,11.297483523012769,0.25562471706921325,4.267974444944135
3.7575000000000003,1.0000000000004425,11.290188128313789,0.25594868846728014,4.270484941587619
3.7600000000000002,1.0000000000004423,11.28549410765038,0.2561575224570221,4.272993324697917
3.7625,1.000000000000443,11.283415944670125,0.2562501634209346,4.275499489729746
3.765,1.0000000000004432,11.28395860167878,0.2562262076338279,4.27800333523865
3.7675,1.0000000000004439,11.287117452411968,0.25608590952219346,4.2805047638964675
3.77,1.0000000000004439,11.292878182434865,0.2558301841127828,4.283003683898225
3.7725,1.0000000000004443,11.301216665074616,0.25546060530405207,4.285500010701278
3.775,1.0000000000004448,11.312098820931386,0.25497939966527783,4.287993669015143
3.7775,1.000000000000445,11.325480468858999,0.25438943556017757,4.2904845949435115
3.7800000000000002,1.0000000000004454,11.34130717599416,0.2536942074964642,4.29297273816927
3.7825,1.0000000000004459,11.359514114072597,0.2528978157116323,4.295458064069288
3.785,1.000000000000446,11.380025929002768,0.25200494111108235,4.297940555648379
3.7875,1.0000000000004468,11.402756630543033,0.25102081577152047,4.300420215190676
3.79,1.0000000000004468,11.427609508981071,0.2499511893063881,4.3028970655409235
3.7925,1.0000000000004474,11.454477085945726,0.24880229145855834,4.305371150946961
3.795,1.0000000000004472,11.48324110686183,0.2475807913380847,4.307842537416499
3.7975,1.0000000000004476,11.513772583038406,0.24629375375998083,4.310311312565075
3.8000000000000003,1.0000000000004476,11.545931891894282,0.2449485931602047,4.312777584956298
3.8025,1.0000000000004483,11.579568944304775,0.2435530255789971,4.315241482958875
3.805,1.0000000000004488,11.614523428430216,0.24211501920112743,4.317703153166323
3.8075,1.0000000000004488,11.650625139603754,0.2406427439338756,4.320162758443568
3.81,1.000000000000449,11.687694405861585,0.2391445204867776,4.322620475679071
3.8125,1.0000000000004494,11.725542618455753,0.23762876939301422,4.325076493331099
3.815,1.0000000000004494,11.763972876167784,0.23610396038136414,4.327531008861744
3.8175,1.0000000000004496,11.802780751415577,0.2345785624704346,4.329984226152488
3.8200000000000003,1.0000000000004499,11.84175518499324,0.23306099511426726,4.332436352990237
3.8225000000000002,1.00000000000045,11.880679514778382,0.2315595806815685,4.334887598703465
3.825,1.0000000000004508,11.919332641855103,0.23008249850150123,4.337338172014787
3.8275,1.0000000000004512,11.957490335202094,0.22863774065937875,4.339788279159794
3.83,1.0000000000004516,11.994926673352653,0.22723306967840168,4.342238122303026
3.8325,1.0000000000004516,12.031415618224244,0.22587597818151084,4.344687898261982
3.835,1.0000000000004519,12.066732712631499,0.22457365059334236,4.347137797529753
3.8375,1.0000000000004516,12.100656888859117,0.2233329269184767,4.3495880035678365
3.84,1.0000000000004519,12.132972371137454,0.2221602686205446,4.352038692323831
3.8425000000000002,1.000000000000452,12.163470650041193,0.22106172662807416,4.354490031915457
3.845,1.0000000000004523,12.19195250188197,0.22004291150715777,4.356942182413421
3.8475,1.0000000000004525,12.218230021309473,0.2191089658666777,4.359395295652009
3.85,1.0000000000004534,12.242128630847358,0.2182645390964809,4.361849514998363
3.8525,1.0000000000004536,12.263489027286461,0.21751376457896907,4.36430497501925
3.855,1.0000000000004536,12.282169022081849,0.21686023955560496,4.366761800997405
3.8575,1.000000000000454,12.298045231489898,0.2163070078668683,4.369220108267634
3.86,1.0000000000004545,12.311014572444424,0.21585654581197808,4.371680001364257
3.8625000000000003,1.0000000000004543,12.320995522343363,0.21551075138832892,4.374141572994782
3.865,1.0000000000004543,12.327929105133137,0.21527093716579085,4.376604902877991
3.8675,1.0000000000004552,12.331779572338947,0.21513782702479312,4.3790700565056655
3.87,1.0000000000004552,12.332534755842447,0.2151115569380101,4.38153708390419
3.8725,1.0000000000004554,12.330206078942782,0.21519167990405913,4.384006018483314
3.875,1.0000000000004559,12.324828223087273,0.21537717505062007,4.386476876063217
3.8775,1.000000000000456,12.31645845903787,0.2156664608187012,4.38894965416684
3.88,1.0000000000004563,12.305175662475705,0.21605741202627943,4.391424331652404
3.8825000000000003,1.0000000000004567,12.291079044442109,0.21654738049661382,4.393900868741729
3.8850000000000002,1.000000000000457,12.27428663590703,0.2171332188334649,4.396379207475163
3.8875,1.000000000000457,12.25493357258306,0.21781130684135175,4.3988592725954625
3.89,1.000000000000457,12.233170230455965,0.218577580032146,4.401340972833728
3.8925,1.0000000000004574,12.209160264171846,0.21942755963581323,4.403824202542883
3.895,1.0000000000004574,12.183078599413385,0.2203563835463466,4.4063088436010185
3.8975,1.000000000000458,12.155109426938795,0.22135883768367545,4.408794767490128
3.9,1.000000000000458,12.1254442404637,0.22242938733464884,4.411281837447023
3.9025000000000003,1.0000000000004585,12.094279953599079,0.22356220814367925,4.413769910583077
3.9050000000000002,1.0000000000004587,12.06181712326341,0.22475121654589428,4.416258839877835
3.9075,1.0000000000004587,12.028258299023706,0.22599009956057606,4.418748475967218
3.91,1.0000000000004594,11.993806510292854,0.22727234397774143,4.421238668668578
3.9125,1.0000000000004592,11.958663896713569,0.22859126506441924,4.423729268209615
3.915,1.0000000000004599,11.923030481728464,0.22994003498066035,4.426220126153973
3.9175,1.0000000000004603,11.887103085431711,0.231311711123327,4.428711096040545
3.92,1.0000000000004603,11.851074370305044,0.23269926460748241,4.431202033773953
3.9225,1.0000000000004607,11.815132012188435,0.2340956090544484,4.433692797818928
3.9250000000000003,1.000000000000461,11.77945798853917,0.23549362979014468,4.436183249260068
3.9275,1.0000000000004612,11.744227976343394,0.2368862134778764,4.438673251790701
3.93,1.0000000000004616,11.709610852599866,0.2382662781285542,4.441162671690639
3.9325,1.0000000000004619,11.67576829077722,0.2396268033604388,4.443651377843504
3.935,1.0000000000004619,11.642854446810894,0.24096086072995662,4.446139241831423
3.9375,1.0000000000004619,11.611015727917845,0.2422616439317588,4.448626138130104
3.94,1.0000000000004627,11.580390636743019,0.24352249867248324,4.451111944411982
3.9425,1.0000000000004632,11.551109682192724,0.24473695205663784,4.453596541951233
3.9450000000000003,1.000000000000463,11.523295346922962,0.24589874137839102,4.456079816112835
3.9475000000000002,1.0000000000004636,11.497062100050561,0.2470018422803653,4.458561656899764
3.95,1.0000000000004645,11.472516442474033,0.2480404963084587,4.461041959527866
3.9525,1.0000000000004643,11.44975697143928,0.2490092379487279,4.463520624997155
3.955,1.000000000000464,11.428874450822358,0.24990292126834493,4.465997560630823
3.9575,1.000000000000464,11.409951874117082,0.25071674629029367,4.468472680558259
3.96,1.0000000000004647,11.393064508318629,0.251446285207248,4.470945906125134
3.9625,1.0000000000004654,11.378279908718834,0.2520875084845138,4.473417166221147
3.9650000000000003,1.0000000000004654,11.36565789694484,0.25263681081952444,4.4758863975233485
3.9675000000000002,1.000000000000466,11.3552504972066,0.2530910368238082,4.478353544659618
3.97,1.0000000000004658,11.347101828479625,0.2534475061824089,4.480818560301862
3.9725,1.0000000000004663,11.341247953051141,0.2537040379360361,4.483281405201956
3.975,1.0000000000004663,11.337716684339945,0.2538589734328964,4.485742048184983
3.9775,1.0000000000004665,11.33652735904512,0.2539111974188603,4.488200466114039
3.98,1.0000000000004667,11.337690580414048,0.2538601566826715,4.490656643839296
3.9825,1.0000000000004672,11.341207940724665,0.2537058756509702,4.493110574141081
3.985,1.0000000000004676,11.347071731968605,0.25344896833696734,4.495562257673349
3.9875000000000003,1.0000000000004676,11.355264654251775,0.253090646085301,4.498011702910066
3.99,1.0000000000004678,11.365759531663697,0.25263272062073827,4.500458926093587
3.9925,1.000000000000468,11.378519045380104,0.25207760199551515,4.502903951180881
3.995,1.0000000000004687,11.39349549362098,0.2514282911342088,4.505346809781231
3.9975,1.0000000000004683,11.410630587841833,0.2506883667908676,4.507787541077578
4.0,1.000000000000469,11.429855294226016,0.24986196685570997,4.510226191723192
4.0025,1.0000000000004687,11.451089729189038,0.2489537640733297,4.5126628157059425
4.005,1.0000000000004692,11.474243117205855,0.24796893635691847,4.515097474173585
4.0075,1.0000000000004694,11.49921381882052,0.24691313199968387,4.5175302352156175
4.01,1.0000000000004703,11.525889436178081,0.24579243019230304,4.519961173599442
4.0125,1.00000000000047,11.554147002807895,0.2446132973510543,4.522390370461242
4.015,1.0000000000004705,11.58385326365842,0.24338253984321595,4.524817912954252
4.0175,1.0000000000004707,11.614865050506484,0.24210725376275083,4.527243893859315
4.0200000000000005,1.000000000000471,11.647029756804931,0.24079477245963582,4.529668411163997
4.0225,1.0000000000004716,11.680185914761562,0.23945261256009295,4.532091567617503
4.025,1.0000000000004712,11.714163875931733,0.23808841923302354,4.534513470268713
4.0275,1.000000000000472,11.74878659484588,0.236709911460656,4.536934229994019
4.03,1.000000000000472,11.78387051319099,0.23532482805952057,4.539353961020653
4.0325,1.0000000000004723,11.819226539867236,0.23394087517152912,4.541772780449437
4.035,1.000000000000473,11.854661119932075,0.2325656759038359,4.544190807779331
4.0375,1.0000000000004727,11.889977383155331,0.23120672273923243,4.546608164434274
4.04,1.0000000000004732,11.924976360809907,0.22987133326451656,4.549024973291403
4.0425,1.0000000000004738,11.959458257608201,0.22856660967102393,4.551441358208473
4.045,1.0000000000004736,11.99322376456003,0.22729940236831378,4.553857443547373
4.0475,1.0000000000004743,12.026075398135172,0.2260762779194031,4.556273353689992
4.05,1.0000000000004743,12.057818851556622,0.22490349135661886,4.558689212542086
4.0525,1.0000000000004745,12.088264345319333,0.2237869627767423,4.561105143020037
4.055,1.0000000000004745,12.11722796598888,0.2227322579511599,4.563521266514466
4.0575,1.0000000000004754,12.14453298471929,0.22174457253265573,4.565937702323341
4.0600000000000005,1.0000000000004758,12.170011149358753,0.2208287193084633,4.568354567045734
4.0625,1.0000000000004756,12.193503946035856,0.21998911785293201,4.570771973925911
4.065,1.000000000000476,12.21486382727737,0.21922978588505282,4.573190032136619
4.0675,1.0000000000004763,12.233955403614937,0.21855433164515756,4.5756088459906765
4.07,1.0000000000004763,12.250656594053199,0.21796594667547037,4.578028514072018
4.0725,1.0000000000004765,12.26485972767954,0.2174673985183623,4.580449128281787
4.075,1.0000000000004767,12.27647258433545,0.2170610230248607,4.582870772802065
4.0775,1.0000000000004772,12.285419357145956,0.21674871617813732,4.585293522989382
4.08,1.0000000000004772,12.291641514537522,0.21653192556107642,4.587717444221844
4.0825000000000005,1.0000000000004772,12.29509853502236,0.21641164180923808,4.590142590736201
4.085,1.0000000000004774,12.295768485354879,0.2163883905661328,4.592569004503508
4.0875,1.0000000000004774,12.293648412418106,0.21646222557525183,4.594996714202017
4.09,1.0000000000004778,12.288754521864487,0.21663272358738436,4.59742573435222
4.0925,1.000000000000478,12.281122122248911,0.216898981725482,4.599856064679857
4.095,1.000000000000478,12.27080532187602,0.2172596178356921,4.602287689767107
4.0975,1.000000000000479,12.257876476161726,0.2177127741750534,4.604720579040043
4.1,1.000000000000479,12.242425394974303,0.21825612456544288,4.607154687121979
4.1025,1.0000000000004792,12.224558330968884,0.2188868849074722,4.609589954559038
4.105,1.0000000000004796,12.204396780119556,0.21960182672765113,4.612026308898372
4.1075,1.0000000000004796,12.182076133387238,0.22039729325639362,4.6144636660733225
4.11,1.00000000000048,12.157744222938526,0.22126921742695796,4.616901932026311
4.1125,1.0000000000004803,12.131559807162846,0.22221314116109564,4.61934100448217
4.115,1.0000000000004803,12.10369103599995,0.22322423536974395,4.62178077477362
4.1175,1.000000000000481,12.074313932307765,0.2242973202384819,4.624221129618431
4.12,1.000000000000481,12.043610917053465,0.22542688556861365,4.626661952754437
4.1225000000000005,1.000000000000481,12.011769397099354,0.22660711117836183,4.629103126353369
4.125,1.0000000000004816,11.978980425439254,0.2278318876026577,4.631544532156063
4.1275,1.0000000000004816,11.945437435966276,0.22909483753247378,4.633986052297252
4.13,1.0000000000004818,11.911335049014975,0.23038933857784194,4.6364275698156785
4.1325,1.0000000000004823,11.87686794046607,0.23170854800339483,4.638868968871561
4.135,1.0000000000004823,11.842229766194652,0.23304543006304798,4.641310134716255
4.1375,1.0000000000004827,11.80761213478479,0.2343927864548392,4.643750953476224
4.14,1.0000000000004825,11.773203624147392,0.23574329024246307,4.646191311824101
4.1425,1.000000000000483,11.739188841215421,0.2370895233699012,4.648631096613046
4.1450000000000005,1.0000000000004832,11.705747527465684,0.23842401765775015,4.651070194547354
4.1475,1.0000000000004836,11.673053715930264,0.23973929894312482,4.653508491953035
4.15,1.0000000000004838,11.64127494709929,0.24102793383442275,4.655945874698673
4.1525,1.0000000000004838,11.610571551412928,0.2422825784159473,4.65838222830048
4.155,1.0000000000004847,11.58109600489225,0.24349602816416818,4.660817438228285
4.1575,1.0000000000004843,11.552992362098731,0.24466126832642746,4.66325139041243
4.16,1.0000000000004847,11.526395767452408,0.2457715240543514,4.665683971936633
4.1625,1.0000000000004854,11.50143204248517,0.24682030966181745,4.668115071889802
4.165,1.0000000000004854,11.478217343372023,0.24780147647149178,4.6705445823407175
4.1675,1.0000000000004856,11.456857880513226,0.24870925880514147,4.672972399394107
4.17,1.0000000000004865,11.437449690348581,0.2495383177449461,4.675398424284235
4.1725,1.0000000000004863,11.420078449128079,0.25028378233515947,4.677822564462713
4.175,1.0000000000004863,11.404819319035084,0.2509412879016776,4.68024473464002
4.1775,1.0000000000004867,11.39173681871583,0.2515070111439038,4.682664857744874
4.18,1.0000000000004874,11.38088471267101,0.25197770160678007,4.685082865771225
4.1825,1.0000000000004876,11.372305916818556,0.25235070908262014,4.687498700489026
4.1850000000000005,1.0000000000004874,11.366032420542913,0.25262400643550936,4.689912314001411
4.1875,1.0000000000004878,11.362085228434093,0.2527962072984062,4.692323669137209
4.19,1.0000000000004883,11.360474327464766,0.252866578075557,4.694732739673565
4.1925,1.0000000000004887,11.361198687379797,0.2528350436990061,4.697139510388665
4.195,1.000000000000489,11.364246303443734,0.2527021866436693,4.699543976949009
4.1975,1.0000000000004894,11.36959429129298,0.25246923880426103,4.701946145639543
4.2,1.0000000000004892,11.377209043366555,0.25213806598090127,4.704346032948005
4.2025,1.0000000000004892,11.387046455138753,0.251711144908388,4.706743665017646
4.205,1.0000000000004898,11.399052227060547,0.25119153299447233,4.709139076984731
4.2075000000000005,1.0000000000004903,11.41316224468353,0.250582831199731,4.711532312219607
4.21,1.0000000000004905,11.429303034917673,0.24988914078623325,4.713923421492517
4.2125,1.0000000000004907,11.44739229091446,0.2491150149690765,4.7163124620879495
4.215,1.0000000000004912,11.467339451982665,0.2482654068030489,4.71869949689424
4.2175,1.0000000000004914,11.489046318735031,0.24734561489911186,4.721084593498082
4.22,1.0000000000004916,11.512407678006593,0.24636122876102703,4.723467823316355
4.2225,1.0000000000004918,11.537311907789281,0.24531807562891172,4.725849260799644
4.225,1.000000000000492,11.56364153035109,0.2442221706847471,4.728228982742426
4.2275,1.0000000000004925,11.591273682641093,0.24307967229399186,4.7306070677333105
4.23,1.0000000000004927,11.620080477607447,0.24189684361997227,4.732983595774486
4.2325,1.0000000000004934,11.6499292384114,0.24068002146350248,4.735358648091817
4.235,1.0000000000004932,11.680682599487172,0.2394355925785625,4.737732307146094
4.2375,1.0000000000004932,11.712198483232749,0.2381699770443485,4.740104656841616
4.24,1.000000000000494,11.744329977559923,0.23688961759854396,4.742475782911676
4.2425,1.000000000000494,11.77692515589328,0.23560097322939852,4.744845773442641
4.245,1.0000000000004947,11.809826895532328,0.2343105148585361,4.747214719481063
4.2475000000000005,1.0000000000004947,11.842872760594952,0.23302472068610244,4.749582715653556
4.25,1.0000000000004947,11.875895020303137,0.23175006875923737,4.751949860719059
4.2525,1.000000000000495,11.90872087093102,0.23049302458068432,4.7543162579695375
4.255,1.0000000000004954,11.941172919839866,0.2292600220813848,4.756682015399274
4.2575,1.0000000000004956,11.9730699731009,0.22805743699132966,4.7590472455755215
4.26,1.0000000000004958,12.004228145615512,0.22689155248087756,4.761412065163654
4.2625,1.0000000000004958,12.03446228656826,0.22576851781517507,4.763776594087081
4.265,1.0000000000004958,12.063587686270797,0.22469430156502937,4.766140954333129
4.2675,1.0000000000004965,12.091422005999638,0.2236746415531149,4.768505268448349
4.2700000000000005,1.000000000000497,12.117787353162653,0.22271499410897375,4.770869657796188
4.2725,1.0000000000004967,12.142512412340999,0.22182048531453796,4.7732342406736015
4.275,1.000000000000497,12.165434539813626,0.2209958667351578,4.775599130397956
4.2775,1.0000000000004974,12.186401735299489,0.2202454776785532,4.777964433479448
4.28,1.0000000000004974,12.205274418855465,0.21957321536845661,4.780330247986707
4.2825,1.0000000000004983,12.221926961069153,0.21898251364835303,4.782696662195031
4.285,1.0000000000004983,12.236248938025893,0.218476330043373,4.785063753579898
4.2875000000000005,1.0000000000004985,12.24814610579711,0.21805714030333787,4.787431588186277
4.29,1.0000000000004987,12.25754110932595,0.21772693901058157,4.789800220370839
4.2925,1.0000000000004992,12.264373955127905,0.217487244520171,4.7921696928832285
4.295,1.0000000000004996,12.268602284718815,0.217339106432298,4.794540037227818
4.2975,1.0000000000005,12.2702014858692,0.21728311396651218,4.796911274231361
4.3,1.0000000000005003,12.269164672592957,0.2173194039724975,4.799283414735842
4.3025,1.0000000000005005,12.265502554137813,0.21744766780460786,4.801656460339628
4.305,1.0000000000005007,12.259243200704137,0.21766715682580268,4.804030404122104
4.3075,1.0000000000005005,12.25043170188671,0.21797668680780302,4.806405231304939
4.3100000000000005,1.0000000000005014,12.239129705297625,0.21837464188613992,4.80878091982377
4.3125,1.000000000000501,12.225414819147295,0.21885897896036788,4.811157440804358
4.315,1.0000000000005018,12.209379864406099,0.21942723347827076,4.813534758954244
4.3175,1.000000000000502,12.191131969152602,0.22007652741554243,4.8159128328929075
4.32,1.000000000000502,12.170791508506676,0.22080357999395775,4.818291615449017
4.3225,1.0000000000005025,12.148490906162092,0.2216047213265986,4.82067105395322
4.325,1.0000000000005027,12.124373325722361,0.22247590880430193,4.823051090549466
4.3275,1.0000000000005027,12.098591289702147,0.2234127457085763,4.8254316625392315
4.33,1.0000000000005032,12.071305269593967,0.22441050130735002,4.827812702762808
4.3325000000000005,1.0000000000005034,12.04268229098917,0.22546413159622378,4.830194140012215
4.335,1.0000000000005036,12.012894593412089,0.22656829990070243,4.832575899462534
4.3375,1.000000000000504,11.98211837609848,0.22771739674107003,4.834957903103955
4.34,1.0000000000005038,11.950532649832939,0.2289055586473846,4.837340070155578
4.3425,1.0000000000005047,11.918318202858783,0.23012668595024532,4.8397223174441155
4.345,1.0000000000005043,11.88565667746879,0.23137445991152217,4.84210455973544
4.3475,1.000000000000505,11.85272974454745,0.23264235985076032,4.844486710013249
4.3500000000000005,1.0000000000005052,11.819718356930732,0.23392368113203799,4.846868679706472
4.3525,1.0000000000005054,11.786802059257143,0.23521155498406093,4.849250378873841
4.355,1.0000000000005056,11.75415833173497,0.2364989711321494,4.85163171636021
4.3575,1.0000000000005056,11.72196194727356,0.23777880413858254,4.854012599943588
4.36,1.000000000000506,11.690384324851001,0.23904384420076424,4.856392936494619
4.3625,1.0000000000005058,11.659592865970973,0.2402868329705142,4.858772632170923
4.365,1.0000000000005065,11.62975026496408,0.24150050475337076,4.8611515926675475
4.3675,1.0000000000005067,11.601013787410453,0.24267763323520344,4.863529723541735
4.37,1.0000000000005074,11.57353451414923,0.24381108366412096,4.865906930625326
4.3725000000000005,1.0000000000005074,11.547456551527075,0.24489387017795414,4.868283120531839
4.375,1.0000000000005076,11.522916212189154,0.24591921769604716,4.870658201257484
4.3775,1.0000000000005078,11.50004117524492,0.24688062747596584,4.873032082866796
4.38,1.000000000000508,11.478949640227542,0.2477719450690479,4.875404678244379
4.3825,1.0000000000005087,11.459749495713602,0.2485874290090434,4.8777759038854605
4.385,1.0000000000005091,11.44253753015197,0.24932181817160565,4.88014568069015
4.3875,1.0000000000005091,11.427398718349188,0.2499703954045621,4.882513934720484
4.39,1.0000000000005096,11.414405620905617,0.2505290448173689,4.884880597876444
4.3925,1.0000000000005096,11.403617934394449,0.2509943001017806,4.8872456084479605
4.3950000000000005,1.0000000000005098,11.395082226159946,0.2513633814900784,4.889608911504744
4.3975,1.00000000000051,11.388831878711587,0.25163421947039505,4.891970459095031
4.4,1.0000000000005107,11.384887254933792,0.25180546416013305,4.894330210237178
4.4025,1.0000000000005111,11.383256077652867,0.25187648023294046,4.896688130703919
4.405,1.0000000000005111,11.383933997227365,0.2518473284042022,4.899044192616268
4.4075,1.0000000000005118,11.386905301110843,0.2517187355737027,4.901398373881085
4.41,1.000000000000512,11.392143702480892,0.2514920566557665,4.9037506575209875
4.4125000000000005,1.0000000000005125,11.399613133711261,0.2511692317568284,4.906101030956005
4.415,1.0000000000005125,11.409268466915787,0.2507527425780405,4.90844948530157
4.4175,1.0000000000005127,11.42105608941079,0.2502455716663137,4.910796014746144
4.42,1.0000000000005127,11.434914276979836,0.24965116741562599,4.913140616063831
4.4225,1.0000000000005134,11.45077333124098,0.24897341660473274,4.915483288303429
4.425,1.0000000000005131,11.468555476896482,0.24821662488347526,4.917824032676712
4.4275,1.0000000000005134,11.488174546826826,0.24738550416933874,4.9201628526476995
4.43,1.000000000000514,11.509535513862225,0.24648516459132727,4.922499754203283
4.4325,1.0000000000005143,11.532533953498273,0.24552110761298318,4.924834746266785
4.4350000000000005,1.0000000000005143,11.557055538158213,0.2444992164350423,4.927167841201688
4.4375,1.0000000000005143,11.58297566822084,0.24342573981068288,4.9294990553449916
4.44,1.0000000000005147,11.610159336782406,0.24230726601213093,4.93182840950877
4.4425,1.0000000000005147,11.638461304592495,0.24115068479097632,4.934155929394856
4.445,1.000000000000515,11.667726631126552,0.239963136625,4.9364816458797165
4.4475,1.0000000000005151,11.697791571154562,0.2387519501365891,4.938805595142871
4.45,1.000000000000516,11.728484808257978,0.2375245700737322,4.941127818629855
4.4525,1.0000000000005163,11.759628962688145,0.23628847944760006,4.943448362857576
4.455,1.0000000000005163,11.791042285471969,0.23505112014965301,4.945767279083109
4.4575000000000005,1.0000000000005167,11.822540437319573,0.2338198165263011,4.948084622865232
4.46,1.0000000000005171,11.853938251489605,0.23260170595746926,4.950400453550181
4.4625,1.000000000000517,11.885051394049166,0.23140367954169117,4.952714833709485
4.465,1.000000000000517,11.915697860542037,0.23023233468466794,4.955027828549907
4.4675,1.0000000000005176,11.945699280768755,0.22909393992170035,4.957339505304982
4.47,1.000000000000518,11.974882037826044,0.22799441089765107,4.959649932607451
4.4725,1.0000000000005183,12.003078238058306,0.22693929528686765,4.961959179834178
4.4750000000000005,1.0000000000005183,12.030126590037005,0.2259337637197075,4.964267316412152
4.4775,1.0000000000005191,12.055873259462214,0.224982603582004,4.966574411076793
4.48,1.000000000000519,12.08017276143088,0.2240902128770616,4.96888053108216
4.4825,1.0000000000005191,12.102888932714126,0.223260592112707,4.971185741375475
4.485,1.0000000000005196,12.12389599772559,0.2224973332561865,4.973490103763391
4.4875,1.00000000000052,12.143079707769111,0.22180360599983664,4.975793676111757
4.49,1.0000000000005198,12.160338499951674,0.22118214269833011,4.978096511631292
4.4925,1.0000000000005203,12.175584595847605,0.22063522418912904,4.980398658305938
4.495,1.0000000000005211,12.188744945554122,0.22016466915295563,4.982700158517107
4.4975000000000005,1.000000000000521,12.199761923206358,0.2197718296391205,4.985001048905181
4.5,1.0000000000005214,12.208593695853006,0.219457594877179,4.98730136049049
4.5025,1.0000000000005214,12.215214216750367,0.21922240460222894,4.989601119052023
4.505,1.0000000000005222,12.219612832252695,0.21906627197804976,4.991900345736281
4.5075,1.0000000000005222,12.221793532655346,0.21898881498974032,4.994199057844997
4.51,1.0000000000005227,12.221773915148203,0.2189892940844498,4.996497269731871
4.5125,1.000000000000523,12.21958395559349,0.2190666530333868,4.998794993728062
4.515,1.0000000000005234,12.215264700852599,0.21921955959220985,5.001092241014989
4.5175,1.0000000000005234,12.208866992825657,0.21944644260649274,5.00338902237125
4.5200000000000005,1.0000000000005236,12.20045031978267,0.21974552272772804,5.005685348736737
4.5225,1.0000000000005236,12.190081862919913,0.22011483478754276,5.007981231558788
4.525,1.0000000000005242,12.177835771170573,0.22055224098388057,5.01027668290949
4.5275,1.0000000000005245,12.163792660888483,0.22105543519307516,5.012571715386718
4.53,1.0000000000005251,12.14803930479739,0.22162193976441222,5.014866341831379
4.5325,1.0000000000005254,12.130668451207722,0.22224909693373407,5.017160574907663
4.535,1.0000000000005254,12.111778702821917,0.22293405741386865,5.019454426600831
4.5375000000000005,1.0000000000005256,12.091474385175653,0.22367376874947364,5.021747907688247
4.54,1.000000000000526,12.069865346435954,0.22446496569531915,5.024041027235105
4.5425,1.000000000000526,12.047066649679188,0.22530416428030234,5.026333792157822
4.545,1.0000000000005267,12.023198141631966,0.22618766048298405,5.028626206887602
4.5475,1.0000000000005265,11.998383903705136,0.2271115337103329,5.030918273155447
4.55,1.000000000000527,11.972751608164018,0.22807165466881024,5.0332099899093805
4.5525,1.0000000000005271,11.946431811958186,0.22906369683888222,5.035501353365625
4.555,1.0000000000005276,11.9195572222954,0.23008315065114002,5.03779235718786
4.5575,1.0000000000005278,11.892261962445932,0.23112533959684725,5.0400829927826605
4.5600000000000005,1.0000000000005282,11.864680855908041,0.2321854378175822,5.042373249693791
4.5625,1.0000000000005287,11.83694873521591,0.2332584891001955,5.044663116073586
4.565,1.0000000000005282,11.809199771726814,0.23433942753315531,5.046952579205092
4.5675,1.0000000000005287,11.781566817481234,0.23542310024936275,5.049241626045101
4.57,1.0000000000005291,11.754180751285766,0.23650429261637354,5.051530243755457
4.5725,1.0000000000005294,11.72716982857191,0.23757775591982663,5.05381842018926
4.575,1.0000000000005294,11.700659046794984,0.23863823706394713,5.056106144300467
4.5775,1.0000000000005298,11.674769552312588,0.23968050918561015,5.058393406450501
4.58,1.0000000000005302,11.649618127216979,0.2406994014873038,5.060680198593956
4.5825000000000005,1.0000000000005305,11.625316801835355,0.24168982619534227,5.062966514336978
4.585,1.0000000000005311,11.601972637595605,0.24264680048177242,5.065252348875321
4.5875,1.0000000000005311,11.579687714055288,0.2435654615432806,5.067537698832848
4.59,1.0000000000005316,11.558559333240847,0.24444107382840125,5.069822562033409
4.5925,1.000000000000532,11.53868042605682,0.24526902858207725,5.072106937247782
4.595,1.0000000000005322,11.520140113095973,0.246044837289061,5.074390823960834
4.5975,1.0000000000005327,11.50302434057408,0.2467641220352938,5.076674222201437
4.6000000000000005,1.0000000000005327,11.487416486631151,0.2474226070253352,5.078957132468686
4.6025,1.0000000000005325,11.473397818771616,0.24801611625515868,5.081239555773346
4.605,1.0000000000005331,11.461047683410623,0.24854058244973845,5.083521493795182
4.6075,1.0000000000005334,11.45044332509139,0.2489920717232833,5.085802949137123
4.61,1.0000000000005336,11.44165926536337,0.24936682700485746,5.088083925639035
4.6125,1.000000000000534,11.434766216608741,0.24966133121048004,5.090364428700273
4.615,1.0000000000005342,11.429829559236488,0.24987238866300274,5.092644465553223
4.6175,1.0000000000005347,11.426907465127256,0.2499972206760913,5.0949240454315
4.62,1.000000000000535,11.426048798908262,0.25003356888487266,5.097203179586699
4.6225000000000005,1.0000000000005351,11.427290964841475,0.24997979817143362,5.099481881125538
4.625,1.0000000000005356,11.43065788543573,0.24983499018442554,5.101760164663083
4.6275,1.0000000000005356,11.43615829509374,0.24959901866483936,5.104038045814064
4.63,1.0000000000005362,11.443784507584855,0.2492725990976795,5.106315540569793
4.6325,1.0000000000005362,11.453511772129996,0.24885730748907137,5.108592664628903
4.635,1.0000000000005367,11.465298274254074,0.2483555660534606,5.110869432762819
4.6375,1.0000000000005371,11.479085771212773,0.24777059690995043,5.113145858299317
4.64,1.0000000000005376,11.494800785843672,0.24710634809875062,5.115421952798484
4.6425,1.0000000000005378,11.512356225393443,0.24636739891414627,5.117697725975463
4.6450000000000005,1.0000000000005382,11.531653250571049,0.24555885335606284,5.1199731858956
4.6475,1.0000000000005387,11.552583200186604,0.2446862311978199,5.1222483394331535
4.65,1.0000000000005387,11.57502938098128,0.2437553656786566,5.124523192949107
4.6525,1.0000000000005391,11.598868560244991,0.24277231524677523,5.1267977531113695
4.655,1.0000000000005396,11.62397204703463,0.24174329434201974,5.129072027756267
4.6575,1.0000000000005398,11.650206310007546,0.24067462526925093,5.131346026677265
4.66,1.0000000000005402,11.677433147913248,0.23957271018595455,5.133619762227614
4.6625000000000005,1.0000000000005402,11.705509493643907,0.23844401952299324,5.135893249638331
4.665,1.0000000000005407,11.734286985818716,0.23729509113006367,5.138166506980316
4.6675,1.000000000000541,11.763611476133896,0.2361325333356842,5.140439554736241
4.67,1.0000000000005411,11.793322651680043,0.2349630250454858,5.142712414989471
4.6725,1.0000000000005411,11.823253937846493,0.23379330693252454,5.144985110278671
4.675,1.0000000000005411,11.853232811430521,0.23263015952002578,5.147257662202421
4.6775,1.0000000000005416,11.883081600377752,0.23148036623230597,5.1495300898836325
4.68,1.000000000000542,11.91261878379069,0.2303506619420395,5.15180240841578
4.6825,1.0000000000005422,11.941660742314038,0.22924766981063469,5.154074627410267
4.6850000000000005,1.0000000000005425,11.970023853584461,0.22817783098614,5.156346749747722
4.6875,1.0000000000005427,11.99752678766509,0.22714733276121438,5.1586187706077995
4.69,1.0000000000005431,12.023992838415722,0.22616204099136325,5.160890676816669
4.6925,1.0000000000005431,12.049252130577438,0.22522744194777075,5.163162446513608
4.695,1.0000000000005438,12.073143567563363,0.22434859746475674,5.165434049103346
4.6975,1.0000000000005438,12.095516426976742,0.22353011546600798,5.1677054454336195
4.7,1.000000000000544,12.116231562750412,0.22277613599634685,5.169976588121172
4.7025,1.0000000000005447,12.135162226261277,0.22209033103665293,5.172247421945776
4.705,1.0000000000005445,12.152194565603619,0.2214759148953027,5.174517884240373
4.7075000000000005,1.0000000000005451,12.167227895530274,0.22093566103872328,5.1767879052240735
4.71,1.0000000000005453,12.180174845924757,0.22047192094324888,5.179057408249896
4.7125,1.0000000000005456,12.190961492649032,0.22008664091665817,5.181326309966366
4.715,1.0000000000005456,12.199527553020815,0.2197813737522646,5.18359452041732
4.7175,1.0000000000005462,12.205826693614773,0.21955728336790237,5.185861943123353
4.72,1.0000000000005465,12.209826957097853,0.21941514202834275,5.188128475199035
4.7225,1.0000000000005467,12.21151127471911,0.21935532112448441,5.190394007561237
4.7250000000000005,1.0000000000005471,12.210877998703277,0.21937777758371785,5.192658425275993
4.7275,1.0000000000005473,12.207941369328926,0.21948203866618757,5.194921608076331
4.73,1.0000000000005478,12.202731827618136,0.2196671880900134,5.1971834310641105
4.7325,1.0000000000005478,12.195296096195378,0.21993185613647623,5.199443765588192
4.735,1.0000000000005485,12.185696975148327,0.2202742157027805,5.201702480272322
4.7375,1.000000000000548,12.174012831707257,0.22069198534350584,5.203959442151201
4.74,1.0000000000005485,12.160336796181964,0.22118243935345666,5.206214517863627
4.7425,1.0000000000005485,12.144775705784552,0.2217424240771042,5.208467574848066
4.745,1.0000000000005493,12.12744885775125,0.22236837903707132,5.210718482487631
4.7475000000000005,1.0000000000005491,12.108486640547072,0.2230563612555168,5.212967113157461
4.75,1.0000000000005498,12.088029106336773,0.22380207132630442,5.215213343136269
4.7525,1.0000000000005498,12.06622453125684,0.2246008803352476,5.217457053354224
4.755,1.0000000000005498,12.043227986317492,0.22544785750515917,5.21969812996003
4.7575,1.00000000000055,12.019199916280364,0.22633779929745956,5.221936464700865
4.76,1.0000000000005504,11.994304702181608,0.22726526144665957,5.224171955119313
4.7625,1.0000000000005511,11.968709170164985,0.22822459586230345,5.226404504581737
4.765,1.0000000000005513,11.942581008223376,0.2292099943702903,5.228634022163146
4.7675,1.000000000000551,11.916087064401534,0.2302155408139986,5.2308604224241835
4.7700000000000005,1.0000000000005513,11.889391523678661,0.23123527210939238,5.233083625126324
4.7725,1.0000000000005513,11.862653992625358,0.23226324754633296,5.235303554940773
4.775,1.0000000000005518,11.836027555884193,0.23329362412358387,5.237520141213511
4.7775,1.0000000000005518,11.809656900617568,0.2343207342210621,5.239733317852114
4.78,1.0000000000005524,11.783676628501597,0.2353391606913084,5.241943023397532
4.7825,1.0000000000005524,11.758209884874047,0.2363438037152349,5.24414920133488
4.785,1.0000000000005531,11.73336742832793,0.23732993368191427,5.2463518006807535
4.7875000000000005,1.000000000000553,11.70924724071251,0.23829322500114702,5.248550776861176
4.79,1.0000000000005538,11.685934738903658,0.2392297671218609,5.250746092864975
4.7925,1.0000000000005538,11.663503599773431,0.2401360509866981,5.25293772062524
4.795,1.0000000000005547,11.64201715413955,0.24100893149144237,5.255125642549066
4.7975,1.0000000000005544,11.621530250651825,0.24184556896335102,5.257309853087582
4.8,1.0000000000005544,11.602091443182173,0.24264335492674668,5.259490360217347
4.8025,1.000000000000555,11.583745321132513,0.243399829205568,5.261667186694711
4.805,1.000000000000555,11.566534785413952,0.24411259649438238,5.263840370948267
4.8075,1.0000000000005556,11.550503075846173,0.24477925076989504,5.266009967492689
4.8100000000000005,1.0000000000005553,11.535695378193402,0.24539731527553146,5.268176046779054
4.8125,1.000000000000556,11.522159878511522,0.24596420435976662,5.270338694439783
4.815,1.0000000000005562,11.509948184491975,0.24647721134795897,5.272498009937165
4.8175,1.0000000000005564,11.49911509224667,0.246933524114839,5.274654104677408
4.82,1.0000000000005567,11.48971773605356,0.24733026738083458,5.276807099702451
4.8225,1.0000000000005576,11.481814211719767,0.24766456826926633,5.2789571231133054
4.825,1.0000000000005573,11.475461806082455,0.24793363959606649,5.281104307407159
4.8275,1.000000000000557,11.470714991939,0.2481348739259111,5.283248786922165
4.83,1.0000000000005578,11.467623357449767,0.248265940746166,5.285390695577433
4.8325000000000005,1.000000000000558,11.466229631873727,0.24832487921909213,5.287530165071219
4.835,1.0000000000005584,11.466567947334203,0.24831017981718906,5.289667323660194
4.8375,1.0000000000005584,11.468662442639443,0.2482208495886723,5.291802295590921
4.84,1.0000000000005589,11.472526274465066,0.2480564576415316,5.293935201196301
4.8425,1.000000000000559,11.478161058305496,0.24781715944420754,5.296066157610967
4.845,1.0000000000005598,11.485556721181819,0.24750370048571974,5.298195280006053
4.8475,1.0000000000005598,11.494691714094577,0.2471174015127832,5.300322683200945
4.8500000000000005,1.00000000000056,11.505533507463326,0.24666012881229435,5.302448483481401
4.8525,1.0000000000005604,11.518039278803975,0.24613425374720976,5.304572800442555
4.855,1.0000000000005607,11.532156698801328,0.2455426059660304,5.306695758681939
4.8575,1.0000000000005607,11.547824728652838,0.24488842443975883,5.308817489190905
4.86,1.000000000000561,11.564974356051192,0.24417530983530225,5.310938130329258
4.8625,1.0000000000005609,11.58352921681121,0.2434071808419448,5.313057828313227
4.865,1.0000000000005618,11.603406071112467,0.24258823606834154,5.315176737195938
4.8675,1.000000000000562,11.62451512499382,0.24172292215120694,5.317295018366773
4.87,1.000000000000562,11.646760206961835,0.24081590786681736,5.319412839636372
4.8725000000000005,1.0000000000005624,11.670038824915855,0.23987206337971986,5.321530374003812
4.875,1.0000000000005627,11.694242139365318,0.23889644332823448,5.323647798218902
4.8775,1.0000000000005629,11.719254895148174,0.23789427222699602,5.325765291254866
4.88,1.0000000000005633,11.744955356136408,0.23687093063031991,5.32788303279606
4.8825,1.0000000000005629,11.771215286652104,0.23583194059898194,5.3300012018239045
4.885,1.0000000000005635,11.797900020513067,0.23478294919650392,5.332119975355954
4.8875,1.0000000000005638,11.824868654636695,0.23372970896556836,5.334239527362051
4.89,1.0000000000005647,11.851974399500806,0.23267805457094237,5.336360027852158
4.8925,1.0000000000005644,11.879065113650185,0.23163387502883942,5.338481642106816
4.8950000000000005,1.0000000000005649,11.905984043647019,0.23060308117540715,5.340604530005531
4.8975,1.0000000000005655,11.93257078393869,0.22959156827035318,5.342728845402848
4.9,1.0000000000005653,11.95866246254021,0.2286051738999871,5.344854735505563
4.9025,1.0000000000005653,11.984095147823265,0.227649631647083,5.346982340216689
4.905,1.0000000000005655,12.008705459030507,0.22673052133265767,5.349111791429268
4.9075,1.0000000000005662,12.032332348830208,0.22585321699265135,5.351243212272821
4.91,1.0000000000005662,12.054819011254562,0.22502283410220922,5.353376716333657
4.9125000000000005,1.0000000000005664,12.076014854151802,0.22424417786227274,5.355512406884272
4.915,1.000000000000567,12.095777463555144,0.22352169457282198,5.35765037616456
4.9175,1.0000000000005673,12.113974479907554,0.22285942819191776,5.359790704757336
4.92,1.0000000000005673,12.130485304416741,0.2222609840872958,5.361933461093241
4.9225,1.000000000000568,12.145202558956294,0.22172950171197695,5.364078701106729
4.925,1.000000000000568,12.158033235125561,0.22126763748270487,5.366226468048189
4.9275,1.0000000000005687,12.168899486701994,0.22087755853794266,5.368376792439939
4.93,1.0000000000005689,12.177739043259448,0.2205609473492047,5.370529692149118
4.9325,1.000000000000569,12.18450524895387,0.22031901641979781,5.37268517254024
4.9350000000000005,1.0000000000005693,12.189166756707253,0.22015253160071133,5.37484322666639
4.9375,1.0000000000005698,12.191706931459569,0.22006184195605297,5.377003835460448
4.94,1.0000000000005698,12.192123034288153,0.2200469136819775,5.379166967896043
4.9425,1.00000000000057,12.19042527011465,0.22010736536803896,5.381332581100017
4.945,1.0000000000005707,12.186635784404006,0.22024250190980835,5.383500620411832
4.9475,1.0000000000005707,12.180787688682905,0.22045134463225075,5.385671019398141
4.95,1.000000000000571,12.172924181817814,0.22073265563570424,5.387843699840331
4.9525,1.0000000000005715,12.163097815567387,0.22108495498053732,5.390018571717985
4.955,1.0000000000005718,12.151369931275434,0.2215065300188616,5.392195533211276
4.9575000000000005,1.000000000000572,12.13781027222456,0.22199543689271603,5.394374470740877
4.96,1.0000000000005722,12.12249675551841,0.22254949488183234,5.396555259056547
4.9625,1.0000000000005727,12.105515370360713,0.22316627484551452,5.398737761376937
4.965,1.0000000000005727,12.086960157567864,0.22384308342423204,5.4009218295758075
4.9675,1.0000000000005729,12.066933218669229,0.22457694492881722,5.403107304405485
4.97,1.000000000000573,12.04554470188034,0.22536458294957357,5.405294015748504
4.9725,1.0000000000005735,12.022912715860553,0.22620240368121533,5.407481782893175
4.9750000000000005,1.0000000000005735,11.999163129382092,0.2270864828101148,5.409670414837998
4.9775,1.000000000000574,11.974429224579183,0.22801255758016237,5.411859710641528
4.98,1.000000000000574,11.948851182109703,0.2289760253730964,5.414049459846625
4.9825,1.0000000000005744,11.922575387369863,0.2299719498323925,5.416239443018113
4.985,1.0000000000005749,11.895753557193395,0.2309950752412325,5.418429432438721
4.9875,1.0000000000005749,11.868541695909672,0.23203984953972126,5.420619193007508
4.99,1.0000000000005755,11.841098898162517,0.23310045603199184,5.422808483377069
4.9925,1.0000000000005755,11.81358602358676,0.23417085348461203,5.424997057350735
4.995,1.0000000000005758,11.786164275399948,0.23524482395016438,5.427184665539722
4.9975000000000005,1.000000000000576,11.758993721178113,0.2363160272673167,5.429371057255229
5.0,1.0000000000005764,11.732231799339724,0.2373780608050824,5.431555982584459
5.0025,1.0000000000005769,11.706031858735704,0.23842452266016875,5.433739194575803
5.005,1.000000000000577,11.680541780634275,0.2394490762189555,5.435920451439989
5.0075,1.000000000000577,11.655902731625428,0.24044551380246337,5.438099518663423
5.01,1.0000000000005775,11.632248091947076,0.24140781706607525,5.440276170928932
5.0125,1.0000000000005778,11.609702596079188,0.24233021195951596,5.442450193748275
5.015,1.0000000000005782,11.588381711155064,0.24320721638377799,5.444621384729398
5.0175,1.0000000000005782,11.568391264255302,0.24403367920427044,5.446789554428088
5.0200000000000005,1.0000000000005784,11.549827312927048,0.24480480996064236,5.448954526765514
5.0225,1.000000000000579,11.532776235696488,0.24551619939453034,5.451116139027126
5.025,1.0000000000005795,11.51731500262323,0.2461638317164912,5.453274241491127
5.0275,1.000000000000579,11.503511571911858,0.24674409025986035,5.45542869676286
5.03,1.0000000000005798,11.491425348980261,0.2472537587288481,5.457579378912199
5.0325,1.0000000000005802,11.48110764057513,0.2476900205603508,5.45972617252259
5.035,1.0000000000005804,11.47260203936015,0.248050458928329,5.461868971761397
5.0375000000000005,1.0000000000005806,11.465944684007814,0.24833305960624644,5.464007679572236
5.04,1.0000000000005809,11.46116435554701,0.24853621828776973,5.466142207071639
5.0425,1.0000000000005809,11.45828239113981,0.24865875311059296,5.468272473206975
5.045,1.0000000000005815,11.457312419532222,0.24869992213012285,5.4703984047026575
5.0475,1.0000000000005818,11.45825994566968,0.248659444470621,5.472519936290161
5.05,1.000000000000582,11.461121832768866,0.24853752297240633,5.474637011187479
5.0525,1.0000000000005822,11.465885746031976,0.24833486547850317,5.476749581768049
5.055,1.0000000000005824,11.472529631184358,0.24805270156167958,5.478857610340122
5.0575,1.0000000000005829,11.481021301838926,0.24769279154332527,5.480961069946653
5.0600000000000005,1.000000000000583,11.491318201973126,0.24725742511065357,5.483059945093548
5.0625,1.000000000000583,11.503367394159113,0.24674940765813239,5.485154232320639
5.065,1.0000000000005835,11.517105802172807,0.24617203357441508,5.487243940543637
5.0675,1.0000000000005838,11.532460710571932,0.2455290469412048,5.489329091115441
5.07,1.000000000000584,11.549350496669797,0.244824591357149,5.491409717578839
5.0725,1.0000000000005844,11.56768554515099,0.24406315169667808,5.493485865108054
5.075,1.0000000000005849,11.58736927534805,0.24324949142591354,5.495557589660958
5.0775,1.0000000000005849,11.608299198402941,0.24238858952448733,5.497624956885259
5.08,1.0000000000005855,11.630367917850906,0.24148558104951962,5.499688040838744
5.0825000000000005,1.0000000000005858,11.653463993250966,0.24054570492563968,5.5017469225945845
5.085,1.000000000000586,11.677472601889894,0.23957426170564997,5.503801688807265
5.0875,1.0000000000005862,11.7022759567625,0.23857658291884018,5.505852430312966
5.09,1.0000000000005866,11.727753467512661,0.23755801233979776,5.5078992408309
5.0925,1.000000000000587,11.753781661693562,0.23652389821773565,5.509942215820197
5.095,1.0000000000005869,11.780233913173593,0.23547959435075763,5.511981451531979
5.0975,1.000000000000587,11.806980049491555,0.23443046699730358,5.514017044279737
5.1000000000000005,1.0000000000005878,11.833885927670146,0.23338190408013648,5.516049089934499
5.1025,1.0000000000005878,11.860813076476976,0.2323393230042288,5.518077683635888
5.105,1.0000000000005882,11.887618501478778,0.23130817367792122,5.520102919697061
5.1075,1.0000000000005884,11.914154737715835,0.2302939339493113,5.5221248916714
5.11,1.0000000000005886,11.940270214779066,0.22930209556087702,5.524143692541825
5.1125,1.0000000000005886,11.965809972767218,0.22833813977218942,5.526159414990083
5.115,1.000000000000589,11.990616737930045,0.2274075028792849,5.528172151702701
5.1175,1.0000000000005895,12.014532336922498,0.22651553285033782,5.530181995672473
5.12,1.0000000000005895,12.037399401545269,0.22566743910001832,5.532189040458509
5.1225000000000005,1.00000000000059,12.059063294192017,0.2248682379684983,5.534193380373932
5.125,1.0000000000005906,12.079374169770603,0.2241226967207669,5.536195110577514
5.1275,1.0000000000005904,12.098189083487629,0.22343527884051773,5.538194327053666
5.13,1.0000000000005909,12.115374055476066,0.22281009309661293,5.540191126473811
5.1325,1.0000000000005913,12.130806011802685,0.2222508483712127,5.542185605941139
5.135,1.000000000000591,12.144374535214745,0.22176081563457076,5.54417786262933
5.1375,1.0000000000005915,12.155983375952465,0.22134279781387103,5.546167993334093
5.14,1.0000000000005913,12.165551690841916,0.22099910770733758,5.548156093963479
5.1425,1.0000000000005922,12.173014995672258,0.22073155359988775,5.550142258998477
5.1450000000000005,1.000000000000592,12.178325829987411,0.22054143188164216,5.552126580958948
5.1475,1.0000000000005929,12.18145414394297,0.2204295257710371,5.5541091499108015
5.15,1.000000000000593,12.18238742352548,0.22039610919323235,5.556090053048465
5.1525,1.0000000000005929,12.181130573560473,0.22044095493650245,5.558069374381616
5.155,1.0000000000005933,12.177705578381554,0.22056334636610272,5.560047194547548
5.1575,1.0000000000005935,12.172150958904066,0.22076209217276194,5.562023590760489
5.16,1.0000000000005942,12.164521043297311,0.22103554382842103,5.5639986368977254
5.1625000000000005,1.0000000000005942,12.154885067466395,0.2213816155792535,5.565972403710688
5.165,1.0000000000005942,12.14332612180154,0.22179780690096343,5.567944959138016
5.1675,1.0000000000005942,12.129939962379213,0.2222812273631531,5.569916368688745
5.17,1.0000000000005944,12.114833707837416,0.2228286238015109,5.571886695857618
5.1725,1.000000000000595,12.09812444698076,0.223436409593876,5.573856002532252
5.175,1.0000000000005953,12.079937786057789,0.22410069570270688,5.57582434935352
5.1775,1.0000000000005955,12.060406367784305,0.22481732300990317,5.577791795995929
5.18,1.0000000000005957,12.039668395834521,0.22558189535757742,5.579758401343489
5.1825,1.0000000000005962,12.017866198172827,0.22638981264271218,5.5817242235473365
5.1850000000000005,1.0000000000005964,11.995144860032372,0.22723630330910774,5.583689319963184
5.1875,1.0000000000005969,11.971650952661593,0.22811645564145652,5.585653746977989
5.19,1.0000000000005966,11.947531377549407,0.22902524738860117,5.5876175597449045
5.1925,1.0000000000005973,11.922932338318553,0.2299575734123865,5.589580811852366
5.195,1.0000000000005975,11.89799844457942,0.2309082712550676,5.591543554956764
5.1975,1.0000000000005977,11.87287194451317,0.23187214471913087,5.593505838407694
5.2,1.000000000000598,11.84769207646422,0.23284398573587523,5.595467708891322
5.2025,1.0000000000005982,11.822594524866968,0.23381859494378704,5.597429210110707
5.205,1.0000000000005986,11.79771096270265,0.2347908014903593,5.5993903825137705
5.2075000000000005,1.0000000000005986,11.773168661453449,0.23575548260409035,5.60135126307067
5.21,1.0000000000005986,11.749090150072993,0.23670758345602558,5.6033118850940555
5.2125,1.000000000000599,11.725592906551132,0.23764213774765147,5.6052722780893225
5.215,1.0000000000005993,11.70278906884609,0.238554289334089,5.60723246761819
5.2175,1.0000000000005997,11.68078515587752,0.2394393150313075,5.609192475158405
5.22,1.0000000000006002,11.659681793514476,0.2402926485778166,5.611152317945391
5.2225,1.0000000000006004,11.63957344469159,0.24110990553932743,5.613112008787438
5.2250000000000005,1.0000000000006006,11.620548146643673,0.241886908772491,5.615071555854525
5.2275,1.000000000000601,11.602687261526604,0.24261971391296658,5.617030962450432
5.23,1.000000000000601,11.586065249214498,0.24330463423381912,5.618990226787635
5.2325,1.0000000000006017,11.570749472698076,0.24393826414121308,5.62094934179308
5.235,1.0000000000006022,11.556800047162872,0.24451750054241145,5.622908294979197
5.2375,1.0000000000006024,11.54426974343521,0.24503956134144073,5.6248670684173305
5.24,1.0000000000006022,11.533203955017544,0.24550200039335263,5.626825638849597
5.2425,1.0000000000006029,11.523640735407438,0.24590271837901678,5.62878397796971
5.245,1.0000000000006029,11.515610908879202,0.24623996924526767,5.6307420528937495
5.2475000000000005,1.0000000000006035,11.509138253555365,0.24651236208204713,5.6326998268288655
5.25,1.0000000000006035,11.504239750648619,0.24671885856601458,5.634657259932648
5.2525,1.000000000000604,11.500925888549158,0.24685876637118656,5.6366143103396125
5.255,1.0000000000006042,11.499201005387942,0.24693172920957956,5.638570935315749
5.2575,1.0000000000006042,11.49906364930126,0.24693771439416123,5.640527092488698
5.26,1.0000000000006046,11.500506932352867,0.2468769989879239,5.642482741091808
5.2625,1.0000000000006048,11.503518852398786,0.246750155694374,5.644437843155792
5.265,1.000000000000605,11.508082557477563,0.2465580396394461,5.646392364583264
5.2675,1.0000000000006053,11.514176529797952,0.24630177708417686,5.648346276049013
5.2700000000000005,1.0000000000006053,11.521774671109748,0.24598275689296306,5.650299553682335
5.2725,1.0000000000006062,11.530846277992563,0.24560262527651935,5.652252179505996
5.275,1.0000000000006064,11.54135590397366,0.24516328395509518,5.654204141628123
5.2775,1.0000000000006062,11.553263114777808,0.24466689147859402,5.6561554342062
5.28,1.0000000000006064,11.56652215265936,0.24411586703426022,5.658106057224524
5.2825,1.0000000000006066,11.581081534825271,0.24351289571015844,5.660056016145199
5.285,1.000000000000607,11.596883618586345,0.24286093390172706,5.662005321506062
5.2875000000000005,1.0000000000006073,11.613864171320895,0.2421632133805888,5.663953988544872
5.29,1.0000000000006075,11.631951986022965,0.24142324251008854,5.665902036926577
5.2925,1.0000000000006077,11.651068582796468,0.24064480319818274,5.667849490638966
5.295,1.0000000000006084,11.671128033092334,0.23983194241819308,5.6697963781021645
5.2975,1.0000000000006082,11.69203693700639,0.23898895748077684,5.671742732510489
5.3,1.0000000000006082,11.713694575078659,0.23812037467361805,5.673688592393673
5.3025,1.0000000000006088,11.735993245503465,0.23723092135822205,5.675634002351194
5.305,1.000000000000609,11.758818786375677,0.23632549208151726,5.677579013881934
5.3075,1.0000000000006095,11.782051271525289,0.23540910968067738,5.679523686205162
5.3100000000000005,1.0000000000006097,11.805565858565075,0.2344868826954736,5.681468086951285
5.3125,1.0000000000006102,11.829233759805458,0.2335639606257765,5.683412292594311
5.315,1.0000000000006104,11.85292330128469,0.2326454886669811,5.6853563885045695
5.3175,1.0000000000006106,11.87650103267431,0.23173656352049435,5.687300468519943
5.32,1.0000000000006108,11.899832851314649,0.23084219172007003,5.689244633966126
5.3225,1.000000000000611,11.922785106898536,0.22996725165850926,5.691188992098421
5.325,1.0000000000006115,11.945225658887098,0.22911646017174697,5.693133653986085
5.3275,1.0000000000006117,11.96702486595049,0.22829434417178734,5.695078731910453
5.33,1.0000000000006122,11.988056494800524,0.2275052174502969,5.6970243363949855
5.3325000000000005,1.0000000000006124,12.008198543906605,0.22675316243233473,5.698970573024247
5.335,1.0000000000006126,12.02733398499248,0.2260420163708623,5.7009175392348235
5.3375,1.0000000000006133,12.045351431247257,0.22537536125630137,5.702865321271678
5.34,1.0000000000006135,12.062145745373487,0.22475651658230064,5.704813991496162
5.3425,1.0000000000006133,12.077618602667032,0.2241885340616266,5.7067636062074945
5.345,1.000000000000614,12.091679024227409,0.22367419341982542,5.708714204099749
5.3475,1.0000000000006142,12.104243893290606,0.22321599849792595,5.710665805425017
5.3500000000000005,1.0000000000006144,12.115238463893718,0.22281617305351506,5.71261841187561
5.3525,1.0000000000006144,12.12459686609183,0.22247665584385418,5.714572007139658
5.355,1.0000000000006148,12.13226260630569,0.22219909478643377,5.7165265580313305
5.3575,1.000000000000615,12.138189055664528,0.22198484020330458,5.718482016054424
5.36,1.0000000000006155,12.142339913981624,0.221834937349493,5.720438319230588
5.3625,1.0000000000006157,12.144689632752225,0.2217501185895716,5.722395394013559
5.365,1.0000000000006162,12.145223777682649,0.22173079571013782,5.724353157118845
5.3675,1.0000000000006162,12.143939310006667,0.22177705293337702,5.72631151712332
5.37,1.0000000000006162,12.140844766339018,0.22188864122547006,5.728270375727468
5.3725000000000005,1.0000000000006162,12.135960319029905,0.22206497447413479,5.7302296286203545
5.375,1.0000000000006166,12.129317702755282,0.22230512804600663,5.732189165938021
5.3775,1.0000000000006166,12.12095999812106,0.2226078401332762,5.734148872354562
5.38,1.0000000000006168,12.110941268996065,0.22297151616867986,5.736108626886181
5.3825,1.0000000000006173,12.09932605667288,0.22339423643871043,5.738068302518417
5.385,1.0000000000006177,12.086188740316256,0.22387376686791688,5.7400277657826
5.3875,1.0000000000006177,12.07161277903081,0.2244075727936737,5.741986876408689
5.39,1.0000000000006182,12.055689855846836,0.22499283541176715,5.7439454871690225
5.3925,1.0000000000006182,12.038518947647747,0.2256264704581571,5.745903444003447
5.3950000000000005,1.0000000000006188,12.020205347314027,0.22630514860912912,5.747860586484057
5.3975,1.000000000000619,12.000859665028218,0.22702531703594936,5.749816748642076
5.4,1.000000000000619,11.9805968347938,0.22778322154344097,5.751771760143705
5.4025,1.0000000000006197,11.959535149909732,0.22857492875378957,5.7537254477704805
5.405,1.00000000000062,11.937795347657623,0.22939634786354873,5.755677637135287
5.4075,1.0000000000006202,11.915499759122557,0.23024325159682232,5.757628154549729
5.41,1.0000000000006204,11.89277153524618,0.23111129609240472,5.759576828952715
5.4125000000000005,1.0000000000006208,11.86973395527489,0.2319960395876775,5.761523493813181
5.415,1.0000000000006206,11.846509819060703,0.23289295988729986,5.763467988930491
5.4175,1.0000000000006213,11.823220920487152,0.23379747072101098,5.76541016207206
5.42,1.0000000000006217,11.799987595838452,0.23470493719439298,5.767349870406526
5.4225,1.0000000000006217,11.776928338331414,0.23561069061360848,5.769286981709919
5.425,1.0000000000006226,11.754159468322673,0.23651004301664494,5.771221375339633
5.4275,1.000000000000623,11.731794847845489,0.23739830176872498,5.773152942984813
5.43,1.0000000000006233,11.709945628016571,0.23827078457967193,5.775081589211064
5.4325,1.0000000000006237,11.688720018336008,0.23912283527932487,5.7770072318221635
5.4350000000000005,1.0000000000006237,11.668223067817577,0.23994984064784544,5.7789298020616595
5.4375,1.0000000000006242,11.648556449065818,0.2407472485457988,5.780849244674159
5.44,1.000000000000624,11.629818237712993,0.24151058752884205,5.782765517840698
5.4425,1.0000000000006246,11.61210268092443,0.24223548806795472,5.784678592996278
5.445,1.0000000000006246,11.595499949889605,0.24291770543163468,5.7865884545316915
5.4475,1.0000000000006248,11.58009587228984,0.24355314422374896,5.78849509937701
5.45,1.0000000000006253,11.565971641652474,0.24413788451113777,5.790398536461495
5.4525,1.0000000000006255,11.553203501273263,0.24466820941929046,5.792298786044199
5.455,1.0000000000006255,11.54186240104011,0.24514063402237696,5.794195878911182
5.4575000000000005,1.0000000000006264,11.532013626060651,0.2455519353052358,5.796089855438741
5.46,1.000000000000626,11.523716396533954,0.24589918292881177,5.797980764526473
5.4625,1.0000000000006266,11.517023438868627,0.24617977048599612,5.799868662408796
5.465,1.000000000000627,11.51198052869952,0.24639144689066023,5.801753611358236
5.4675,1.000000000000627,11.508626007263812,0.24653234749744085,5.803635678297258
5.47,1.0000000000006275,11.506990273638726,0.24660102450204752,5.805514933338136
5.4725,1.0000000000006273,11.507095256695818,0.24659647611997051,5.807391448271606
5.4750000000000005,1.000000000000628,11.508953872361019,0.24651817398438228,5.809265295025363
5.4775,1.000000000000628,11.512569473941117,0.2463660881413321,5.811136544113295
5.48,1.0000000000006286,11.517935305910903,0.24614070895299767,5.813005263095869
5.4825,1.000000000000629,11.525033974629308,0.24584306515053375,5.814871515072457
5.485,1.0000000000006288,11.533836952883847,0.24547473721203827,5.816735357227272
5.4875,1.0000000000006293,11.544304138791906,0.24503786518591186,5.818596839453089
5.49,1.0000000000006297,11.556383493173726,0.24453515004541365,5.820456003080331
5.4925,1.0000000000006304,11.570010782732982,0.24396984765835106,5.822312879743585
5.495,1.0000000000006302,11.585109458846254,0.2433457544992703,5.824167490422302
5.4975000000000005,1.0000000000006306,11.60159070303579,0.24266718433240322,5.826019844696474
5.5,1.0000000000006308,11.619353669835242,0.24193893526188331,5.827869940260579
5.5025,1.0000000000006313,11.638285955346905,0.24116624678729032,5.829717762738511
5.505,1.0000000000006315,11.658264315007965,0.2403547468176685,5.831563285838126
5.5075,1.000000000000632,11.679155646753886,0.23951038897923116,5.8334064718751275
5.51,1.0000000000006322,11.700818245898208,0.23863938098692658,5.835247272682391
5.5125,1.0000000000006326,11.723103325880931,0.23774810531659768,5.837085630902353
5.515,1.0000000000006328,11.745856785062053,0.23684303388499048,5.83892148163792
5.5175,1.0000000000006333,11.768921184693875,0.23593063888739718,5.840754754412639
5.5200000000000005,1.000000000000633,11.792137888057328,0.23501730232318213,5.8425853753657995
5.5225,1.0000000000006335,11.815349296621886,0.2341092270247777,5.84441326958505
5.525,1.0000000000006344,11.838401107199104,0.23321235216651615,5.846238363460701
5.5275,1.0000000000006346,11.861144505600313,0.2323322762430858,5.848060586934508
5.53,1.0000000000006346,11.88343820834168,0.23147419035922778,5.849879875513726
5.5325,1.0000000000006348,11.905150265276433,0.23064282435867453,5.851696171930052
5.535,1.0000000000006353,11.92615954313297,0.2298424078483534,5.853509427342972
5.5375000000000005,1.000000000000635,11.946356822822919,0.22907664756164595,5.855319602017933
5.54,1.0000000000006353,11.965645461600051,0.22834872178031382,5.85712666544928
5.5425,1.0000000000006355,11.983941593766728,0.22766129173565458,5.858930595943719
5.545,1.000000000000636,12.001173869272476,0.22701652907944933,5.860731379727817
5.5475,1.0000000000006364,12.017282756525148,0.22641615770245618,5.862529009688748
5.55,1.0000000000006368,12.032219462123981,0.22586150743244826,5.86432348389621
5.5525,1.0000000000006368,12.045944544058097,0.22535357651329202,5.866114804081112
5.555,1.0000000000006375,12.058426314342501,0.22489309929479415,5.867902974259499
5.5575,1.0000000000006375,12.069639140509786,0.2244806152855381,5.869687999686256
5.5600000000000005,1.0000000000006377,12.079561761683012,0.2241165356621427,5.871469886301285
5.5625,1.000000000000638,12.088175733488326,0.22380120349920832,5.873248640792305
5.565,1.0000000000006384,12.095464106776967,0.22353494438040508,5.875024271345582
5.5675,1.0000000000006388,12.101410428563721,0.22331810465235208,5.87679678909309
5.57,1.0000000000006386,12.105998130864162,0.22315107535372694,5.878566210197016
5.5725,1.0000000000006393,12.109210345815866,0.22303430074370462,5.880332558446376
5.575,1.0000000000006397,12.111030155547992,0.2229682713078867,5.882095868181924
5.5775,1.00000000000064,12.111441254877482,0.22295350207256157,5.88385618732024
5.58,1.0000000000006402,12.110428976259039,0.22299049794528472,5.885613580220892
5.5825000000000005,1.0000000000006404,12.10798160157427,0.22307970856222753,5.887368130134639
5.585,1.0000000000006404,12.104091866094691,0.22322147571095904,5.889119940987674
5.5875,1.000000000000641,12.098758547646435,0.22341597677522873,5.8908691382954546
5.59,1.0000000000006415,12.091988029453434,0.22366316779579962,5.892615869057658
5.5925,1.0000000000006422,12.083795728548118,0.22396272965543204,5.894360300557634
5.595,1.000000000000642,12.07420729260223,0.22431402059024405,5.896102618070067
5.5975,1.0000000000006422,12.063259485548839,0.22471603773238485,5.897843021561772
5.6000000000000005,1.0000000000006424,12.051000704948326,0.22516738974078232,5.899581721545788
5.6025,1.0000000000006428,12.037491099838887,0.2256662818270242,5.9013189343112975
5.605,1.0000000000006428,12.02280228474607,0.22621051368637904,5.9030548767961815
5.6075,1.0000000000006435,12.007016671523377,0.2267974900548311,5.904789761391254
5.61,1.0000000000006437,11.99022646382816,0.22742424288439655,5.9065237909639805
5.6125,1.000000000000644,11.972532377689609,0.2280874635074898,5.908257154365347
5.615,1.0000000000006442,11.954042164623282,0.2287835426842894,5.909990022639254
5.6175,1.000000000000644,11.934869020435011,0.22950861612129386,5.911722546094011
5.62,1.0000000000006446,11.915129963131337,0.23025861292795782,5.913454852325894
5.6225000000000005,1.0000000000006448,11.894944257636931,0.23102930454121492,5.9151870452121225
5.625,1.0000000000006455,11.874431954194819,0.23181635188105193,5.9169192048211015
5.6275,1.0000000000006457,11.853712592629156,0.23261534887790966,5.918651388127831
5.63,1.0000000000006461,11.832904107544607,0.2334218609981416,5.9203836303760475
5.6325,1.000000000000646,11.81212195156571,0.23423145794341507,5.922115946899775
5.635,1.0000000000006464,11.79147843637451,0.23503974026661809,5.923848335206235
5.6375,1.0000000000006466,11.771082275901328,0.23584236018378713,5.9255807771296265
5.64,1.0000000000006466,11.751038303601629,0.23663503732657218,5.927313240888564
5.6425,1.000000000000647,11.731447327013491,0.2374135705386035,5.929045682915883
5.6450000000000005,1.0000000000006475,11.712406078066902,0.2381738470483398,5.930778049373565
5.6475,1.0000000000006475,11.694007216870103,0.2389118504396931,5.93251027731284
5.65,1.000000000000648,11.676339349562573,0.23962366879193434,5.934242295485632
5.6525,1.0000000000006481,11.65948702665945,0.24030550418626279,5.935974024853928
5.655,1.0000000000006481,11.643530696288872,0.24095368450246848,5.937705378875157
5.6575,1.0000000000006484,11.62854659591206,0.24156467808711113,5.939436263662205
5.66,1.0000000000006488,11.614606575578117,0.24213511150051048,5.941166578125053
5.6625000000000005,1.000000000000649,11.601777854637204,0.24266179017983341,5.942896214197846
5.665,1.0000000000006493,11.59012272140182,0.2431417215229095,5.944625057241767
5.6675,1.00000000000065,11.57969819098468,0.2435721396292615,5.94635298669263
5.67,1.0000000000006497,11.570555640158322,0.2439505307502566,5.948079876995862
5.6725,1.0000000000006504,11.562740439509259,0.24427465840875667,5.949805598842949
5.675,1.0000000000006504,11.556291602543212,0.24454258715007374,5.951530020696308
5.6775,1.0000000000006508,11.551241469058876,0.24475270397145518,5.953253010565454
5.68,1.0000000000006508,11.547615436492507,0.2449037366304464,5.954974437979136
5.6825,1.0000000000006515,11.545431748562745,0.2449947682321876,5.956694176086067
5.6850000000000005,1.000000000000652,11.544701345942693,0.24502524771842268,5.958412103812028
5.6875,1.0000000000006521,11.545427779343918,0.24499499610357678,5.960128108002305
5.69,1.0000000000006526,11.547607181716637,0.24490420850528727,5.961842085485244
5.6925,1.0000000000006528,11.551228293540131,0.2447534521824575,5.963553945003113
5.695,1.0000000000006528,11.55627253355105,0.24454366091336605,5.9652636089689715
5.6975,1.000000000000653,11.562714106756617,0.2442761261160224,5.966971015021173
5.7,1.0000000000006533,11.570520142104861,0.2439524851351309,5.9686761173588545
5.7025,1.0000000000006533,11.57965085353797,0.243574707102083,5.970378887851224
5.705,1.0000000000006535,11.5900597200755,0.24314507672710906,5.9720793169200075
5.7075000000000005,1.0000000000006537,11.60169368276758,0.24266617631872053,5.973777414197892
5.71,1.000000000000654,11.614493358536185,0.2421408662574017,5.975473208966482
5.7125,1.0000000000006544,11.628393272828706,0.24157226408930896,5.977166750375857
5.715,1.0000000000006548,11.643322114446159,0.24096372235986727,5.978858107445291
5.7175,1.000000000000655,11.659203016752297,0.24031880528169497,5.980547368841892
5.72,1.0000000000006555,11.675953869672522,0.23964126432766036,5.982234642431912
5.7225,1.0000000000006555,11.693487666476704,0.2389350128563753,5.983920054598987
5.7250000000000005,1.000000000000656,11.711712888395303,0.2382040999096291,5.985603749324888
5.7275,1.0000000000006566,11.730533928773365,0.2374526833630959,5.987285887031785
5.73,1.0000000000006564,11.749851556879186,0.2366850026563546,5.988966643190073
5.7325,1.0000000000006568,11.769563419813574,0.23590535136925286,5.990646206702084
5.735,1.0000000000006573,11.789564579362635,0.23511804994333935,5.992324778078865
5.7375,1.0000000000006575,11.809748079226932,0.23432741886545141,5.994002567433456
5.74,1.000000000000658,11.830005536934529,0.23353775263319398,5.995679792319606
5.7425,1.0000000000006581,11.850227753963974,0.2327532948084011,5.997356675448582
5.745,1.0000000000006584,11.87030533718908,0.23197821443562108,5.999033442318452
5.7475000000000005,1.0000000000006588,11.890129324706713,0.23121658406022055,6.000710318790266
5.75,1.0000000000006586,11.909591809397057,0.23047235952763073,6.002387528643655
5.7525,1.0000000000006597,11.928586554151206,0.22974936168464186,6.004065291141529
5.755,1.0000000000006595,11.947009593535451,0.22905126003860582,6.005743818630295
5.7575,1.0000000000006595,11.964759817688119,0.22838155836395344,6.00742331419874
5.76,1.00000000000066,11.98173953540332,0.22774358218024096,6.009103969416835
5.7625,1.00000000000066,11.99785501458051,0.22714046796466522,6.0107859621746025
5.765,1.0000000000006601,12.01301699943486,0.2265751539069918,6.012469454641999
5.7675,1.0000000000006601,12.027141204990949,0.22605037196854547,6.014154591372774
5.7700000000000005,1.0000000000006608,12.040148790330523,0.22556864097179366,6.015841497578102
5.7725,1.0000000000006612,12.051966812741197,0.22513226042543918,6.017530277599021
5.775,1.0000000000006615,12.062528665225026,0.22474330478418003,6.019221013609112
5.7775,1.0000000000006617,12.071774499692685,0.2244036178542804,6.020913764579952
5.78,1.0000000000006617,12.079651637533846,0.2241148070871486,6.022608565540513
5.7825,1.000000000000662,12.086114968091836,0.22387823755364486,6.024305427157627
5.785,1.0000000000006624,12.091127333903335,0.22369502546101858,6.026004335657534
5.7875000000000005,1.0000000000006624,12.094659899462814,0.2235660311600465,6.027705253098488
5.79,1.0000000000006626,12.096692497863252,0.22349185168847005,6.029408117992156
5.7925,1.000000000000663,12.097213947123942,0.22347281300318683,6.031112846257796
5.795,1.000000000000663,12.096222325556138,0.22350896216170496,6.032819332479274
5.7975,1.0000000000006635,12.093725193373324,0.22360005981613482,6.034527451422028
5.8,1.0000000000006637,12.089739746160749,0.22374557347327478,6.036237059756519
5.8025,1.0000000000006641,12.084292884994401,0.2239446720450694,6.03794799792757
5.805,1.000000000000664,12.07742118811281,0.22419622225871472,6.039660092106168
5.8075,1.0000000000006641,12.069170770206624,0.22449878750988453,6.041373156162174
5.8100000000000005,1.0000000000006646,12.059597017633529,0.22485062972269926,6.0430869936030716
5.8125,1.0000000000006648,12.0487641911432,0.22524971472469,6.044801399434775
5.815,1.0000000000006652,12.036744891881096,0.2256937215547635,6.046516161914724
5.8175,1.0000000000006655,12.023619391334098,0.22618005599966992,6.0482310641839945
5.82,1.000000000000666,12.009474831232852,0.2267058685042222,6.049945885781956
5.8225,1.0000000000006657,11.994404304947594,0.22726807642860186,6.0516604040631305
5.825,1.000000000000666,11.978505837304187,0.22786339043999487,6.053374395549293
5.8275,1.0000000000006664,11.961881284709818,0.22848834463388393,6.055087637259541
5.83,1.0000000000006666,11.94463518174253,0.2291393297917441,6.056799908065725
5.8325000000000005,1.0000000000006675,11.926873563692135,0.22981262900597466,6.058510990119978
5.835,1.000000000000667,11.90870279675782,0.23050445474913148,6.0602206703947274
5.8375,1.0000000000006677,11.890228448575172,0.23121098634203707,6.061928742363949
5.84,1.0000000000006681,11.87155423138132,0.23192840669269918,6.063635007838629
5.8425,1.000000000000668,11.852781048400788,0.23265293714278884,6.065339278950051
5.845,1.0000000000006686,11.834006170962672,0.23338086927691298,6.067041380253933
5.8475,1.0000000000006688,11.815322569505431,0.23410859262653816,6.068741150907697
5.8500000000000005,1.0000000000006692,11.796818416097691,0.23483261733713912,6.070438446854316
5.8525,1.0000000000006695,11.778576769557226,0.23554959106310974,6.072133142931025
5.855,1.0000000000006697,11.760675446893531,0.23625630960580635,6.073825134810814
5.8575,1.0000000000006701,11.743187076890617,0.23694972110761747,6.075514340680638
5.86,1.0000000000006706,11.726179323502492,0.2376269239469041,6.077200702562908
5.8625,1.0000000000006704,11.709715258719681,0.23828515882888798,6.078884187196502
5.865,1.000000000000671,11.693853857095192,0.23892179591631352,6.080564786409934
5.8675,1.000000000000671,11.678650577628977,0.23953431816881185,6.082242516941245
5.87,1.0000000000006715,11.664157993646747,0.24012030233771253,6.083917419685556
5.8725000000000005,1.0000000000006717,11.650426428085153,0.24067739927042098,6.08558955838025
5.875,1.0000000000006721,11.637504550561257,0.24120331529462088,6.087259017767038
5.8775,1.0000000000006721,11.625439894003469,0.24169579646098469,6.088925901298153
5.88,1.0000000000006724,11.614279252556615,0.24215261731381957,6.090590328477866
5.8825,1.0000000000006726,11.60406892887453,0.24257157563016288,6.09225243194905
5.885,1.000000000000673,11.594854807519635,0.24295049422667245,6.093912354445897
5.8875,1.0000000000006732,11.586682241548083,0.2432872304972937,6.0955702457371315
5.89,1.0000000000006735,11.579595750845753,0.243579693839523,6.097226259679045
5.8925,1.0000000000006737,11.573638542631757,0.24382587058749897,6.098880551484561
5.8950000000000005,1.0000000000006741,11.568851875919178,0.24402385553598216,6.10053327529437
5.8975,1.0000000000006741,11.565274301761518,0.2441718886528853,6.10218458211069
5.9,1.0000000000006746,11.56294081902798,0.24426839518020024,6.10383461812527
5.9025,1.0000000000006746,11.561881990591083,0.24431202704939844,6.105483523443449
5.905,1.000000000000675,11.56212306673902,0.2443017034136577,6.107131431177673
5.9075,1.0000000000006748,11.56368316116385,0.24423664813908336,6.108778466859343
5.91,1.0000000000006752,11.56657452013951,0.24411642229921762,6.110424748098985
5.9125000000000005,1.0000000000006757,11.570801917894427,0.24394095006500918,6.112070384413253
5.915,1.0000000000006761,11.576362201369795,0.2437105368452319,6.1137154771336615
5.9175,1.0000000000006766,11.583243996408411,0.24342587906779253,6.1153601193165095
5.92,1.0000000000006766,11.591427575940054,0.24308806555082027,6.117004395585421
5.9225,1.0000000000006768,11.600884879945205,0.2426985709423311,6.118648381855955
5.925,1.0000000000006772,11.61157966784745,0.24225924216049496,6.120292144913875
5.9275,1.0000000000006772,11.623467777293042,0.2417722791040601,6.121935741842854
5.93,1.0000000000006772,11.636497459560909,0.24124021109835764,6.123579219320914
5.9325,1.0000000000006777,11.650609761337929,0.240665870586576,6.125222612825772
5.9350000000000005,1.0000000000006781,11.66573892519143,0.24005236547537837,6.126865945805376
5.9375,1.0000000000006788,11.681812786352939,0.2394030513206662,6.128509228879758
5.94,1.0000000000006786,11.698753150703686,0.23872150422787108,6.13015245914327
5.9425,1.000000000000679,11.71647614723872,0.2380114949839302,6.131795619632223
5.945,1.0000000000006792,11.73489255680612,0.23727696457984265,6.133438679012538
5.9475,1.0000000000006797,11.75390812661417,0.2365220009651381,6.135081591526554
5.95,1.0000000000006797,11.773423886040197,0.23575081663256484,6.136724297219619
5.9525,1.0000000000006803,11.793336483048982,0.23496772648514933,6.1383667224472145
5.955,1.0000000000006806,11.813538561705961,0.2341771253972195,6.140008780644636
5.9575000000000005,1.0000000000006808,11.833919199833687,0.23338346494100004,6.141650373325118
5.96,1.0000000000006806,11.854364422093441,0.23259122889380668,6.143291391260606
5.9625,1.0000000000006808,11.874757798217148,0.23180490734134032,6.144931715792736
5.965,1.000000000000681,11.894981129485108,0.23102896941874979,6.146571220220433
5.9675,1.0000000000006815,11.91491521964097,0.23026783495097242,6.148209771214358
5.97,1.0000000000006821,11.934440720031803,0.2295258454389547,6.149847230216469
5.9725,1.000000000000682,11.953439033515608,0.22880723496734373,6.151483454793708
5.9750000000000005,1.0000000000006821,11.971793258053246,0.2281161016699823,6.153118299926775
5.9775,1.0000000000006828,11.989389149119562,0.2274563803799367,6.154751619226749
5.98,1.000000000000683,12.006116080101204,0.226831817018226,6.156383266082216
5.9825,1.0000000000006828,12.0218679814429,0.22624594515472102,6.158013094746961
5.985,1.0000000000006832,12.036544242033527,0.2257020650255911,6.159640961382343
5.9875,1.0000000000006835,12.050050559667365,0.2252032251355334,6.161266725069192
5.99,1.000000000000684,12.062299730839042,0.2247522064298407,6.162890248801768
5.9925,1.0000000000006843,12.073212373165548,0.2243515089070953,6.164511400471773
5.995,1.0000000000006841,12.082717576036105,0.22400334046823853,6.166130053844323
5.9975000000000005,1.0000000000006846,12.090753476500097,0.22370960776567692,6.167746089521369
6.0,1.0000000000006848,12.097267757920918,0.22347190882438586,6.169359395881916
