t,norm,peak,PR,R_rms
0.0,1.0000000000000002,1.4366969769095943,1.968662709604115,0.6123724353664733
0.0025,1.0000000000000004,1.4380008210543938,1.9681810206402166,0.6123641679736287
0.005,1.0000000000000007,1.4419057433868128,1.966740046722714,0.6123396536154658
0.0075,1.000000000000001,1.4484035316172252,1.9643460537965143,0.6122994519203709
0.01,1.000000000000002,1.4574957656280458,1.9610015232289117,0.6122440906244567
0.0125,1.0000000000000029,1.469193341678045,1.9567052719743112,0.6121740656627852
0.015,1.0000000000000029,1.4835160174313777,1.9514525755967747,0.6120898410818898
0.0175,1.0000000000000038,1.500491989997857,1.945235294316809,0.6119918487779694
0.02,1.0000000000000033,1.5201575227265602,1.938042002056027,0.6118804880633881
0.0225,1.000000000000004,1.5425566392620882,1.9298581183456731,0.6117561250623912
0.025,1.000000000000005,1.5677409053194185,1.9206660429123654,0.6116190919352188
0.0275,1.0000000000000056,1.5957693197701532,1.9104452927215978,0.6114696859279827
0.03,1.0000000000000056,1.6267083370136193,1.8991726412120016,0.6113081682437961
0.0325,1.0000000000000062,1.6606320423255378,1.8868222593698003,0.6111347627286257
0.035,1.0000000000000064,1.6976225010652308,1.8733658581726989,0.6109496543632219
0.0375,1.000000000000007,1.7377703014389767,1.8587728318021992,0.6107529875502656
0.04,1.0000000000000078,1.7811753091415714,1.8430104009408068,0.6105448641835902
0.0425,1.0000000000000082,1.8279476508197763,1.8260437555242834,0.6103253414840776
0.045,1.0000000000000087,1.8782089421089447,1.8078361966241856,0.6100944295846376
0.0475,1.0000000000000087,1.9320937751648886,1.7883492778281476,0.6098520888447014
0.05,1.0000000000000093,1.9897514803019876,1.7675429477125038,0.6095982268729851
0.0525,1.0000000000000093,2.0513481766774,1.7453756969138585,0.609332695236109
0.055,1.00000000000001,2.1170691280088993,1.7218047160465997,0.6090552858301502
0.0575,1.00000000000001,2.187121421103935,1.6967860744091805,0.6087657268926716
0.06,1.0000000000000109,2.26173698746738,1.6702749341752077,0.6084636786345204
0.0625,1.0000000000000122,2.3411759913187753,1.6422258206416558,0.6081487284742876
0.065,1.0000000000000118,2.425730610756961,1.6125929761218147,0.6078203858644164
0.0675,1.000000000000012,2.5157292421966786,1.5813308331683953,0.6074780767075959
0.07,1.0000000000000127,2.61154116102646,1.548394651832204,0.6071211373766991
0.0725,1.0000000000000127,2.71358167291881,1.5137413752890634,0.6067488083731162
0.075,1.000000000000013,2.822317789251181,1.4773307678606291,0.6063602276897652
0.0775,1.0000000000000138,2.9382744551009297,1.4391269083483953,0.6059544239902457
0.08,1.0000000000000144,3.0620413470529626,1.399100118379097,0.6055303097799895
0.0825,1.0000000000000142,3.194280237511581,1.357229408213585,0.6050866748363689
0.085,1.000000000000014,3.3357328880149506,1.3135055185479496,0.6046221802927652
0.08750000000000001,1.0000000000000153,3.487229380199542,1.2679346227344244,0.6041353539504521
0.09,1.0000000000000155,3.6496967112460124,1.2205427252260679,0.6036245876404746
0.0925,1.000000000000016,3.824167359482411,1.1713807439408959,0.6030881378002875
0.095,1.000000000000016,4.011787349936592,1.1205301916662367,0.602524130899339
0.0975,1.0000000000000162,4.213823098537503,1.068109270728339,0.6019305759858044
0.1,1.0000000000000169,4.431665960724775,1.0142790650531868,0.6013053874856792
0.10250000000000001,1.0000000000000173,4.666832921900221,0.9592493591067301,0.6006464225280039
0.105,1.0000000000000182,4.920961203276362,0.9032834472883368,0.5999515385660538
0.1075,1.0000000000000182,5.195793672977703,0.8467011448317072,0.5992186789820105
0.11,1.000000000000019,5.493150807385696,0.7898791094593294,0.5984459967482986
0.1125,1.000000000000019,5.8148835184722385,0.7332475796704968,0.5976320290579271
0.115,1.000000000000019,6.162799473230764,0.6772827810914326,0.5967759389833027
0.11750000000000001,1.0000000000000198,6.538553703328643,0.6224945858617658,0.5958778432845079
0.12,1.00000000000002,6.943492638618641,0.5694095401035377,0.594939247641587
0.1225,1.0000000000000204,7.378439797929277,0.5185500600266859,0.5939636103281246
0.125,1.0000000000000204,7.84341228430595,0.4704113372099862,0.5929570501948841
0.1275,1.0000000000000215,8.337261598985986,0.4254381354257269,0.5919292010990137
0.13,1.000000000000022,8.857242361254237,0.38400403268195804,0.5908941877775112
0.1325,1.0000000000000215,9.398530854435462,0.3463956218914328,0.5898716525895629
0.135,1.0000000000000218,9.953743786725454,0.3128036756911225,0.5888876957616044
0.1375,1.0000000000000222,10.512545454065096,0.28332236745492123,0.5879755079489507
0.14,1.0000000000000222,11.061472117871784,0.2579564955736792,0.5871753909372652
0.14250000000000002,1.0000000000000238,11.584130682301256,0.23663552064080723,0.5865338175714548
0.145,1.0000000000000233,12.061920697376182,0.21923232861037154,0.5861012307586629
0.1475,1.000000000000024,12.475358527940479,0.2055841401898276,0.5859284777677111
0.15,1.000000000000024,12.805939171090335,0.1955129563490684,0.5860621327046481
0.1525,1.000000000000024,13.038279435935651,0.1888433211520272,0.5865394015013193
0.155,1.0000000000000242,13.162115717695533,0.1854158877295469,0.5873836542014638
0.1575,1.000000000000024,13.173672820732932,0.18509615138742586,0.5886016780434586
0.16,1.0000000000000244,13.076038109120137,0.18777861822292005,0.5901833804088775
0.1625,1.0000000000000246,12.878444481456015,0.1933874625763348,0.5921039929778676
0.165,1.000000000000025,12.594676376213465,0.20187525707167533,0.5943281258268213
0.1675,1.000000000000025,12.241030106197835,0.21322153406309832,0.5968146005236478
0.17,1.0000000000000258,11.8343044053642,0.22743272844566967,0.5995209936442508
0.17250000000000001,1.0000000000000258,11.39018420441446,0.244544532189521,0.6024071592871854
0.17500000000000002,1.0000000000000266,10.922191670013778,0.2646270266816305,0.6054374546563249
0.1775,1.0000000000000269,10.441201767085099,0.2877923521522874,0.6085817689510131
0.18,1.000000000000027,9.95540695542024,0.31420428198478323,0.6118156604128675
0.1825,1.0000000000000275,9.470574870038838,0.3440889466452242,0.6151199494547773
0.185,1.000000000000027,8.990454156651435,0.3777460351227969,0.6184800585136829
0.1875,1.0000000000000278,8.517220333763117,0.4155599494325601,0.6218852952398046
0.19,1.000000000000028,8.051894780113235,0.4580104310290519,0.6253281869812618
0.1925,1.0000000000000284,7.594704288579405,0.505681958683851,0.6288039095669351
0.195,1.0000000000000284,7.145372350964385,0.5592705982666337,0.6323098142750728
0.1975,1.000000000000029,6.703347133882195,0.6195858414013354,0.6358450381450069
0.2,1.00000000000003,6.267977411578752,0.6875431878397682,0.6394101772330129
0.2025,1.00000000000003,5.838649141113483,0.7641407408389175,0.6430070039119653
0.20500000000000002,1.0000000000000302,5.41489399060085,0.8504100112173867,0.6466382136868792
0.20750000000000002,1.0000000000000304,4.996478395118228,0.9473280448478538,0.6503071918536139
0.21,1.000000000000031,4.583478488678278,1.0556764345964085,0.6540177945783537
0.2125,1.0000000000000313,4.176343025518674,1.1758358529412525,0.657774142332804
0.215,1.0000000000000318,3.775943418870913,1.3075173899570298,0.6615804261911351
0.2175,1.0000000000000326,3.3836074628573685,1.4494597178451374,0.6654407294961368
0.22,1.000000000000033,3.001131344916772,1.5991652918009136,0.6693588689797078
0.2225,1.0000000000000329,2.6307634446070525,1.7527976921542567,0.6733382605596062
0.225,1.0000000000000333,2.2751534542940353,1.9053828296549067,0.6773818155363394
0.2275,1.0000000000000338,1.9372618587937531,2.051402486323024,0.6814918724725308
0.23,1.0000000000000342,1.6202279783538762,2.1857176452121303,0.6856701683606589
0.2325,1.0000000000000349,1.327199557991813,2.3045658083883414,0.6899178496770234
0.23500000000000001,1.0000000000000353,1.0611328197288283,2.4062713813403263,0.6942355198478476
0.23750000000000002,1.000000000000035,0.824578059746453,2.491398158752726,0.6986233152314139
0.24,1.0000000000000364,0.7644210163864962,2.562322797707477,0.7030809980217483
0.2425,1.0000000000000369,0.7163312462742526,2.622452591682731,0.7076080526525322
0.245,1.000000000000037,0.66411424754914,2.6754036929217415,0.7122037731240028
0.2475,1.0000000000000382,0.6669589547412764,2.724385207196507,0.7168673322466056
0.25,1.000000000000038,0.6665618115118938,2.771891184956616,0.7215978292423202
0.2525,1.0000000000000389,0.6625232625026642,2.819677811542091,0.7263943179140862
0.255,1.0000000000000389,0.6545180675376713,2.8689335886975456,0.731255821962207
0.2575,1.0000000000000393,0.6423236827512524,2.9205299085964502,0.7361813457496722
0.26,1.0000000000000397,0.6258464474571717,2.97525124654473,0.7411698876004361
0.2625,1.0000000000000406,0.6051430259597592,3.0339359768282432,0.7462204592855189
0.265,1.0000000000000409,0.5804346566847096,3.0975011217776776,0.7513321111298293
0.2675,1.000000000000042,0.5521121537043777,3.166865965538068,0.7565039586867461
0.27,1.0000000000000415,0.5527533882218105,3.242818906916246,0.7617352052596966
0.2725,1.000000000000042,0.5571584288980596,3.3258827221002822,0.7670251550164185
0.275,1.0000000000000429,0.5584265032088055,3.416226547128811,0.7723732135996657
0.2775,1.000000000000043,0.5561971842663862,3.513654150792747,0.7777788760617697
0.28,1.0000000000000433,0.5501961032445447,3.6176738370755355,0.783241704627347
0.28250000000000003,1.0000000000000442,0.5402561593331684,3.727630926042928,0.7887613004723978
0.28500000000000003,1.0000000000000446,0.5263352549901368,3.842864475086679,0.7943372741126388
0.28750000000000003,1.000000000000045,0.5085290010553961,3.9628415135557074,0.7999692182885675
0.29,1.000000000000045,0.4870770374153153,4.087228865083087,0.8056566858864722
0.2925,1.000000000000046,0.46236195571842825,4.2158839046695,0.8113991739828365
0.295,1.0000000000000462,0.434900272870273,4.348774169084443,0.8171961139594587
0.2975,1.0000000000000466,0.40532545418885707,4.48586072103453,0.8230468669941609
0.3,1.0000000000000469,0.37436357735895026,4.6269921671733005,0.8289507240481193
0.3025,1.0000000000000475,0.34280280939618724,4.77185129910987,0.8349069095654854
0.305,1.0000000000000482,0.31145838403011034,4.919976658459579,0.8409145882654273
0.3075,1.0000000000000482,0.29784076696025047,5.070853678694381,0.846972874493614
0.31,1.000000000000049,0.29399321361541636,5.224043641975561,0.8530808435618652
0.3125,1.0000000000000493,0.28788598188786746,5.379302867561152,0.8592375443794411
0.315,1.0000000000000495,0.27967472458414583,5.536645759526029,0.8654420125461754
0.3175,1.0000000000000504,0.27162513504397306,5.696323938934477,0.8716932830083396
0.32,1.0000000000000504,0.26709514479759233,5.858722915793737,0.8779904014091274
0.3225,1.000000000000051,0.2617767660833392,6.024206471357255,0.8843324333950305
0.325,1.0000000000000515,0.2560684234222272,6.192956732457338,0.8907184713425621
0.3275,1.0000000000000517,0.25030657936459166,6.364859442943621,0.8971476382186632
0.33,1.0000000000000526,0.2447529279623752,6.539469856826975,0.9036190885618609
0.3325,1.0000000000000524,0.23958947227030428,6.716070171233406,0.9101320068538206
0.335,1.000000000000053,0.23492076583349034,6.893801973685476,0.916685603821259
0.3375,1.0000000000000535,0.23078211889556857,7.071834892143509,0.9232791114321878
0.34,1.0000000000000537,0.22715223601256446,7.249522499840094,0.9299117774828475
0.3425,1.0000000000000542,0.22396857605218556,7.426502145852654,0.9365828606702491
0.34500000000000003,1.0000000000000546,0.22114370788998888,7.602714938315653,0.9432916268900028
0.34750000000000003,1.0000000000000546,0.2185810625756295,7.778348371357586,0.9500373472084361
0.35000000000000003,1.0000000000000553,0.2161887316250503,7.953727308319443,0.9568192975906477
0.3525,1.0000000000000557,0.2138902994729763,8.129191299630863,0.9636367601077211
0.355,1.0000000000000564,0.2116320890088956,8.304994654245458,0.9704890250831759
0.3575,1.0000000000000566,0.20938660392245204,8.481252873756343,0.9773753935303127
0.36,1.000000000000057,0.20715233352985327,8.657941015915481,0.9842951792916159
0.3625,1.0000000000000577,0.20495041300894237,8.834932935653386,0.9912477104834243
0.365,1.0000000000000575,0.20281888015054575,9.012060188613233,0.9982323301036001
0.3675,1.0000000000000582,0.20080542357923817,9.189167845864128,1.0052483958974419
0.37,1.0000000000000586,0.1989595715023652,9.366150635635973,1.0122952797347984
0.3725,1.0000000000000593,0.19732522860439902,9.542963347472304,1.0193723668008612
0.375,1.0000000000000597,0.19593434435492063,9.719609918728928,1.0264790548543952
0.3775,1.0000000000000602,0.19480230796564688,9.896122324655288,1.0336147536988274
0.38,1.0000000000000597,0.19392543698026835,10.072541507519974,1.040778884892947
0.3825,1.000000000000061,0.19328068317284647,10.248908664273513,1.0479708816403903
0.385,1.000000000000061,0.19282744543842448,10.425268633972223,1.0551901887615585
0.3875,1.0000000000000615,0.1925111760671396,10.6016809059801,1.0624362626654988
0.39,1.0000000000000622,0.1922683108654144,10.778230352580486,1.0697085712827739
0.3925,1.0000000000000628,0.1920319558262379,10.955030205926093,1.0770065939669422
0.395,1.0000000000000626,0.19173772788753923,11.132213460478079,1.0843298214008346
0.3975,1.0000000000000637,0.1913291729404082,11.309914001312604,1.0916777555450443
0.4,1.0000000000000635,0.19076226328885335,11.48824317312999,1.099049909644089
0.4025,1.0000000000000644,0.19000859744133106,11.667269542221666,1.1064458082737294
0.405,1.0000000000000653,0.1890570727043278,11.847008654607787,1.1138649873864308
0.40750000000000003,1.0000000000000653,0.18791395949274992,12.027426212403089,1.1213069943019343
0.41000000000000003,1.0000000000000655,0.18660145979727477,12.208453659181615,1.1287713875994982
0.41250000000000003,1.000000000000066,0.18515496682345758,12.39001130926317,1.1362577368925557
0.41500000000000004,1.0000000000000666,0.18361934732805907,12.57203215026444,1.1437656224953239
0.4175,1.0000000000000668,0.18204463523501285,12.75447981128246,1.1512946350139495
0.42,1.0000000000000675,0.18300002901160559,12.937356578377042,1.1588443749050008
0.4225,1.000000000000068,0.1849853591082254,13.120700756310654,1.1664144520401565
0.425,1.0000000000000684,0.18677145447041546,13.304575882972395,1.174004485301501
0.4275,1.000000000000069,0.1882807837784815,13.489056282351704,1.1816141022137787
0.43,1.0000000000000693,0.1894543187980604,13.674213722591608,1.1892429386052596
0.4325,1.0000000000000695,0.19025332258168667,13.860108694072695,1.1968906382822058
0.435,1.0000000000000697,0.1906596710494595,14.046787693234156,1.2045568527043156
0.4375,1.00000000000007,0.1906748133010041,14.234285735297489,1.2122412406575704
0.44,1.0000000000000702,0.19031757166582836,14.422631839722179,1.2199434679322025
0.4425,1.000000000000071,0.18962105334654097,14.611854801290862,1.2276632070223386
0.445,1.0000000000000715,0.1886289877334422,14.80198712342287,1.2354001368671041
0.4475,1.000000000000072,0.18739181609787267,14.993066162983151,1.243153942649599
0.45,1.0000000000000724,0.18596284510523808,15.185132788580358,1.2509243156616061
0.4525,1.0000000000000726,0.18439473640116488,15.378228724534331,1.2587109532310088
0.455,1.0000000000000728,0.18273654709992582,15.572393997356505,1.2665135586989074
0.4575,1.0000000000000735,0.18103146707152104,15.767665548013662,1.2743318414268925
0.46,1.000000000000074,0.1793153255586605,15.96407736431031,1.282165516813049
0.4625,1.0000000000000742,0.1776158686189584,16.161661757933135,1.2900143062977472
0.465,1.0000000000000753,0.17595274605662395,16.36045094849054,1.2978779373457996
0.4675,1.0000000000000757,0.17433809643390194,16.560478065070285,1.305756143398202
0.47000000000000003,1.000000000000076,0.17277758438676824,16.76177700039586,1.313648663792765
0.47250000000000003,1.000000000000076,0.1712717270558691,16.964381080877125,1.3215552436573752
0.47500000000000003,1.0000000000000768,0.16981734557736125,17.1683210199438,1.329475633781985
0.47750000000000004,1.0000000000000777,0.16840899140750673,17.373622911165025,1.337409590476052
0.48,1.000000000000078,0.1670402227965363,17.58030700352849,1.345356875417649
0.4825,1.0000000000000784,0.16570464025520804,17.788387717313675,1.3533172554995478
0.485,1.0000000000000788,0.16439662732139726,17.997874932656686,1.3612905026766695
0.4875,1.0000000000000795,0.1631117803675514,18.20877617767265,1.3692763938186807
0.49,1.0000000000000797,0.1618470450703404,18.421099095568856,1.3772747105709926
0.4925,1.0000000000000797,0.16060060469524484,18.63485354569848,1.3852852392268784
0.495,1.0000000000000804,0.1593715846479586,18.850052872374114,1.3933077706126231
0.4975,1.000000000000081,0.15815964792276282,19.06671417166867,1.401342099986505
0.5,1.0000000000000817,0.15696455722102784,19.284857687508165,1.4093880269510757
0.5025000000000001,1.0000000000000815,0.1557857725698326,19.504505677086655,1.417445355376892
0.505,1.0000000000000828,0.15462213987256934,19.725681151735003,1.4255138933347793
0.5075000000000001,1.0000000000000828,0.15347170805578544,19.948406829014974,1.4335934530331091
0.51,1.0000000000000833,0.1523316926309905,20.17270447594186,1.4416838507564707
0.5125,1.0000000000000837,0.15119858382190246,20.398594652076074,1.4497849068025297
0.515,1.0000000000000842,0.1500683799206818,20.62609673622655,1.4578964454145482
0.5175,1.0000000000000848,0.1489369128151026,20.855229074206733,1.4660182947078693
0.52,1.0000000000000853,0.1478002237243374,21.08600911479963,1.4741502865894396
0.5225,1.0000000000000855,0.14665494356432585,21.31845347644372,1.4822922566700831
0.525,1.0000000000000864,0.14549863393400367,21.552577966444744,1.4904440441697109
0.5275,1.0000000000000868,0.14433005086423512,21.788397622526723,1.4986054918160367
0.53,1.0000000000000875,0.14314930319626287,22.025926846958704,1.5067764457377082
0.5325,1.0000000000000875,0.1419578894859171,22.265179662301357,1.5149567553531333
0.535,1.0000000000000882,0.14075861027735978,22.506170057631415,1.523146273256665
0.5375,1.0000000000000884,0.13955536509794755,22.748912343044548,1.5313448551041708
0.54,1.0000000000000888,0.13835285439323755,22.993421410231477,1.539552359500304
0.5425,1.000000000000089,0.13715621490657598,23.239712815843124,1.5477686478898471
0.545,1.0000000000000895,0.135970622095983,23.487802654478376,1.5559935844553743
0.5475,1.00000000000009,0.13480089481390725,23.737707250529773,1.564227036023058
0.55,1.0000000000000906,0.1336511357448785,23.989442750755234,1.5724688719778344
0.5525,1.0000000000000908,0.13252443640516287,24.24302472532267,1.580718964188427
0.555,1.0000000000000913,0.13142266850602585,24.498467877722256,1.5889771869419542
0.5575,1.0000000000000917,0.13034637498006926,24.75578592843003,1.5972434168872187
0.56,1.0000000000000924,0.12929476485287678,25.01499168707786,1.605517532985253
0.5625,1.0000000000000924,0.12826580727783418,25.27609727956695,1.613799416465428
0.5650000000000001,1.000000000000093,0.1272564122124681,25.5391144636293,1.622088950785341
0.5675,1.0000000000000935,0.1262626790127585,25.8040549555936,1.630386021592818
0.5700000000000001,1.0000000000000937,0.12528019006895297,26.070930701564414,1.6386905166885875
0.5725,1.0000000000000944,0.12430432469264578,26.339754050837257,1.6470023259885327
0.5750000000000001,1.0000000000000948,0.12333056876241015,26.61053781848878,1.655321341484799
0.5775,1.000000000000095,0.12235479792107244,26.883295249027515,1.6636474572053601
0.58,1.000000000000096,0.12137351601275226,27.15803990859099,1.6719805691719984
0.5825,1.0000000000000957,0.12038403546669581,27.434785538510976,1.6803205753568837
0.585,1.0000000000000966,0.11938459194086765,27.7135459005553,1.6886673756381003
0.5875,1.0000000000000966,0.11837439119702599,27.99433463766162,1.6970208717546078
0.59,1.0000000000000975,0.11735359140744976,28.27716516692414,1.7053809672610747
0.5925,1.0000000000000975,0.11632322849819936,28.56205061569186,1.713747567483079
0.595,1.000000000000098,0.1152850954374035,28.849003806806113,1.7221205794730252
0.5975,1.0000000000000981,0.11424158843083013,29.138037294046203,1.730499911967132
0.6,1.0000000000000988,0.11319553377005978,29.429163442673723,1.7388854753437413
0.6025,1.0000000000000995,0.11215000868517981,29.722394542491255,1.7472771815831891
0.605,1.000000000000099,0.11110816817127572,30.017742933384223,1.7556749442294568
0.6075,1.0000000000001,0.11007308763776072,30.315221118188248,1.7640786783538276
0.61,1.0000000000001001,0.10904762865653712,30.614841837249006,1.772488300520768
0.6125,1.0000000000001008,0.10803433234614343,30.916618084542403,1.780903728756213
0.615,1.0000000000001004,0.10703534228626056,31.220563056270525,1.7893248825183865
0.6175,1.0000000000001013,0.10605235652524303,31.526690037213875,1.797751682671157
0.62,1.0000000000001021,0.10508660637643118,31.83501224429977,1.8061840514598377
0.6225,1.0000000000001021,0.10413885838271113,32.14554265716019,1.814621912489123
0.625,1.0000000000001028,0.10320943508203899,32.45829386910487,1.8230651907027615
0.6275000000000001,1.000000000000103,0.1022982499890079,32.77327798791737,1.8315138123644412
0.63,1.0000000000001037,0.10140485243194317,33.09050660520232,1.8399677050392629
0.6325000000000001,1.000000000000104,0.10052847843356122,33.40999083838825,1.848426797575245
0.635,1.0000000000001048,0.09966810456421415,33.73174143455286,1.856891020084281
0.6375000000000001,1.0000000000001048,0.09882250250093194,34.05576891349039,1.8653603039221551
0.64,1.000000000000105,0.0979902927800254,34.382083721396405,1.8738345816673077
0.6425,1.0000000000001057,0.09716999684982758,34.71069636713779,1.8823137870982294
0.645,1.0000000000001061,0.09636008696000564,35.041617519603115,1.8907978551694926
0.6475,1.0000000000001064,0.09555903364609586,35.37485805506173,1.8992867219865475
0.65,1.000000000000107,0.09476535059597029,35.71042905509379,1.9077803247795013
0.6525,1.0000000000001072,0.09397763655864506,36.048341765802355,1.9162786018761522
0.655,1.0000000000001072,0.09319461373317432,36.38860753563217,1.924781492674536
0.6575,1.000000000000108,0.09241516182305778,36.731237751152406,1.933288937615281
0.66,1.0000000000001084,0.09163834672566397,37.076243787682834,1.9418008781540128
0.6625,1.0000000000001086,0.09086344270344797,37.42363698566871,1.950317256734036
0.665,1.0000000000001092,0.09008994689521489,37.77342865587748,1.9588380167595287
0.6675,1.0000000000001097,0.08931758519223486,38.12563010865821,1.9673631025694338
0.67,1.00000000000011,0.08854630882483246,38.480252696349744,1.9758924594122713
0.6725,1.0000000000001104,0.08777628145861964,38.83730785464412,1.9844260334220474
0.675,1.0000000000001115,0.08700785714681593,39.19680712883494,1.9929637715954496
0.6775,1.0000000000001115,0.08624155007466931,39.55876217422112,2.0015056217704803
0.68,1.000000000000112,0.08547799760604817,39.92318472566741,2.010051532606599
0.6825,1.0000000000001121,0.08471791864313695,40.29008653817442,2.0186014535664407
0.685,1.0000000000001128,0.08396206968637004,40.65947930682876,2.027155334899031
0.6875,1.0000000000001135,0.08321120119329092,41.03137457932619,2.0357131276243874
0.6900000000000001,1.0000000000001135,0.0824660168571977,41.40578367641034,2.0442747835192847
0.6925,1.0000000000001144,0.0817271382519513,41.78271763461964,2.0528402551039475
0.6950000000000001,1.0000000000001148,0.08099507692871478,42.162187181914646,2.061409495629374
0.6975,1.0000000000001152,0.08027021553071001,42.5442027508875,2.069982459064998
0.7000000000000001,1.0000000000001155,0.07955279885408277,42.92877452756563,2.07855910008646
0.7025,1.000000000000116,0.07884293507723791,43.31591252770723,2.087139374063262
0.705,1.0000000000001164,0.0781406066632696,43.705626688164514,2.095723237046197
0.7075,1.0000000000001161,0.07744568976640523,44.097926959173186,2.1043106457544796
0.71,1.0000000000001168,0.07675798039526881,44.4928233845262,2.1129015575625956
0.7125,1.0000000000001177,0.07607722514624603,44.890326160092954,2.121495930486936
0.715,1.0000000000001177,0.07540315405041459,45.29044566614093,2.130093723172309
0.7175,1.0000000000001183,0.07473551299447884,45.69319247420102,2.138694894878465
0.72,1.0000000000001188,0.07407409328203297,46.09857733361399,2.1472994054667573
0.7225,1.0000000000001192,0.07341875618370307,46.50661114550966,2.1559072153870598
0.725,1.0000000000001197,0.07276945075748056,46.91730493238857,2.164518285665062
0.7275,1.0000000000001206,0.07212622376726349,47.330669809852964,2.1731325778900263
0.73,1.0000000000001203,0.07148922114404944,47.746716964003035,2.1817500542031025
0.7325,1.0000000000001208,0.07085868107222756,48.16545763451197,2.1903706772862486
0.735,1.0000000000001208,0.07023491939473812,48.58690310040719,2.1989944103518484
0.7375,1.0000000000001217,0.06961830857087313,49.01106466391052,2.20762121713302
0.74,1.0000000000001221,0.06900925185146783,49.437953627715714,2.216251061874683
0.7425,1.0000000000001223,0.06840815463006161,49.86758126275787,2.22488390932534
0.745,1.000000000000123,0.06781539506859362,50.299958766347174,2.233519724729564
0.7475,1.000000000000123,0.06723129607794928,50.73509721373763,2.2421584738211107
0.75,1.0000000000001237,0.06665610056500258,51.17300750892811,2.250800122816546
0.7525000000000001,1.0000000000001241,0.0660899515576429,51.61370034203797,2.259444638409266
0.755,1.0000000000001246,0.06553287841582535,52.05718616057488,2.268091987763725
0.7575000000000001,1.0000000000001248,0.06498478986476976,52.503475160294045,2.276742138509724
0.76,1.0000000000001252,0.0644454740845585,52.95257729850976,2.28539505873657
0.7625000000000001,1.0000000000001255,0.06391460559748183,53.40450232927781,2.2940507169869586
0.765,1.000000000000126,0.06339175824684727,53.859259856555894,2.3027090822504546
0.7675000000000001,1.0000000000001266,0.06287642318946146,54.316859398925644,2.3113701239564826
0.77,1.0000000000001268,0.062368030551846046,54.777310458172316,2.3200338119667823
0.7725,1.0000000000001272,0.0618659732415791,55.240622584116615,2.328700116567321
0.775,1.0000000000001275,0.061369631364343744,55.706805429426645,2.337369008459719
0.7775,1.0000000000001281,0.06087839576914117,56.175868790315384,2.346040458752223
0.78,1.0000000000001283,0.060391689414995516,56.64782263151704,2.3547144389503574
0.7825,1.000000000000129,0.05990898550179862,57.12267709621703,2.3633909209473263
0.785,1.0000000000001292,0.05942982161049743,57.60044250325297,2.372069877014314
0.7875,1.0000000000001295,0.05895380942618845,58.08112933470303,2.380751279790754
0.79,1.0000000000001301,0.058480639944664736,58.56474821691673,2.389435102274728
0.7925,1.0000000000001308,0.058010084363934504,59.05130989733912,2.398121317813549
0.795,1.0000000000001312,0.057541991116980544,59.54082521845527,2.406809900094655
0.7975,1.000000000000132,0.057076279696117796,60.03330508922133,2.415500823136851
0.8,1.0000000000001321,0.05661293204475938,60.52876045376629,2.424194061281998
0.8025,1.0000000000001323,0.05615198234775825,61.027202257137326,2.43288958918715
0.805,1.0000000000001323,0.05569350604124673,61.52864140842336,2.441587381817176
0.8075,1.0000000000001332,0.055237608796419264,62.033088742573376,2.450287414437848
0.81,1.0000000000001334,0.05478441612182782,62.54055498332774,2.458989662609374
0.8125,1.0000000000001337,0.05433406409017483,63.05105071057447,2.467694102180303
0.8150000000000001,1.0000000000001346,0.05388669154324416,63.56458633581263,2.4764007092817533
0.8175,1.0000000000001346,0.053442433976296735,64.08117208908872,2.4851094603218664
0.8200000000000001,1.000000000000135,0.05300141916245905,64.60081801974516,2.493820331980398
0.8225,1.0000000000001352,0.05256376445682489,65.1235340117441,2.5025333012033704
0.8250000000000001,1.000000000000136,0.052129575624295627,65.64932981250837,2.511248345197696
0.8275,1.0000000000001363,0.051698946966502686,66.17821507249774,2.5199654414257258
0.8300000000000001,1.0000000000001366,0.05127196248059153,66.71019939145448,2.528684567599671
0.8325,1.0000000000001368,0.05084869776321829,67.24529236662495,2.537405701675875
0.835,1.000000000000137,0.05042922237256254,67.78350363837441,2.5461288218489555
0.8375,1.000000000000138,0.050013602374811894,68.32484292937121,2.55485390654581
0.84,1.0000000000001383,0.04960190282502392,68.86932007471226,2.5635809344195404
0.8425,1.0000000000001386,0.04919418996196134,69.41694504171355,2.5723098843433223
0.845,1.0000000000001392,0.04879053292997468,69.96772793932173,2.581040735404279
0.8475,1.0000000000001397,0.048391004877002125,70.5216790180163,2.589773466897412
0.85,1.0000000000001397,0.047995683315955114,71.07880866157241,2.598508058319622
0.8525,1.00000000000014,0.04760464967746551,71.63912737216171,2.6072444893638775
0.855,1.0000000000001406,0.04721798802563564,72.20264575011,2.6159827399135676
0.8575,1.000000000000141,0.046835782955191696,72.76937446936758,2.6247227900370516
0.86,1.0000000000001417,0.046458116737719206,73.33932424954746,2.6334646199824494
0.8625,1.0000000000001419,0.046085065834930425,73.91250582536378,2.642208210172657
0.865,1.0000000000001423,0.045716696945642975,74.48892991449605,2.6509535412005905
0.8675,1.0000000000001426,0.045353062796941,75.06860718526475,2.659700593824659
0.87,1.0000000000001434,0.044994197924915,75.65154822592469,2.668449348964405
0.8725,1.0000000000001437,0.0446401147124546,76.2377635177109,2.6771997876963036
0.875,1.000000000000144,0.04429079995729979,76.82726341387931,2.6859518912496383
0.8775000000000001,1.0000000000001443,0.04394621223047319,77.42005812676304,2.6947056410024213
0.88,1.0000000000001446,0.043606280252328274,78.01615772431083,2.7034610184772605
0.8825000000000001,1.000000000000145,0.04327090246155575,78.61557213672057,2.712218005337137
0.885,1.0000000000001457,0.0429399478842706,79.21831117276899,2.720976583380995
0.8875000000000001,1.0000000000001463,0.04261325833020828,79.82438454442227,2.7297367345391153
0.89,1.0000000000001463,0.042290651856957004,80.43380189746463,2.7384984408681965
0.8925000000000001,1.000000000000147,0.04197192735782573,81.04657284534014,2.747261684546119
0.895,1.000000000000147,0.0416568700514252,81.66270700323821,2.756026447866368
0.8975,1.0000000000001477,0.04134525758792027,82.2822140196774,2.7647927132320933
0.9,1.0000000000001479,0.04103686644368065,82.90510360336145,2.773560463149829
0.9025,1.000000000000148,0.04073147825653289,83.53138554380388,2.782329680222857
0.905,1.0000000000001485,0.040428885759748685,84.16106972496796,2.7911003471442646
0.9075,1.0000000000001492,0.040128898003803065,84.79416613184914,2.799872446689715
0.91,1.00000000000015,0.03983134460810961,85.4306848504306,2.808645961709963
0.9125,1.0000000000001503,0.039536078855779,86.07063606174928,2.8174208751231635
0.915,1.000000000000151,0.03924297952688115,86.71403003094522,2.8261971699069948
0.9175,1.000000000000151,0.03895195145278261,87.36087709218403,2.834974829090655
0.92,1.0000000000001512,0.03866292485875529,88.0111876303388,2.843753835746737
0.9225,1.0000000000001517,0.038375853637543464,88.66497206032984,2.852534172983028
0.925,1.000000000000152,0.03809071275733864,89.32224080511482,2.8613158239342464
0.9275,1.0000000000001525,0.037807495049566736,89.98300427346268,2.870098771753714
0.93,1.000000000000153,0.03752620764278271,90.64727283880576,2.878882999604983
0.9325,1.000000000000153,0.03724686830845486,91.31505682057077,2.887668490653392
0.935,1.0000000000001539,0.036969501963995684,91.98636646938057,2.8964552280575404
0.9375,1.0000000000001539,0.03669413754112901,92.66121195733388,2.9052431949606583
0.9400000000000001,1.0000000000001545,0.036420805377834334,93.33960337422066,2.914032374481825
0.9425,1.000000000000155,0.036149535234659844,94.02155073001043,2.92282274970702
0.9450000000000001,1.0000000000001554,0.03588035497635712,94.70706396336602,2.931614303679941
0.9475,1.0000000000001554,0.0356132899025186,95.3961529553324,2.9404070193925818
0.9500000000000001,1.0000000000001565,0.03534836266050125,96.08882754685675,2.949200879775501
0.9525,1.0000000000001565,0.03508559363373603,96.78509755845617,2.957995867687785
0.9550000000000001,1.000000000000157,0.0348250016707435,97.48497281023933,2.9667919659066406
0.9575,1.0000000000001572,0.03456660500577973,98.18846314057451,2.975589157116637
0.96,1.0000000000001579,0.0343104222208415,98.89557842199005,2.98438742389855
0.9625,1.0000000000001583,0.03405647310956843,99.60632857328936,2.9931867487178225
0.965,1.0000000000001588,0.033804779324406446,100.32072356732422,3.001987113912626
0.9675,1.0000000000001594,0.03355536471670865,101.0387734342959,3.0107885016815223
0.97,1.0000000000001599,0.03330825531245068,101.76048826081443,3.0195908940707388
0.9725,1.0000000000001603,0.03306347890109694,102.48587818519758,3.028394272961036
0.975,1.0000000000001605,0.03282106424923609,103.21495338964365,3.0371986200542
0.9775,1.0000000000001608,0.03258103998161271,103.94772408998281,3.0460039168591275
0.98,1.0000000000001612,0.03234343319828659,104.68420052373386,3.0548101446775218
0.9825,1.0000000000001614,0.03210826791652311,105.42439293719785,3.0636172845891863
0.985,1.000000000000162,0.031875563438859916,106.16831157233133,3.0724253174368954
0.9875,1.0000000000001625,0.031645332754298976,106.91596665415133,3.081234223810838
0.99,1.0000000000001628,0.031417581077884664,107.66736837943671,3.0900439840326084
0.9925,1.000000000000163,0.031192304625574093,108.42252690746277,3.0988545781387047
0.995,1.0000000000001632,0.03096948970713187,109.18145235342553,3.1076659858635183
0.9975,1.0000000000001639,0.030749112200877407,109.94415478505881,3.116478186621767
1.0,1.0000000000001643,0.03053113745175432,110.71064422271508,3.125291159490331
1.0025,1.0000000000001645,0.030315520609767107,111.4809306428915,3.134104883189446
1.0050000000000001,1.000000000000165,0.030102207400786004,112.2550239848706,3.142919336063209
1.0075,1.0000000000001652,0.029891135297496325,113.03293415984612,3.1517344960593467
1.01,1.0000000000001663,0.029682235036228997,113.81467106167867,3.1605503407082045
1.0125,1.0000000000001663,0.029475432406786715,114.60024457828665,3.169366847100912
1.0150000000000001,1.0000000000001665,0.029270650228205512,115.3896646026717,3.1781839918666743
1.0175,1.000000000000167,0.02906781041443366,116.18294104266683,3.1870017511491655
1.02,1.0000000000001674,0.028866836030631046,116.98008382870101,3.195820100581986
1.0225,1.000000000000168,0.028667653243305575,117.78110291912083,3.2046390152631514
1.025,1.0000000000001688,0.028470193075564126,118.58600830288539,3.213458469728591
1.0275,1.000000000000169,0.028274392891770615,119.39480999970233,3.222278437924635
1.03,1.0000000000001694,0.02808019755296035,120.20751805787619,3.2310988931794684
1.0325,1.0000000000001696,0.027887560204295243,121.02414255028043,3.239919808173546
1.035,1.0000000000001705,0.027696442677321097,121.84469356894212,3.2487411549089344
1.0375,1.0000000000001712,0.027506815511390583,122.66918121874566,3.257562904677598
1.04,1.000000000000171,0.027318657618958752,123.49761561075158,3.266385028028578
1.0425,1.0000000000001716,0.027131955637281175,124.33000685558231,3.2752074947340755
1.045,1.000000000000172,0.02694670302330833,125.16636505728157,3.2840302737544373
1.0475,1.000000000000172,0.026762898958519316,126.00670030800336,3.2928533332019816
1.05,1.0000000000001728,0.02658054713565489,126.85102268382475,3.3016766403036883
1.0525,1.0000000000001728,0.02639965449972595,127.69934224190412,3.3105001613627256
1.055,1.0000000000001736,0.026220230011557485,128.55166901912716,3.3193238617187615
1.0575,1.0000000000001739,0.02604228349405215,129.40801303226522,3.328147705707085
1.06,1.0000000000001743,0.025865824610132582,130.2683842795612,3.3369716566164653
1.0625,1.0000000000001747,0.02569086200792485,131.1327927435271,3.345795676645745
1.065,1.0000000000001752,0.02551740265424054,132.00124839463317,3.354619726859143
1.0675000000000001,1.0000000000001763,0.025345451362863265,132.87376119548966,3.3634437671402284
1.07,1.0000000000001759,0.02517501051054138,133.75034110509046,3.372267756144544
1.0725,1.0000000000001765,0.02500607992178331,134.63099808271468,3.3810916512508467
1.075,1.0000000000001767,0.02483865689421831,135.515742091148,3.3899154085109617
1.0775000000000001,1.0000000000001776,0.024672736329877987,136.40458309901632,3.398738982598197
1.08,1.000000000000178,0.024508310934502717,137.29753108214678,3.407562326754329
1.0825,1.0000000000001783,0.024345371446885013,138.19459602402333,3.416385392735116
1.085,1.0000000000001787,0.024183906863125864,139.09578791550956,3.4252081307543394
1.0875000000000001,1.0000000000001796,0.02402390462611516,140.00111675409474,3.4340304894263514
1.09,1.0000000000001794,0.02386535075802021,140.9105925429445,3.4428524157071223
1.0925,1.00000000000018,0.0237082299224403,141.82422529002338,3.4516738548337593
1.095,1.0000000000001803,0.023552525412453527,142.74202500748547,3.4604947502625207
1.0975,1.0000000000001812,0.023398219070322506,143.664001711457,3.469315043605268
1.1,1.0000000000001807,0.023245291153429763,144.59016542222193,3.478134674564399
1.1025,1.0000000000001812,0.02309372016844183,145.52052616473725,3.486953580866205
1.105,1.0000000000001819,0.022943482701207777,146.4550939693115,3.495771698192695
1.1075,1.0000000000001827,0.02279455327307366,147.39387887223407,3.504588960111836
1.11,1.000000000000183,0.02264690425488717,148.33689091610077,3.5134052980062394
1.1125,1.0000000000001832,0.022500505867904867,149.28414014957852,3.5222206410002608
1.115,1.0000000000001836,0.022355326296213972,150.2356366263708,3.5310349158855434
1.1175,1.0000000000001839,0.02221133192843836,151.19139040319024,3.5398480470449845
1.12,1.0000000000001847,0.022068487737887294,152.15141153661637,3.5486599563751278
1.1225,1.0000000000001852,0.02192675780053096,153.11571007880337,3.5574705632070125
1.125,1.0000000000001856,0.02178610593996041,154.084296072126,3.5662797842254554
1.1275,1.0000000000001859,0.021646496478567985,155.0571795429755,3.575087533386807
1.1300000000000001,1.0000000000001863,0.02150789506531793,156.03437049506232,3.583893721835196
1.1325,1.000000000000187,0.02137026954334985,157.015878902714,3.5926982578172795
1.135,1.0000000000001874,0.021233590815829807,158.0017147047722,3.6015010465955344
1.1375,1.0000000000001878,0.021097833666327,158.99188779976413,3.6103019903601217
1.1400000000000001,1.000000000000188,0.020962977490734516,159.9864080430374,3.6191009881393676
1.1425,1.000000000000189,0.020829006901335587,160.98528524649726,3.627897935708902
1.145,1.0000000000001894,0.020695912169787455,161.98852918144732,3.636692725499518
1.1475,1.0000000000001896,0.020563689484099115,162.99614958483957,3.6454852465037897
1.1500000000000001,1.00000000000019,0.020432341004502662,164.00815616896602,3.6542753841815254
1.1525,1.0000000000001903,0.020301874713739034,165.02455863432624,3.6630630203641243
1.155,1.0000000000001905,0.020172304067930552,166.04536668508578,3.6718480331578935
1.1575,1.0000000000001912,0.020043647464149227,167.0705900462381,3.680630296846422
1.16,1.0000000000001914,0.01991592754934619,168.10023848132644,3.689409681792086
1.1625,1.000000000000192,0.019789170401958642,169.1343218094014,3.6981860543367637
1.165,1.0000000000001923,0.019663404621901016,170.17284991978977,3.706959276701882
1.1675,1.0000000000001927,0.01953866036662433,171.21583278327205,3.7157292068878625
1.17,1.0000000000001932,0.019414968370533598,172.26328045837874,3.7244956985730964
1.1725,1.0000000000001938,0.019292358982517972,173.31520309175647,3.7332586010125572
1.175,1.0000000000001945,0.019170861252049597,174.371610911883,3.742017758936171
1.1775,1.0000000000001945,0.01905050208873566,175.43251421582755,3.7507730124470693
1.18,1.0000000000001952,0.018931305513904945,176.49792334923671,3.7595241969198727
1.1825,1.0000000000001958,0.01881329201632715,177.56784868022996,3.76827114289915
1.185,1.000000000000196,0.018696478018002654,178.64230056841802,3.777013675998206
1.1875,1.0000000000001967,0.018580875450540508,179.7212893307234,3.7857516167983603
1.19,1.0000000000001972,0.018466491438271514,180.8048252060931,3.7944847807489137
1.1925000000000001,1.0000000000001976,0.018353328081093828,181.89291832148388,3.8032129780679553
1.195,1.000000000000198,0.018241382328170828,182.98557866164182,3.8119360136442424
1.1975,1.000000000000198,0.018130645932920818,184.08281604516927,3.8206536869403283
1.2,1.000000000000199,0.01802110548008758,185.18464010915238,3.829365791897168
1.2025000000000001,1.000000000000199,0.01791274247682167,186.29106030420388,3.83807211684043
1.205,1.0000000000001998,0.01780553350135873,187.40208590120045,3.8467724443887206
1.2075,1.0000000000002,0.01769945040477026,188.51772601023666,3.8554665513639956
1.21,1.0000000000002005,0.017594460563121,189.63798961149726,3.8641542087043703
1.2125000000000001,1.0000000000002012,0.017490527178971947,190.7628855968419,3.872835181379608
1.215,1.0000000000002014,0.01738760963235212,191.89242282003917,3.881509228309537
1.2175,1.0000000000002018,0.017285663881976356,193.02661015279082,3.89017610228565
1.22,1.0000000000002023,0.01718464291756515,194.16545654304457,3.8988355498961864
1.2225,1.0000000000002027,0.017084497263631246,195.308971071665,3.9074873114549504
1.225,1.0000000000002034,0.016985175534089448,196.45716300334018,3.9161311209341574
1.2275,1.0000000000002036,0.016886625035605517,197.61004182769983,3.924766705901611
1.23,1.0000000000002043,0.01678879241583537,198.76761728701112,3.933393787462488
1.2325,1.0000000000002045,0.016691624350734142,199.92989938748343,3.9420120802060574
1.235,1.000000000000205,0.016595068263061404,201.09689839215255,3.950621292157631
1.2375,1.0000000000002054,0.016499073062191217,202.2686247944392,3.9592211247360725
1.24,1.000000000000206,0.01640358989346959,203.44508927276786,3.967811272717192
1.2425,1.000000000000206,0.016308572883750084,204.62630262796745,3.9763914242033715
1.245,1.000000000000207,0.016213979868475708,205.81227570649577,3.9849612605997384
1.2475,1.0000000000002074,0.01611977308484172,207.0030193137232,3.99352045659729
1.25,1.0000000000002074,0.01602591981523422,208.1985441225021,4.002068680163275
1.2525,1.000000000000208,0.0159323929653396,209.39886058293013,4.010605592539246
1.2550000000000001,1.0000000000002085,0.01583917156208349,210.60397883954462,4.019130848247129
1.2575,1.0000000000002092,0.015746241157878687,211.8139086621008,4.027644095103714
1.26,1.0000000000002092,0.015653594129507915,213.028659395562,4.03614497424394
1.2625,1.0000000000002096,0.015561229862270591,214.24823993399136,4.044633120153363
1.2650000000000001,1.0000000000002098,0.015469154812687846,215.47265872169518,4.053108160710213
1.2675,1.0000000000002105,0.015377382445962985,216.70192378332516,4.061569717237422
1.27,1.000000000000211,0.015285933047393802,217.93604278276226,4.0700174045650215
1.2725,1.0000000000002114,0.0151948334098789,219.17502310862722,4.078450831103296
1.2750000000000001,1.0000000000002118,0.015104116402406793,220.4188719822982,4.08686959892708
1.2775,1.0000000000002123,0.015013820426839125,221.66759658251303,4.095273303871575
1.28,1.0000000000002125,0.014923988772302057,222.9212041791317,4.103661535640092
1.2825,1.0000000000002134,0.014834668878032989,224.1797022675391,4.112033877924015
1.285,1.0000000000002134,0.014745911516589124,225.44309869459494,4.120389908535439
1.2875,1.0000000000002136,0.014657769909960696,226.71140176705623,4.128729199552739
1.29,1.000000000000214,0.014570298791437572,227.98462033401844,4.13705131747947
1.2925,1.0000000000002152,0.01448355342618433,229.2627638361846,4.145355823416891
1.295,1.000000000000215,0.014397588603533776,230.54584231657182,4.153642273250434
1.2975,1.0000000000002156,0.014312457614159828,231.8338663895668,4.161910217850407
1.3,1.000000000000216,0.01422821122566405,233.1268471678598,4.17015920328723
1.3025,1.0000000000002165,0.0141448966707861,234.42479614963324,4.178388771061462
1.305,1.0000000000002174,0.014062556663451306,235.72772507119439,4.18659845834885
1.3075,1.0000000000002174,0.013981228459148122,237.03564573289125,4.194787798260689
1.31,1.000000000000218,0.013900942977561902,238.34856980842693,4.20295632011963
1.3125,1.0000000000002183,0.013821724006788303,239.6665086493813,4.211103549751192
1.315,1.0000000000002187,0.013743587509565572,240.98947309777577,4.2192290097911185
1.3175000000000001,1.0000000000002192,0.013666541052527053,242.3174733196928,4.22733222000873
1.32,1.0000000000002194,0.013590583379209504,243.65051867229448,4.235412697646371
1.3225,1.0000000000002196,0.013515704146219316,244.98861761501934,4.2434699577750825
1.325,1.0000000000002205,0.013441883839381863,246.33177767337222,4.251503513666505
1.3275000000000001,1.0000000000002207,0.013369093882797584,247.68000546065468,4.259512877181064
1.33,1.0000000000002214,0.013297296948535377,249.03330675940626,4.267497559172404
1.3325,1.000000000000222,0.013226447468368192,250.39168666043642,4.275457069908023
1.335,1.0000000000002223,0.013156492341779461,251.75514975340693,4.283390919505992
1.3375000000000001,1.0000000000002225,0.013087371826833378,253.1237003592031,4.291298618387611
1.34,1.0000000000002234,0.013019020592879663,254.49734279108512,4.299179677745822
1.3425,1.0000000000002238,0.012951368906971635,255.87608162908003,4.307033610029093
1.345,1.000000000000224,0.01288434391983214,257.259921990434,4.314859929440505
1.3475,1.0000000000002245,0.012817871012677926,258.6488697783527,4.322658152451667
1.35,1.0000000000002247,0.01275187516358759,260.0429318918005,4.330427798331043
1.3525,1.0000000000002256,0.012686282291626123,261.4421163808127,4.338168389686225
1.355,1.000000000000226,0.012621020538713083,262.8464325345526,4.345879453019625
1.3575,1.0000000000002265,0.012556021453170875,264.2558908931077,4.35356051929698
1.36,1.0000000000002265,0.012491221044771147,265.6705031785591,4.361211124528034
1.3625,1.000000000000227,0.012426560688520707,267.09028214596424,4.368830810358689
1.365,1.0000000000002276,0.012361987862881384,268.515241360236,4.376419124673837
1.3675,1.000000000000228,0.012297456717011782,269.9453949101846,4.383975622210061
1.37,1.0000000000002283,0.012232928470333243,271.3807570758149,4.391499865177302
1.3725,1.0000000000002285,0.012168371655658344,272.8213419690116,4.398991423888527
1.375,1.0000000000002287,0.012103762223746786,274.2671631706483,4.406449877396413
1.3775,1.0000000000002296,0.012039083532045669,275.7182333886416,4.4138748141359425
1.3800000000000001,1.00000000000023,0.011974326243243415,277.1745641613306,4.421265832571801
1.3825,1.0000000000002303,0.011909488159985427,278.63616562873193,4.428622541849338
1.385,1.0000000000002303,0.011844574020690498,280.1030463906852,4.435944562447885
1.3875,1.0000000000002314,0.011779595278042943,281.5752134659086,4.443231526835075
1.3900000000000001,1.0000000000002316,0.011714569876719299,283.0526723597542,4.450483080120796
1.3925,1.0000000000002323,0.011649522040643113,284.53542724147314,4.457698880709336
1.395,1.000000000000233,0.011584482073021348,286.0234812244584,4.4648786009482215
1.3975,1.0000000000002327,0.011519486165112528,287.51683673584773,4.4720219277722055
1.4000000000000001,1.0000000000002336,0.011454576202627612,289.015495955416,4.47912856334075
1.4025,1.000000000000234,0.011389799552368537,290.51946129837285,4.486198225667416
1.405,1.000000000000234,0.011325208806621242,292.0287359128516,4.493230649239338
1.4075,1.0000000000002343,0.011260861459335414,293.543324160706,4.500225585625104
1.41,1.0000000000002351,0.011196819486562794,295.06323204996204,4.507182804069182
1.4125,1.0000000000002354,0.011133148804223527,296.58846758886455,4.514102092071067
1.415,1.000000000000236,0.01106991857916243,298.11904103492805,4.520983255947214
1.4175,1.0000000000002365,0.011007200374670517,299.6549650175891,4.527826121373918
1.42,1.0000000000002367,0.010945067119088249,301.19625451983825,4.534630533909101
1.4225,1.0000000000002367,0.010883591895548717,302.74292671226675,4.541396359491129
1.425,1.0000000000002374,0.010822846561993948,304.2950006419842,4.548123484912618
1.4275,1.000000000000238,0.010765774770244025,305.852496788392,4.554811818267304
1.43,1.0000000000002383,0.010709360465351824,307.41543650727505,4.561461289367944
1.4325,1.000000000000239,0.010653487914817494,308.9838413934498,4.568071850133319
1.435,1.0000000000002394,0.010598163232493185,310.557732599572,4.574643474942369
1.4375,1.0000000000002394,0.01054338992407695,312.1371301539844,4.581176160953531
1.44,1.0000000000002398,0.010489169020563485,313.7220523229926,4.587669928387388
1.4425000000000001,1.000000000000241,0.010435499246139726,315.3125150623226,4.594124820770784
1.445,1.0000000000002407,0.010382377199379476,316.9085315984802,4.600540905140565
1.4475,1.0000000000002411,0.010329797526100082,318.510112173467,4.606918272205244
1.45,1.0000000000002416,0.010277753063716779,320.11726397618867,4.61325703646288
1.4525000000000001,1.0000000000002425,0.010226234940438476,321.7299912717602,4.619557336273542
1.455,1.0000000000002427,0.010175232618053776,323.3482957265896,4.625819333884886
1.4575,1.0000000000002434,0.010124733874005972,324.97217691378137,4.632043215409328
1.46,1.0000000000002434,0.010074724726389627,326.60163297096915,4.638229190751549
1.4625000000000001,1.000000000000244,0.010026412464532506,328.23666137212825,4.644377493485017
1.465,1.0000000000002442,0.009980462606419056,329.87725976679565,4.650488380676486
1.4675,1.000000000000245,0.00993503970820649,331.5234268349151,4.656562132657402
1.47,1.0000000000002451,0.009890044218324623,333.1751631032793,4.6625990527413865
1.4725,1.0000000000002458,0.0098453768003443,334.83247167031453,4.668599466887088
1.475,1.000000000000246,0.009800940733226021,336.49535878950365,4.67456372330577
1.4775,1.0000000000002465,0.00975664410398766,338.16383426801485,4.680492192013291
1.48,1.000000000000247,0.00971240170332806,339.83791164584693,4.686385264326176
1.4825,1.0000000000002474,0.009668136554238758,341.51760813196023,4.692243352301728
1.485,1.0000000000002478,0.009623781027564815,343.2029442872081,4.698066888122285
1.4875,1.0000000000002482,0.009579277525088114,344.8939434591067,4.703856323423937
1.49,1.0000000000002487,0.009534578738034932,346.5906309899924,4.709612128570171
1.4925,1.0000000000002494,0.009489647514937544,348.2930332370409,4.715334791871206
1.495,1.0000000000002494,0.009444456395611771,350.0011764586911,4.721024818749855
1.4975,1.00000000000025,0.009398986886040302,351.7150856357791,4.726682730855111
1.5,1.0000000000002505,0.009353228560977504,353.4347833055187,4.732309065124787
1.5025,1.0000000000002514,0.009307178086421957,355.1602884909669,4.7379043727987575
1.5050000000000001,1.0000000000002514,0.009260838252582589,356.89161580666695,4.743469218384626
1.5075,1.0000000000002522,0.009214217099963498,358.62877481245437,4.74900417857783
1.51,1.0000000000002522,0.009167327207546852,360.3717696721793,4.75450984113843
1.5125,1.0000000000002527,0.009120185193960429,362.12059915365387,4.7599868037270365
1.5150000000000001,1.000000000000253,0.009072811461416603,363.8752569821631,4.7654356727025915
1.5175,1.0000000000002534,0.00902523018964904,365.63573253479046,4.7708570618848745
1.52,1.000000000000254,0.00897746956457924,367.4020118388174,4.776251591284866
1.5225,1.0000000000002547,0.008929562205419399,369.1740788167054,4.78161988580628
1.5250000000000001,1.000000000000255,0.008881545735558731,370.95191670410173,4.786962573921765
1.5275,1.0000000000002554,0.008833463427839366,372.7355095566931,4.792280286327496
1.53,1.000000000000256,0.00878536484439736,374.5248437565914,4.797573654580018
1.5325,1.000000000000256,0.008737306385573199,376.3199094287712,4.8028433097193854
1.5350000000000001,1.0000000000002565,0.008690704589016628,378.1207016820632,4.80808988088282
1.5375,1.000000000000257,0.00864687041927601,379.92722159662344,4.813313993913216
1.54,1.0000000000002571,0.008603365512780766,381.7394768902282,4.818516269966972
1.5425,1.0000000000002578,0.008560218016622429,383.557482209125,4.823697324125752
1.545,1.0000000000002585,0.008517452948638505,385.38125900588005,4.828857764016862
1.5475,1.000000000000259,0.008475091742252736,387.2108349871312,4.833998188447014
1.55,1.0000000000002593,0.008433151945958492,389.0462431385297,4.83911918605432
1.5525,1.0000000000002598,0.008391647089423516,390.8875203619827,4.844221333983422
1.555,1.0000000000002605,0.008350586720511793,392.73470579019215,4.849305196588632
1.5575,1.0000000000002607,0.00830997660800364,394.58783887298375,4.8543713241700415
1.56,1.0000000000002611,0.00826981909389632,396.4469573558471,4.85942025174748
1.5625,1.000000000000262,0.0082301135676833,398.3120952897972,4.864452497877197
1.565,1.0000000000002625,0.008190857024033023,400.1832812198396,4.8694685635161035
1.5675000000000001,1.000000000000263,0.008152044656101644,402.06053669450455,4.874468930938232
1.57,1.0000000000002633,0.00811367043063539,403.94387522033196,4.879454062708115
1.5725,1.0000000000002636,0.008075727589219145,405.83330175389153,4.884424400715526
1.575,1.000000000000264,0.008038209023351171,407.7288127829049,4.889380365275911
1.5775000000000001,1.0000000000002647,0.008001107479820234,409.6303970017859,4.89432235430069
1.58,1.000000000000265,0.0079644155668816,411.53803654069236,4.899250742541368
1.5825,1.0000000000002656,0.007928125550076055,413.45170866608305,4.904165880911145
1.585,1.0000000000002658,0.007892228947712084,415.3713878387605,4.909068095887548
1.5875000000000001,1.0000000000002665,0.00785671595805353,417.2970479947658,4.913957688999216
1.59,1.000000000000267,0.007821574770857827,419.22866490538615,4.918834936399783
1.5925,1.0000000000002676,0.007786790832790885,421.1662184734239,4.923700088531385
1.595,1.0000000000002678,0.007752346147345023,423.1096948309019,4.9285533698800705
1.5975000000000001,1.0000000000002687,0.007718226275398528,425.0590881156203,4.933394978824986
1.6,1.0000000000002687,0.007688365989782203,427.0144018180931,4.938225087582842
1.6025,1.0000000000002693,0.00765841894965035,428.97564960561203,4.943043842248783
1.605,1.0000000000002698,0.007628287852433041,430.94285554722916,4.947851362934416
1.6075,1.0000000000002705,0.007597890722527356,432.91605368459915,4.952647744003283
1.61,1.000000000000271,0.007567161861704267,434.8952869214396,4.957433054403683
1.6125,1.0000000000002711,0.007536051923881826,436.8806052410513,4.962207338098319
1.615,1.0000000000002718,0.007504527173668684,438.87206330716174,4.966970614589789
1.6175,1.0000000000002724,0.0074725680419362355,440.8697175561786,4.97172287954052
1.62,1.000000000000273,0.007440167135677972,442.8736229438211,4.976464105485322
1.6225,1.0000000000002733,0.007407326890340538,444.88382955877074,4.981194242634229
1.625,1.0000000000002736,0.0073740570686582985,446.9003793521793,4.985913219762983
1.6275,1.000000000000274,0.007340372310146598,448.92330324678846,4.990620945187962
1.6300000000000001,1.0000000000002742,0.0073062899205226335,450.95261887759756,4.995317307822017
1.6325,1.0000000000002751,0.0072718280623534914,452.9883291758545,5.00000217830722
1.635,1.000000000000276,0.007237004470057926,455.0304219425592,5.004675410220185
1.6375,1.000000000000276,0.0072018357674954875,457.07887047416136,5.009336841345153
1.6400000000000001,1.0000000000002767,0.007166337418470061,459.1336352123939,5.013986295009728
1.6425,1.0000000000002771,0.007130524293112785,461.194666304317,5.0186235814777955
1.645,1.0000000000002776,0.007094411789387384,463.26190688871264,5.023248499393769
1.6475,1.000000000000278,0.007058017411292771,465.3352968785915,5.027860837272048
1.6500000000000001,1.0000000000002789,0.007021362675347264,467.41477698970493,5.03246037502528
1.6525,1.000000000000279,0.006984475195471028,469.5002927691392,5.037046885524765
1.655,1.0000000000002793,0.006949547672831094,471.5917983996712,5.0416201361860615
1.6575,1.0000000000002798,0.0069159774509651535,473.6892600855109,5.046179890572768
1.6600000000000001,1.0000000000002802,0.006882614010506889,475.79265885475684,5.05072591001117
1.6625,1.0000000000002807,0.006849499308145996,477.90199263754903,5.0552579552084165
1.665,1.0000000000002818,0.006816671833707023,480.01727749536565,5.059775787866723
1.6675,1.0000000000002818,0.006784165649852758,482.1385478900844,5.06427917228612
1.67,1.0000000000002824,0.0067520095987689465,484.26585589913543,5.068767876948156
1.6725,1.0000000000002827,0.006720226713637468,486.3992693144872,5.073241676073119
1.675,1.0000000000002833,0.00668883387310695,488.5388686161731,5.0777003511432355
1.6775,1.0000000000002836,0.006657841732798043,490.68474288847574,5.082143692384589
1.68,1.000000000000284,0.00662725495777349,492.83698484525814,5.086571500200482
1.6825,1.0000000000002844,0.006597072763358044,494.9956852393892,5.090983586549259
1.685,1.000000000000285,0.006567289749280143,497.16092703318003,5.095379776259806
1.6875,1.0000000000002855,0.0065378969855336335,499.33277978268984,5.099759908278128
1.69,1.0000000000002862,0.006508883280357048,501.5112947205919,5.104123836838851
1.6925000000000001,1.0000000000002867,0.006480236534771388,503.6965009974203,5.108471432555683
1.695,1.0000000000002867,0.006451945067987037,505.8884034562167,5.112802583425358
1.6975,1.000000000000288,0.006423998787255185,508.0869821785156,5.117117195739901
1.7,1.0000000000002882,0.006396390077214089,510.29219386837815,5.121415194902573
1.7025000000000001,1.0000000000002882,0.006369114299038047,512.5039749613694,5.125696526143236
1.705,1.0000000000002887,0.00634216981871355,514.7222461846123,5.129961155129435
1.7075,1.0000000000002895,0.006315557524756066,516.9469181766308,5.134209068469997
1.71,1.0000000000002902,0.006289279845161171,519.1778977164328,5.1384402741084365
1.7125000000000001,1.0000000000002907,0.006263339326480005,521.4150941126248,5.142654801604108
1.715,1.000000000000291,0.006237736888866532,523.658425354489,5.146852702299528
1.7175,1.0000000000002915,0.006212469913796682,525.9078237071448,5.151034049372945
1.72,1.0000000000002918,0.0061875303504725565,528.1632405167716,5.155198937775847
1.7225000000000001,1.0000000000002924,0.006162903038513419,530.4246500567823,5.159347484055635
1.725,1.0000000000002924,0.006140739654697918,532.6920522782258,5.163479826064421
1.7275,1.000000000000293,0.006121007375223362,534.9654743273039,5.1675961225554214
1.73,1.0000000000002938,0.006100826363004052,537.2449706730126,5.171696552669135
1.7325,1.000000000000294,0.006080111230533979,539.5306216722727,5.175781315312029
1.735,1.0000000000002949,0.006058804211137581,541.8225304155479,5.179850628431091
1.7375,1.0000000000002953,0.006036874039100232,544.1208177654793,5.183904728188246
1.74,1.0000000000002958,0.006014313333232715,546.4256156349113,5.187943868039087
1.7425,1.0000000000002962,0.005991134751294287,548.7370587420443,5.19196831772108
1.745,1.0000000000002969,0.0059673662645166265,551.055275304698,5.1959783621567945
1.7475,1.0000000000002973,0.005943045952871404,553.3803773534318,5.199974300278325
1.75,1.0000000000002978,0.005918216739394812,555.7124515085566,5.203956443779455
1.7525,1.0000000000002982,0.005892921465831346,558.0515511359267,5.20792511580265
1.7550000000000001,1.0000000000002984,0.005867198665281426,560.3976907418116,5.211880649568259
1.7575,1.000000000000299,0.005841079316320412,562.7508432811918,5.215823386953785
1.76,1.0000000000002995,0.0058145847749942105,565.110940756093,5.2197536770313055
1.7625,1.0000000000003,0.00578772598491034,567.4778781153441,5.223671874571439
1.7650000000000001,1.0000000000003004,0.005760503969954483,569.8515200956169,5.227578338522471
1.7675,1.000000000000301,0.005732911526534382,572.2317103312782,5.231473430473428
1.77,1.0000000000003015,0.00570493595844537,574.6182818620464,5.235357513109955
1.7725,1.0000000000003018,0.005676562640964748,577.0110681131218,5.2392309486719855
1.7750000000000001,1.0000000000003026,0.005647779162752931,579.4099135100778,5.243094097422134
1.7775,1.0000000000003026,0.005618579773582175,581.8146830852688,5.246947316133748
1.78,1.000000000000303,0.005590444884468381,584.2252706743908,5.2507909566073945
1.7825,1.000000000000304,0.00556411167990454,586.6416055227911,5.254625364224463
1.7850000000000001,1.0000000000003044,0.005537964506743955,589.0636572629813,5.258450876546332
1.7875,1.0000000000003049,0.005512058888796317,591.4914392556803,5.262267821967233
1.79,1.0000000000003053,0.005486445077776381,593.9250102114261,5.266076518428742
1.7925,1.000000000000306,0.005461166659100162,596.3644738693458,5.269877272203329
1.795,1.0000000000003058,0.005436259279490584,598.8099763710669,5.273670376754105
1.7975,1.0000000000003064,0.005411749571453837,601.2617009060716,5.277456111677298
1.8,1.0000000000003069,0.005391446150879231,603.7198592817024,5.281234741733645
1.8025,1.0000000000003075,0.005371690240831636,606.184680316571,5.285006515974157
1.805,1.000000000000308,0.005351795950817389,608.6563953562178,5.288771666965282
1.8075,1.0000000000003084,0.005331690107714084,611.1352217057494,5.2925304101177355
1.81,1.0000000000003086,0.005311307211554738,613.6213452709005,5.296282943122723
1.8125,1.0000000000003095,0.005290592817721479,616.1149040848273,5.300029445498507
1.815,1.0000000000003098,0.005269506200700551,618.6159745687714,5.3037700782496575
1.8175000000000001,1.0000000000003106,0.005248022139073145,621.1245622595193,5.307504983640517
1.82,1.0000000000003109,0.005226131754626574,623.6405983182846,5.311234285083769
1.8225,1.0000000000003113,0.0052038424320389135,626.163942462136,5.314958087144164
1.825,1.0000000000003113,0.005181176927827066,628.6943921391276,5.318676475656823
1.8275000000000001,1.000000000000312,0.005158171838308535,631.2316969533965,5.32238951795865
1.83,1.0000000000003124,0.0051348756295699505,633.7755766976796,5.3260972632307775
1.8325,1.0000000000003126,0.005111346435343569,636.3257410007379,5.3297997429491675
1.835,1.000000000000313,0.0050876498032183855,638.8819086140624,5.333496971439758
1.8375000000000001,1.0000000000003137,0.005067519689262543,641.4438247278079,5.337188946533943
1.84,1.0000000000003142,0.005048518049690058,644.0112753152578,5.3408756503194015
1.8425,1.0000000000003144,0.0050298925850995055,646.5840981906213,5.3445570499807715
1.845,1.000000000000315,0.005011661412045565,649.16219103979,5.348233098723993
1.8475000000000001,1.0000000000003153,0.004995925618897344,651.7455169932382,5.35190373677768
1.85,1.000000000000316,0.004984949921784384,654.3341082771366,5.3555688924642775
1.8525,1.0000000000003164,0.004973268035373215,656.9280681274762,5.359228483333456
1.855,1.0000000000003164,0.004960737408415674,659.5275706058461,5.362882417349651
1.8575,1.0000000000003173,0.004947266005941182,662.1328574051604,5.366530594125409
1.86,1.0000000000003177,0.004932812335198137,664.7442303872698,5.370172906191903
1.8625,1.000000000000318,0.0049173821087019134,667.3620386212843,5.373809240297696
1.865,1.0000000000003184,0.004901021904796528,669.9866591744634,5.377439478726766
1.8675,1.0000000000003189,0.004883810418853289,672.6184718160607,5.381063500626628
1.87,1.0000000000003195,0.004865848074357906,675.2578289823117,5.384681183337419
1.8725,1.00000000000032,0.004847245867095881,677.9050235809219,5.388292403712798
1.875,1.0000000000003202,0.004828114339682273,680.5602582039159,5.391897039423687
1.8775,1.0000000000003204,0.004808553528653297,683.2236198011918,5.395494970235998
1.8800000000000001,1.0000000000003213,0.004788644601441421,685.8950636539278,5.3990860792537365
1.8825,1.0000000000003215,0.004768443722042437,688.5744095198274,5.402670254119218
1.885,1.0000000000003217,0.004747978473207758,691.2613512093412,5.406247388162395
1.8875,1.0000000000003224,0.004727246942891852,693.9554788655316,5.409817381491793
1.8900000000000001,1.0000000000003226,0.004706219376021959,696.6563112537508,5.413380142019965
1.8925,1.0000000000003233,0.004684842118464976,699.363333852139,5.416935586416843
1.895,1.0000000000003235,0.004663043451615906,702.0760378322025,5.420483640985033
1.8975,1.0000000000003242,0.004640740839463492,704.7939553173364,5.424024242451535
1.9000000000000001,1.0000000000003246,0.004617849083980518,707.5166875477042,5.427557338671158
1.9025,1.000000000000325,0.004594288901204583,710.2439244518969,5.431082889237472
1.905,1.0000000000003257,0.004569995476396431,712.9754561342224,5.434600865997876
1.9075,1.000000000000326,0.004544926616611772,715.7111783816968,5.438111253470133
1.9100000000000001,1.0000000000003266,0.004519070177567515,718.45109502883,5.441614049158393
1.9125,1.0000000000003268,0.004497376103017208,721.1953196798898,5.445109263767593
1.915,1.0000000000003273,0.004482175011769271,723.9440779734589,5.448596921315784
1.9175,1.000000000000328,0.004473437864077066,726.6977096675721,5.452077059144815
1.92,1.0000000000003284,0.004463423756028471,729.4566678985209,5.455549727830471
1.9225,1.0000000000003288,0.004452110730807484,732.2215116301032,5.459014990993948
1.925,1.000000000000329,0.0044395435941562335,734.9928870460219,5.462472925017294
1.9275,1.0000000000003293,0.004425823818531685,737.7714946813675,5.465923618666113
1.93,1.0000000000003302,0.004411095860408251,740.5580413655794,5.4693671726235245
1.9325,1.0000000000003304,0.004395531102039522,743.3531791824587,5.47280369894003
1.935,1.000000000000331,0.0043793107902528414,746.1574370291635,5.476233320404553
1.9375,1.0000000000003317,0.0043626093743846855,748.9711532322845,5.479656169842467
1.94,1.0000000000003322,0.004345579544305555,751.7944193184985,5.48307238934699
1.9425000000000001,1.0000000000003328,0.004328340053147248,754.6270448625194,5.486482129450791
1.945,1.0000000000003328,0.0043109671058099465,757.4685510826686,5.489885548245036
1.9475,1.0000000000003333,0.004293489740436964,760.3181966999257,5.493282810453496
1.95,1.0000000000003342,0.004275889266790053,763.175034188301,5.496674086469611
1.9525000000000001,1.0000000000003344,0.00425810249273738,766.0379890187077,5.500059551364582
1.955,1.000000000000335,0.0042400282016258565,768.9059501489969,5.503439383874741
1.9575,1.0000000000003353,0.004221536162539947,771.7778580382765,5.506813765376519
1.96,1.000000000000336,0.004202477872620549,774.6527775723234,5.5101828788572895
1.9625000000000001,1.0000000000003364,0.004182698241949377,777.5299474006099,5.513546907890374
1.965,1.0000000000003366,0.004162047520221078,780.4088033520105,5.516906035622335
1.9675,1.0000000000003375,0.004140392903675197,783.2889801794473,5.520260443780477
1.97,1.0000000000003377,0.004117629418009308,786.1703010101636,5.523610311708327
1.9725000000000001,1.0000000000003386,0.004110216620846785,789.052766007858,5.526955815436435
1.975,1.0000000000003388,0.00410815483220795,791.9365501819527,5.5302971267956025
1.9775,1.0000000000003393,0.004104672045194211,794.8220153907303,5.533634412579107
1.98,1.0000000000003395,0.004099518502575319,797.7097347487165,5.536967833760091
1.9825000000000002,1.0000000000003402,0.00409255296712612,800.6005208087619,5.540297544769687
1.985,1.0000000000003408,0.00408374516686715,803.4954439906805,5.543623692840889
1.9875,1.000000000000341,0.004073170012544577,806.39582619022,5.546946417422547
1.99,1.0000000000003415,0.004060994159054673,809.3031969027038,5.550265849667191
1.9925,1.0000000000003422,0.004047456153750402,812.2192052274404,5.553582111995736
1.995,1.0000000000003424,0.0040328419641653445,815.1454897502122,5.556895317741401
1.9975,1.0000000000003428,0.004017458048242097,818.0835180115422,5.560205570874486
2.0,1.000000000000344,0.004001604284002252,821.0344162497438,5.56351296580894
2.0025,1.0000000000003444,0.003985548999585809,823.9988164147803,5.566817587290959
2.005,1.0000000000003448,0.003969508051859379,826.9767491930232,5.570119510369125
2.0075,1.0000000000003448,0.003953629430319701,829.9676074937397,5.573418800444926
2.0100000000000002,1.0000000000003457,0.003937984270996448,832.9701940429989,5.576715513401795
2.0125,1.000000000000346,0.003922564523652387,835.9828505486174,5.580009695810122
2.015,1.0000000000003466,0.003907286899935385,839.003647472957,5.583301385205002
2.0175,1.0000000000003468,0.003892002209783109,842.030597627943,5.586590610432923
2.02,1.0000000000003473,0.0038765088232859545,845.0618490133611,5.5898773920629266
2.0225,1.0000000000003477,0.0038605688087048487,848.0958166977075,5.593161742857274
2.025,1.0000000000003484,0.0038439253018791608,851.1312309733851,5.59644366829621
2.0275,1.000000000000349,0.0038263198387044066,854.167105897694,5.599723167150952
2.0300000000000002,1.0000000000003493,0.0038075086879008984,857.202660866653,5.6030002320987515
2.0325,1.00000000000035,0.003787277595752826,860.2372481935987,5.606274850373571
2.035,1.0000000000003504,0.0037654547291881913,863.2703432421471,5.609547004445719
2.0375,1.000000000000351,0.003741921911578081,866.3016367755472,5.612816672723511
2.04,1.0000000000003513,0.00373696307038562,869.3312350269446,5.616083830269975
2.0425,1.0000000000003517,0.003736936228920312,872.3599312825456,5.619348449527415
2.045,1.0000000000003526,0.0037341848082697833,875.3894767101347,5.622610501042672
2.0475,1.000000000000353,0.0037286439474908755,878.4227598156087,5.625869954185954
2.05,1.0000000000003535,0.0037204256493791697,881.4638097711039,5.629126777856264
2.0525,1.000000000000354,0.0037098015418851036,884.5175676407853,5.632380941166803
2.055,1.0000000000003542,0.0036971734753323744,887.5894131595159,5.635632414104036
2.0575,1.0000000000003548,0.003683034616061767,890.6844821393357,5.63888116815472
2.06,1.0000000000003555,0.0036679245559528744,893.8068514687616,5.6421271768956265
2.0625,1.0000000000003557,0.003652382458653381,896.9587005752749,5.645370416541381
2.065,1.0000000000003564,0.0036369023519909533,900.1395802893007,5.648610866446365
2.0675,1.0000000000003568,0.0036218943437016167,903.345933375869,5.651848509557295
2.07,1.000000000000357,0.0036076548249315867,906.5710126837098,5.655083332813571
2.0725000000000002,1.000000000000358,0.00359434771834343,909.8053231127958,5.658315327493098
2.075,1.0000000000003584,0.003581997645333968,913.0376579115565,5.661544489501681
2.0775,1.000000000000359,0.0035704946704732472,916.2566969264351,5.6647708196044615
2.08,1.00000000000036,0.00355960917440154,919.4529875600695,5.667994323598151
2.0825,1.0000000000003602,0.003549014537517579,922.6209650024522,5.671215012423033
2.085,1.0000000000003606,0.0035383147825886843,925.7605371139429,5.674432902213907
2.0875,1.0000000000003613,0.0035270741771738843,928.8777227383623,5.677648014289595
2.09,1.0000000000003617,0.003514846037069328,931.9839396157299,5.680860375081213
2.0925000000000002,1.0000000000003622,0.0035011985482823966,935.0938006719725,5.684070016000419
2.095,1.0000000000003626,0.0034857362400105094,938.221652021041,5.68727697325019
2.0975,1.0000000000003633,0.003468116664475996,941.3774783018232,5.6904812875822826
2.1,1.0000000000003635,0.0034480627256129243,944.5630911454864,5.6936830040070605
2.1025,1.0000000000003642,0.003437797761138506,947.7695982161931,5.696882171462785
2.105,1.0000000000003648,0.003445995262176764,950.9769688830453,5.700078842452204
2.1075,1.0000000000003648,0.0034500339785276434,954.1560896045664,5.703273072654436
2.11,1.0000000000003657,0.003449584999317608,957.2731359511952,5.706464920519413
2.1125,1.0000000000003662,0.0034446265565208946,960.2955301246643,5.709654446851182
2.115,1.0000000000003664,0.0034354385136300763,963.1983618967874,5.712841714384648
2.1175,1.0000000000003668,0.003422572467040644,965.9700393823924,5.716026787359226
2.12,1.000000000000367,0.0034067999549362085,968.6161250385259,5.719209731091761
2.1225,1.000000000000368,0.0033890433837200575,971.1607193099736,5.722390611550592
2.125,1.0000000000003686,0.0033702959534600164,973.6452261558843,5.725569494932724
2.1275,1.0000000000003688,0.0033515378998097505,976.1247155998991,5.728746447246399
2.13,1.000000000000369,0.0033342284065606726,978.6623029269902,5.731921533901998
2.1325,1.00000000000037,0.0033268263874353774,981.3220153998811,5.735094819314894
2.1350000000000002,1.0000000000003697,0.0033168833750002124,984.1606293066558,5.738266366524517
2.1375,1.0000000000003706,0.003304466792683895,987.2190699277289,5.741436236834833
2.14,1.000000000000371,0.0032898006554964204,990.5142503440468,5.7446044894824615
2.1425,1.0000000000003715,0.0032748221753186105,994.0326343040055,5.747771181339783
2.145,1.000000000000372,0.0032693306926726835,997.7271624255105,5.750936366661588
2.1475,1.0000000000003721,0.003264968675243245,1001.5192151557088,5.754100096884351
2.15,1.0000000000003728,0.003261027085991608,1005.3067533894975,5.757262420486741
2.1525,1.0000000000003733,0.0032567444900773413,1008.9785793494984,5.760423382918055
2.1550000000000002,1.0000000000003741,0.0032513596689715406,1012.4329626025343,5.763583026597673
2.1575,1.0000000000003741,0.0032441556863042065,1015.5971532687524,5.766741390983926
2.16,1.0000000000003748,0.0032344923603068385,1018.4432360289,5.7698985127055655
2.1625,1.000000000000375,0.0032218261301038085,1020.9959806151994,5.7730544257447045
2.165,1.0000000000003753,0.0032057183795432013,1023.3300307998544,5.776209161657538
2.1675,1.0000000000003757,0.003185835103910277,1025.5565462148245,5.779362749819252
2.17,1.000000000000376,0.003184490764233093,1027.8023553113248,5.782515217682167
2.1725,1.0000000000003761,0.0031972395128585856,1030.1867526226279,5.785666591040514
2.1750000000000003,1.000000000000377,0.0032022767054748578,1032.8015717948356,5.788816894300328
2.1775,1.0000000000003775,0.0031994125130065565,1035.6989782763844,5.791966150756618
2.18,1.0000000000003775,0.003189010000313923,1038.8890099563014,5.7951143828818275
2.1825,1.0000000000003781,0.003171952521666633,1042.3460493224159,5.798261612628494
2.185,1.0000000000003788,0.0031495677954736377,1046.0210140984743,5.8014078617460205
2.1875,1.0000000000003788,0.0031235150589690205,1049.8548337725156,5.804553152107326
2.19,1.0000000000003795,0.003095645370651312,1053.7891167019955,5.807697506037855
2.1925,1.00000000000038,0.003072668969538318,1057.7716750090297,5.810840946638015
2.195,1.0000000000003804,0.003075446683059051,1061.757088837943,5.813983498091078
2.1975000000000002,1.0000000000003806,0.003074135559503432,1065.7047389950835,5.817125185951848
2.2,1.0000000000003815,0.0030683792038023938,1069.5777509675613,5.820266037414999
2.2025,1.000000000000382,0.0030581762143669787,1073.3455865694712,5.823406081564936
2.205,1.0000000000003824,0.003043864930495118,1076.9908327396206,5.826545349609182
2.2075,1.0000000000003826,0.0030260723502371694,1080.5179891856424,5.8296838750948075
2.21,1.000000000000383,0.003005633177250748,1083.9600017511116,5.832821694102247
2.2125,1.0000000000003835,0.0029869228505841365,1087.3779906390512,5.835958845405165
2.215,1.0000000000003841,0.002995055475752446,1090.8514507397065,5.83909537058074
2.2175000000000002,1.0000000000003846,0.0030041056692003782,1094.4595967461048,5.842231314053805
2.22,1.0000000000003848,0.0030126936327643395,1098.258206918193,5.845366723061811
2.2225,1.0000000000003852,0.003019521483126933,1102.2588352570422,5.8485016475347775
2.225,1.0000000000003861,0.0030234448206439783,1106.417581314741,5.851636139893989
2.2275,1.0000000000003866,0.0030235153167045407,1110.6384514722413,5.854770254781961
2.23,1.000000000000387,0.0030189933464404984,1114.7922190569407,5.857904048742203
2.2325,1.0000000000003875,0.003009334038764843,1118.746747197976,5.861037579868386
2.235,1.000000000000388,0.0029941539345429264,1122.40056505207,5.864170907438616
2.2375000000000003,1.0000000000003881,0.0030155326365412425,1125.7097017874182,5.867304091543028
2.24,1.0000000000003888,0.0030374236647828182,1128.699373979771,5.870437192704167
2.2425,1.0000000000003895,0.0030453854336104304,1131.4568092588595,5.873570271482503
2.245,1.0000000000003901,0.0030391312196516983,1134.1076045464988,5.876703388056084
2.2475,1.0000000000003906,0.003019383429964019,1136.7832051054215,5.879836601764931
2.25,1.0000000000003908,0.002987821901369238,1139.589452536767,5.882969970616423
2.2525,1.0000000000003915,0.002946951077424489,1142.5850790242393,5.886103550756062
2.255,1.0000000000003921,0.002899896838088808,1145.775255906364,5.8892373959159885
2.2575,1.0000000000003928,0.002850150805812681,1149.1203515684454,5.892371556858996
2.2600000000000002,1.0000000000003932,0.0028610389449439553,1152.555546792246,5.895506080837593
2.2625,1.0000000000003937,0.0028759027658185918,1156.0141904656764,5.898641011085244
2.265,1.0000000000003941,0.002883437525491201,1159.4474581922568,5.901776386351965
2.2675,1.0000000000003946,0.002882844602428036,1162.8349418871414,5.904912240490507
2.27,1.0000000000003948,0.002874021973253654,1166.1844003295428,5.908048602094489
2.2725,1.0000000000003955,0.0028575550698437943,1169.5226617645662,5.91118549418749
2.275,1.000000000000396,0.0028346351817527737,1172.8822327099756,5.914322933962406
2.2775,1.0000000000003963,0.0028069139854290945,1176.288763645605,5.917460932572865
2.2800000000000002,1.000000000000397,0.0027763102034883236,1179.753239001871,5.920599494981735
2.2825,1.0000000000003977,0.0027447901615413606,1183.2703829895859,5.923738619874185
2.285,1.000000000000398,0.002763840971023852,1186.8223628062233,5.926878299643388
2.2875,1.000000000000399,0.0027936730421779504,1190.3853044524985,5.930018520455425
2.29,1.000000000000399,0.0028214041958609993,1193.9358176168018,5.933159262396769
2.2925,1.0000000000003992,0.002845066118118442,1197.4555143655023,5.936300499703702
2.295,1.0000000000004003,0.002863132068204581,1200.9328546236163,5.939442201070016
2.2975,1.0000000000004006,0.0028745382810568968,1204.3628834247734,5.9425843300272785
2.3000000000000003,1.0000000000004012,0.002878642613454964,1207.746037489978,5.945726845392041
2.3025,1.0000000000004017,0.0028751321792590376,1211.0870578911924,5.9488697017757435
2.305,1.0000000000004021,0.002869072136590849,1214.3943942373414,5.952012850154808
2.3075,1.0000000000004028,0.002926281486207943,1217.6797756708181,5.955156238499857
2.31,1.000000000000403,0.0029618180493011965,1220.9572691286487,5.958299812463149
2.3125,1.0000000000004032,0.002973656074084169,1224.2413227025293,5.9614435161218005
2.315,1.0000000000004043,0.0029614128648449327,1227.5438779879405,5.96458729277179
2.3175,1.0000000000004043,0.0029263939574835363,1230.8712960278458,5.9677310857645685
2.32,1.0000000000004048,0.0028714987921163383,1234.2222171051867,5.970874839375119
2.3225000000000002,1.0000000000004055,0.002800993012462831,1237.5873599670358,5.974018499688651
2.325,1.000000000000406,0.0027201663527675318,1240.9516985241492,5.977162015492444
2.3275,1.0000000000004068,0.002635590475336626,1244.2986772568888,5.980305339160194
2.33,1.0000000000004068,0.002679849271894551,1247.6154595034332,5.983448427517635
2.3325,1.0000000000004072,0.002713865079580447,1250.8978863664342,5.986591242679767
2.335,1.000000000000408,0.0027350099130102803,1254.153919831318,5.989733752851225
2.3375,1.0000000000004086,0.002741791077412257,1257.4047322867216,5.99287593308175
2.34,1.0000000000004088,0.002733972810612199,1260.683077821928,5.996017765968621
2.3425000000000002,1.000000000000409,0.002712570631054699,1264.0289739747416,5.999159242297355
2.345,1.0000000000004097,0.002679718154641235,1267.4830083541892,6.002300361611615
2.3475,1.0000000000004106,0.002638419883382064,1271.0778683783676,6.005441132703149
2.35,1.0000000000004108,0.002592215998487427,1274.8291125074988,6.008581574013102
2.3525,1.000000000000411,0.002544795102328359,1278.7267895181235,6.011721713936939
2.355,1.0000000000004117,0.0025337268962849356,1282.7300998210483,6.014861591026487
2.3575,1.0000000000004123,0.0025456470658632986,1286.767525552431,6.018001254083639
2.36,1.0000000000004126,0.0025992653071603587,1290.7443328945049,6.021140762141608
2.3625000000000003,1.0000000000004132,0.0026482417995777577,1294.557843011994,6.024280184330361
2.365,1.0000000000004137,0.002690393033075005,1298.1185410571663,6.027419599624075
2.3675,1.000000000000414,0.002724362100887678,1301.3725998426542,6.030559096469533
2.37,1.0000000000004143,0.0027495490223608888,1304.3197425265714,6.033698772296015
2.3725,1.0000000000004148,0.002765945768518483,1307.0205109471383,6.036838732909067
2.375,1.000000000000415,0.0028506694504055316,1309.5893174333107,6.039979091772541
2.3775,1.000000000000416,0.002963921272858234,1312.17359485081,6.043119969185209
2.38,1.0000000000004163,0.0030428976809398797,1314.9235901210475,6.046261491359817
2.3825,1.000000000000417,0.003082858663334197,1317.9603306417248,6.049403789413472
2.3850000000000002,1.0000000000004172,0.003081706847983108,1321.3499731518248,6.052546998278846
2.3875,1.0000000000004179,0.0030401730461023482,1325.090938290995,6.055691255545957
2.39,1.0000000000004186,0.002961772250704168,1329.116591114513,6.058836700244689
2.3925,1.000000000000419,0.0028525307323141965,1333.3119146822764,6.061983471578654
2.395,1.0000000000004199,0.0027205062237511115,1337.5389628991015,6.0651317076220375
2.3975,1.0000000000004197,0.002585387365524471,1341.66401038917,6.068281543992286
2.4,1.0000000000004206,0.00249634265478465,1345.5798439281766,6.071433112512721
2.4025,1.000000000000421,0.0025680702793377183,1349.2193103711888,6.074586539880331
2.4050000000000002,1.0000000000004214,0.0026221211653849243,1352.5598947265025,6.077741946354509
2.4075,1.0000000000004219,0.0026547549339046785,1355.6221023691146,6.0808994444826325
2.41,1.000000000000422,0.0026641684059871876,1358.4653976869722,6.084059137877943
2.4125,1.0000000000004226,0.0026506321190471914,1361.1840514270168,6.087221120064536
2.415,1.0000000000004232,0.002616421591088602,1363.902357865062,6.090385473403626
2.4175,1.0000000000004234,0.002565549479509308,1366.7660214987357,6.093552268114727
2.42,1.000000000000424,0.0025033253336643763,1369.9257849368566,6.096721561404925
2.4225,1.0000000000004245,0.0024508249648140627,1373.5114021115096,6.099893396719054
2.4250000000000003,1.000000000000425,0.002479586677464397,1377.5983695215075,6.103067803122638
2.4275,1.0000000000004254,0.00248456997354468,1382.174806265919,6.106244794828241
2.43,1.000000000000426,0.002462865752499235,1387.1194406125278,6.109424370873875
2.4325,1.000000000000426,0.002413802873151847,1392.2019807823456,6.112606514959734
2.435,1.0000000000004268,0.0024642899494873665,1397.1131662146047,6.115791195447064
2.4375,1.0000000000004272,0.0025309700263921814,1401.5236820192476,6.1189783655208325
2.44,1.000000000000428,0.0025866922396655186,1405.1607371269074,6.122167963516156
2.4425,1.0000000000004285,0.002631816423986852,1407.8821455274883,6.125359913407646
2.445,1.0000000000004292,0.002667668733491343,1409.7247015440591,6.128554125460171
2.4475000000000002,1.0000000000004294,0.0026960849328359036,1410.9093779451546,6.131750497039199
2.45,1.0000000000004297,0.002817852180805894,1411.799220453933,6.134948913577862
2.4525,1.0000000000004308,0.0029624697106293255,1412.82138206017,6.138149249696218
2.455,1.0000000000004308,0.003062326810384386,1414.3758641910965,6.141351370465644
2.4575,1.0000000000004312,0.0031123783315718137,1416.75611036564,6.144555132807973
2.46,1.0000000000004319,0.0031109520735995862,1420.1008460940664,6.147760387015833
2.4625,1.000000000000432,0.0030598407839044447,1424.3857548443066,6.1509669783776415
2.465,1.0000000000004325,0.002964117748227752,1429.4516690298265,6.154174748888841
2.4675000000000002,1.0000000000004332,0.0028316927053035654,1435.0561491093263,6.1573835390300085
2.47,1.0000000000004339,0.002672648056033758,1440.9300190802953,6.160593189592544
2.4725,1.0000000000004343,0.002542420261463601,1446.8212519149681,6.163803543533082
2.475,1.000000000000435,0.0024213018356094955,1452.5157107616678,6.167014447838166
2.4775,1.000000000000435,0.0024329312314589507,1457.8354132178206,6.170225755380711
2.48,1.000000000000436,0.0025093395880115728,1462.6257319231581,6.173437326749055
2.4825,1.000000000000436,0.0025563602202303636,1466.7483469897575,6.1766490320284
2.485,1.0000000000004368,0.0025720721235390712,1470.0938473735816,6.179860752513366
2.4875000000000003,1.0000000000004372,0.0025572890235578604,1472.6172422219404,6.183072382330044
2.49,1.0000000000004376,0.0025154003912291893,1474.385569500167,6.186283829946319
2.4925,1.0000000000004385,0.0024519725837923133,1475.6157683985564,6.189495019550817
2.495,1.0000000000004388,0.0023741506172754987,1476.6789193438008,6.19270589228309
2.4975,1.0000000000004394,0.002331505942658455,1478.0559389295638,6.195916407300073
2.5,1.0000000000004403,0.0024001772680070873,1480.2464795959847,6.199126542666138
2.5025,1.0000000000004405,0.0024372231503569136,1483.6500524811777,6.202336296055497
2.505,1.0000000000004412,0.002437657071619113,1488.4497384617225,6.20554568525649
2.5075,1.0000000000004414,0.0023994685870717056,1494.531531110266,6.208754748467698
2.5100000000000002,1.0000000000004419,0.002323892278572443,1501.466997193657,6.211963544376251
2.5125,1.0000000000004425,0.0022172320460909197,1508.5747183793019,6.215172152010018
2.515,1.0000000000004434,0.0022646277532472957,1515.0571505001842,6.218380670357763
2.5175,1.0000000000004439,0.002304053722820672,1520.1857013518681,6.2215892177550005
2.52,1.0000000000004439,0.0023380937124703608,1523.4847747260776,6.224797931037799
2.5225,1.0000000000004445,0.0025387543279335963,1524.857137582514,6.228006964471489
2.525,1.0000000000004452,0.0028168995338783954,1524.6077702028754,6.2312164884654235
2.5275,1.0000000000004459,0.0030516562283176177,1523.3586654690196,6.2344266880879795
2.5300000000000002,1.0000000000004463,0.0032304610203800987,1521.8863734678025,6.2376377613977665
2.5325,1.0000000000004468,0.003344534314846836,1520.9380116322982,6.240849917607631
2.535,1.0000000000004476,0.0033894501916960818,1521.0811756937164,6.244063375098078
2.5375,1.0000000000004483,0.003365366722162707,1522.6240120918899,6.247278359296961
2.54,1.000000000000448,0.0032769014173702126,1525.615477840207,6.250495100443117
2.5425,1.0000000000004492,0.003132666759509016,1529.9119426496018,6.253713831253534
2.545,1.0000000000004496,0.0029445094332947556,1535.2792716738309,6.256934784516348
2.5475,1.0000000000004499,0.0027265214055868683,1541.4915791903366,6.26015819063494
2.5500000000000003,1.0000000000004505,0.002662386969834801,1548.3910438060623,6.263384275151296
2.5525,1.0000000000004508,0.0025875618350757234,1555.8881099452597,6.266613256278505
2.555,1.0000000000004516,0.002476357396618128,1563.904452919984,6.269845342472868
2.5575,1.0000000000004523,0.0024185016772615277,1572.2844153510123,6.273080730075301
2.56,1.0000000000004523,0.002459191512826466,1580.715692358296,6.276319601049996
2.5625,1.000000000000453,0.0024621387279508576,1588.7014117009924,6.279562120846202
2.565,1.000000000000454,0.002429524001561315,1595.6120902589691,6.282808436406993
2.5675,1.000000000000454,0.002366458180638143,1600.8193198546217,6.286058674347421
2.57,1.0000000000004545,0.002280453805048339,1603.8796228038989,6.2893129393235645
2.5725000000000002,1.0000000000004552,0.0021806958017220033,1604.708716831041,6.2925713126136005
2.575,1.000000000000456,0.00226062231800122,1603.6787649103649,6.295833850931185
2.5775,1.0000000000004563,0.002369871436887413,1601.592977803315,6.299100585490466
2.58,1.0000000000004567,0.0024465340891636983,1599.5356505353814,6.302371521339744
2.5825,1.0000000000004576,0.0024839310892334435,1598.6393312143457,6.305646636977759
2.585,1.000000000000458,0.002478225855783802,1599.833498574282,6.308925884262495
2.5875,1.0000000000004585,0.002428744746682081,1603.6359923206999,6.3122091886179765
2.59,1.000000000000459,0.0023380421025049882,1610.0302713050157,6.315496449540132
2.5925000000000002,1.0000000000004599,0.0022117064046739674,1618.4518642943099,6.318787541398864
2.595,1.0000000000004596,0.002057925829708127,1627.890801650713,6.322082314530149
2.5975,1.0000000000004605,0.002010991710629093,1637.0985118834467,6.325380596609383
2.6,1.0000000000004612,0.002087552804636411,1644.8621567113728,6.328682194295007
2.6025,1.0000000000004616,0.002155908769568636,1650.2811224323877,6.331986895129226
2.605,1.000000000000462,0.002207397439331792,1652.9660170857924,6.335294469680395
2.6075,1.0000000000004625,0.002305164759560205,1653.0972814027791,6.338604673908834
2.61,1.000000000000463,0.0024681234282973035,1651.3284685084195,6.341917251734692
2.6125000000000003,1.0000000000004634,0.0025883079329906207,1648.5757394094194,6.3452319377831055
2.615,1.000000000000464,0.0026619328884513477,1645.7706401708595,6.348548460278542
2.6175,1.0000000000004647,0.002688292645742883,1643.6537360166092,6.3518665440574
2.62,1.0000000000004652,0.002669643168314998,1642.6602171253621,6.355185913665492
2.6225,1.0000000000004658,0.0027752003879449,1642.9131871426723,6.358506296505556
2.625,1.0000000000004665,0.0028904995615062733,1644.3093711178526,6.361827425999141
2.6275,1.0000000000004672,0.002981465512224117,1646.660085403935,6.365149044726881
2.63,1.0000000000004676,0.003038329752336373,1649.8383568438842,6.368470907511551
2.6325,1.000000000000468,0.003052766832231677,1653.8829167409315,6.371792784408685
2.6350000000000002,1.0000000000004685,0.0030186267830235474,1659.0233707121033,6.3751144635703865
2.6375,1.000000000000469,0.0029325170719089098,1665.615804045465,6.378435753948776
2.64,1.0000000000004692,0.002794186620081604,1674.0062054787822,6.381756487806713
2.6425,1.00000000000047,0.00260668079243138,1684.3605903816626,6.385076523004802
2.645,1.0000000000004705,0.002376254804295201,1696.5103960597833,6.388395745035459
2.6475,1.0000000000004712,0.0021120521265032364,1709.860650138151,6.391714068776929
2.65,1.0000000000004714,0.0020584536432409523,1723.399460116219,6.3950314399427475
2.6525,1.0000000000004723,0.00200278129346188,1735.8300051069064,6.398347836204945
2.6550000000000002,1.000000000000473,0.0019362805990271676,1745.8168112482647,6.401663267972739
2.6575,1.0000000000004732,0.0018658567498367345,1752.2974991007384,6.40497777881189
2.66,1.0000000000004736,0.0019517187483701235,1754.773123681776,6.40829144549398
2.6625,1.0000000000004745,0.0020462673985971935,1753.4790268576576,6.411604377668982
2.665,1.000000000000475,0.002111571161277435,1749.370773581812,6.414916717159029
2.6675,1.0000000000004754,0.002143212386378647,1743.9260158296386,6.4182286368757016
2.67,1.000000000000476,0.0021391398895422116,1738.8274945776243,6.421540339368004
2.6725,1.0000000000004767,0.0020997487598500004,1735.6211574477554,6.424852055012402
2.6750000000000003,1.0000000000004772,0.002027785428903471,1735.4303072682858,6.428164039860773
2.6775,1.0000000000004776,0.0019280918017428404,1738.7720720784052,6.4314765731659405
2.68,1.000000000000478,0.0018248467856339678,1745.4913402060815,6.4347899546080765
2.6825,1.0000000000004787,0.0018456387105112465,1754.8108192273141,6.438104501248614
2.685,1.0000000000004794,0.0018996606154442208,1765.488778886279,6.441420544241381
2.6875,1.0000000000004803,0.0019467158939038883,1776.065932165223,6.44473842533367
2.69,1.0000000000004805,0.001981769216018177,1785.1624854683314,6.448058493192979
2.6925,1.0000000000004807,0.0020006723097894114,1791.7615650079417,6.451381099597926
2.695,1.0000000000004816,0.0020600067174080046,1795.403669201775,6.454706595534648
2.6975000000000002,1.000000000000482,0.0022199630200937966,1796.2348901078144,6.458035327242279
2.7,1.0000000000004827,0.0023421122066316436,1794.8983212221724,6.461367632252895
2.7025,1.0000000000004834,0.0024238477493927608,1792.3115046983946,6.46470383547238
2.705,1.000000000000484,0.0024649439551991973,1789.40598345409,6.4680442453488105
2.7075,1.0000000000004843,0.002467385554297334,1786.9058334216188,6.471389150174296
2.71,1.0000000000004847,0.0024350761017242766,1785.1982203913053,6.47473881456476
2.7125,1.0000000000004854,0.0023734524355411993,1784.316888977201,6.4780934761601126
2.715,1.0000000000004865,0.0023142084011363137,1784.03056826317,6.481453342584848
2.7175000000000002,1.0000000000004865,0.0023546075173781897,1784.005655520689,6.484818588706475
2.72,1.0000000000004872,0.0023762869775609684,1783.9961019241061,6.488189354226423
2.7225,1.0000000000004876,0.00237657950812744,1784.0056683397306,6.491565741635187
2.725,1.000000000000488,0.0023537920368308335,1784.3736504375695,6.49494781456041
2.7275,1.000000000000489,0.0023072952936332896,1785.7565774437041,6.498335596533016
2.73,1.0000000000004894,0.0022375493787109677,1789.0088875361546,6.501729070192625
2.7325,1.00000000000049,0.002146067414984419,1794.9928019468807,6.505128176948883
2.735,1.0000000000004905,0.0020353231719207783,1804.3615823026398,6.508532817110159
2.7375000000000003,1.0000000000004914,0.0019086115758268746,1817.360240260759,6.511942850485562
2.74,1.0000000000004918,0.001877597789145024,1833.6807857678868,6.515358097460347
2.7425,1.0000000000004923,0.0018341871799152623,1852.4030618347024,6.518778340538845
2.745,1.0000000000004932,0.0017816036012425695,1872.0482944048938,6.522203326343494
2.7475,1.000000000000494,0.00172399757149481,1890.7633912367182,6.52563276805296
2.75,1.0000000000004943,0.0016655779491387677,1906.6293207308142,6.529066348257355
2.7525,1.0000000000004947,0.0017377171674320929,1918.044026393989,6.532503722203744
2.755,1.0000000000004954,0.0018097813361723745,1924.084603301518,6.535944521400661
2.7575,1.0000000000004958,0.0018681094644749424,1924.7352183103797,6.539388357545896
2.7600000000000002,1.0000000000004965,0.0019103211024376512,1920.9001234073294,6.542834826737653
2.7625,1.0000000000004972,0.0019348229019064988,1914.196663526647,6.546283513925091
2.765,1.0000000000004976,0.0019408383424024472,1906.6005790907325,6.549733997550429
2.7675,1.0000000000004983,0.0019283998770195272,1900.0531287964147,6.5531858543315025
2.77,1.0000000000004992,0.0018983071814804998,1896.1257850747597,6.556638664130908
2.7725,1.0000000000004996,0.0018520562449208045,1895.7956666378643,6.5600920148559245
2.775,1.0000000000005,0.0017917446990074878,1899.3442730702043,6.5635455073323135
2.7775,1.000000000000501,0.0017199590848607648,1906.3702229692474,6.566998760094935
2.7800000000000002,1.0000000000005012,0.0017393483999937106,1915.901529776466,6.570451414038643
2.7825,1.000000000000502,0.0017986070885900362,1926.592216253672,6.573903136874214
2.785,1.000000000000503,0.0018541930681107463,1936.980442564362,6.577353627335944
2.7875,1.0000000000005036,0.0019028417415141213,1945.7683242594378,6.580802619089711
2.79,1.0000000000005043,0.0019415760866302743,1952.066015341836,6.584249884293046
2.7925,1.000000000000505,0.001967841466069366,1955.5394382965746,6.587695236761772
2.795,1.0000000000005052,0.0019796208402775087,1956.4221521861318,6.591138534701282
2.7975,1.0000000000005058,0.0019755264345670794,1955.3921843939931,6.59457968296454
2.8000000000000003,1.000000000000506,0.0019548646927109816,1953.3556584548683,6.598018634803553
2.8025,1.0000000000005067,0.0019176721850145935,1951.2018434801194,6.60145539308623
2.805,1.0000000000005074,0.001910422240578499,1949.5925062360404,6.6048900109564395
2.8075,1.000000000000508,0.0020322718527336875,1948.8297005999925,6.608322591921249
2.81,1.0000000000005087,0.0021598178279149303,1948.822668224284,6.611753289356121
2.8125,1.0000000000005094,0.002288310287662242,1949.1540026422583,6.615182305425498
2.815,1.00000000000051,0.002412583954713066,1949.2283349440477,6.618609889423219
2.8175,1.000000000000511,0.0025272631492485,1948.4714344955646,6.622036335543897
2.82,1.0000000000005114,0.0026269854828658407,1946.534456140468,6.625461980103098
2.8225000000000002,1.000000000000512,0.0027066352868141395,1943.4524746764437,6.628887198230599
2.825,1.000000000000513,0.002761576915691321,1939.7148200520617,6.6323124000672715
2.8275,1.0000000000005136,0.002787877547300284,1936.2278885766038,6.6357380265021995
2.83,1.0000000000005138,0.0027825090188014607,1934.1809617032868,6.639164544492497
2.8325,1.0000000000005145,0.0027435186463106364,1934.8491924483194,6.642592442013757
2.835,1.0000000000005151,0.0026701598938100733,1939.3762851159015,6.646022222694273
2.8375,1.0000000000005156,0.002562975183565206,1948.5730579138053,6.64945440019082
2.84,1.0000000000005163,0.002423825038869679,1962.7554282699418,6.652889492367729
2.8425000000000002,1.000000000000517,0.0022558600535967804,1981.6359632574943,6.656328015344458
2.845,1.0000000000005178,0.0020634347940553335,2004.2817847866281,6.65977047747921
2.8475,1.0000000000005187,0.0018519655330199332,2029.1560479440707,6.663217373357954
2.85,1.000000000000519,0.001627736549445468,2054.2622027555103,6.6666691778589815
2.8525,1.0000000000005196,0.0014816189264714864,2077.3994294316603,6.670126340363103
2.855,1.0000000000005203,0.0014609455305560953,2096.508118830972,6.673589279178917
2.8575,1.0000000000005207,0.0015462354129214412,2110.042499237597,6.677058376250836
2.86,1.0000000000005216,0.0016445001640311493,2117.2748036543367,6.68053397221536
2.8625000000000003,1.0000000000005225,0.0017275548319698264,2118.437465107076,6.684016361867962
2.865,1.000000000000523,0.0017915822008071959,2114.656126218627,6.6875057900990145
2.8675,1.0000000000005236,0.0018336207773426397,2107.696877567383,6.691002448352724
2.87,1.0000000000005238,0.0018516925894850995,2099.608492101573,6.694506471657521
2.8725,1.0000000000005245,0.0018448850700839437,2092.3573567582466,6.698017936270411
2.875,1.0000000000005251,0.0018133836276358764,2087.5305144572717,6.7015368579711465
2.8775,1.0000000000005258,0.001758453866008066,2086.143137096384,6.705063191034807
2.88,1.0000000000005267,0.0016823748034819385,2088.5541578560697,6.708596827903925
2.8825,1.0000000000005271,0.001588326740488481,2094.478035913899,6.712137599573361
2.8850000000000002,1.000000000000528,0.0014802395240775625,2103.0785267918427,6.71568527669314
2.8875,1.0000000000005282,0.001492906391878959,2113.1321743615217,6.719239571386357
2.89,1.000000000000529,0.0015560905206754721,2123.2461672707245,6.722800139771012
2.8925,1.00000000000053,0.0016219626019385916,2132.1041074241907,6.726366585166587
2.895,1.0000000000005302,0.0016789192080611942,2138.698646417077,6.729938461958007
2.8975,1.0000000000005311,0.0017239350255547187,2142.5019680824976,6.733515280081654
2.9,1.0000000000005318,0.0017544743478732515,2143.533111589555,6.737096510090363
2.9025,1.0000000000005322,0.001768603755356611,2142.306319916945,6.740681588746754
2.9050000000000002,1.0000000000005327,0.0017650773788370415,2139.6774230807405,6.744269925087233
2.9075,1.0000000000005331,0.001775979270109869,2136.631191034463,6.747860906892488
2.91,1.0000000000005336,0.001838535097852932,2134.061803384345,6.751453907494447
2.9125,1.0000000000005345,0.0018735800215387447,2132.5914249357543,6.7550482928447275
2.915,1.0000000000005347,0.0018815976619398114,2132.4562260777675,6.758643428765512
2.9175,1.000000000000536,0.0018642305825072715,2133.473474689559,6.762238688300641
2.92,1.000000000000536,0.001824148047473838,2135.0913466475063,6.765833459082689
2.9225,1.0000000000005373,0.0018568823106674826,2136.5135524203333,6.7694271506304835
2.9250000000000003,1.0000000000005376,0.0019555403770754585,2136.8805315356735,6.773019201491567
2.9275,1.0000000000005382,0.0020471884752421045,2135.476748713597,6.7766090861446155
2.93,1.0000000000005382,0.002128375249190899,2131.9229455452337,6.780196321578711
2.9325,1.0000000000005393,0.002195850778397204,2126.309728411489,6.783780473468733
2.935,1.00000000000054,0.002246687815638706,2119.239829051574,6.787361161869827
2.9375,1.0000000000005407,0.0022783937798876944,2111.769433579687,6.790938066358039
2.94,1.0000000000005416,0.002289009360328868,2105.2653426101497,6.794510930549771
2.9425,1.0000000000005418,0.002277189945895846,2101.213116289263,6.798079565938655
2.945,1.0000000000005422,0.0022422665966518626,2101.0152056585443,6.801643854995579
2.9475000000000002,1.000000000000543,0.002184283913790146,2105.8090709576227,6.805203753485441
2.95,1.0000000000005431,0.002104012932039263,2116.3210447577353,6.808759291962529
2.9525,1.0000000000005442,0.0020029380324022997,2132.760391922501,6.812310576415637
2.955,1.0000000000005447,0.0018832178274607505,2154.7543133843737,6.815857788043476
2.9575,1.0000000000005453,0.0017476209719329392,2181.3285368113825,6.819401182150785
2.96,1.0000000000005458,0.001599438857900543,2210.9457581643974,6.822941086165724
2.9625,1.0000000000005465,0.0014423781230416704,2241.619135943996,6.826477896789268
2.965,1.000000000000547,0.001317485219582047,2271.113197726449,6.830012076297664
2.9675000000000002,1.0000000000005476,0.0013662242371825987,2297.2253725956107,6.833544148029095
2.97,1.0000000000005478,0.0014170212535571237,2318.110525145456,6.83707469109575
2.9725,1.000000000000549,0.0014608230625659053,2332.58083646792,6.8406043343720935
2.975,1.0000000000005493,0.0015000895778663678,2340.3025439783187,6.844133749819393
2.9775,1.0000000000005498,0.0015548713500742489,2341.8319107038183,6.847663645215042
2.98,1.0000000000005507,0.0015992343775985108,2338.480280451574,6.8511947563632845
2.9825,1.000000000000551,0.0016269745479948346,2332.0498926118053,6.854727838870811
2.985,1.0000000000005516,0.0016372179494138594,2324.5134460009485,6.858263659576824
2.9875000000000003,1.0000000000005522,0.0016297498707683919,2317.710544862165,6.861802987732355
2.99,1.0000000000005527,0.0016050070430903402,2313.110961156346,6.865346586027393
2.9925,1.000000000000553,0.0015640444130193734,2311.6651458648676,6.868895201567586
2.995,1.0000000000005538,0.00150847848978299,2313.7405080856784,6.872449556903897
2.9975,1.0000000000005547,0.0014404102373078993,2319.132375856008,6.876010341219557
3.0,1.000000000000555,0.0013785865649989697,2327.138134032963,6.879578201778188
3.0025,1.0000000000005556,0.0014311197329547434,2336.685322897204,6.883153735735714
3.005,1.000000000000556,0.0014825230994929466,2346.5037053821543,6.886737482416003
3.0075000000000003,1.0000000000005569,0.001540606645375718,2355.324970076462,6.890329916146556
3.0100000000000002,1.0000000000005578,0.0015970729861138125,2362.083714605028,6.893931439745643
3.0125,1.000000000000558,0.0016450568295049187,2366.085282500158,6.897542378746111
3.015,1.0000000000005589,0.0016826137409842847,2367.1064521572303,6.901162976433826
3.0175,1.0000000000005593,0.0017081894151785729,2365.4071439651316,6.904793389770228
3.02,1.0000000000005598,0.0017206689026953552,2361.652257051852,6.908433686258924
3.0225,1.0000000000005604,0.0017194082248969316,2356.764366633796,6.912083841805867
3.025,1.0000000000005609,0.0017042479259316292,2351.7418552588438,6.9157437396114485
3.0275,1.0000000000005616,0.0016755087765521425,2347.479257475609,6.9194131701211194
3.0300000000000002,1.000000000000562,0.0016339704626949492,2344.61931547849,6.923091832048997
3.0325,1.0000000000005629,0.0016248111564442344,2343.455064965812,6.926779334476579
3.035,1.000000000000563,0.0017184598849821573,2343.890292269948,6.930475200016276
3.0375,1.0000000000005638,0.0018160831846843282,2345.4600203000446,6.934178869017041
3.04,1.0000000000005647,0.0019150096302929728,2347.4082702132305,6.937889704777283
3.0425,1.0000000000005649,0.0020124158119008825,2348.8156596179588,6.941606999718116
3.045,1.0000000000005655,0.002105408873186918,2348.7625084970214,6.945329982458538
3.0475,1.0000000000005664,0.002191111519787743,2346.5044531670464,6.949057825722901
3.0500000000000003,1.000000000000567,0.0022667471804667092,2341.630356430538,6.952789655000461
3.0525,1.0000000000005673,0.0023297229968442692,2334.1712064561702,6.956524557867012
3.055,1.000000000000568,0.002377708354989537,2324.6368478454165,6.960261593869626
3.0575,1.0000000000005684,0.002408706757300487,2313.9736434274996,6.963999804867664
3.06,1.000000000000569,0.002421118968931481,2303.454842253713,6.967738225716484
3.0625,1.0000000000005695,0.0024137955620175443,2294.529232579564,6.971475895174978
3.065,1.00000000000057,0.0023860772242877706,2288.657853061974,6.975211866914003
3.0675,1.0000000000005709,0.0023378214957181388,2287.1632966227107,6.978945220500323
3.0700000000000003,1.0000000000005713,0.002269414944712113,2291.105669312249,6.982675072229551
3.0725000000000002,1.0000000000005718,0.0021817701883523073,2301.1888916005196,6.9864005856819125
3.075,1.0000000000005724,0.0020763075911869027,2317.6946098984463,6.990120981876446
3.0775,1.000000000000573,0.0019549219326970035,2340.4398984122354,6.993835548902198
3.08,1.0000000000005735,0.001819934801418852,2368.758415273357,6.9975436509093765
3.0825,1.0000000000005742,0.00167403393797684,2401.5105954444853,7.001244736349033
3.085,1.0000000000005747,0.0015202011928768888,2437.133847485412,7.0049383453566545
3.0875,1.0000000000005753,0.0013616311699957621,2473.745161886433,7.0086241161832294
3.09,1.000000000000576,0.0012016429756710983,2509.3029584441324,7.012301790586657
3.0925000000000002,1.0000000000005766,0.001125032730762037,2541.8212327885135,7.0159712181070475
3.095,1.0000000000005773,0.0011312093584079127,2569.609800943895,7.0196323591611645
3.0975,1.0000000000005778,0.0011373542682241433,2591.4969510472174,7.0232852869042
3.1,1.0000000000005784,0.0011652109905739244,2606.9845441651355,7.0269301878207715
3.1025,1.000000000000579,0.0011867290842411614,2616.296775351197,7.030567361021551
3.105,1.0000000000005795,0.0011995668085187825,2620.310298768825,7.034197216236984
3.1075,1.00000000000058,0.0012032112056417665,2620.3846458594944,7.037820270514588
3.11,1.0000000000005809,0.0011974652921509998,2618.1347146695693,7.041437143641638
3.1125000000000003,1.0000000000005813,0.0011824462344722177,2615.1937293864503,7.045048552329886
3.115,1.000000000000582,0.0011752862674646815,2613.0064949470675,7.048655303213338
3.1175,1.0000000000005822,0.0011796017407840573,2612.6764290040824,7.0522582847241
3.12,1.000000000000583,0.001183630359553103,2614.8740468685837,7.055858457924258
3.1225,1.0000000000005838,0.0011874001717799047,2619.8042850901306,7.059456846384333
3.125,1.0000000000005844,0.0011909510516940162,2627.2259317794073,7.063054525210251
3.1275,1.0000000000005849,0.0011943331811086859,2636.516170341287,7.066652609331606
3.13,1.0000000000005853,0.0011976050139826727,2646.7735782249088,7.070252241173731
3.1325000000000003,1.0000000000005862,0.0012008307773633995,2656.951313576616,7.073854577844857
3.1350000000000002,1.0000000000005864,0.0012040775759505956,2666.0078825127903,7.077460777977237
3.1375,1.000000000000587,0.0012074121802295302,2673.0571366430718,7.081071988367287
3.14,1.000000000000588,0.001210897589364357,2677.4949802468213,7.084689330564577
3.1425,1.0000000000005886,0.001214589469667412,2679.0808934718852,7.08831388756232
3.145,1.0000000000005889,0.0012185325772819903,2677.9593911526945,7.09194669074323
3.1475,1.0000000000005898,0.0012227572794985425,2674.6186038990127,7.0955887072336425
3.15,1.00000000000059,0.0012272762925846867,2669.7963811231652,7.099240827816002
3.1525,1.0000000000005909,0.0012327316553176378,2664.35416308029,7.102903855544947
3.1550000000000002,1.0000000000005917,0.0012396526508785398,2659.1425656267443,7.106578495205704
3.1575,1.0000000000005922,0.0012483595498090313,2654.8802496015032,7.110265343745129
3.16,1.000000000000593,0.0012574108879872053,2652.0615427215735,7.113964881795966
3.1625,1.0000000000005933,0.0012663162576765116,2650.9013808823033,7.117677466403786
3.165,1.0000000000005942,0.0012762729601623704,2651.320472561129,7.1214033250536755
3.1675,1.000000000000595,0.0012861775597180975,2652.96969725148,7.125142551080376
3.17,1.0000000000005953,0.0012949305516157413,2655.2899601151626,7.128895100531099
3.1725,1.000000000000596,0.0013022036644370035,2657.6009674717225,7.132660790534819
3.1750000000000003,1.0000000000005966,0.0013076836942756429,2659.2090124972215,7.136439299215718
3.1775,1.0000000000005973,0.0013110815054833322,2659.5201774648726,7.140230167171201
3.18,1.0000000000005977,0.0013121401899905598,2658.1426523961186,7.144032800517463
3.1825,1.0000000000005984,0.0013106421633038456,2654.9618197125383,7.147846475487281
3.185,1.000000000000599,0.001306415027346856,2650.1754606274576,7.151670344546562
3.1875,1.0000000000006,0.001299336084046727,2644.283570420885,7.1555034439778895
3.19,1.0000000000006004,0.0012893354363373967,2638.0359245012487,7.159344702861627
3.1925,1.000000000000601,0.0012763976627981537,2632.34802554654,7.163192953368053
3.1950000000000003,1.0000000000006015,0.0012605620966683298,2628.2001862712177,7.167046942258085
3.1975000000000002,1.0000000000006024,0.0012419217781916981,2626.5345408227345,7.170905343475253
3.2,1.0000000000006026,0.0012206211803846235,2628.1616154370263,7.174766771698502
3.2025,1.0000000000006033,0.0011968528321305398,2633.6835534016504,7.178629796713443
3.205,1.000000000000604,0.0011708529791672234,2643.4370157192157,7.182492958449778
3.2075,1.0000000000006046,0.0011428964336116926,2657.4563293741535,7.18635478252415
3.21,1.0000000000006053,0.0011132907669984442,2675.4568981689913,7.1902137961210295
3.2125,1.0000000000006055,0.0010823700014086014,2696.8397335581453,7.194068544039301
3.215,1.0000000000006068,0.001050487949240255,2720.719227924968,7.197917604729037
3.2175000000000002,1.0000000000006068,0.0010180113456029392,2745.9768159166033,7.201759606141454
3.22,1.0000000000006075,0.0009990363912884559,2771.341909714233,7.205593241215364
3.2225,1.0000000000006082,0.0009808634082351352,2795.497901615952,7.20941728282559
3.225,1.0000000000006088,0.0009922611620288226,2817.2054318214705,7.2132305980226965
3.2275,1.0000000000006093,0.0010155880507138988,2835.4289473584404,7.217032161399088
3.23,1.0000000000006095,0.0010375407011371292,2849.4481148683935,7.220821067424157
3.2325,1.0000000000006106,0.001057668267592954,2858.9352018866643,7.2245965416004365
3.235,1.0000000000006113,0.0010755658531791759,2863.9842565082004,7.228357950303798
3.2375000000000003,1.0000000000006113,0.00109088253723202,2865.0869287251253,7.232104809183471
3.24,1.000000000000612,0.001103328094813559,2863.0603418769037,7.2358367900120095
3.2425,1.0000000000006126,0.0011157754444730546,2858.9411155758125,7.2395537258911515
3.245,1.0000000000006135,0.0011314324615832737,2853.863955305468,7.243255614736574
3.2475,1.0000000000006137,0.0011420246053664923,2848.942587033549,7.246942620982882
3.25,1.0000000000006144,0.001147589890112019,2845.166512593593,7.250615075469397
3.2525,1.0000000000006155,0.0011483552064665919,2843.3213042095495,7.254273473487273
3.255,1.0000000000006157,0.0011447282275235298,2843.93498737991,7.257918470988901
3.2575000000000003,1.0000000000006162,0.0011372838245926966,2847.249669518966,7.26155087898122
3.2600000000000002,1.0000000000006168,0.0011267453818928812,2853.21616758307,7.2651716561452275
3.2625,1.0000000000006173,0.0011139615479601962,2861.509458251692,7.268781899744207
3.265,1.0000000000006177,0.0010998790992020717,2871.5634554206626,7.272382834902956
3.2675,1.0000000000006184,0.0010855127129062666,2882.6240234045763,7.275975802359225
3.27,1.000000000000619,0.001111377508965697,2893.8185889959673,7.279562244806443
3.2725,1.0000000000006197,0.0011418942864078127,2904.2389488583017,7.283143691963503
3.275,1.0000000000006204,0.0011717089016825498,2913.031132193031,7.286721744522594
3.2775,1.0000000000006208,0.0011999270215879568,2919.483261414118,7.290298057139868
3.2800000000000002,1.0000000000006215,0.0012259315974924218,2923.1004004388724,7.293874320645607
3.2825,1.0000000000006217,0.001249163372529601,2923.6554882901482,7.297452243660873
3.285,1.0000000000006226,0.0012691346239073326,2921.2081674473784,7.301033533815775
3.2875,1.0000000000006235,0.00128544055255115,2916.0882609436517,7.30461987877074
3.29,1.0000000000006237,0.0013001962494906007,2908.8465818826685,7.308212927246195
3.2925,1.0000000000006242,0.00131014104389399,2900.181027707061,7.311814270267986
3.295,1.000000000000625,0.0013144915165647067,2890.849163940499,7.315425422835453
3.2975,1.0000000000006253,0.001313077313605625,2881.579199419765,7.31904780621639
3.3000000000000003,1.000000000000626,0.0013058606538818916,2872.989772005227,7.322682731068147
3.3025,1.0000000000006264,0.0013156265170444755,2865.5262659056343,7.326331381576967
3.305,1.000000000000627,0.0013733285279866295,2859.4185151411684,7.329994800798071
3.3075,1.0000000000006277,0.0014340469463850747,2854.662413388085,7.333673877367544
3.31,1.0000000000006284,0.0014966691449832276,2851.0263189482116,7.337369333743396
3.3125,1.0000000000006286,0.0015600028260617153,2848.081916451223,7.341081716117667
3.315,1.0000000000006293,0.001622805878481593,2845.2578383825025,7.344811386124319
3.3175,1.00000000000063,0.0016838168648986352,2841.912393759911,7.34855851444888
3.3200000000000003,1.0000000000006304,0.00174178519812054,2837.419096041688,7.352323076425801
3.3225000000000002,1.0000000000006313,0.0017955001220922666,2831.2557703843077,7.35610484968835
3.325,1.0000000000006315,0.0018438177021777792,2823.08579913943,7.359903413913935
3.3275,1.0000000000006324,0.0018856851458687724,2812.8196607336213,7.363718152685081
3.33,1.0000000000006328,0.001920161912166402,2800.6470996710345,7.367548257463424
3.3325,1.0000000000006335,0.0019464372181794535,2787.034944466418,7.371392733650851
3.335,1.0000000000006344,0.0019638437070822966,2772.691669994745,7.375250408689073
3.3375,1.0000000000006346,0.0019718671946472007,2758.5055489776237,7.379119942126214
3.34,1.000000000000635,0.001970152554770538,2745.4670170412705,7.382999837557093
3.3425000000000002,1.000000000000636,0.0019585059313143673,2734.58683182708,7.386888456322826
3.345,1.0000000000006362,0.0019368935689897159,2726.8199325617147,7.390784032835393
3.3475,1.0000000000006366,0.0019054376362204332,2723.00160143205,7.394684691374355
3.35,1.0000000000006377,0.0018644094659067798,2723.798860808667,7.398588464186039
3.3525,1.000000000000638,0.0018142206654181753,2729.677045306306,7.402493310700402
3.355,1.0000000000006384,0.001755412546289296,2740.8797052602613,7.406397137667791
3.3575,1.000000000000639,0.0016886442997582282,2757.419477823137,7.410297820007029
3.36,1.0000000000006397,0.0016146803004875375,2779.0780185315803,7.414193222147573
3.3625000000000003,1.0000000000006404,0.0015343768624845105,2805.414083507557,7.418081219642394
3.365,1.0000000000006406,0.001448668703880243,2835.7799377212364,7.421959720824384
3.3675,1.0000000000006415,0.001358555306516317,2869.3470436183093,7.425826688277782
3.37,1.000000000000642,0.0012650872877139415,2905.14216028062,7.429680159897149
3.3725,1.0000000000006424,0.0011693528401326087,2942.0943910141614,7.433518269309876
3.375,1.0000000000006428,0.0010724642454245747,2979.092364222619,7.437339265444069
3.3775,1.0000000000006433,0.000975544431593788,3015.048834013836,7.441141531031717
3.38,1.0000000000006437,0.0008977859484463316,3048.967964160444,7.4449235998472885
3.3825000000000003,1.0000000000006444,0.0009200046224118796,3080.0089654558374,7.448684172494381
3.3850000000000002,1.0000000000006448,0.0009553898318861247,3107.539129154517,7.452422130567358
3.3875,1.0000000000006455,0.0009884670110943204,3131.169971510972,7.456136549031093
3.39,1.0000000000006457,0.0010184192232632948,3150.772159264136,7.459826706679926
3.3925,1.0000000000006461,0.0010445132455403306,3166.4677262471146,7.46349209455624
3.395,1.0000000000006466,0.0010660783038088082,3178.60115900684,7.467132422229912
3.3975,1.0000000000006475,0.0010825207209390513,3187.6935278839064,7.470747621861636
3.4,1.000000000000648,0.001093337826206727,3194.3854632682583,7.474337849995983
3.4025,1.0000000000006484,0.001098130762903209,3199.3752464742106,7.4779034870533705
3.4050000000000002,1.0000000000006488,0.0010966158113012087,3203.3577525745923,7.48144513451409
3.4075,1.0000000000006493,0.0010886338376157351,3206.968820110289,7.48496360981146
3.41,1.0000000000006497,0.0010741574882627114,3210.7382644153327,7.488459938975275
3.4125,1.0000000000006504,0.0010532957738220616,3215.053557540111,7.4919353470903145
3.415,1.0000000000006508,0.0010262957292640931,3220.135373001336,7.495391246657816
3.4175,1.0000000000006515,0.0009935408961080237,3226.025765415607,7.498829223970119
3.42,1.000000000000652,0.0009555464474369029,3232.589596322078,7.502251023629926
3.4225,1.0000000000006526,0.0009475285272825971,3239.5296943476415,7.505658531365554
3.4250000000000003,1.0000000000006528,0.0009555512021882325,3246.415874645824,7.509053755312015
3.4275,1.0000000000006535,0.0009639011454995504,3252.727102236736,7.512438805944379
3.43,1.000000000000654,0.0009726833732562242,3257.904661344597,7.515815874864756
3.4325,1.0000000000006541,0.0009819895662071085,3261.4123028019208,7.519187212656778
3.435,1.0000000000006548,0.000991896827411956,3262.7973625847694,7.522555106032007
3.4375,1.0000000000006553,0.0010024672401580555,3261.7453701107734,7.52592185450078
3.44,1.0000000000006557,0.0010230279980461697,3258.120335712811,7.529289746805565
3.4425,1.0000000000006564,0.0010440730836673872,3251.9841565608604,7.532661037358222
3.4450000000000003,1.0000000000006568,0.0010605113583787226,3243.5914009762237,7.536037922923058
3.4475000000000002,1.0000000000006573,0.0010717836760418126,3233.3595888899545,7.539422519785731
3.45,1.000000000000658,0.0010774519320904403,3221.81906880068,7.542816841643641
3.4525,1.0000000000006581,0.0010815401570401244,3209.549738198617,7.546222778446597
3.455,1.0000000000006586,0.0010973628023157854,3197.1135092300306,7.549642076407126
3.4575,1.0000000000006595,0.0011138878697562445,3184.991432155494,7.55307631938839
3.46,1.0000000000006601,0.001131071933742008,3173.5330672345585,7.556526911863685
3.4625,1.0000000000006606,0.0011488590535959997,3162.923590821837,7.559995063625634
3.465,1.000000000000661,0.0011671786543204544,3153.171752973095,7.563481776405414
3.4675000000000002,1.0000000000006615,0.0011910370422900214,3144.1194838041556,7.566987832542665
3.47,1.000000000000662,0.0012453062780878985,3135.471757823716,7.570513785825629
3.4725,1.0000000000006621,0.0012997713781200979,3126.843237330297,7.57405995459849
3.475,1.0000000000006626,0.0013532756938275693,3117.8162479135813,7.5776264172094105
3.4775,1.0000000000006635,0.0014048048659816104,3108.0029904598364,7.581213009848193
3.48,1.0000000000006635,0.0014533615057900596,3097.1039509730667,7.584819326797694
3.4825,1.0000000000006641,0.0014979927565099624,3084.9546682231903,7.5884447230977665
3.485,1.0000000000006648,0.0015378161936721896,3071.554615701952,7.592088319595597
3.4875000000000003,1.0000000000006657,0.001572043093657705,3057.0748185307566,7.595749010331322
3.49,1.000000000000666,0.0015999982187815147,3041.8443897017587,7.599425472183923
3.4925,1.0000000000006664,0.0016211354266057233,3026.3195867745867,7.603116176679067
3.495,1.0000000000006668,0.001635048603763293,3011.0414418703963,7.606819403838731
3.4975,1.0000000000006675,0.0016414776399886982,2996.5890140509414,7.610533257931715
3.5,1.000000000000668,0.0016403093847983917,2983.534833427135,7.614255684965309
3.5025,1.0000000000006684,0.0016315737551469275,2972.407535151611,7.617984491741082
3.505,1.0000000000006688,0.001615435375291065,2963.664601202455,7.621717366282604
3.5075000000000003,1.0000000000006692,0.0015921813187502023,2957.676090661166,7.625451899429681
3.5100000000000002,1.0000000000006704,0.0015622056769200319,2954.718616318138,7.629185607382736
3.5125,1.0000000000006706,0.0015259917919679623,2954.9777671231973,7.632915954972284
3.515,1.000000000000671,0.001484093058076106,2958.5566557776856,7.636640379422096
3.5175,1.0000000000006717,0.0014371132126986684,2965.4881653529137,7.64035631437078
3.52,1.000000000000672,0.0013856870089715883,2975.7486318987008,7.6440612139149735
3.5225,1.0000000000006726,0.001330462085242225,2989.271009375766,7.647752576438285
3.525,1.0000000000006728,0.0012720827338428841,3005.955939423245,7.651427967993507
3.5275,1.0000000000006732,0.0012111761266983022,3025.6795527694426,7.655085045011196
3.5300000000000002,1.0000000000006737,0.0011483413895592947,3048.297251364797,7.658721576115757
3.5325,1.0000000000006746,0.0010841417398100804,3073.643164393673,7.662335462840083
3.535,1.000000000000675,0.0010190997252441816,3101.5254427337327,7.665924759042045
3.5375,1.0000000000006752,0.0009536954327576825,3131.7180539560723,7.669487688839955
3.54,1.000000000000676,0.0009487248571067089,3163.950250454293,7.673022662899928
3.5425,1.0000000000006763,0.000940169430965036,3197.895378216725,7.676528292925217
3.545,1.0000000000006772,0.0009238990524972587,3233.1611259537217,7.680003404216232
3.5475,1.0000000000006775,0.0009002083711761647,3269.2836149909276,7.683447046189763
3.5500000000000003,1.0000000000006781,0.0008785570159777067,3305.727808788812,7.686858500766498
3.5525,1.0000000000006783,0.0009017788619834685,3341.8964716005607,7.690237288557571
3.555,1.0000000000006788,0.00091607519149239,3377.1492290137962,7.693583172802626
3.5575,1.0000000000006797,0.0009208678772720055,3410.8321228687005,7.696896161034212
3.56,1.00000000000068,0.0009208676091977246,3442.3164469422522,7.700176504465531
3.5625,1.0000000000006801,0.0009315272603468876,3471.0437754623586,7.703424695120564
3.565,1.0000000000006808,0.0009386940026180746,3496.572286682508,7.706641460747379
3.5675,1.0000000000006812,0.0009422247543902423,3518.6181820438273,7.7098277575762575
3.5700000000000003,1.0000000000006815,0.0009420446529727686,3537.0856488556033,7.712984761004588
3.5725000000000002,1.000000000000682,0.0009381468237689149,3552.0796918587175,7.7161138543096515
3.575,1.0000000000006826,0.0009305905789890243,3563.8982488839692,7.719216615508421
3.5775,1.0000000000006832,0.000919498162438965,3573.0029467716463,7.722294802500167
3.58,1.0000000000006837,0.0009050501919434102,3579.971030805208,7.725350336643007
3.5825,1.0000000000006843,0.0008874799785321064,3585.4337454577358,7.72838528492916
3.585,1.0000000000006846,0.0008670669216745099,3590.0082558891495,7.731401840935661
3.5875,1.0000000000006855,0.0008441291929931858,3594.230886570091,7.734402304737634
3.59,1.0000000000006852,0.0008207477009407501,3598.4991305299736,7.737389061979543
3.5925000000000002,1.0000000000006861,0.0007959663038782756,3603.0288419707585,7.740364562306316
3.595,1.0000000000006863,0.0008002090145747241,3607.8315533347754,7.743331297360864
3.5975,1.0000000000006868,0.0008085184775106183,3612.7150959940013,7.746291778556742
3.6,1.0000000000006875,0.000826679663721182,3617.3086130947236,7.749248514835263
3.6025,1.000000000000688,0.0008469712355498317,3621.110511602941,7.752203990614524
3.605,1.0000000000006881,0.0008725279802423733,3623.5548903062404,7.755160644133957
3.6075,1.000000000000689,0.0008975480388096409,3624.0887818709916,7.7581208463921465
3.61,1.0000000000006892,0.0009214881778855964,3622.249821836599,7.761086880867778
3.6125000000000003,1.0000000000006897,0.0009437866431544363,3617.7326200921552,7.764060924203745
3.615,1.0000000000006901,0.000963877268275415,3610.43297710872,7.767045028023061
3.6175,1.0000000000006908,0.0009812050093702895,3600.4624362630225,7.77004110203214
3.62,1.0000000000006912,0.0009952424793168216,3588.1309504000665,7.773050898552645
3.6225,1.0000000000006917,0.001005506978129271,3573.901379321968,7.776075998607582
3.625,1.000000000000692,0.0010115774479450878,3558.324559384399,7.779117799670837
3.6275,1.0000000000006923,0.0010131107281829213,3541.9665643218555,7.782177505172163
3.63,1.000000000000693,0.0010133744298661989,3525.3400421335664,7.78525611583173
3.6325000000000003,1.0000000000006934,0.0010332359527200324,3508.849514023694,7.788354422880282
3.6350000000000002,1.0000000000006937,0.0010787283470813603,3492.757118867441,7.791473003202251
3.6375,1.0000000000006941,0.0011279268469725962,3477.171431696652,7.7946122164208616
3.64,1.000000000000695,0.0011803392817827047,3462.058406681554,7.797772203925461
3.6425,1.000000000000695,0.0012353427494260836,3447.270605880381,7.800952889823223
3.645,1.0000000000006957,0.0012921921002730392,3432.588847813749,7.80415398377927
3.6475,1.0000000000006963,0.0013500331626676663,3417.7693135523646,7.807374985692091
3.65,1.0000000000006966,0.0014079205587366939,3402.589028633101,7.810615192134453
3.6525,1.000000000000697,0.0014648397476583522,3386.883506915485,7.813873704474547
3.6550000000000002,1.0000000000006977,0.0015197327198559407,3370.57209508438,7.817149438577691
3.6575,1.0000000000006983,0.0015715265615404035,3353.6689132841498,7.820441135975865
3.66,1.0000000000006986,0.0016191639272063658,3336.2798013396728,7.823747376380784
3.6625,1.000000000000699,0.0016616343105243549,3318.587843407874,7.827066591406188
3.665,1.0000000000006994,0.0016980049029631046,3300.8314429851093,7.830397079356665
3.6675,1.0000000000006999,0.0017274497838398416,3283.27936306728,7.833737020933522
3.67,1.0000000000007,0.0017492762019193338,3266.2067035969862,7.837084495703159
3.6725,1.0000000000007008,0.0017629467902097675,3249.8747367445308,7.840437499169892
3.6750000000000003,1.000000000000701,0.0017680967012608764,3234.5162260331326,7.843793960293256
3.6775,1.0000000000007017,0.001764544854865582,3220.3266529222265,7.84715175928949
3.68,1.0000000000007023,0.0017522987443143968,3207.4608875053486,7.850508745558005
3.6825,1.0000000000007028,0.001731552538318882,3196.0343531557637,7.853862755576269
3.685,1.000000000000703,0.001702678527582177,3186.1276122553104,7.857211630610473
3.6875,1.0000000000007037,0.0016662122800467974,3177.7934275336365,7.860553234094732
3.69,1.0000000000007039,0.0016228321687037925,3171.06558759821,7.863885468538128
3.6925,1.0000000000007043,0.0015733342027136538,3165.9689952805957,7.86720629182662
3.6950000000000003,1.0000000000007048,0.001530494920570926,3162.5306149315884,7.870513732795745
3.6975000000000002,1.0000000000007054,0.0014887103197156518,3160.790827749607,7.87380590595968
3.7,1.0000000000007057,0.0014439521051172396,3160.8145765394374,7.877081025292834
3.7025,1.000000000000706,0.001411291164692414,3162.701459063911,7.880337416971258
3.705,1.000000000000707,0.001380578107683374,3166.5937373392976,7.883573530992933
3.7075,1.0000000000007072,0.0013421470881850692,3172.681145532946,7.886787951607891
3.71,1.0000000000007074,0.0012961945024258577,3181.2014462127313,7.889979406501466
3.7125,1.0000000000007079,0.0012430857239125455,3192.4359030436663,7.89314677468629
3.715,1.0000000000007088,0.0011833547137494746,3206.699164111653,7.8962890930708785
3.7175000000000002,1.0000000000007088,0.0011176980533886781,3224.32341495719,7.899405561684828
3.72,1.0000000000007092,0.001089889758858641,3245.636997362646,7.902495547552488
3.7225,1.0000000000007094,0.0010789368156997518,3270.9379627239837,7.905558587218584
3.725,1.0000000000007103,0.001059165468133128,3300.463251401686,7.908594387940154
3.7275,1.0000000000007108,0.0010427503943829565,3334.3544302100886,7.911602827569921
3.73,1.000000000000711,0.0010672850364519687,3372.621288524675,7.9145839531659306
3.7325,1.0000000000007114,0.0010819012889012089,3415.10520872248,7.917537978371712
3.735,1.0000000000007117,0.0010860646231937586,3461.44517118619,7.920465279619641
3.7375000000000003,1.0000000000007123,0.0011167761881826033,3511.050512008184,7.923366391217927
3.74,1.0000000000007128,0.0011427908147793385,3563.085939462042,7.926241999388638
3.7425,1.0000000000007134,0.0011560666929964398,3616.47542441696,7.929092935330182
3.745,1.0000000000007137,0.0011558780103218755,3669.93176964421,7.9319201673829935
3.7475,1.0000000000007143,0.0011419299516450046,3722.0171670470268,7.934724792381415
3.75,1.0000000000007145,0.0011143812336245685,3771.2362481722125,7.9375080262783495
3.7525,1.0000000000007152,0.0010738447948457214,3816.156963471195,7.940271194131752
3.755,1.0000000000007156,0.0010213665818683407,3855.5470126536875,7.943015719543798
3.7575000000000003,1.0000000000007159,0.000958383637810393,3888.506520926466,7.945743113644362
3.7600000000000002,1.0000000000007165,0.000886663869290707,3914.5738837762606,7.948454963710496
3.7625,1.0000000000007168,0.0008663018092872433,3933.783414080125,7.951152921512778
3.765,1.0000000000007174,0.0008579488340302704,3946.661150078498,7.953838691477821
3.7675,1.0000000000007179,0.0008467937818600432,3954.1571097442234,7.956514018754179
3.77,1.000000000000718,0.0008328619747294315,3957.5248032774152,7.959180677265847
3.7725,1.0000000000007183,0.0008162063240196611,3958.1681263261225,7.961840457834438
3.775,1.000000000000719,0.0007969116252258171,3957.47952654855,7.96449515644715
3.7775,1.0000000000007196,0.0007889323623907893,3956.6915451628897,7.967146562743598
3.7800000000000002,1.00000000000072,0.000778021571749487,3956.7583396534305,7.969796448789993
3.7825,1.0000000000007203,0.000763161744967859,3958.277105659406,7.972446558204504
3.785,1.0000000000007205,0.0007443171381039173,3961.4533962974874,7.975098595692652
3.7875,1.000000000000721,0.0007528818914869303,3966.109981681882,7.9777542170464715
3.79,1.0000000000007216,0.000766838631543692,3971.7358118514207,7.980415019655947
3.7925,1.000000000000722,0.0007790842478838402,3977.569009448603,7.983082533575929
3.795,1.0000000000007225,0.0007894114730776984,3982.7049149425447,7.985758213186252
3.7975,1.0000000000007232,0.0007976633999778615,3986.216972182715,7.988443429477542
3.8000000000000003,1.0000000000007236,0.0008037354211027091,3987.275431147332,7.991139462989693
3.8025,1.0000000000007239,0.0008075753857532587,3985.2477643647494,7.993847497424841
3.805,1.0000000000007243,0.0008091819681880641,3979.766551238011,7.996568613951474
3.8075,1.000000000000725,0.0008086013153566268,3970.7557437554465,7.999303786211537
3.81,1.0000000000007254,0.0008229217499491226,3958.4137874720777,8.00205387603761
3.8125,1.0000000000007256,0.0008516989608591349,3943.1600821085103,8.004819629883002
3.815,1.000000000000726,0.0008797815009454809,3925.5575105266494,8.007601675963564
3.8175,1.0000000000007265,0.0009068733961233879,3906.2266870809112,8.010400522106355
3.8200000000000003,1.000000000000727,0.0009327444530365834,3885.7668287832976,8.013216554296942
3.8225000000000002,1.0000000000007274,0.0009572382340875712,3864.694527061027,8.016050035914146
3.825,1.0000000000007276,0.0009802764285691756,3843.4065946548876,8.018901107638264
3.8275,1.0000000000007283,0.0010018595952320508,3822.1679736346705,8.021769788016387
3.83,1.0000000000007288,0.0010220644208056903,3801.121405472084,8.024655974666187
3.8325,1.0000000000007288,0.001041037781866226,3780.312680176064,8.027559446097406
3.835,1.0000000000007294,0.0010589880085723083,3759.7239197028184,8.030479864128521
3.8375,1.00000000000073,0.001076173825870627,3739.307412883429,8.033416776874319
3.84,1.00000000000073,0.001092891491441726,3719.013782850194,8.03636962227842
3.8425000000000002,1.0000000000007307,0.0011094606630399032,3698.8104096493685,8.03933773216356
3.845,1.0000000000007312,0.0011262095159740176,3678.688624109896,8.042320336771173
3.8475,1.0000000000007319,0.0011434596004365745,3658.6607375597628,8.04531656976066
3.85,1.0000000000007323,0.0011615108848180894,3638.7499933531135,8.04832547363801
3.8525,1.0000000000007325,0.0011806273814306068,3618.9776616525482,8.051346005582626
3.855,1.000000000000733,0.001201023700840096,3599.351597906789,8.054377043640672
3.8575,1.0000000000007334,0.0012228528347485602,3579.8597290366033,8.057417393252805
3.86,1.0000000000007343,0.001246195428152632,3560.470391831075,8.060465794083726
3.8625000000000003,1.0000000000007343,0.0012710507709223088,3541.1396098470896,8.06352092712063
3.865,1.0000000000007347,0.001297329717113982,3521.823667554728,8.066581422007221
3.8675,1.0000000000007354,0.0013248497260384931,3502.49408174832,8.069645864579632
3.87,1.0000000000007359,0.0013533322099791181,3483.1515264619807,8.072712804569992
3.8725,1.000000000000736,0.0013824023662066646,3463.835528068306,8.075780763443026
3.875,1.0000000000007363,0.0014115916616132607,3444.6277232956027,8.078848242330535
3.8775,1.0000000000007367,0.001440343122536952,3425.647914263559,8.08191373002814
3.88,1.0000000000007376,0.0014680195557391618,3407.0437098924876,8.084975711018178
3.8825000000000003,1.0000000000007376,0.00149391478483223,3388.9758532382225,8.088032673482454
3.8850000000000002,1.000000000000738,0.0015172679261542153,3371.602129124772,8.091083117268179
3.8875,1.0000000000007385,0.0015372806465977233,3355.062907812463,8.094125561770404
3.89,1.000000000000739,0.0015531372421237362,3339.4709527475793,8.09715855369436
3.8925,1.0000000000007392,0.001564027250426895,3324.9072710698474,8.100180674661143
3.895,1.0000000000007399,0.001569170167532194,3311.423738801246,8.103190548620777
3.8975,1.0000000000007403,0.0015678416815996566,3299.0522048809707,8.106186849036941
3.9,1.0000000000007403,0.0015594006761255961,3287.8189332202537,8.109168305808417
3.9025000000000003,1.0000000000007412,0.0015433160997663192,3277.762671569609,8.112133711893085
3.9050000000000002,1.0000000000007419,0.001519192663918387,3268.95436148528,8.11508192960114
3.9075,1.000000000000742,0.0014867942260015487,3261.516489980428,8.11801189652541
3.91,1.0000000000007425,0.0014460636603750624,3255.640259867117,8.120922631077818
3.9125,1.0000000000007427,0.0013971380231902854,3251.5990387670936,8.12381323760248
3.915,1.000000000000743,0.0013403578929633197,3249.7568604362095,8.126682911037609
3.9175,1.000000000000744,0.00127626992201701,3250.571042235634,8.12953094110011
3.92,1.000000000000744,0.001207646515338738,3254.588220657298,8.132356715968804
3.9225,1.0000000000007445,0.0012045184122425412,3262.4332835175833,8.135159725444387
3.9250000000000003,1.0000000000007447,0.0011927416604280772,3274.790791792722,8.137939563566595
3.9275,1.0000000000007454,0.0011722080922068586,3292.3785358198625,8.140695930671601
3.93,1.0000000000007458,0.0011751469135399559,3315.9128641015104,8.143428634875432
3.9325,1.000000000000746,0.001204862613940694,3346.065385778872,8.146137592972071
3.935,1.0000000000007465,0.001225313821104877,3383.410660049802,8.148822830737961
3.9375,1.000000000000747,0.0012358007644418922,3428.364709892211,8.151484482637994
3.94,1.0000000000007474,0.0012358372742971118,3481.1148936067207,8.1541227909313
3.9425,1.0000000000007476,0.0012469793261113147,3541.543174362926,8.156738104178865
3.9450000000000003,1.0000000000007487,0.0012698324170165403,3609.147481142171,8.159330875158561
3.9475000000000002,1.0000000000007485,0.0012809431981020856,3682.9698151671505,8.161901658197095
3.95,1.0000000000007494,0.0012798923326584515,3761.5447279548407,8.164451105932079
3.9525,1.0000000000007498,0.001266553748933421,3842.886676994611,8.166979965521579
3.955,1.00000000000075,0.0012411044385531454,3924.537392141947,8.169489074322103
3.9575,1.0000000000007503,0.001204024038994751,4003.691732040405,8.171979355060015
3.96,1.000000000000751,0.0011560839852567607,4077.409713067433,8.174451810524912
3.9625,1.0000000000007514,0.0010983264387471328,4142.9027343763455,8.176907517816977
3.9650000000000003,1.000000000000752,0.0010320336272709688,4197.8571003192355,8.179347622183451
3.9675000000000002,1.0000000000007525,0.0009586886391641333,4240.736289340573,8.181773330482338
3.97,1.0000000000007527,0.0008799290874343343,4270.995780618327,8.184185904313745
3.9725,1.0000000000007532,0.0007974953776620681,4289.1577376805,8.186586652861612
3.975,1.0000000000007534,0.0007553820749002852,4296.725400823501,8.188976925490152
3.9775,1.000000000000754,0.0007467905555893185,4295.956865584293,8.191358104140805
3.98,1.0000000000007547,0.0007363244668389557,4289.549466890324,8.193731595576526
3.9825,1.0000000000007545,0.0007241978212648588,4280.298538907487,8.196098823521014
3.985,1.0000000000007552,0.0007106428907547956,4270.787061615769,8.198461220740851
3.9875000000000003,1.0000000000007556,0.0006995845916278961,4263.143208170117,8.200820221118901
3.99,1.000000000000756,0.0006905652532170984,4258.8812889082465,8.203177251766991
3.9925,1.0000000000007565,0.0006790702677266085,4258.82551546604,8.205533725225727
3.995,1.0000000000007567,0.0006652539947851187,4263.107879253839,8.207891031798535
3.9975,1.0000000000007574,0.0006493296104277328,4271.229582594091,8.210250532065917
4.0,1.0000000000007578,0.0006377741445809606,4282.176197927885,8.212613549624686
4.0025,1.000000000000758,0.0006366465484378944,4294.57646854151,8.214981364094957
4.005,1.0000000000007587,0.0006569289303516306,4306.8913780654675,8.21735520443556
4.0075,1.0000000000007587,0.0006774369946824207,4317.6141217146505,8.219736242606029
4.01,1.0000000000007594,0.0006977404067367521,4325.455522699043,8.222125587610284
4.0125,1.0000000000007598,0.0007173999483253887,4329.487102571082,8.224524279954094
4.015,1.0000000000007607,0.0007359788008380263,4329.218582766228,8.22693328654489
4.0175,1.000000000000761,0.000753053003521077,4324.598531537421,8.229353496059115
4.0200000000000005,1.0000000000007614,0.0007682208265697827,4315.94319661074,8.231785714798594
4.0225,1.0000000000007616,0.000781110953689583,4303.81403852189,8.234230663053863
4.025,1.0000000000007627,0.000791389515302847,4288.874126329235,8.23668897198864
4.0275,1.0000000000007625,0.0007987661315599241,4271.7549212912645,8.239161181056181
4.03,1.0000000000007634,0.0008029991970088569,4252.958769001336,8.24164773595431
4.0325,1.0000000000007634,0.0008039006550973711,4232.811505945074,8.244148987122664
4.035,1.000000000000764,0.0008013404669795558,4211.467312845931,8.246665188781648
4.0375,1.0000000000007643,0.0007952508800800362,4188.956987734609,8.249196498509386
4.04,1.0000000000007647,0.000843456662420645,4165.262873632708,8.251742977349098
4.0425,1.0000000000007652,0.0009050864032916492,4140.3997370019115,8.254304590436195
4.045,1.0000000000007656,0.0009666500648127564,4114.481394943517,8.256881208131013
4.0475,1.0000000000007663,0.0010268698212460424,4087.757618174503,8.259472607640063
4.05,1.0000000000007667,0.0010844916637875225,4060.6136840995196,8.262078475106135
4.0525,1.000000000000767,0.001138338197224717,4033.533950844268,8.264698408144946
4.055,1.0000000000007676,0.0011873579822396624,4007.0386634365163,8.26733191880401
4.0575,1.000000000000768,0.0012306685511852178,3981.6080569823102,8.269978436917679
4.0600000000000005,1.0000000000007687,0.001267590638213187,3957.6089638718763,8.272637313830694
4.0625,1.000000000000769,0.0012976717637302735,3935.2370312388502,8.275307826461528
4.065,1.0000000000007696,0.001320698050037982,3914.483529976259,8.277989181675895
4.0675,1.0000000000007698,0.0013366939584357708,3895.1309146887743,8.280680520940143
4.07,1.0000000000007703,0.0013459104595299103,3876.776740815744,8.283380925223788
4.0725,1.000000000000771,0.0013488029087772738,3858.881742492242,8.286089420120344
4.075,1.0000000000007716,0.0013460005351822587,3840.834977371282,8.288804981155403
4.0775,1.0000000000007716,0.0013382699114791014,3822.027022818085,8.29152653925104
4.08,1.0000000000007723,0.001326475025065386,3801.921394699922,8.294252986315916
4.0825000000000005,1.0000000000007725,0.001311536596636801,3780.1148283677867,8.296983180930756
4.085,1.0000000000007732,0.001294393105434822,3756.378874052499,8.299715954099357
4.0875,1.0000000000007736,0.0012759656039163965,3730.678211381791,8.302450115036173
4.09,1.0000000000007738,0.00125712788502992,3703.1646657918054,8.305184456962126
4.0925,1.0000000000007745,0.0012386829585965022,3674.149407888951,8.307917762881567
4.095,1.0000000000007747,0.0012213461618167194,3644.0585646508252,8.310648811314454
4.0975,1.0000000000007754,0.0012057346341472156,3613.379046229029,8.313376381959124
4.1,1.000000000000776,0.0011923623831457415,3582.601714995313,8.316099261262691
4.1025,1.000000000000776,0.0011816397973978606,3552.168306498954,8.318816247877503
4.105,1.0000000000007767,0.0011738762511640426,3522.427111423151,8.3215261579838
4.1075,1.0000000000007772,0.0011692844007360674,3493.6006920029113,8.32422783046019
4.11,1.0000000000007776,0.0011679848846596955,3465.767091472162,8.32692013188491
4.1125,1.000000000000778,0.0011700103833272343,3438.8542672944827,8.329601961352127
4.115,1.0000000000007785,0.0011753083305222187,3412.6459805885765,8.332272255088487
4.1175,1.0000000000007785,0.0011837419559950764,3386.7962966945765,8.334929990855843
4.12,1.0000000000007792,0.0011950897282962671,3360.8494571589267,8.337574192127015
4.1225000000000005,1.0000000000007796,0.0012090436188818647,3334.262433693138,8.340203932021911
4.125,1.0000000000007798,0.0012252068880631232,3306.429071196863,8.34281833699242
4.1275,1.00000000000078,0.0012430922780130775,3276.707115346249,8.345416590245588
4.13,1.000000000000781,0.001262121577697509,3244.451867990259,8.347997934896169
4.1325,1.0000000000007814,0.0012816275015134547,3209.0615789880117,8.350561676841426
4.135,1.0000000000007814,0.001301690252236429,3170.038751450105,8.353107187353014
4.1375,1.000000000000782,0.001321005419408885,3127.067596940042,8.35563390538262
4.14,1.000000000000782,0.001338424872255643,3080.1013564224477,8.35814133957935
4.1425,1.0000000000007827,0.0013530074859366492,3029.446023817201,8.360629070017639
4.1450000000000005,1.0000000000007832,0.0013637845735101006,2975.82224629311,8.363096749634353
4.1475,1.0000000000007834,0.0013697857747463913,2920.387823590511,8.365544105372996
4.15,1.0000000000007836,0.0013700684778783139,2864.710473757011,8.367970939031725
4.1525,1.0000000000007838,0.0013637500069557935,2810.6925638433963,8.370377127810638
4.155,1.0000000000007843,0.001350041628002725,2760.4619257174936,8.37276262455276
4.1575,1.0000000000007847,0.0013285536615482041,2716.2508053658885,8.375127457673056
4.16,1.0000000000007856,0.0013223024016464564,2680.28558092762,8.3774717307705
4.1625,1.0000000000007856,0.0013295539990229087,2654.703573041273,8.379795621919877
4.165,1.0000000000007858,0.0013499194550256092,2641.503063338709,8.382099382642508
4.1675,1.0000000000007863,0.001371246278998394,2642.5221500232055,8.384383336558114
4.17,1.000000000000787,0.0013833547483145618,2659.4338066532564,8.386647877723208
4.1725,1.0000000000007871,0.001389187071986403,2693.7392649175745,8.38889346866455
4.175,1.0000000000007876,0.0013879818743908795,2746.739209515656,8.39112063811934
4.1775,1.0000000000007878,0.0013779123574893643,2819.461710027654,8.393329978496372
4.18,1.0000000000007885,0.001359223192612312,2912.527718277995,8.39552214307486
4.1825,1.0000000000007887,0.0013292452002422641,3025.941456207205,8.397697842959635
4.1850000000000005,1.0000000000007891,0.0012885050678828477,3158.8081254383287,8.399857843812702
4.1875,1.0000000000007896,0.001237766328583537,3309.009764590836,8.40200296238184
4.19,1.0000000000007898,0.0011839856171143135,3472.9132242195947,8.404134062846415
4.1925,1.0000000000007903,0.0011225760777149492,3645.2332028368105,8.406252052999095
4.195,1.000000000000791,0.00105447172967435,3819.201465249718,8.408357880279675
4.1975,1.0000000000007911,0.000980964040922047,3987.1590825031126,8.410452527674249
4.2,1.0000000000007914,0.0009034193134437275,4141.5608221185985,8.412537009490302
4.2025,1.0000000000007918,0.0008232419568019934,4276.1843697501,8.414612367016538
4.205,1.000000000000792,0.0007418377446271628,4387.174764956734,8.416679664076273
4.2075000000000005,1.0000000000007923,0.0006605782173001463,4473.553585742017,8.418739982485299
4.21,1.000000000000793,0.0006305480798640771,4537.021269423306,8.420794417429288
4.2125,1.0000000000007936,0.0006302097951129597,4581.170469140926,8.422844072781201
4.215,1.0000000000007938,0.0006293052735263061,4610.43385570116,8.424890056384914
4.2175,1.0000000000007943,0.0006275011274396875,4629.114727951768,8.426933475336261
4.22,1.0000000000007951,0.0006244352029308541,4640.729480015552,8.428975431295605
4.2225,1.0000000000007956,0.0006197527122140586,4647.730318425804,8.431017015866528
4.225,1.0000000000007956,0.0006131439699759502,4651.554030956791,8.433059306072966
4.2275,1.0000000000007963,0.000604380119651303,4652.881470215443,8.435103359962929
4.23,1.0000000000007965,0.0005936419279037691,4651.980323429735,8.437150212361665
4.2325,1.0000000000007971,0.0006010570395436008,4649.021697924335,8.439200870791746
4.235,1.0000000000007974,0.000607374905111204,4644.296158409988,8.44125631157359
4.2375,1.000000000000798,0.0006123087396134563,4638.298231546695,8.44331747611732
4.24,1.0000000000007985,0.0006155587066436076,4631.690378020289,8.445385267416256
4.2425,1.000000000000799,0.0006168311342271138,4625.187688379881,8.447460546752819
4.245,1.0000000000007994,0.000615861399650518,4619.416412295536,8.449544130628949
4.2475000000000005,1.0000000000007996,0.0006124382484844694,4614.793241805246,8.45163678793392
4.25,1.0000000000008002,0.0006064269678245907,4611.454536498362,8.453739237362539
4.2525,1.0000000000008007,0.0005977887829906754,4609.244009649262,8.455852145095381
4.255,1.0000000000008011,0.0005874577934187342,4607.750631882889,8.457976122750285
4.2575,1.0000000000008014,0.0005942414405296425,4606.379053653088,8.460111725611176
4.26,1.000000000000802,0.0006138640934019307,4604.432952818993,8.462259451136616
4.2625,1.0000000000008027,0.0006343542622942032,4601.195543572364,8.464419737747404
4.265,1.000000000000803,0.000655215901953305,4595.998143294907,8.466592963889811
4.2675,1.0000000000008034,0.0006759188849270183,4588.274135774815,8.468779447369123
4.2700000000000005,1.000000000000804,0.0006959254509105,4577.599574334867,8.470979444946963
4.2725,1.0000000000008042,0.0007147155677417475,4563.722177904538,8.473193152194792
4.275,1.0000000000008047,0.0007318086803402578,4546.578417679279,8.475420703595129
4.2775,1.0000000000008051,0.0007467797687781032,4526.295805236077,8.477662172881042
4.28,1.0000000000008054,0.0007592683593797375,4503.176562046923,8.47991757360307
4.2825,1.0000000000008062,0.0007689800509228782,4477.6608027231605,8.482186859911424
4.285,1.0000000000008067,0.0007756811204176897,4450.2718576449415,8.484469927539925
4.2875000000000005,1.000000000000807,0.0007791877323850071,4421.551680939477,8.486766614976862
4.29,1.0000000000008074,0.0007793520644218517,4391.998211245674,8.489076704807436
4.2925,1.000000000000808,0.0007760481683411042,4362.017356734803,8.491399925211928
4.295,1.0000000000008082,0.0008433957215260884,4331.899409624618,8.493735951604059
4.2975,1.000000000000809,0.0009382100504517021,4301.823854107404,8.496084408394497
4.3,1.0000000000008091,0.001033979578264924,4271.889305489788,8.498444870865233
4.3025,1.0000000000008094,0.0011281163436828486,4242.15868394315,8.50081686714142
4.305,1.0000000000008098,0.0012179366709702262,4212.705552019997,8.503199880248197
4.3075,1.0000000000008102,0.0013007918047172851,4183.647129380982,8.505593350240913
4.3100000000000005,1.0000000000008105,0.0013742056752131992,4155.153155399504,8.507996676398053
4.3125,1.000000000000811,0.0014360105640089753,4127.426610014116,8.510409219466906
4.315,1.0000000000008116,0.0014844709165912785,4100.6604066110185,8.512830303953004
4.3175,1.000000000000812,0.0015183858445517713,4074.9812060652444,8.515259220445053
4.32,1.0000000000008125,0.0015371620008984845,4050.3955263906937,8.517695227968023
4.3225,1.0000000000008127,0.0015408504442888916,4026.753373542953,8.520137556357971
4.325,1.0000000000008133,0.0015301436945624,4003.7408353334777,8.522585408653146
4.3275,1.0000000000008136,0.0015063322150429075,3980.906452577187,8.525037963497121
4.33,1.0000000000008142,0.0014712227751501284,3957.718206620198,8.527494377550866
4.3325000000000005,1.0000000000008147,0.0014270242593005494,3933.6404081964233,8.529953787912213
4.335,1.0000000000008151,0.0013762092037129933,3908.214490123683,8.532415314542513
4.3375,1.0000000000008153,0.001321361399368298,3881.126280642434,8.53487806270186
4.34,1.000000000000816,0.0012650210912806218,3852.245506213881,8.537341125395455
4.3425,1.0000000000008162,0.0012095395045013638,3821.630396397607,8.539803585834807
4.345,1.0000000000008165,0.0011569536024560012,3789.4992536827635,8.54226451991802
4.3475,1.0000000000008171,0.001108890198582169,3756.178864732311,8.54472299873362
4.3500000000000005,1.0000000000008178,0.0010665059568189395,3722.044214719764,8.547178091092118
4.3525,1.000000000000818,0.001030466668259227,3687.464040078732,8.549628866088781
4.355,1.0000000000008182,0.0010009657739044314,3652.7628771297836,8.552074395700274
4.3575,1.000000000000819,0.0009777787370963285,3618.2041675175783,8.55451375741662
4.36,1.0000000000008191,0.0009603468682266519,3583.9927452874863,8.556946036908966
4.3625,1.0000000000008198,0.0009478818456032184,3550.2903579536815,8.559370330732364
4.365,1.0000000000008198,0.0009394806713506206,3517.2357084421174,8.561785749061913
4.3675,1.0000000000008205,0.0009342402750170819,3484.9609666892957,8.564191418459423
4.37,1.0000000000008207,0.0009313614569704779,3453.599226280433,8.566586484666809
4.3725000000000005,1.0000000000008211,0.0009302332758170661,3423.2809797219165,8.568970115421175
4.375,1.0000000000008218,0.0009304911654514318,3394.1212450680955,8.571341503285398
4.3775,1.0000000000008225,0.0009320447823328034,3366.201579491101,8.573699868486566
4.38,1.0000000000008225,0.000935074550387125,3339.552360915365,8.576044461753076
4.3825,1.000000000000823,0.000939998791970754,3314.140386605135,8.57837456713975
4.385,1.0000000000008233,0.0009474159267080352,3289.8653921599275,8.580689504828635
4.3875,1.0000000000008238,0.0009580282486269774,3266.5670968721765,8.582988633891626
4.39,1.0000000000008242,0.0009725550870806162,3244.042397995614,8.5852713549996
4.3925,1.000000000000825,0.0009916436334415093,3222.0708028375657,8.587537113061412
4.3950000000000005,1.0000000000008251,0.0010157853780449933,3200.4453404785113,8.589785399774971
4.3975,1.0000000000008256,0.0010697898016037745,3179.006054596422,8.592015756071465
4.4,1.0000000000008262,0.0011385622955441808,3157.6735696574997,8.594227774433262
4.4025,1.000000000000827,0.001207913079099029,3136.480834555784,8.596421101065213
4.405,1.0000000000008271,0.0012765569694737757,3115.6016428953503,8.598595437898977
4.4075,1.0000000000008278,0.0013431044004005989,3095.3746755682523,8.60075054440993
4.41,1.0000000000008278,0.0014060917283049527,3076.3215926140197,8.602886239226619
4.4125000000000005,1.0000000000008284,0.001464017141898834,3059.1573390212297,8.605002401513405
4.415,1.000000000000829,0.0015153814159147882,3044.79068226581,8.607098972108123
4.4175,1.000000000000829,0.001558732416304918,3034.313369732701,8.60917595439787
4.42,1.0000000000008296,0.0015927119471450047,3028.9772297197032,8.611233414917951
4.4225,1.0000000000008302,0.0016161032511727387,3030.15975059905,8.613271483660967
4.425,1.0000000000008302,0.0016278772587737104,3039.3196229492964,8.615290354085182
4.4275,1.000000000000831,0.0016272355450365754,3057.9438700820374,8.617290282813853
4.43,1.0000000000008311,0.0016161967970858113,3087.4872203290042,8.619271589019565
4.4325,1.0000000000008318,0.0016065731828459,3129.302398691771,8.621234653490129
4.4350000000000005,1.000000000000832,0.001584149547149183,3184.5575877747247,8.62317991737528
4.4375,1.0000000000008324,0.0015800256613363241,3254.135370139574,8.625107880615829
4.44,1.0000000000008331,0.0015786867721883121,3338.5072961388637,8.627019100059531
4.4425,1.0000000000008333,0.0015636703905731579,3437.5814037779473,8.628914187270471
4.445,1.0000000000008338,0.0015347474272460891,3550.5282661795427,8.630793806041229
4.4475,1.0000000000008344,0.0014920607123057141,3675.605689195001,8.632658669619596
4.45,1.0000000000008347,0.0014361316463099253,3810.0223252646997,8.634509537664101
4.4525,1.0000000000008353,0.0013678524280223772,3949.9013043791997,8.636347212945033
4.455,1.0000000000008353,0.0012884638143238875,4090.4154800812885,8.638172537810185
4.4575000000000005,1.000000000000836,0.001199519041142623,4226.150273558267,8.639986390437054
4.46,1.0000000000008362,0.0011028351943338872,4351.696016973957,8.641789680895757
4.4625,1.0000000000008367,0.0010004339305312874,4462.384551421415,8.643583347049397
4.465,1.0000000000008369,0.000894473975980925,4554.998163006015,8.645368350321126
4.4675,1.0000000000008378,0.0008114417211192252,4628.244523226212,8.647145671359155
4.47,1.000000000000838,0.0007303306869739327,4682.844842989495,8.648916305632998
4.4725,1.0000000000008384,0.0006576694253953409,4721.209262741378,8.650681258995304
4.4750000000000005,1.0000000000008387,0.0006647349968886938,4746.810621515466,8.652441543244544
4.4775,1.0000000000008393,0.0006631796019980511,4763.447679639833,8.654198171723609
4.48,1.0000000000008393,0.0006527776912785662,4774.585631184304,8.65595215498882
4.4825,1.00000000000084,0.0006610615563314846,4782.898630358312,8.657704496582406
4.485,1.0000000000008404,0.0006666252852724007,4790.059899424486,8.659456188939783
4.4875,1.0000000000008409,0.0006660087945497054,4796.7620544082165,8.661208209460643
4.49,1.000000000000841,0.0006589822145305928,4802.91306022923,8.662961516770592
4.4925,1.000000000000842,0.000645553731516607,4807.936373559133,8.664717047197419
4.495,1.0000000000008424,0.0006259844193487174,4811.099930029481,8.666475711483521
4.4975000000000005,1.0000000000008427,0.0006007898707803999,4811.804925513892,8.668238391753256
4.5,1.000000000000843,0.0006101037136926499,4809.782524112849,8.670005938751205
4.5025,1.0000000000008435,0.0006168148262486964,4805.173733915953,8.67177916936427
4.505,1.000000000000844,0.0006154168010644268,4798.498723111573,8.673558864437323
4.5075,1.0000000000008444,0.0006056111183091426,4790.547298250382,8.675345766888707
4.51,1.0000000000008447,0.0005968413996363433,4782.234229706162,8.677140580128217
4.5125,1.0000000000008453,0.0005905211708780438,4774.459660560173,8.678943966776622
4.515,1.0000000000008458,0.0005954501664155325,4768.000450234093,8.680756547682023
4.5175,1.0000000000008462,0.0005963501578308605,4763.440684654048,8.682578901224742
4.5200000000000005,1.0000000000008467,0.0005967390924561381,4761.135653313675,8.68441156289915
4.5225,1.000000000000847,0.0006081625273868273,4761.1970489353735,8.686255025157541
4.525,1.0000000000008473,0.0006143356315421415,4763.488124796696,8.688109737498323
4.5275,1.0000000000008478,0.0006144506824765613,4767.623637243733,8.689976106778126
4.53,1.0000000000008482,0.0006080887340111933,4772.9770646131865,8.691854497725174
4.5325,1.0000000000008489,0.0005952645840462778,4778.70340806955,8.693745233629164
4.535,1.0000000000008493,0.0005878873304912605,4783.78742366373,8.695648597181421
4.5375000000000005,1.0000000000008495,0.0005831063436147359,4787.123480337677,8.697564831437735
4.54,1.0000000000008502,0.0005808270226950034,4787.625127621619,8.699494140875686
4.5425,1.0000000000008507,0.0005990719200886507,4784.352195272568,8.701436692517847
4.545,1.000000000000851,0.000629888185798866,4776.6342315567235,8.703392617092543
4.5475,1.0000000000008515,0.0006636547153587504,4764.164842945338,8.705362010204592
4.55,1.000000000000852,0.0006954138102140228,4747.044344922462,8.70734493348955
4.5525,1.0000000000008524,0.0007432564813644131,4725.758017846701,8.70934141572671
4.555,1.0000000000008529,0.0007904896153542455,4701.091511350014,8.711351453888055
4.5575,1.0000000000008533,0.0008323295259965879,4673.9992951450995,8.7133750141028
4.5600000000000005,1.000000000000854,0.0008666523597479029,4645.452482040874,8.715412032519701
4.5625,1.0000000000008544,0.0008914612872286589,4616.2965697700465,8.717462416052296
4.565,1.0000000000008549,0.0009104648163745415,4587.147495398024,8.71952604299513
4.5675,1.0000000000008549,0.0009294195026161455,4558.347037337988,8.721602763502329
4.57,1.0000000000008553,0.0009397709439485231,4529.987430640816,8.723692399923102
4.5725,1.0000000000008562,0.0009409155180817648,4502.001218412565,8.725794746992246
4.575,1.0000000000008566,0.0009577585738697972,4474.297231648126,8.727909571877285
4.5775,1.000000000000857,0.0011077473580024973,4446.90979069971,8.730036614087524
4.58,1.0000000000008575,0.0012562324655376119,4420.119923694988,8.732175585254224
4.5825000000000005,1.0000000000008582,0.0013977367483700366,4394.5090114146,8.734326168794748
4.585,1.0000000000008584,0.0015266900292490817,4370.918786174737,8.73648801947739
4.5875,1.0000000000008589,0.0016377568482406038,4350.3144297371655,8.738660762906864
4.59,1.0000000000008595,0.001726174018063204,4333.572873969953,8.740843994953684
4.5925,1.00000000000086,0.0017880725885547535,4321.238722436545,8.743037281152946
4.595,1.0000000000008602,0.001820758507754552,4313.300880906236,8.745240156099976
4.5975,1.000000000000861,0.0018229282117661913,4309.043582798109,8.74745212287157
4.6000000000000005,1.0000000000008615,0.0017947994963117301,4307.017489089734,8.74967265250216
4.6025,1.0000000000008618,0.001738144029013661,4305.159940761723,8.751901183544431
4.605,1.0000000000008624,0.0016562152756896178,4301.066096952848,8.754137121743899
4.6075,1.0000000000008629,0.001553573814098757,4292.374185767555,8.756379839856422
4.61,1.000000000000863,0.0014358202840442015,4277.185972699236,8.758628677637121
4.6125,1.000000000000864,0.0013092538406271244,4254.415540649258,8.760882942028331
4.615,1.0000000000008644,0.00118048025170834,4223.9657306561885,8.763141907572892
4.6175,1.0000000000008649,0.0010559981373832591,4186.679185704661,8.765404817077439
4.62,1.000000000000865,0.0009417938819274814,4144.083402021996,8.76767088254794
4.6225000000000005,1.0000000000008658,0.0009344873962085394,4098.013576915414,8.76993928641672
4.625,1.0000000000008664,0.0009304762828692212,4050.225176986535,8.77220918307651
4.6275,1.0000000000008664,0.000937009611021261,4002.0938008039725,8.774479700732657
4.63,1.000000000000867,0.0009479344769318147,3954.4580457444395,8.776749943580102
4.6325,1.0000000000008675,0.0009523863259243063,3907.613620518747,8.77901899430671
4.635,1.0000000000008684,0.0009506204020526513,3861.42950593778,8.781285916919513
4.6375,1.0000000000008684,0.0009432192236725611,3815.5353539995767,8.783549759885712
4.64,1.0000000000008693,0.0009310352976598412,3769.5231940551207,8.785809559575426
4.6425,1.0000000000008695,0.0009151186045013875,3723.113651917744,8.788064343988713
4.6450000000000005,1.00000000000087,0.0008966358344100685,3676.254252464513,8.790313136744995
4.6475,1.00000000000087,0.0008835871696469283,3629.140169488458,8.792554961308817
4.65,1.0000000000008713,0.0009305595153154433,3582.169354237586,8.794788845421737
4.6525,1.0000000000008717,0.0009694206562477651,3535.8579426183364,8.797013825706363
4.655,1.0000000000008722,0.0009977187419732848,3490.745060700446,8.7992289524048
4.6575,1.0000000000008726,0.0010140930624721793,3447.3100172282907,8.801433294210735
4.66,1.000000000000873,0.0010183112222816725,3405.914066933948,8.80362594315153
4.6625000000000005,1.0000000000008735,0.0010112201810263135,3366.7686706024206,8.805806019474659
4.665,1.000000000000874,0.000994620476193932,3329.9259013558676,8.807972676491287
4.6675,1.0000000000008742,0.0009710786133071049,3295.285123996608,8.81012510532906
4.67,1.000000000000875,0.0009436966672774609,3262.61188798496,8.812262539545852
4.6725,1.0000000000008753,0.0009158603050568018,3231.5676629265613,8.81438425955678
4.675,1.0000000000008755,0.0009118575564581948,3201.750308384122,8.816489596827621
4.6775,1.000000000000876,0.0009093297646124201,3172.743787112158,8.818577937789463
4.68,1.0000000000008764,0.0009124017806926852,3144.1719229233477,8.820648727431342
4.6825,1.0000000000008769,0.0009268499900226733,3115.746734802094,8.82270147253038
4.6850000000000005,1.0000000000008775,0.0009446282196074986,3087.299556348021,8.824735744482176
4.6875,1.0000000000008777,0.0009662892839272506,3058.7848739962287,8.826751181697986
4.69,1.0000000000008784,0.0009923094919580258,3030.2531195099655,8.828747491539689
4.6925,1.0000000000008789,0.0010432772949424422,3001.79797243787,8.830724451768416
4.695,1.000000000000879,0.0011120726781674597,2973.492942450235,8.83268191148808
4.6975,1.0000000000008797,0.001179065824678558,2945.3377497243305,8.83461979157049
4.7,1.0000000000008802,0.0012458676833017744,2917.235047389924,8.836538084554878
4.7025,1.0000000000008806,0.0013445930853882688,2889.011840656624,8.838436854020095
4.705,1.000000000000881,0.0014494487614159126,2860.4887703289064,8.84031623343413
4.7075000000000005,1.0000000000008817,0.0015583846800882606,2831.586867674915,8.842176424491079
4.71,1.0000000000008817,0.0016693194860052725,2802.4491853895574,8.844017694951814
4.7125,1.0000000000008824,0.0017801560297795874,2773.5480661896863,8.845840376010148
4.715,1.0000000000008828,0.0018887785237843133,2745.7509266191705,8.847644859212046
4.7175,1.0000000000008835,0.0019930387298259748,2720.3285523762534,8.84943159296077
4.72,1.0000000000008835,0.0020907401320353625,2698.906291218744,8.851201078646175
4.7225,1.0000000000008844,0.0021796293994825627,2683.3737545327444,8.852953866441137
4.7250000000000005,1.0000000000008844,0.0022574035804399646,2675.7767755222935,8.854690550812645
4.7275,1.000000000000885,0.0023217395061631116,2678.2140130796665,8.856411765798782
4.73,1.0000000000008855,0.0023703490446941936,2692.751533015976,8.858118180106187
4.7325,1.0000000000008862,0.002401060452734023,2721.3561688822956,8.859810492084769
4.735,1.0000000000008866,0.0024119225001547214,2765.8365697362096,8.86148942463814
4.7375,1.000000000000887,0.0024013246781674847,2827.7720719173212,8.863155720128669
4.74,1.000000000000887,0.0023681240164443113,2908.404943101437,8.864810135335745
4.7425,1.000000000000888,0.0023117671347735766,3008.472100906975,8.86645343652437
4.745,1.0000000000008884,0.0022323953593327435,3127.9605078433547,8.868086394678881
4.7475000000000005,1.0000000000008888,0.002130921149917837,3265.7906433782373,8.869709780953205
4.75,1.000000000000889,0.0020090656997359614,3419.469974962791,8.87132436238503
4.7525,1.0000000000008897,0.0018693502529048829,3584.813596620675,8.87293089791645
4.755,1.0000000000008902,0.0017150372015213202,3755.8876794009266,8.874530134758317
4.7575,1.0000000000008904,0.0015500210580623587,3925.3544078912455,8.876122805130075
4.76,1.000000000000891,0.0013786735838642616,4085.3292516824276,8.877709623401177
4.7625,1.0000000000008915,0.0012056513092983446,4228.672448003807,8.879291283654574
4.765,1.0000000000008922,0.0010356770456469027,4350.383819073566,8.880868457687415
4.7675,1.0000000000008926,0.0008829057805005295,4448.610989170716,8.882441793458717
4.7700000000000005,1.0000000000008933,0.0007386753111983959,4524.867936634477,8.88401191398857
4.7725,1.0000000000008935,0.0006884674447491745,4583.382546192786,8.885579416708104
4.775,1.0000000000008937,0.0006876760666945642,4629.848778152397,8.887144873253952
4.7775,1.0000000000008944,0.0006839677949731023,4670.0339223704095,8.88870882969501
4.78,1.0000000000008948,0.0006662670353770547,4708.630723608595,8.890271807173352
4.7825,1.0000000000008953,0.0006378232928323371,4748.558801859116,8.891834302934443
4.785,1.000000000000896,0.0006221378065350264,4790.7483314953115,8.893396791715631
4.7875000000000005,1.0000000000008962,0.0006055257643290701,4834.342767205621,8.894959727455504
4.79,1.000000000000897,0.0005837129182267748,4877.218804330935,8.896523545281038
4.7925,1.0000000000008973,0.0005577729134395671,4916.698191244577,8.898088663724652
4.795,1.0000000000008975,0.0005441928332277705,4950.297443762406,8.89965548711934
4.7975,1.000000000000898,0.0005843364024592454,4976.343847808622,8.901224408117468
4.8,1.0000000000008986,0.0006173782866111798,4994.311378315613,8.902795810277244
4.8025,1.000000000000899,0.0006415791062809981,5004.811343031312,8.904370070660404
4.805,1.0000000000008993,0.000655700434521615,5009.283411969884,8.905947562385196
4.8075,1.0000000000009004,0.0006590743684800189,5009.522403653975,8.907528657079885
4.8100000000000005,1.0000000000009006,0.0006516343765733705,5007.206268113994,8.909113727184092
4.8125,1.0000000000009008,0.000633905940275159,5003.558913191921,8.910703148047622
4.815,1.000000000000901,0.0006069585068046978,4999.214710852501,8.912297299779645
4.8175,1.0000000000009024,0.0005791719563463091,4994.281590201307,8.913896568804827
4.82,1.0000000000009026,0.0005464097174632775,4988.546853418719,8.915501349087325
4.8225,1.0000000000009028,0.0005359583173653798,4981.7417544334185,8.917112042988618
4.825,1.0000000000009033,0.0005325773490355727,4973.778258360165,8.91872906173098
4.8275,1.000000000000904,0.0005530305163150071,4964.8916877044185,8.92035282544462
4.83,1.0000000000009044,0.0005680613928347831,4955.659183674742,8.921983762783361
4.8325000000000005,1.0000000000009046,0.000576948502517155,4946.904023038841,8.923622310100868
4.835,1.0000000000009055,0.0005793489269728068,4939.5263249297095,8.92526891018685
4.8375,1.0000000000009055,0.0005753190937237114,4934.312823099204,8.926924010569882
4.84,1.0000000000009064,0.0005653047741970713,4931.772061229504,8.92858806140095
4.8425,1.0000000000009066,0.0005578847651687633,4932.023725537809,8.930261512938834
4.845,1.000000000000907,0.0005660440098667706,4934.751332523879,8.931944812665312
4.8475,1.0000000000009077,0.000567204159120935,4939.213343948521,8.933638402064703
4.8500000000000005,1.0000000000009082,0.000560696352261703,4944.301860496687,8.935342713108371
4.8525,1.0000000000009086,0.00054800369477748,4948.639150223669,8.937058164490372
4.855,1.000000000000909,0.000539569443559586,4950.706460173093,8.938785157665523
4.8575,1.0000000000009095,0.0005237170366059451,4949.0018536540565,8.94052407274549
4.86,1.00000000000091,0.0005581917426455132,4942.220176362481,8.942275264312169
4.8625,1.0000000000009104,0.0006057807877426667,4929.437783903086,8.944039057210347
4.865,1.000000000000911,0.0006514917138722525,4910.271093638638,8.945815742383568
4.8675,1.0000000000009115,0.0006939842467504538,4884.969059122194,8.947605572818084
4.87,1.0000000000009122,0.0007408629603594076,4854.403378288193,8.949408759659649
4.8725000000000005,1.0000000000009122,0.0007801490933329282,4819.939903619712,8.951225468566939
4.875,1.0000000000009128,0.0008090818938778888,4783.205557347739,8.953055816363188
4.8775,1.0000000000009133,0.0008260601639436616,4745.79603701299,8.954899868044713
4.88,1.0000000000009137,0.000832171323640047,4708.989465590209,8.95675763420079
4.8825,1.000000000000914,0.0008476895619428902,4673.534112622032,8.95862906889458
4.885,1.0000000000009146,0.0008530443672036917,4639.565159088747,8.960514068049104
4.8875,1.0000000000009153,0.0008481047745617524,4606.680137620308,8.962412468375799
4.89,1.0000000000009157,0.0008331251388808007,4574.168715522944,8.964324046876373
4.8925,1.0000000000009162,0.0008624285512939642,4541.353425947938,8.966248520941091
4.8950000000000005,1.0000000000009166,0.0009901084045155384,4507.9610904112515,8.968185549058811
4.8975,1.000000000000917,0.0011118736338403099,4474.423223028718,8.970134732145725
4.9,1.0000000000009175,0.0012233002473283697,4442.011793658139,8.972095615491293
4.9025,1.000000000000918,0.0013202251291646553,4412.758271870844,8.97406769131101
4.905,1.0000000000009184,0.001398969571137131,4389.164888922496,8.976050401886772
4.9075,1.0000000000009188,0.0014565426161937413,4373.771326358928,8.978043143266923
4.91,1.0000000000009195,0.0014908109228155444,4368.666187941253,8.980045269489532
4.9125000000000005,1.00000000000092,0.0015006238106255716,4375.028204958593,8.98205609728446
4.915,1.0000000000009206,0.0014858849370139808,4392.762749907475,8.98407491120255
4.9175,1.000000000000921,0.001447565483280867,4420.284562587667,8.986100969113654
4.92,1.0000000000009215,0.0013876575480292826,4454.4961354110155,8.988133508009643
4.9225,1.0000000000009217,0.0013090703756689645,4491.013186358575,8.99017175004364
4.925,1.0000000000009224,0.0012154758007558578,4524.670230485022,8.992214908732771
4.9275,1.0000000000009226,0.0011111125905847031,4550.278376221814,8.99426219524833
4.93,1.0000000000009233,0.0010005619807867822,4563.507444363311,8.996312824714801
4.9325,1.0000000000009237,0.0008885084375864432,4561.669828255686,8.998366022437262
4.9350000000000005,1.0000000000009244,0.0007795004296861193,4544.163370260668,9.000421029975929
4.9375,1.0000000000009246,0.0006890177225041332,4512.42577293437,9.002477110986655
4.94,1.0000000000009253,0.0007187259135147063,4469.428844414513,9.004533556747715
4.9425,1.0000000000009257,0.00074425037697591,4418.901366982174,9.00658969129613
4.945,1.0000000000009261,0.0007607532529310723,4364.531093686534,9.008644876101169
4.9475,1.0000000000009264,0.0007681617016775242,4309.348048271018,9.010698514208478
4.95,1.0000000000009273,0.0007669355821794505,4255.385579860953,9.012750053795582
4.9525,1.0000000000009277,0.0007825896456584177,4203.6157018188815,9.014798991087599
4.955,1.0000000000009281,0.0008089917117289268,4154.094304160537,9.016844872590932
4.9575000000000005,1.0000000000009288,0.0008236542544107187,4106.23007195915,9.018887296612078
4.96,1.000000000000929,0.0008256908306653589,4059.094094316053,9.020925914038207
4.9625,1.0000000000009297,0.0008146633933562372,4011.7027599765975,9.022960428365701
4.965,1.0000000000009301,0.0007906237363741258,3963.2286837335814,9.0249905949726
4.9675,1.0000000000009306,0.0007541318695120921,3913.1202861782344,9.027016219640398
4.97,1.000000000000931,0.0007177828010893324,3861.1362069857983,9.029037156340674
4.9725,1.0000000000009313,0.0007271757964906827,3807.3199021353994,9.031053304311722
4.9750000000000005,1.0000000000009321,0.0007358372464018931,3751.9472951875027,9.033064604460565
4.9775,1.0000000000009326,0.0007437432816908972,3695.4751019813584,9.035071035135571
4.98,1.000000000000933,0.0007576437499013373,3638.5033804643786,9.037072607324536
4.9825,1.0000000000009337,0.0007820793102066285,3581.7499936478393,9.039069359342236
4.985,1.0000000000009341,0.0008000603483922442,3526.02374996413,9.04106135107975
4.9875,1.0000000000009344,0.0008120048216094918,3472.1807137759083,9.043048657894998
4.99,1.000000000000935,0.0008302728774816001,3421.0542310546894,9.04503136423018
4.9925,1.0000000000009357,0.0008429602156230881,3373.360057581159,9.047009557046554
4.995,1.0000000000009361,0.0008490943024590324,3329.588945268436,9.048983319170603
4.9975000000000005,1.0000000000009366,0.0008484792294609609,3289.9065242370602,9.050952722648038
5.0,1.0000000000009368,0.0008411892883964843,3254.0828742264007,9.05291782220325
5.0025,1.0000000000009377,0.0008275602029416605,3221.47212729069,9.054878648901752
5.005,1.0000000000009381,0.0008156754123994542,3191.056515562975,9.056835204111842
5.0075,1.0000000000009384,0.0008152058902966995,3161.559599764316,9.058787453859074
5.01,1.0000000000009386,0.000820483865624903,3131.619827556985,9.060735323663225
5.0125,1.0000000000009397,0.0008264430626276185,3099.9992562342236,9.06267869394197
5.015,1.00000000000094,0.000833364491294027,3065.7873687905117,9.064617396059019
5.0175,1.0000000000009404,0.0008414912315176118,3028.553149539631,9.066551209086379
5.0200000000000005,1.0000000000009408,0.000851024644448106,2988.405937487003,9.068479857341732
5.0225,1.0000000000009415,0.0008621214751362191,2945.9475320357487,9.070403008751876
5.025,1.000000000000942,0.0008748913327104154,2902.1274157008584,9.072320274082761
5.0275,1.0000000000009426,0.0008897266394410647,2858.0381177714908,9.074231207065388
5.03,1.0000000000009428,0.0009103066154923556,2814.6992945381808,9.076135305435276
5.0325,1.000000000000943,0.0009412035686993073,2772.875093267846,9.078032012890896
5.035,1.0000000000009437,0.0009824592739102998,2732.954987257463,9.079920721964227
5.0375000000000005,1.0000000000009446,0.0010290376667833295,2694.9112452298355,9.081800777783764
5.04,1.0000000000009448,0.0010810421385101297,2658.3320443744883,9.083671482697653
5.0425,1.0000000000009452,0.0011384424689144424,2622.5194491668394,9.085532101712111
5.045,1.0000000000009457,0.0012010651892904417,2586.6347804692628,9.08738186868832
5.0475,1.000000000000946,0.0012685861347937599,2549.868724532793,9.089219993229714
5.05,1.0000000000009468,0.0013448273216773315,2511.6098627937754,9.091045668181566
5.0525,1.000000000000947,0.0014240237371640691,2471.5848610725166,9.092858077655839
5.055,1.0000000000009477,0.0015048039350488843,2429.948383756,9.094656405486948
5.0575,1.0000000000009484,0.0015860072507631758,2387.3112591606373,9.096439844018041
5.0600000000000005,1.0000000000009486,0.001666332485144606,2344.7091118345234,9.09820760311291
5.0625,1.000000000000949,0.0017484279191744066,2303.5262172273456,9.099958919285259
5.065,1.0000000000009492,0.0018318537157550844,2265.3966201308453,9.101693064835283
5.0675,1.0000000000009501,0.001912380926084371,2232.1048637255317,9.103409356882425
5.07,1.0000000000009504,0.001988811451635096,2205.5031762610965,9.10510716618385
5.0725,1.0000000000009512,0.002056310050854178,2187.4535749549536,9.106785925629323
5.075,1.0000000000009515,0.0021129662630070423,2179.7949579552446,9.108445138306152
5.0775,1.0000000000009521,0.002160519840392146,2184.328507594593,9.110084385031202
5.08,1.0000000000009523,0.0021995668313709213,2202.8098148215936,9.111703331251832
5.0825000000000005,1.000000000000953,0.0022240485819498474,2236.932332048478,9.113301733222922
5.085,1.0000000000009535,0.0022326597841594254,2288.2832283408634,9.114879443373434
5.0875,1.000000000000954,0.002224405826455833,2358.2493120740696,9.116436414782891
5.09,1.0000000000009543,0.002198655715649815,2447.848820521972,9.11797270469597
5.0925,1.0000000000009548,0.0021628983748401996,2557.468535444173,9.11948847701245
5.095,1.0000000000009552,0.002114536816332881,2686.50216549413,9.120984003700151
5.0975,1.0000000000009557,0.0020508462846454702,2832.9247737510614,9.12245966509109
5.1000000000000005,1.0000000000009566,0.0019724701834154677,2992.9048634681512,9.123915949035554
5.1025,1.0000000000009568,0.0018804247742554348,3160.6381689962363,9.125353448905738
5.105,1.0000000000009575,0.0017760859297631165,3328.6373677208194,9.126772860459356
5.1075,1.000000000000958,0.0016611613407536945,3488.64890559429,9.1281749775935
5.11,1.0000000000009583,0.0015376483686806916,3633.13418499234,9.129560687039001
5.1125,1.0000000000009588,0.0014077785329528732,3756.913550352924,9.130930962064381
5.115,1.0000000000009592,0.0012739504284361872,3858.350919967477,9.132286855274682
5.1175,1.0000000000009597,0.0011386536242317168,3939.576778768121,9.133629490603397
5.12,1.0000000000009601,0.0010043867435141174,4005.681204520438,9.134960054604605
5.1225000000000005,1.0000000000009608,0.0008735734125323379,4063.256835389373,9.136279787157411
5.125,1.0000000000009612,0.0007484800503522341,4118.843002027241,9.13758997169671
5.1275,1.0000000000009615,0.0007215044595784731,4177.689425520744,9.138891925084014
5.13,1.0000000000009623,0.0007110728348932614,4243.008347924039,9.140186987230964
5.1325,1.0000000000009628,0.0006987794364850244,4315.70085500693,9.141476510587495
5.135,1.0000000000009635,0.0006831200734300367,4394.480839571191,9.142761849606673
5.1375,1.000000000000964,0.0006634434883300611,4476.3297179891015,9.144044350299845
5.14,1.0000000000009646,0.0006370139458634313,4557.222365566784,9.14532533999778
5.1425,1.000000000000965,0.0006048956687041511,4633.026506963941,9.146606117435628
5.1450000000000005,1.0000000000009654,0.0005683080297679522,4700.405134985632,9.147887943280073
5.1475,1.000000000000966,0.0005285654954987357,4757.501503478818,9.149172031215594
5.15,1.0000000000009666,0.00048701477771700725,4804.219426529749,9.150459539701634
5.1525,1.0000000000009672,0.00047725899258446475,4842.03741146681,9.151751564504401
5.155,1.0000000000009677,0.0004949356693723984,4873.454082016196,9.153049132095365
5.1575,1.0000000000009677,0.0005075953568856484,4901.270075814797,9.15435319399471
5.16,1.0000000000009686,0.0005153293835973989,4927.923804666701,9.155664622122526
5.1625000000000005,1.000000000000969,0.000518431873945466,4955.033699625943,9.156984205204608
5.165,1.0000000000009694,0.0005175037779855177,4983.208632249792,9.158312646264019
5.1675,1.00000000000097,0.0005142641278564248,5012.111756860395,9.159650561214649
5.17,1.0000000000009706,0.0005083497925040661,5040.714711590683,9.160998478558716
5.1725,1.0000000000009708,0.0005015391676663179,5067.655032734578,9.162356840176464
5.175,1.0000000000009717,0.0004931115358441745,5091.6039216231575,9.163726003182852
5.1775,1.0000000000009721,0.00048355116530762065,5111.563037794514,9.165106242812431
5.18,1.0000000000009726,0.0004733109349130986,5127.037656702566,9.166497756279984
5.1825,1.0000000000009732,0.0004627955474617916,5138.073603023784,9.167900667550713
5.1850000000000005,1.0000000000009734,0.00045234914724771153,5145.1841627496115,9.169315032940549
5.1875,1.000000000000974,0.0004538679912479158,5149.216845113218,9.170740847454622
5.19,1.0000000000009746,0.0004647267663405075,5151.2113617233135,9.17217805176107
5.1925,1.0000000000009754,0.00047282907642046134,5152.282801440068,9.173626539687978
5.195,1.0000000000009754,0.0004782128134285723,5153.538429353856,9.175086166124174
5.1975,1.0000000000009759,0.00048100041916310666,5156.014788351494,9.17655675519915
5.2,1.0000000000009768,0.00048138454641433404,5160.611833266884,9.178038108614244
5.2025,1.000000000000977,0.00048020260780413747,5168.004655166521,9.179530013995343
5.205,1.0000000000009774,0.00047792817243903784,5178.52772601839,9.181032253137303
5.2075000000000005,1.0000000000009779,0.00047366586788512744,5192.045482542354,9.182544610011814
5.21,1.0000000000009786,0.0004677312585028265,5207.840181492058,9.184066878413384
5.2125,1.0000000000009788,0.0004604600726992163,5224.558228391176,9.185598869123048
5.215,1.0000000000009794,0.00045219309770635097,5240.255854198905,9.187140416476172
5.2175,1.0000000000009799,0.0004562908392596847,5252.571289443337,9.188691384229445
5.22,1.00000000000098,0.00048574967058495015,5259.022478924107,9.190251670632644
5.2225,1.0000000000009808,0.0005152762711192211,5257.390544004618,9.191821212623008
5.2250000000000005,1.0000000000009812,0.0005446701928639278,5246.110772043903,9.193399989073244
5.2275,1.0000000000009817,0.0005737349130673448,5224.572172656775,9.194988023038405
5.23,1.000000000000982,0.0006022700449274472,5193.238766845122,9.196585382961466
5.2325,1.0000000000009828,0.0006300636429241531,5153.552410038292,9.198192182812331
5.235,1.000000000000983,0.0006568854011445866,5107.64118288519,9.199808581150016
5.2375,1.0000000000009837,0.0006824814695520375,5057.911909660344,9.201434779113072
5.24,1.000000000000984,0.0007065714941453909,5006.6289833337905,9.203071017358912
5.2425,1.0000000000009845,0.0007288483312161229,4955.570895866328,9.204717571988517
5.245,1.0000000000009848,0.0007489807039640745,4905.823134389088,9.20637474950894
5.2475000000000005,1.0000000000009852,0.0007666188730883351,4857.728529080718,9.208042880901985
5.25,1.0000000000009859,0.0007818015327469666,4810.985177424325,9.209722314882502
5.2525,1.0000000000009863,0.0007973884688305682,4764.860590974608,9.211413410443898
5.255,1.0000000000009865,0.0008101830691164532,4718.476589719037,9.213116528800736
5.2575,1.0000000000009872,0.0008198082382624907,4671.11084243185,9.21483202484871
5.26,1.0000000000009872,0.0008258877515657136,4622.458982533424,9.21656023827019
5.2625,1.000000000000988,0.0009306799484032166,4572.808967793892,9.218301484419365
5.265,1.000000000000988,0.0010297853728587212,4523.098080597346,9.220056045124647
5.2675,1.0000000000009888,0.00111990230634775,4474.849160294731,9.221824159547946
5.2700000000000005,1.0000000000009894,0.0011984498378392351,4430.008341731505,9.223606015240993
5.2725,1.0000000000009899,0.0012631994294513816,4390.723197076784,9.225401739538087
5.275,1.00000000000099,0.0013123593181020936,4359.103260336587,9.227211391422978
5.2775,1.0000000000009905,0.001344641603190054,4336.996067580418,9.229034954004511
5.28,1.0000000000009912,0.0013593092185040232,4325.797142181643,9.230872327731168
5.2825,1.0000000000009914,0.0013562008867812859,4326.298764205156,9.232723324468315
5.285,1.0000000000009919,0.0013357331382753853,4338.574808556983,9.23458766255341
5.2875000000000005,1.0000000000009925,0.0012988794943861288,4361.899196633552,9.236464962933546
5.29,1.000000000000993,0.0012471279262376382,4394.702545290221,9.238354746476153
5.2925,1.0000000000009932,0.001182418649005773,4434.582221598787,9.240256432528021
5.295,1.0000000000009936,0.0011070651614990858,4478.390235160728,9.242169338779984
5.2975,1.0000000000009943,0.0010236621475559755,4522.4248614294265,9.24409268247544
5.3,1.0000000000009948,0.0009349843885727066,4562.739403399574,9.24602558298086
5.3025,1.0000000000009952,0.0008438811706431683,4595.552539332276,9.247967065716306
5.305,1.0000000000009954,0.0007531707907139562,4617.704861262026,9.249916067424149
5.3075,1.0000000000009956,0.0006683295929686528,4627.070992574769,9.251871442735245
5.3100000000000005,1.0000000000009959,0.000594374323666607,4622.826316968661,9.253831971974025
5.3125,1.0000000000009968,0.000609246769930023,4605.494640030647,9.255796370127287
5.315,1.0000000000009972,0.0006281682519346037,4576.762056350015,9.257763296886143
5.3175,1.0000000000009976,0.000641485791396368,4539.108448636741,9.259731367656125
5.32,1.0000000000009979,0.0006491265084151886,4495.352701655287,9.261699165417244
5.3225,1.000000000000998,0.00065126700151711,4448.215418733391,9.263665253303273
5.325,1.000000000000999,0.0006483142322786764,4399.9783108736,9.265628187757981
5.3275,1.0000000000009988,0.0006408759658415355,4352.279956406845,9.267586532115677
5.33,1.0000000000009999,0.0006409996805394548,4306.050775965028,9.26953887044424
5.3325000000000005,1.0000000000010003,0.0006441127733497543,4261.565062629766,9.271483821481628
5.335,1.0000000000010005,0.0006415542091932004,4218.575370771414,9.27342005249129
5.3375,1.000000000001001,0.0006344014441473589,4176.490836223552,9.27534629285953
5.34,1.0000000000010016,0.0006239523994721593,4134.5625383856595,9.277261347257427
5.3425,1.000000000001002,0.0006258285054195676,4092.0443649349027,9.279164108192878
5.345,1.000000000001002,0.0006308724840216818,4048.307033510226,9.281053567783788
5.3475,1.0000000000010025,0.0006407150145621022,4002.895674420007,9.28292882859149
5.3500000000000005,1.0000000000010032,0.0006596146563255757,3955.5356966647,9.284789113363788
5.3525,1.0000000000010036,0.000677518676954182,3906.1039512642824,9.286633773549216
5.355,1.000000000001004,0.0006943605117633933,3854.588740154377,9.288462296457885
5.3575,1.0000000000010043,0.0007273720539453945,3801.0609321386905,9.290274310959457
5.36,1.0000000000010048,0.0007662758820612953,3745.669941344857,9.292069591625017
5.3625,1.000000000001005,0.0008018818329181476,3688.665638268719,9.293848061237101
5.365,1.0000000000010056,0.0008340839819169574,3630.434765334344,9.2956097916107
5.3675,1.000000000001006,0.0008629232768464966,3571.5323719674902,9.29735500268765
5.37,1.0000000000010063,0.0008885546286119578,3512.6879225317066,9.299084059887583
5.3725000000000005,1.0000000000010065,0.0009112124547906623,3454.7722971143403,9.30079746971993
5.375,1.0000000000010072,0.0009621396826897103,3398.723413362377,9.302495873683657
5.3775,1.0000000000010076,0.0010281673516708842,3345.4404213587495,9.304180040503336
5.38,1.0000000000010079,0.0010881873282815042,3295.6652759577632,9.305850856772011
5.3825,1.0000000000010085,0.001140681609765893,3249.8737805381747,9.3075093160923
5.385,1.0000000000010087,0.0011844561912203691,3208.19619421287,9.30915650682682
5.3875,1.0000000000010096,0.001218700020801961,3170.382078179187,9.310793598587416
5.39,1.0000000000010099,0.0012430181476564821,3135.8171917853874,9.312421827609093
5.3925,1.00000000000101,0.0012574371631396142,3103.592920087688,9.314042481169317
5.3950000000000005,1.0000000000010107,0.0012623833301176662,3072.6209480679327,9.315656881226243
5.3975,1.0000000000010112,0.0012586360392872302,3041.7777149410035,9.317266367460231
5.4,1.0000000000010116,0.001247261221383001,3010.0557129284025,9.318872279912148
5.4025,1.0000000000010119,0.001229530899400561,2976.694471290922,9.32047594141879
5.405,1.0000000000010125,0.0012068360463611911,2941.2659690835303,9.32207864005062
5.4075,1.0000000000010127,0.0011806002373017693,2903.6984819712416,9.323681611759461
5.41,1.0000000000010132,0.001169443685672787,2864.2375300804074,9.325286023443775
5.4125000000000005,1.0000000000010139,0.0011889948629981118,2823.3578283905886,9.326892956636692
5.415,1.000000000001014,0.0012019910455375467,2781.6505643571045,9.3285033920166
5.4175,1.0000000000010145,0.0012082887300248972,2739.7127669802817,9.33011819493244
5.42,1.0000000000010152,0.0012081632312883038,2698.0603408599004,9.331738102125355
5.4225,1.000000000001015,0.0012023079005611687,2657.0765955202373,9.333363709815645
5.425,1.0000000000010156,0.001191808849261816,2616.997637005277,9.334995463308912
5.4275,1.000000000001016,0.001195536377452244,2577.9277177207587,9.336633648258445
5.43,1.0000000000010165,0.0012127884128407503,2539.8729374727336,9.338278383701837
5.4325,1.0000000000010172,0.0012414700177842293,2502.7806467530786,9.339929616969792
5.4350000000000005,1.0000000000010174,0.0012933301132165489,2466.573862688455,9.341587120543231
5.4375,1.000000000001018,0.0013536860212059654,2431.173950074224,9.343250490912153
5.44,1.000000000001018,0.0014226814720168857,2396.509574873958,9.344919149466223
5.4425,1.0000000000010187,0.0015002130079564567,2362.5143429115433,9.346592345422986
5.445,1.0000000000010194,0.0015859104482475604,2329.1186370049813,9.34826916077546
5.4475,1.0000000000010196,0.0016791259655781457,2296.2424124515837,9.349948517216681
5.45,1.0000000000010203,0.0017789324484881305,2263.795052365403,9.351629184975122
5.4525,1.0000000000010205,0.001884131446454847,2231.6862032494064,9.353309793472095
5.455,1.000000000001021,0.0019932706173645433,2199.848455239134,9.354988843690107
5.4575000000000005,1.0000000000010214,0.0021046702362799465,2168.269539337004,9.356664722120945
5.46,1.0000000000010223,0.002216457994042728,2137.0290906857736,9.358335716142939
5.4625,1.000000000001022,0.002326611025574359,2106.333554975304,9.360000030660041
5.465,1.000000000001023,0.002433003869090211,2076.5428556820784,9.361655805819971
5.4675,1.0000000000010232,0.0025334608741659414,2048.184017256316,9.363301135616164
5.47,1.0000000000010234,0.0026258114512076104,2021.9496679257313,9.364934087167352
5.4725,1.0000000000010238,0.0027079464873625476,1998.682485658516,9.366552720461122
5.4750000000000005,1.0000000000010245,0.0027778742421189903,1979.3493227534402,9.368155108342046
5.4775,1.0000000000010247,0.0028469325793469696,1965.0102283548867,9.369739356522466
5.48,1.0000000000010254,0.002922563675724018,1956.7875597401421,9.371303623393775
5.4825,1.0000000000010256,0.0029990550202023945,1955.83896091561,9.372846139418543
5.485,1.0000000000010263,0.0030575799726721177,1963.3356373212869,9.374365225888662
5.4875,1.0000000000010267,0.003095975772741211,1980.4446025627178,9.375859312842119
5.49,1.0000000000010272,0.0031124313031276776,2008.3108449959968,9.377326955940383
5.4925,1.0000000000010278,0.003191559626888718,2048.0329135818124,9.378766852120185
5.495,1.0000000000010283,0.0033082914954710324,2100.6234197744625,9.380177853847048
5.4975000000000005,1.0000000000010287,0.003403891783495885,2166.9446814430785,9.381558981813406
5.5,1.0000000000010292,0.003474883974613277,2247.6098850023427,9.382909435941288
5.5025,1.0000000000010296,0.0035181430360608024,2342.8430749314157,9.384228604568408
5.505,1.0000000000010298,0.0035310254108266276,2452.299094873264,9.385516071716378
5.5075,1.0000000000010303,0.0035114989123229356,2574.8596055979456,9.386771622361358
5.51,1.0000000000010305,0.003458266349975808,2708.4443020233903,9.387995245649627
5.5125,1.0000000000010312,0.0033708755964414958,2849.903588262547,9.389187136023986
5.515,1.0000000000010314,0.003249808108999265,2995.078204126608,9.390347692250593
5.5175,1.0000000000010318,0.0030965377996758072,3139.1024512764643,9.39147751436009
5.5200000000000005,1.0000000000010325,0.0029135527279132213,3276.9718236761482,9.39257739854118
5.5225,1.0000000000010327,0.0027043334219458907,3404.2950352410153,9.39364833004858
5.525,1.000000000001033,0.0024732837029834685,3518.044178159733,9.39469147421081
5.5275,1.0000000000010336,0.0022256125940433354,3617.07078546558,9.3957081656454
5.53,1.000000000001034,0.0019671690721072177,3702.21530177261,9.396699895810107
5.5325,1.0000000000010345,0.0017042348340189023,3775.9820994420315,9.397668299037866
5.535,1.0000000000010347,0.0014432836145143054,3841.901843079242,9.398615137220489
5.5375000000000005,1.0000000000010354,0.001190718620511909,3903.780167856145,9.399542283320924
5.54,1.0000000000010358,0.0009536976666866963,3965.0164935663834,9.400451703906462
5.5425,1.0000000000010365,0.0009371678247101222,4028.1066723172494,9.401345440905088
5.545,1.000000000001037,0.0009114016192938602,4094.3701983647084,9.402225592794489
5.5475,1.0000000000010374,0.0008884213283181217,4163.896797309648,9.403094295437809
5.55,1.0000000000010376,0.0008524886859288222,4235.688365213338,9.403953702782191
5.5525,1.000000000001038,0.0008049221663117773,4307.963855521871,9.404805967635557
5.555,1.0000000000010385,0.0007475489292992966,4378.580826721693,9.405653222734026
5.5575,1.000000000001039,0.0006826178512249557,4445.504077881717,9.406497562306962
5.5600000000000005,1.0000000000010392,0.0006126865623171087,4507.22992807096,9.4073410243389
5.5625,1.00000000000104,0.0005413253208671191,4563.072581244367,9.40818557371809
5.565,1.0000000000010405,0.0005508408641473586,4613.248589499591,9.409033086449524
5.5675,1.0000000000010403,0.0005828215190331693,4658.750827182929,9.409885335096975
5.57,1.0000000000010412,0.0006050870390463161,4701.0622795050585,9.410743975603387
5.5725,1.0000000000010416,0.0006170154773696162,4741.797695800305,9.411610535622211
5.575,1.0000000000010418,0.0006185143643726781,4782.366068837207,9.412486404473881
5.5775,1.0000000000010423,0.0006100179405817275,4823.724373851782,9.413372824822122
5.58,1.0000000000010425,0.0005924522502239677,4866.257805684517,9.414270886143752
5.5825000000000005,1.0000000000010427,0.0005671706586763842,4909.787490454244,9.415181520043653
5.585,1.0000000000010436,0.0005472553149675879,4953.680550521117,9.416105497443965
5.5875,1.000000000001044,0.0005457053126045463,4997.02147035133,9.417043427653363
5.59,1.0000000000010445,0.0005407703321414064,5038.798131382767,9.41799575929916
5.5925,1.000000000001045,0.0005323282529426929,5078.060748917522,9.418962783082291
5.595,1.0000000000010454,0.0005203690370541527,5114.026371498731,9.419944636293321
5.5975,1.0000000000010456,0.0005050012644410542,5146.122044358357,9.42094130900692
5.6000000000000005,1.000000000001046,0.0004864528213834942,5173.979837267519,9.421952651852816
5.6025,1.0000000000010465,0.0004650655416488997,5197.409729367243,9.422978385243736
5.605,1.0000000000010472,0.000441283988782165,5216.377466794529,9.424018109924578
5.6075,1.0000000000010474,0.00043975348846703063,5231.004297742669,9.425071318693057
5.61,1.0000000000010478,0.00044795648463255317,5241.588786756934,9.426137409129542
5.6125,1.0000000000010485,0.00046399728009528844,5248.63492519977,9.427215697163412
5.615,1.0000000000010487,0.00048062777467536196,5252.862108721446,9.428305431294794
5.6175,1.0000000000010494,0.0004952241992163354,5255.174676576141,9.429405807284297
5.62,1.0000000000010498,0.0005073976539814186,5256.580565081734,9.430515983119522
5.6225000000000005,1.0000000000010503,0.0005168206978700164,5258.06536219904,9.431635094065593
5.625,1.0000000000010505,0.0005232377782839966,5260.443342632024,9.432762267608128
5.6275,1.000000000001051,0.0005264728001613558,5264.215940392403,9.433896638100688
5.63,1.0000000000010516,0.0005264336578468054,5269.46862915409,9.435037360934716
5.6325,1.000000000001052,0.0005231136998895293,5275.830225397549,9.43618362605834
5.635,1.0000000000010523,0.0005165902320081549,5282.5065643635935,9.437334670680576
5.6375,1.000000000001053,0.0005070202809918936,5288.385892768197,9.438489791009635
5.64,1.0000000000010532,0.0004952214817662127,5292.198652996403,9.439648352887517
5.6425,1.0000000000010536,0.0005020391256490813,5292.7023714474935,9.44080980119798
5.6450000000000005,1.000000000001054,0.000506318800909239,5288.856254332128,9.441973667941296
5.6475,1.0000000000010545,0.0005079407393020329,5279.952413503163,9.4431395788862
5.65,1.0000000000010552,0.0005068074511969314,5265.681745369455,9.444307258727893
5.6525,1.0000000000010554,0.0005028313757075812,5246.129415171659,9.445476534699868
5.655,1.000000000001056,0.0005033226770617627,5221.712090480821,9.44664733860714
5.6575,1.0000000000010565,0.0005375758756530363,5193.080747209651,9.447819707268566
5.66,1.0000000000010567,0.0005704710037226325,5161.015732350565,9.448993781376107
5.6625000000000005,1.0000000000010574,0.0006012062287723732,5126.335242009806,9.450169802799016
5.665,1.0000000000010578,0.0006289802210524732,5089.827911547713,9.451348110380296
5.6675,1.0000000000010583,0.0006530176933120334,5052.20933638219,9.452529134291469
5.67,1.0000000000010587,0.0006725961190652041,5014.094721225963,9.45371338902922
5.6725,1.0000000000010594,0.0006870727360821253,4975.977269057532,9.454901465153684
5.675,1.0000000000010596,0.0006959108349735508,4938.204171953247,9.456094019883032
5.6775,1.0000000000010603,0.0007191821452757147,4900.947554835298,9.457291766672089
5.68,1.0000000000010603,0.0007386061142793651,4864.1742590114845,9.458495463914462
5.6825,1.000000000001061,0.0007503236849628904,4827.623874017866,9.459705902917394
5.6850000000000005,1.0000000000010612,0.0007535641991845283,4790.807435907377,9.46092389530676
5.6875,1.0000000000010618,0.0007478075500309903,4753.038875542043,9.462150260025627
5.69,1.0000000000010623,0.0007328222760868974,4713.507361343562,9.463385810094254
5.6925,1.0000000000010627,0.0007554149348261158,4671.391397022117,9.464631339301508
5.695,1.0000000000010634,0.0007858715697124855,4626.005840627886,9.465887608997901
5.6975,1.0000000000010638,0.0008129919344104711,4576.962790415257,9.467155335158639
5.7,1.0000000000010643,0.0008359892574443212,4524.319389557088,9.468435175881018
5.7025,1.0000000000010645,0.0008552938113922074,4468.683203627145,9.469727719474772
5.705,1.0000000000010651,0.0009100722335960331,4411.251018640914,9.471033473295877
5.7075000000000005,1.0000000000010656,0.0009576088498669393,4353.769237568739,9.472352853464878
5.71,1.000000000001066,0.0009966870505977335,4298.42001377386,9.473686175599237
5.7125,1.000000000001066,0.0010262968958131076,4247.65148444437,9.475033646676469
5.715,1.000000000001067,0.0010456762666756696,4203.978169082148,9.476395358130475
5.7175,1.0000000000010674,0.0010543440645714767,4169.776821307787,9.477771280268279
5.72,1.000000000001068,0.0010521236277617953,4147.095348486018,9.47916125807803
5.7225,1.0000000000010685,0.0010391549104216574,4137.481907548038,9.480565008482408
5.7250000000000005,1.0000000000010685,0.0010158944471503166,4141.832611534701,9.481982119074276
5.7275,1.0000000000010691,0.0009886329417546499,4160.2531653588685,9.483412048354058
5.73,1.0000000000010696,0.0009836398285078044,4191.934272474329,9.484854127471028
5.7325,1.0000000000010698,0.0009701631775592755,4235.052999585016,9.486307563453574
5.735,1.0000000000010705,0.0009482337342975149,4286.730178501327,9.487771443896747
5.7375,1.000000000001071,0.000918088787978878,4343.09143604402,9.489244743059208
5.74,1.0000000000010716,0.000880179662178204,4399.486078549835,9.490726329305806
5.7425,1.000000000001072,0.0008351727899212019,4450.900562962263,9.492214973817113
5.745,1.0000000000010725,0.000783943599216907,4492.552890750723,9.493709360472709
5.7475000000000005,1.000000000001073,0.0007275626409984674,4520.578378467837,9.495208096801647
5.75,1.0000000000010736,0.0006672736663953493,4532.64689073084,9.49670972588109
5.7525,1.0000000000010738,0.000604463699682536,4528.331232443274,9.498212739052883
5.755,1.0000000000010745,0.0005406255468202499,4509.103880091078,9.49971558931841
5.7575,1.0000000000010747,0.0005449841380453738,4477.957475737376,9.501216705264078
5.76,1.0000000000010754,0.0005521569855479091,4438.765397537599,9.50271450536407
5.7625,1.0000000000010758,0.000554571733596095,4395.562967770637,9.504207412503321
5.765,1.0000000000010763,0.0005526183166986155,4351.917610645471,9.505693868562254
5.7675,1.0000000000010767,0.0005714120005542685,4310.49267381234,9.507172348905513
5.7700000000000005,1.0000000000010776,0.0005857243900460323,4272.837290236606,9.508641376619783
5.7725,1.0000000000010778,0.0005914866888565967,4239.383341327238,9.510099536350381
5.775,1.0000000000010782,0.0005887698380847448,4209.606436013691,9.511545487592358
5.7775,1.0000000000010787,0.0005780396143613538,4182.300995946929,9.512977977299379
5.78,1.0000000000010791,0.0005601372213007285,4155.917430033791,9.514395851681892
5.7825,1.0000000000010794,0.0005396669206586181,4128.905866674991,9.515798067075389
5.785,1.00000000000108,0.0005307956466413647,4100.008610962774,9.517183699769452
5.7875000000000005,1.000000000001081,0.0005396616054288575,4068.449945813805,9.518551954698923
5.79,1.0000000000010811,0.0005448037203310303,4033.9925030676022,9.519902172910015
5.7925,1.0000000000010816,0.0005643762254668557,3996.8617427956106,9.521233837726323
5.795,1.000000000001082,0.000591238872980801,3957.573698673314,9.522546579552985
5.7975,1.0000000000010827,0.0006174745499029631,3916.7236094279947,9.523840179271144
5.8,1.0000000000010831,0.0006355026380202059,3874.797076713986,9.525114570189636
5.8025,1.0000000000010836,0.0006451266971983229,3832.051940285282,9.52636983853609
5.805,1.000000000001084,0.000657968365072069,3788.494911951781,9.527606222485067
5.8075,1.0000000000010845,0.0006888897103855811,3743.9500620787767,9.528824109736211
5.8100000000000005,1.000000000001085,0.0007590370080709707,3698.1926528641493,9.530024033670223
5.8125,1.0000000000010856,0.000852167868799024,3651.1058638611,9.531206668124602
5.815,1.000000000001086,0.0009413554635312835,3602.812925453459,9.532372820844273
5.8175,1.0000000000010867,0.0010232858116563332,3553.744855267103,9.533523425674439
5.82,1.0000000000010871,0.0010949415040570469,3504.6229362700296,9.534659533574217
5.8225,1.0000000000010874,0.0011537912679487883,3456.359598540396,9.535782302539925
5.825,1.000000000001088,0.0011979504140612715,3409.9032386988556,9.536892986536401
5.8275,1.0000000000010885,0.0012263007160771056,3366.064855854637,9.537992923543582
5.83,1.000000000001089,0.0012385611900084651,3325.3649809343497,9.539083522833339
5.8325000000000005,1.0000000000010894,0.0012353047932686895,3287.9309053705106,9.540166251598794
5.835,1.00000000000109,0.0012179199706769256,3253.461597888509,9.5412426210641
5.8375,1.0000000000010905,0.0011885199335602379,3221.2649055598845,9.542314172207304
5.84,1.000000000001091,0.0011498062643954304,3190.3601999833695,9.543382461231797
5.8425,1.0000000000010911,0.0011048966133410095,3159.6294017367095,9.544449044923159
5.845,1.0000000000010916,0.0010571286612408816,3127.990374905585,9.545515466027522
5.8475,1.0000000000010922,0.0010098539971340802,3094.560729160127,9.546583238785475
5.8500000000000005,1.000000000001093,0.0009772401446509116,3058.780087956943,9.547653834751555
5.8525,1.0000000000010933,0.0010105062799257375,3020.467100980338,9.548728669024612
5.855,1.0000000000010938,0.0010451738552851773,2979.803010422661,9.54980908700823
5.8575,1.0000000000010945,0.0010775265357129814,2937.251797673512,9.550896351813916
5.86,1.000000000001095,0.0011084098219685905,2893.441455065024,9.551991632412635
5.8625,1.0000000000010953,0.001142524825036552,2849.0369636575306,9.553095992632825
5.865,1.0000000000010956,0.001174604442714966,2804.6322437914587,9.55421038109495
5.8675,1.000000000001096,0.001204155566243988,2760.6785231065824,9.555335622164328
5.87,1.0000000000010965,0.0012307329818128376,2717.4546765836167,9.556472407994557
5.8725000000000005,1.000000000001097,0.001253966988394239,2675.074914384645,9.557621291724054
5.875,1.0000000000010973,0.0012735892715298443,2633.5227336827807,9.558782681877473
5.8775,1.0000000000010976,0.0012894558378973913,2592.6976564645697,9.559956838012276
5.88,1.000000000001098,0.0013015660094543421,2552.4622895539137,9.561143867638897
5.8825,1.0000000000010987,0.0013105009502959201,2512.680584794242,9.562343724430814
5.885,1.000000000001099,0.0013242214403973909,2473.242641254436,9.563556207728624
5.8875,1.0000000000010993,0.0013351669979433046,2434.075794660252,9.564780963330518
5.89,1.0000000000010998,0.001343748704589939,2395.145080766811,9.566017485550258
5.8925,1.0000000000011,0.0013505330088436534,2356.447819366366,9.567265120512984
5.8950000000000005,1.0000000000011007,0.0013591975579193348,2318.0069484519645,9.56852307064936
5.8975,1.0000000000011011,0.001384238778468299,2279.8662555127107,9.569790400339201
5.9,1.0000000000011013,0.001413912675328881,2242.088538807035,9.571066042647068
5.9025,1.0000000000011018,0.0014447158023107628,2204.755771159537,9.572348807084417
5.905,1.0000000000011025,0.001477046637332897,2167.9691249062525,9.573637388325341
5.9075,1.0000000000011031,0.0015113294735192887,2131.846506890294,9.574930375796336
5.91,1.0000000000011036,0.0015479968268097418,2096.5159543879763,9.57622626405435
5.9125000000000005,1.0000000000011038,0.0015874690588748835,2062.1045063360475,9.57752346386213
5.915,1.0000000000011042,0.0016301320587546245,2028.7235377003615,9.578820313865476
5.9175,1.0000000000011044,0.0016911159200541776,1996.4526366594052,9.580115092773347
5.92,1.0000000000011051,0.0017658796176880608,1965.3246922028886,9.581406031939187
5.9225,1.0000000000011051,0.001849985613534504,1935.3149155189656,9.582691328240006
5.925,1.0000000000011058,0.0019432683650058011,1906.3361533380005,9.583969157148847
5.9275,1.0000000000011062,0.0020452751926499863,1878.2422208380829,9.585237685896164
5.93,1.0000000000011064,0.0021552515739932843,1850.8402009139295,9.586495086616397
5.9325,1.000000000001107,0.0022721338687267827,1823.9117631485278,9.587739549377503
5.9350000000000005,1.0000000000011073,0.0023945501852500346,1797.2425329856135,9.588969294993657
5.9375,1.0000000000011076,0.0025208299839025727,1770.657387900594,9.590182587524518
5.94,1.0000000000011084,0.0026490228808453216,1744.058367882988,9.591377746368659
5.9425,1.0000000000011087,0.0027769269581318077,1717.460900496557,9.592553157863755
5.945,1.0000000000011091,0.002902126688923565,1691.0236060170216,9.59370728631194
5.9475,1.0000000000011098,0.003022040342185883,1665.0674019168268,9.594838684355379
5.95,1.0000000000011102,0.003133976432052823,1640.081109461794,9.59594600263415
5.9525,1.0000000000011102,0.003235198422273926,1616.713078332117,9.597027998666146
5.955,1.000000000001111,0.003365314503809038,1595.7509383219947,9.598083544896255
5.9575000000000005,1.0000000000011116,0.0035040359099642133,1578.0937313875518,9.59911163586994
5.96,1.0000000000011118,0.0036893158520642307,1564.7217447221249,9.60011139449371
5.9625,1.0000000000011124,0.003890951804678196,1556.6690711505541,9.601082077352164
5.965,1.0000000000011129,0.004079911806349747,1555.0023969366853,9.602023079058112
5.9675,1.0000000000011133,0.00425151771038987,1560.8071808853397,9.60293393561848
5.97,1.0000000000011136,0.004401080632486159,1575.1797266327508,9.603814326804741
5.9725,1.0000000000011142,0.004524052870795266,1599.221007449887,9.604664077521868
5.9750000000000005,1.0000000000011144,0.004616192538830359,1634.0256098277566,9.605483158175364
5.9775,1.0000000000011149,0.004673733659929946,1680.6568124758312,9.60627168404082
5.98,1.0000000000011153,0.004693553418434567,1740.0966879677276,9.607029913645992
5.9825,1.0000000000011158,0.004673327694278213,1813.1587023155253,9.607758246180921
5.985,1.0000000000011158,0.004611665984906143,1900.3509341986817,9.608457217957925
5.9875,1.0000000000011167,0.004508217364522457,2001.6833053074974,9.609127497950057
5.99,1.000000000001117,0.004363740229934521,2116.4258250141315,9.609769882444375
5.9925,1.0000000000011176,0.004180130180900816,2242.8502922356997,9.610385288854355
5.995,1.0000000000011178,0.003960402392578201,2378.024597354054,9.610974748744383
5.9975000000000005,1.0000000000011184,0.003708627141453827,2517.765859809626,9.611539400127688
6.0,1.0000000000011189,0.003429819606286119,2656.8703179288163,9.612080479106824
