config,pass,t,tot,mass_R,mass_L,mass_bar,mass_mid,mass_edge,T,R,x_mean,k_mean,Vmem_bar_mean,Vmem_bar_max,y0_bar_mean,y1_bar_mean
A_linear,1,0.05,1.000000000000002,1.0179673656596271e-29,1.0000000000000016,3.2716912839610295e-31,1.1585276876256733e-30,2.499314826201138e-30,1.017967365659625e-29,0.9999999999999996,-19.9,2.0,0.0,0.0,0.0,0.0
A_linear,1,0.1,1.0000000000000036,3.355749713580797e-29,1.0000000000000033,1.0542386392625211e-30,3.8280422183557945e-30,8.272785923308109e-30,3.3557497135807853e-29,0.9999999999999998,-19.799999999999994,2.0000000000000004,0.0,0.0,0.0,0.0
A_linear,1,0.15,1.0000000000000049,6.858148045706102e-29,1.0000000000000049,2.5699703322419673e-30,8.680426699809474e-30,1.786356993551641e-29,6.858148045706068e-29,1.0,-19.699999999999996,2.000000000000001,0.0,0.0,0.0,0.0
A_linear,1,0.2,1.0000000000000064,1.1853391785779885e-28,1.0000000000000064,4.254809457686361e-30,1.4013355331003517e-29,3.063846956526147e-29,1.1853391785779809e-28,1.0,-19.599999999999994,2.0000000000000004,0.0,0.0,0.0,0.0
A_linear,1,0.25,1.000000000000008,1.8355250106677524e-28,1.000000000000008,5.5804364527005406e-30,1.9160772186689577e-29,4.9284421754134673e-29,1.8355250106677378e-28,1.0,-19.499999999999996,2.000000000000001,0.0,0.0,0.0,0.0
A_linear,1,0.3,1.0000000000000098,2.6115464825677433e-28,1.00000000000001,7.418132760071138e-30,2.5127832452565674e-29,6.9917605338141e-29,2.611546482567718e-28,1.0000000000000002,-19.400000000000006,2.0000000000000004,0.0,0.0,0.0,0.0
A_linear,1,0.35000000000000003,1.000000000000011,3.5117962456477334e-28,1.0000000000000113,9.281642732661898e-30,3.2250867904454446e-29,9.403088419234894e-29,3.5117962456476944e-28,1.0000000000000002,-19.300000000000004,2.0000000000000004,0.0,0.0,0.0,0.0
A_linear,1,0.4,1.0000000000000129,4.5214205143574705e-28,1.0000000000000129,1.126602528038276e-29,3.9853049011528896e-29,1.2075878680613532e-28,4.521420514357412e-28,1.0,-19.200000000000003,2.000000000000001,0.0,0.0,0.0,0.0
A_linear,1,0.45,1.0000000000000147,5.644543750724e-28,1.0000000000000147,1.2169042128457253e-29,4.609446710011252e-29,1.532939061977219e-28,5.644543750723918e-28,1.0,-19.100000000000005,2.0000000000000013,0.0,0.0,0.0,0.0
A_linear,1,0.5,1.0000000000000167,6.883223646759806e-28,1.0000000000000164,1.3047711002460713e-29,5.240511515223659e-29,1.917785301475171e-28,6.883223646759691e-28,0.9999999999999998,-19.0,2.0000000000000013,0.0,0.0,0.0,0.0
A_linear,1,0.55,1.000000000000018,8.246060977634773e-28,1.000000000000018,1.4200991760392534e-29,5.859287134674624e-29,2.352233080229477e-28,8.246060977634624e-28,1.0,-18.899999999999995,2.0000000000000004,0.0,0.0,0.0,0.0
A_linear,1,0.6,1.0000000000000193,9.723503525719597e-28,1.000000000000019,1.54230511584393e-29,6.824036411176104e-29,2.8093395498841912e-28,9.723503525719408e-28,0.9999999999999998,-18.8,2.000000000000001,0.0,0.0,0.0,0.0
A_linear,1,0.65,1.0000000000000204,1.1242436957684767e-27,1.0000000000000202,1.694503348234408e-29,7.486228186997922e-29,3.257270119236049e-28,1.1242436957684538e-27,0.9999999999999998,-18.699999999999996,2.0000000000000004,0.0,0.0,0.0,0.0
A_linear,1,0.7000000000000001,1.0000000000000213,1.2839767271766422e-27,1.0000000000000213,2.0528012346074303e-29,8.260662760594942e-29,3.742144966952795e-28,1.2839767271766148e-27,1.0,-18.600000000000005,2.0000000000000004,0.0,0.0,0.0,0.0
A_linear,1,0.75,1.0000000000000226,1.455862527852471e-27,1.0000000000000224,2.0798468533406037e-29,8.673757290236059e-29,4.210703525720559e-28,1.455862527852438e-27,0.9999999999999998,-18.500000000000004,2.000000000000001,0.0,0.0,0.0,0.0
A_linear,1,0.8,1.0000000000000235,1.615878184480417e-27,1.0000000000000235,2.12685213328096e-29,9.136735452714642e-29,4.648241745871661e-28,1.615878184480379e-27,1.0,-18.40000000000001,1.9999999999999996,0.0,0.0,0.0,0.0
A_linear,1,0.85,1.0000000000000246,1.8064988361888515e-27,1.0000000000000249,2.1595978237247113e-29,9.799433714368165e-29,5.110315787070127e-28,1.806498836188807e-27,1.0000000000000002,-18.300000000000008,2.0000000000000004,0.0,0.0,0.0,0.0
A_linear,1,0.9,1.0000000000000255,1.97792251410338e-27,1.0000000000000255,2.0976734222196047e-29,1.1530039935493298e-28,5.4978678827431605e-28,1.9779225141033293e-27,1.0,-18.20000000000001,2.0000000000000004,0.0,0.0,0.0,0.0
A_linear,1,0.9500000000000001,1.0000000000000275,2.161892477651956e-27,1.0000000000000273,2.286289646277885e-29,1.7034551397792574e-28,5.934391626227493e-28,2.1618924776518963e-27,0.9999999999999998,-18.1,2.0000000000000004,0.0,0.0,0.0,0.0
A_linear,1,1.0,1.0000000000000282,2.355715097207965e-27,1.0000000000000282,2.469194568843638e-29,3.417092452366011e-28,6.407620773634802e-28,2.3557150972078986e-27,1.0,-18.000000000000007,2.0000000000000004,0.0,0.0,0.0,0.0
A_linear,1,1.05,1.0000000000000293,2.5561574937519705e-27,1.0000000000000295,2.618429117315926e-29,8.801849951499328e-28,6.864492608240747e-28,2.5561574937518955e-27,1.0000000000000002,-17.900000000000013,2.0000000000000004,0.0,0.0,0.0,0.0
A_linear,1,1.1,1.0000000000000309,2.75651531226354e-27,1.0000000000000306,2.8683012902509723e-29,2.5376589727579174e-27,7.269299061758892e-28,2.756515312263455e-27,0.9999999999999998,-17.8,2.0,0.0,0.0,0.0,0.0
A_linear,1,1.1500000000000001,1.0000000000000318,2.968281206949121e-27,1.0000000000000318,2.8639333254557497e-29,7.525752742019683e-27,7.683732336450243e-28,2.9682812069490268e-27,1.0,-17.7,2.0000000000000004,0.0,0.0,0.0,0.0
A_linear,1,1.2,1.0000000000000326,3.1963732294674693e-27,1.0000000000000326,2.9590615569038715e-29,2.2654109609375268e-26,8.248069689763686e-28,3.196373229467365e-27,1.0,-17.599999999999998,1.9999999999999996,0.0,0.0,0.0,0.0
A_linear,1,1.25,1.0000000000000342,3.407717963903986e-27,1.000000000000034,2.533553496557649e-29,6.838725962268219e-26,8.65988272706847e-28,3.40771796390387e-27,0.9999999999999998,-17.5,2.0,0.0,0.0,0.0,0.0
A_linear,1,1.3,1.0000000000000349,3.606512412472689e-27,1.0000000000000349,2.1638954764494146e-29,2.0589361737899756e-25,9.212138587822342e-28,3.606512412472563e-27,1.0,-17.400000000000002,2.0000000000000004,0.0,0.0,0.0,0.0
A_linear,1,1.35,1.0000000000000369,3.81015215613234e-27,1.0000000000000369,1.5080692922613152e-29,6.165549903981824e-25,9.694915739723024e-28,3.810152156132199e-27,1.0,-17.29999999999999,2.0,0.0,0.0,0.0,0.0
A_linear,1,1.4000000000000001,1.0000000000000382,4.017978699883319e-27,1.0000000000000382,1.4291038524259381e-29,1.8349786733071258e-24,1.0189715555764912e-27,4.017978699883166e-27,1.0,-17.199999999999992,2.0000000000000004,0.0,0.0,0.0,0.0
A_linear,1,1.45,1.0000000000000402,4.236192385533661e-27,1.0000000000000402,5.654642350558433e-29,5.423968747881348e-24,1.079074550037634e-27,4.236192385533491e-27,1.0,-17.09999999999999,1.9999999999999996,0.0,0.0,0.0,0.0
A_linear,1,1.5,1.0000000000000424,4.4449867179753975e-27,1.0000000000000424,2.67149053819848e-28,1.5912237563805223e-23,1.1319751932351932e-27,4.444986717975209e-27,1.0,-16.999999999999986,2.0000000000000004,0.0,0.0,0.0,0.0
A_linear,1,1.55,1.0000000000000449,4.6887531624139495e-27,1.000000000000045,1.1004646205533678e-27,4.6313145200111866e-23,1.1921004670043297e-27,4.688753162413739e-27,1.0000000000000002,-16.899999999999984,2.000000000000001,0.0,0.0,0.0,0.0
A_linear,1,1.6,1.0000000000000462,4.9379541225353924e-27,1.0000000000000462,4.098462138038265e-27,1.3361421832394145e-22,1.2544481080573715e-27,4.937954122535164e-27,1.0,-16.799999999999983,2.000000000000001,0.0,0.0,0.0,0.0
A_linear,1,1.6500000000000001,1.0000000000000484,5.1584635462367354e-27,1.0000000000000482,1.4253390479528618e-26,3.8186823639825447e-22,1.314420447249252e-27,5.158463546236486e-27,0.9999999999999998,-16.699999999999967,2.0000000000000013,0.0,0.0,0.0,0.0
A_linear,1,1.7,1.0000000000000506,5.3984147047149675e-27,1.0000000000000506,4.802395331837974e-26,1.0805424666194057e-21,1.3836079778739436e-27,5.398414704714694e-27,1.0,-16.599999999999966,2.000000000000002,0.0,0.0,0.0,0.0
A_linear,1,1.75,1.0000000000000535,5.632513191728277e-27,1.0000000000000535,1.584746052144578e-25,3.0254210499331892e-21,1.4552421504854892e-27,5.632513191727976e-27,1.0,-16.49999999999996,2.000000000000002,0.0,0.0,0.0,0.0
A_linear,1,1.8,1.0000000000000568,5.854349990285903e-27,1.0000000000000568,5.139817504533171e-25,8.377557874724933e-21,1.5181274902937714e-27,5.85434999028557e-27,1.0,-16.399999999999956,2.0000000000000027,0.0,0.0,0.0,0.0
A_linear,1,1.85,1.0000000000000602,6.0877903521482155e-27,1.0000000000000602,1.6425816829807994e-24,2.293117672514346e-20,1.5759177599286284e-27,6.087790352147849e-27,1.0,-16.299999999999955,2.000000000000003,0.0,0.0,0.0,0.0
A_linear,1,1.9000000000000001,1.0000000000000635,6.362018706366952e-27,1.0000000000000637,5.174205039805163e-24,6.201842163727793e-20,1.6515264689537673e-27,6.362018706366548e-27,1.0000000000000002,-16.199999999999946,2.000000000000003,0.0,0.0,0.0,0.0
A_linear,1,1.95,1.0000000000000666,6.674627601871567e-27,1.0000000000000666,1.6068144080409888e-23,1.656625248520661e-19,1.715683784512322e-27,6.674627601871122e-27,1.0,-16.099999999999945,2.0000000000000036,0.0,0.0,0.0,0.0
A_linear,1,2.0,1.0000000000000704,7.212058921435069e-27,1.0000000000000704,4.920669818622329e-23,4.368952856218362e-19,1.7724710517876497e-27,7.212058921434561e-27,1.0,-15.999999999999936,2.0000000000000044,0.0,0.0,0.0,0.0
A_linear,1,2.05,1.0000000000000744,8.375910720747989e-27,1.0000000000000746,1.485461556405271e-22,1.137190952183532e-18,1.8443633360413356e-27,8.375910720747366e-27,1.0000000000000002,-15.899999999999933,2.0000000000000044,0.0,0.0,0.0,0.0
A_linear,1,2.1,1.0000000000000784,1.1403219106721291e-26,1.0000000000000784,4.419502895021855e-22,2.920526345665595e-18,1.9216138312959532e-27,1.1403219106720397e-26,1.0,-15.79999999999993,2.000000000000005,0.0,0.0,0.0,0.0
A_linear,1,2.15,1.0000000000000822,1.9885605565541823e-26,1.0000000000000822,1.2955346877535e-21,7.398482454070576e-18,1.9844893568380355e-27,1.988560556554019e-26,1.0,-15.69999999999992,2.0000000000000053,0.0,0.0,0.0,0.0
A_linear,1,2.2,1.000000000000086,4.3909675727190375e-26,1.0000000000000862,3.741021231947906e-21,1.8483043929756438e-17,2.0601189808966855e-27,4.3909675727186604e-26,1.0000000000000002,-15.599999999999918,2.0000000000000058,0.0,0.0,0.0,0.0
A_linear,1,2.25,1.0000000000000906,1.1212475390759248e-25,1.0000000000000908,1.0638730890429339e-20,4.5526294337003305e-17,2.1353393394339677e-27,1.1212475390758233e-25,1.0000000000000002,-15.499999999999911,2.0000000000000067,0.0,0.0,0.0,0.0
A_linear,1,2.3000000000000003,1.0000000000000955,3.040035728135183e-25,1.0000000000000955,2.978828293500181e-20,1.105427017990751e-16,2.216769093818e-27,3.0400357281348926e-25,1.0,-15.399999999999904,2.000000000000007,0.0,0.0,0.0,0.0
A_linear,1,2.35,1.0000000000001008,8.358426707674878e-25,1.0000000000001006,8.21047924235409e-20,2.6455128402351035e-16,2.2797986136485392e-27,8.358426707674035e-25,0.9999999999999998,-15.299999999999898,2.000000000000008,0.0,0.0,0.0,0.0
A_linear,1,2.4,1.000000000000106,2.2888862153942368e-24,1.0000000000001055,2.227304575978164e-19,6.239449745876002e-16,2.3514936450779203e-27,2.2888862153939944e-24,0.9999999999999996,-15.199999999999891,2.0000000000000084,0.0,0.0,0.0,0.0
A_linear,1,2.45,1.0000000000001106,6.2022592503256924e-24,1.0000000000001088,5.945831306003693e-19,1.4500899909281178e-15,2.4446014726200694e-27,6.202259250325006e-24,0.9999999999999982,-15.09999999999988,2.000000000000009,0.0,0.0,0.0,0.0
A_linear,1,2.5,1.000000000000116,1.6583267705403118e-23,1.0000000000001126,1.5617478296133647e-18,3.3206425896253997e-15,2.5396887551968296e-27,1.6583267705401196e-23,0.9999999999999967,-14.99999999999988,2.0000000000000093,0.0,0.0,0.0,0.0
A_linear,1,2.5500000000000003,1.0000000000001212,4.371672647508607e-23,1.0000000000001137,4.035813774952891e-18,7.492109556762348e-15,2.6621901605908348e-27,4.3716726475080766e-23,0.9999999999999925,-14.899999999999869,2.0000000000000098,0.0,0.0,0.0,0.0
A_linear,1,2.6,1.0000000000001272,1.1359773965130867e-22,1.0000000000001106,1.0259829287344088e-17,1.6654315864356184e-14,2.921239136848165e-27,1.135977396512942e-22,0.9999999999999833,-14.799999999999864,2.0000000000000098,0.0,0.0,0.0,0.0
A_linear,1,2.65,1.0000000000001334,2.9095991211845636e-22,1.0000000000000968,2.5657574002272824e-17,3.647414602814489e-14,3.562594848224778e-27,2.909599121184175e-22,0.9999999999999634,-14.69999999999986,2.000000000000012,0.0,0.0,0.0,0.0
A_linear,1,2.7,1.0000000000001403,7.348013530318302e-22,1.0000000000000613,6.311682864055241e-17,7.870144283309484e-14,5.3929468098725016e-27,7.348013530317271e-22,0.999999999999921,-14.59999999999985,2.0000000000000107,0.0,0.0,0.0,0.0
A_linear,1,2.75,1.0000000000001468,1.8302544882505038e-21,0.9999999999999793,1.5273067630287276e-16,1.673135667124554e-13,1.0698150333745567e-26,1.8302544882502352e-21,0.9999999999998326,-14.49999999999985,2.000000000000011,0.0,0.0,0.0,0.0
A_linear,1,2.8000000000000003,1.0000000000001537,4.4980782496396e-21,0.999999999999803,3.635509168258695e-16,3.504691753932414e-13,2.6086740203457325e-26,4.498078249638909e-21,0.9999999999996494,-14.39999999999984,2.0000000000000107,0.0,0.0,0.0,0.0
A_linear,1,2.85,1.00000000000016,1.0912140548739887e-20,0.9999999999994369,8.51288917602794e-16,7.233777858296154e-13,7.060913972551871e-26,1.091214054873814e-20,0.9999999999992768,-14.299999999999837,2.000000000000011,0.0,0.0,0.0,0.0
A_linear,1,2.9,1.0000000000001668,2.6145151535831034e-20,0.9999999999986952,1.9610306247747898e-15,1.4713308691209475e-12,1.9676967289044388e-25,2.6145151535826673e-20,0.9999999999985284,-14.199999999999827,2.0000000000000098,0.0,0.0,0.0,0.0
A_linear,1,2.95,1.0000000000001734,6.190352145834995e-20,0.9999999999972241,4.444448513532494e-15,2.9493395938371577e-12,5.517073815574929e-25,6.190352145833922e-20,0.9999999999970507,-14.099999999999826,2.000000000000007,0.0,0.0,0.0,0.0
A_linear,1,3.0,1.0000000000001803,1.4492449155498025e-19,0.9999999999943531,9.910942082702849e-15,5.827116528789046e-12,1.5320758105952103e-24,1.4492449155495413e-19,0.9999999999941728,-13.99999999999982,1.9999999999999991,0.0,0.0,0.0,0.0
A_linear,1,3.0500000000000003,1.0000000000001878,3.3568648441905083e-19,0.9999999999888394,2.174801135694942e-14,1.1348742336101027e-11,4.199034878637626e-24,3.3568648441898776e-19,0.9999999999886515,-13.899999999999817,1.9999999999999833,0.0,0.0,0.0,0.0
A_linear,1,3.1,1.0000000000001952,7.697539623551574e-19,0.9999999999784049,4.696580615260205e-14,2.179026359021702e-11,1.1337253619185449e-23,7.697539623550071e-19,0.9999999999782098,-13.799999999999818,1.999999999999948,0.0,0.0,0.0,0.0
A_linear,1,3.15,1.0000000000002025,1.7483933390905076e-18,0.9999999999589495,9.982913512284625e-14,4.1253246934949864e-11,3.0138240407112936e-23,1.7483933390901536e-18,0.999999999958747,-13.699999999999815,1.999999999999873,0.0,0.0,0.0,0.0
A_linear,1,3.2,1.00000000000021,3.935588276313572e-18,0.9999999999231906,2.0888487268238588e-13,7.701921488634853e-11,7.886298662924284e-23,3.935588276312745e-18,0.9999999999229805,-13.599999999999818,1.9999999999997187,0.0,0.0,0.0,0.0
A_linear,1,3.25,1.0000000000002176,8.782897404924985e-18,0.9999999998583922,4.3032486235408043e-13,1.4182525329800054e-10,2.0305731546936228e-22,8.782897404923074e-18,0.9999999998581746,-13.499999999999838,1.9999999999993996,0.0,0.0,0.0,0.0
A_linear,1,3.3000000000000003,1.0000000000002252,1.9437899948179515e-17,0.9999999997425971,8.729625608730064e-13,2.5762813940191073e-10,5.1445636345804565e-22,1.943789994817514e-17,0.999999999742372,-13.399999999999881,1.9999999999987594,0.0,0.0,0.0,0.0
A_linear,1,3.35,1.0000000000002334,4.2669179550310443e-17,0.999999999538498,1.7441283856942488e-12,4.6173537113896624e-10,1.2825086039269726e-21,4.2669179550300484e-17,0.9999999995382647,-13.299999999999967,1.9999999999974907,0.0,0.0,0.0,0.0
A_linear,1,3.4,1.0000000000002411,9.290633598037588e-17,0.9999999991836005,3.4325940060200657e-12,8.166403088425291e-10,3.145755874108796e-21,9.290633598035347e-17,0.9999999991833594,-13.20000000000014,1.999999999995014,0.0,0.0,0.0,0.0
A_linear,1,3.45,1.0000000000002487,2.0063152424626992e-16,0.9999999985746856,6.655923483892998e-12,1.4255633695862866e-09,7.59165106057811e-21,2.0063152424622002e-16,0.9999999985744369,-13.1000000000005,1.9999999999902511,0.0,0.0,0.0,0.0
A_linear,1,3.5,1.0000000000002567,4.2961811868423923e-16,0.9999999975436095,1.2718026146561829e-11,2.456646977528009e-09,1.802628657641986e-20,4.2961811868412894e-16,0.9999999975433528,-13.000000000001185,1.999999999981228,0.0,0.0,0.0,0.0
A_linear,1,3.5500000000000003,1.000000000000265,9.119290496266175e-16,0.9999999958201906,2.395205616031457e-11,4.1800734315729946e-09,4.2115457145429145e-20,9.11929049626376e-16,0.9999999958199257,-12.900000000002498,1.9999999999643794,0.0,0.0,0.0,0.0
A_linear,1,3.6,1.0000000000002731,1.918092474547893e-15,0.9999999929760831,4.446988655624606e-11,7.024188002175422e-09,9.681967954235212e-20,1.9180924745473693e-15,0.99999999297581,-12.800000000004975,1.9999999999333633,0.0,0.0,0.0,0.0
A_linear,1,3.65,1.0000000000002807,3.995986900865821e-15,0.9999999883411245,8.141037847794235e-11,1.1659152336340423e-08,2.19028508213211e-19,3.995986900864699e-15,0.9999999883408438,-12.700000000009572,1.9999999998770674,0.0,0.0,0.0,0.0
A_linear,1,3.7,1.0000000000002882,8.242001363751197e-15,0.999999980880396,1.4698605793911133e-10,1.9119884226888847e-08,4.87625945513058e-19,8.242001363748821e-15,0.9999999808801078,-12.600000000018005,1.9999999997762936,0.0,0.0,0.0,0.0
A_linear,1,3.75,1.0000000000002962,1.6823075617648803e-14,0.9999999690160448,2.6178733755859035e-10,3.0984234497546223e-08,1.0684670868461905e-18,1.682307561764382e-14,0.9999999690157486,-12.50000000003322,1.9999999995983484,0.0,0.0,0.0,0.0
A_linear,1,3.8000000000000003,1.0000000000003044,3.39673843957006e-14,0.9999999503725747,4.6003612859942763e-10,4.9627695601792615e-08,2.3044753055210617e-18,3.3967384395690254e-14,0.9999999503722703,-12.400000000060341,1.999999999288326,0.0,0.0,0.0,0.0
A_linear,1,3.85,1.0000000000003122,6.781700986985868e-14,0.9999999214176304,7.978140567640275e-10,7.858261422768602e-08,4.892943890916372e-18,6.781700986983751e-14,0.9999999214173182,-12.300000000108076,1.9999999987552823,0.0,0.0,0.0,0.0
A_linear,1,3.9,1.0000000000003197,1.3384150236921506e-13,0.9999998769621251,1.3657594827143603e-09,1.230380608485795e-07,1.0228505623510296e-17,1.3384150236917227e-13,0.9999998769618054,-12.200000000190963,1.9999999978505927,0.0,0.0,0.0,0.0
A_linear,1,3.95,1.0000000000003275,2.610337668161585e-13,0.9999998094737392,2.30837541733206e-09,1.905263273593558e-07,2.105518229505597e-17,2.6103376681607304e-13,0.9999998094734117,-12.100000000333134,1.9999999963345925,0.0,0.0,0.0,0.0
A_linear,1,4.0,1.0000000000003346,5.029878925316383e-13,0.9999997081462746,3.852969238486091e-09,2.918535570662403e-07,4.2685043715773324e-17,5.0298789253147e-13,0.99999970814594,-12.000000000573946,1.999999993825805,0.0,0.0,0.0,0.0
A_linear,1,4.05,1.0000000000003426,9.574088915638536e-13,0.9999995576541311,6.35241538439373e-09,4.423452539614036e-07,8.523767307156454e-17,9.574088915635256e-13,0.9999995576537885,-11.900000000976927,1.9999999897247784,0.0,0.0,0.0,0.0
A_linear,1,4.1,1.0000000000003504,1.7999584183460394e-12,0.999999336506295,1.0347461736462924e-08,6.634922553204367e-07,1.676867751971769e-16,1.7999584183454087e-12,0.9999993365059446,-11.80000000164327,1.9999999831012893,0.0,0.0,0.0,0.0
A_linear,1,4.15,1.0000000000003586,3.3420959984237433e-12,0.9999990148980841,1.665626186810832e-08,9.850989320940662e-07,3.25051975282014e-16,3.342095998422545e-12,0.9999990148977255,-11.70000000273225,1.9999999725295308,0.0,0.0,0.0,0.0
A_linear,1,4.2,1.0000000000003666,6.128464110268395e-12,0.9999985519417429,2.6501282225957445e-08,1.448052494913827e-06,6.209716467913627e-16,6.1284641102661485e-12,0.9999985519413763,-11.600000004491598,1.999999955850377,0.0,0.0,0.0,0.0
A_linear,1,4.25,1.0000000000003744,1.1098442766826523e-11,0.9999978921395327,4.168677422612408e-08,2.1078497427630134e-06,1.1693279614513538e-15,1.1098442766822367e-11,0.9999978921391584,-11.500000007302127,1.9999999298327518,0.0,0.0,0.0,0.0
A_linear,1,4.3,1.0000000000003813,1.985025545304557e-11,0.9999969609459071,6.484367226780877e-08,3.03903462405223e-06,2.170847761110487e-15,1.9850255453038003e-11,0.9999969609455258,-11.400000011742598,1.9999998896973263,0.0,0.0,0.0,0.0
A_linear,1,4.3500000000000005,1.0000000000003895,3.506650519458944e-11,0.9999956592496916,9.976311391703326e-08,4.34071563109628e-06,3.974071121505031e-15,3.506650519457578e-11,0.9999956592493021,-11.300000018682754,1.9999998284546674,0.0,0.0,0.0,0.0
A_linear,1,4.4,1.000000000000398,6.119005091243493e-11,0.9999938565940099,1.5184477914955527e-07,6.143345197631295e-06,7.175325024658231e-15,6.119005091241058e-11,0.999993856593612,-11.200000029415406,1.999999735996617,0.0,0.0,0.0,0.0
A_linear,1,4.45,1.0000000000004055,1.054824041733924e-10,0.9999913829422639,2.2869186769036832e-07,8.616952659288712e-06,1.278012511703256e-14,1.0548240417334963e-10,0.9999913829418584,-11.100000045841648,1.9999995978634746,0.0,0.0,0.0,0.0
A_linear,1,4.5,1.0000000000004132,1.796581404859318e-10,0.9999880187941299,3.4089067583115943e-07,1.19810266250549e-05,2.245977269456513e-14,1.7965814048585755e-10,0.9999880187937167,-11.00000007072776,1.9999993935906806,0.0,0.0,0.0,0.0
A_linear,1,4.55,1.0000000000004208,3.0237426896583704e-10,0.9999834834576229,5.030192262536879e-07,1.651624042367287e-05,3.89531432356649e-14,3.023742689657098e-10,0.9999834834572021,-10.900000108057762,1.9999990945166184,0.0,0.0,0.0,0.0
A_linear,1,4.6000000000000005,1.000000000000428,5.029706309746648e-10,0.999977421293148,7.349359970563619e-07,2.2578204309587114e-05,6.668644652899182e-14,5.029706309744496e-10,0.9999774212927199,-10.800000163511973,1.9999986609083096,0.0,0.0,0.0,0.0
A_linear,1,4.65,1.000000000000436,8.270153006228736e-10,0.9999693857642754,1.0634061548686303e-06,3.061340914530165e-05,1.1271514095169557e-13,8.270153006225129e-10,0.9999693857638393,-10.700000245109766,1.9999980382339104,0.0,0.0,0.0,0.0
A_linear,1,4.7,1.000000000000444,1.3444183205352754e-09,0.999958821158682,1.524128400242631e-06,4.117749734368944e-05,1.881346368069331e-13,1.3444183205346783e-09,0.9999588211582379,-10.600000364064279,1.9999971523807347,0.0,0.0,0.0,0.0
A_linear,1,4.75,1.0000000000004519,2.1611500875002795e-09,0.9999450418820228,2.1642300774946805e-06,5.495595727903039e-05,3.10162754406344e-13,2.161150087499303e-09,0.999945041881571,-10.500000535907283,1.9999959035853005,0.0,0.0,0.0,0.0
A_linear,1,4.8,1.0000000000004596,3.435950680601137e-09,0.999927209277647,3.045301011214008e-06,7.27872868619511e-05,5.051701731468139e-13,3.435950680599558e-09,0.9999272092771874,-10.400000781955297,1.9999941588085937,0.0,0.0,0.0,0.0
A_linear,1,4.8500000000000005,1.0000000000004674,5.403857508961149e-09,0.9999043059859438,4.247036981829173e-06,9.568861066626094e-05,8.130285712732133e-13,5.403857508958623e-09,0.9999043059854764,-10.300001131202002,1.999991742256235,0.0,0.0,0.0,0.0
A_linear,1,4.9,1.0000000000004756,8.408924973483566e-09,0.9998751079280234,5.871561193598634e-06,0.00012488366352734405,1.2932629151073617e-12,8.408924973479566e-09,0.9998751079275479,-10.200001622737851,1.9999884237110022,0.0,0.0,0.0,0.0
A_linear,1,4.95,1.000000000000484,1.29491745274268e-08,0.999838154078265,8.048485882845395e-06,0.00016183297304435686,2.033637190866522e-12,1.2949174527420531e-08,0.9998381540777811,-10.100002308815341,1.9999839043154732,0.0,0.0,0.0,0.0
A_linear,1,5.0,1.0000000000004916,1.97376074851827e-08,0.9997917142773276,1.0940765778712655e-05,0.00020826598555654332,3.1619737508158625e-12,1.9737607485172996e-08,0.9997917142768361,-10.000003258696866,1.9999777994173096,0.0,0.0,0.0,0.0
A_linear,1,5.05,1.0000000000004996,2.978404327671894e-08,0.9997337554294105,1.4751379980502006e-05,0.0002662147870458985,4.862206040228789e-12,2.9784043276704062e-08,0.999733755428911,-9.900004563442259,1.9999696180708229,0.0,0.0,0.0,0.0
A_linear,1,5.1000000000000005,1.0000000000005078,4.4503614168196486e-08,0.9996619065223216,1.9730858621083733e-05,0.00033804897457202527,7.395891898653357e-12,4.450361416817389e-08,0.999661906521814,-9.800006341813587,1.9999587387777173,0.0,0.0,0.0,0.0
A_linear,1,5.15,1.0000000000005163,6.585894792235379e-08,0.9995734230034389,2.6185645308874405e-05,0.0004265111381293122,1.1130666378008292e-11,6.585894792231979e-08,0.9995734230029228,-9.700008747495705,1.9999443810497002,0.0,0.0,0.0,0.0
A_linear,1,5.2,1.0000000000005242,9.654438727820138e-08,0.9994651511358226,3.448725588496483e-05,0.000534752320314202,1.657738331019733e-11,9.654438727815077e-08,0.9994651511352987,-9.600011977851729,1.999925572387729,0.0,0.0,0.0,0.0
A_linear,1,5.25,1.0000000000005318,1.4022200313520603e-07,0.9993334930434348,4.508215887689365e-05,0.0006663667350943585,2.443797410930987e-11,1.4022200313513146e-07,0.9993334930429033,-9.500016284452244,1.9999011102990154,0.0,0.0,0.0,0.0
A_linear,1,5.3,1.0000000000005407,2.0182061788375125e-07,0.9991743732294632,5.850226385425513e-05,0.0008254249504593183,3.5666328347815e-11,2.0182061788364214e-07,0.999174373228923,-9.400021985635044,1.9998695190153035,0.0,0.0,0.0,0.0
A_linear,1,5.3500000000000005,1.0000000000005487,2.879105135817491e-07,0.9989832074141913,7.537586168039888e-05,0.0010165046758437188,5.154475689079909e-11,2.8791051358159114e-07,0.9989832074136432,-9.300029481367687,1.9998290006355322,0.0,0.0,0.0,0.0
A_linear,1,5.4,1.0000000000005573,4.071678895748556e-07,0.998754874585931,9.643881669419631e-05,0.0012447182467368856,7.37788165873449e-11,4.0716788957462866e-07,0.9987548745853744,-9.20003927069686,1.99977738049386,0.0,0.0,0.0,0.0
A_linear,1,5.45,1.0000000000005649,5.709443747678073e-07,0.9984836931879331,0.00012254576670557305,0.0015157358682576024,1.0461343324805014e-10,5.709443747674848e-07,0.9984836931873691,-9.100051972076727,1.9997120466505973,0.0,0.0,0.0,0.0
A_linear,1,5.5,1.0000000000005733,7.939578976802767e-07,0.9981634023739999,0.00015468104413441917,0.0018358036686756927,1.4697333496790444e-10,7.939578976798215e-07,0.9981634023734276,-9.00006834687012,1.9996298835184902,0.0,0.0,0.0,0.0
A_linear,1,5.55,1.0000000000005815,1.0951218691626226e-06,0.9977871492543159,0.00019396899261521765,0.0022117556243965355,2.0463077714434906e-10,1.0951218691619859e-06,0.9977871492537357,-8.900089326313225,1.9995271997695412,0.0,0.0,0.0,0.0
A_linear,1,5.6000000000000005,1.0000000000005898,1.4985298282038827e-06,0.9973474830200084,0.00024168331996607295,0.00265101845075304,2.82403382854164e-10,1.498529828202999e-06,0.9973474830194202,-8.800116042223001,1.9993996508162961,0.0,0.0,0.0,0.0
A_linear,1,5.65,1.000000000000598,2.0346123286984725e-06,0.9968363567797929,0.00029925510261019937,0.003161608608476549,3.8638461976046273e-10,2.0346123286972557e-06,0.9968363567791968,-8.700149861708297,1.9992421563242284,0.0,0.0,0.0,0.0
A_linear,1,5.7,1.0000000000006057,2.741481796033608e-06,0.9962451378650001,0.00036827904026624244,0.0037521206538097982,5.242089746521437e-10,2.7414817960319475e-06,0.9962451378643966,-8.600192426118253,1.9990488133856013,0.0,0.0,0.0,0.0
A_linear,1,5.75,1.0000000000006142,3.6664792586103905e-06,0.9955646272611369,0.00045051755470873586,0.004431706260218648,7.053532625827894e-10,3.6664792586081386e-06,0.9955646272605255,-8.500245694425777,1.9988128061662944,0.0,0.0,0.0,0.0
A_linear,1,5.8,1.0000000000006226,4.867934179395626e-06,0.9947850887060375,0.0005479023340536767,0.005210043360405244,9.414747229681292e-10,4.8679341793925955e-06,0.9947850887054182,-8.400311991198553,1.9985263130213486,0.0,0.0,0.0,0.0
A_linear,1,5.8500000000000005,1.0000000000006308,6.417145018388446e-06,0.9938962878583848,0.0006625329453607132,0.006097294997227372,1.2467856180325314e-09,6.417145018384398e-06,0.9938962878577579,-8.300394059255886,1.9981804122578115,0.0,0.0,0.0,0.0
A_linear,1,5.9,1.0000000000006386,8.400583621012956e-06,0.9928875417878361,0.0007966721739048872,0.007104057629181382,1.63846298050422e-09,8.400583621007591e-06,0.9928875417872021,-8.200495117046204,1.9977649878995678,0.0,0.0,0.0,0.0
A_linear,1,5.95,1.0000000000006468,1.0922321058501636e-05,0.9917477788716407,0.0009527377972670397,0.008241298807947377,2.1370909804212747e-09,1.0922321058494572e-05,0.9917477788709992,-8.100618920708106,1.9972686369728807,0.0,0.0,0.0,0.0
A_linear,1,6.0,1.0000000000006541,1.4106666194002024e-05,0.990465609005029,0.0011332905658651975,0.009520284329431172,2.76713212578588e-09,1.4106666193992797e-05,0.9904656090043811,-8.000769830698474,1.9966785799778983,0.0,0.0,0.0,0.0
A_linear,1,6.05,1.0000000000006621,1.8101001106028085e-05,0.9890294038467722,0.0013410182375708794,0.010952495152783858,3.5574222079834677e-09,1.81010011060161e-05,0.9890294038461173,-7.900952882784173,1.995980576334843,0.0,0.0,0.0,0.0
A_linear,1,6.1000000000000005,1.0000000000006697,2.3078789708266775e-05,0.9874273866301785,0.0015787156009316326,0.012549534580782985,4.541682577105619e-09,2.307878970825132e-05,0.9874273866295172,-7.8011738631024565,1.9951588466888464,0.0,0.0,0.0,0.0
A_linear,1,6.15,1.0000000000006777,2.9242727644999727e-05,0.9856477308768106,0.0018492605170533122,0.01432302639622206,5.759042005392393e-09,2.924272764497991e-05,0.9856477308761427,-7.701439386898796,1.994196004019648,0.0,0.0,0.0,0.0
A_linear,1,6.2,1.0000000000006857,3.682799303948727e-05,0.9836786671587887,0.0021555861117387824,0.01628450484885749,7.2545590742043225e-09,3.682799303946201e-05,0.9836786671581143,-7.6017569804530325,1.993072995527408,0.0,0.0,0.0,0.0
A_linear,1,6.25,1.000000000000694,4.610554918886569e-05,0.9815085968694094,0.0025006493540319905,0.018445297582095597,9.079734700691706e-09,4.61055491888337e-05,0.9815085968687284,-7.5021351656060515,1.9917690572503086,0.0,0.0,0.0,0.0
A_linear,1,6.3,1.0000000000007019,5.7385442121769256e-05,0.9791262117846848,0.002887396361647908,0.020816402773895314,1.1293003078006796e-08,5.738544212172898e-05,0.9791262117839976,-7.402583546202839,1.9902616833109708,0.0,0.0,0.0,0.0
A_linear,1,6.3500000000000005,1.0000000000007103,7.102002837054697e-05,0.9765206180341923,0.003318724874517521,0.02340836193814724,1.3960187911665966e-08,7.102002837049653e-05,0.9765206180334987,-7.303112895674992,1.9885266115854543,0.0,0.0,0.0,0.0
A_linear,1,6.4,1.000000000000718,8.740706167125709e-05,0.9736814629521982,0.0037974444315098774,0.026231129986848897,1.7154909344195955e-08,8.740706167119433e-05,0.9736814629514989,-7.203735244899654,1.986537827440639,0.0,0.0,0.0,0.0
A_linear,1,6.45,1.0000000000007263,0.00010699256189948149,0.9705990631532537,0.004326234869106518,0.02929394428557297,2.0958925332334662e-08,0.00010699256189940378,0.9705990631525487,-7.104463969393875,1.9842675869937707,0.0,0.0,0.0,0.0
A_linear,1,6.5,1.000000000000734,0.00013027338566641051,0.9672645320740758,0.004907603831482168,0.03260519454099183,2.546238944082296e-08,0.0001302733856663149,0.9672645320733657,-7.005313874836416,1.9816864611142972,0.0,0.0,0.0,0.0
A_linear,1,6.55,1.000000000000742,0.0001577994158947979,0.9636699051489963,0.005543844036543585,0.03617229543585112,3.076400502619528e-08,0.0001577994158946808,0.9636699051482812,-6.906301279854272,1.9787634011160895,0.0,0.0,0.0,0.0
A_linear,1,6.6000000000000005,1.0000000000007507,0.0001901752875808259,0.9598082607427479,0.006236991079953779,0.040001563970421886,3.697105363261052e-08,0.00019017528758068315,0.9598082607420274,-6.807444094971443,1.9754658267822223,0.0,0.0,0.0,0.0
A_linear,1,6.65,1.000000000000759,0.00022806156898393174,0.9556738349544508,0.006988782577530798,0.044098103477324284,4.419927317513492e-08,0.00022806156898375865,0.9556738349537255,-6.708761896593116,1.9717597370305078,0.0,0.0,0.0,0.0
A_linear,1,6.7,1.0000000000007674,0.0002721753217658405,0.9512621284324104,0.0078006194447986866,0.04846569624659111,5.2572559272611286e-08,0.00027217532176563165,0.9512621284316805,-6.6102759948919045,1.9676098431722546,0.0,0.0,0.0,0.0
A_linear,1,6.75,1.000000000000776,0.0003232899701465416,0.9465700034019866,0.008673530090667389,0.05310670662864279,6.222246111542483e-08,0.0003232899701462907,0.946570003401252,-6.512009494474015,1.9629797243467353,0.0,0.0,0.0,0.0
A_linear,1,6.8,1.000000000000784,0.0003822344179074444,0.9415957692087589,0.00960813826067215,0.05802199637411779,7.328744175717163e-08,0.0003822344179071447,0.9415957692080206,-6.413987346733407,1.9578320043374253,0.0,0.0,0.0,0.0
A_linear,1,6.8500000000000005,1.0000000000007927,0.00044989136292418333,0.9363392548159549,0.010604635204977196,0.06321085382191337,8.59118720395858e-08,0.0004498913629238267,0.9363392548152127,-6.31623639285071,1.9521285486014783,0.0,0.0,0.0,0.0
A_linear,1,6.9,1.0000000000008007,0.0005271947716542904,0.930801866867064,0.011662756769108,0.06867093836208264,1.0024472783026042e-07,0.0005271947716538683,0.9308018668663187,-6.218785396461206,1.9458306799794396,0.0,0.0,0.0,0.0
A_linear,1,6.95,1.00000000000081,0.0006151264903701876,0.9249866321291869,0.01278176591328667,0.07439824138125278,1.1643796226862305e-07,0.0006151264903696893,0.9249866321284376,-6.121665065101146,1.9388994112061495,0.0,0.0,0.0,0.0
A_linear,1,7.0,1.000000000000819,0.0007147119855878408,0.9188982233663656,0.013960441061915007,0.0803870646488652,1.3464452859671807e-07,0.0007147119855872555,0.9188982233656131,-6.02490805964369,1.9312956920240354,0.0,0.0,0.0,0.0
A_linear,1,7.05,1.0000000000008271,0.0008270152227178814,0.912542967950381,0.015197070571114123,0.086630016827728,1.5501603522249892e-07,0.0008270152227171974,0.9125429679496263,-5.928548991052497,1.922980668413788,0.0,0.0,0.0,0.0
A_linear,1,7.1000000000000005,1.0000000000008356,0.0009531327090441726,0.9059288387939357,0.016489453482449134,0.09311802849785551,1.7770002308456535e-07,0.0009531327090433763,0.9059288387931788,-5.8326244039115265,1.9139159512112494,0.0,0.0,0.0,0.0
A_linear,1,7.15,1.0000000000008442,0.0010941867442743637,0.8990654274816658,0.01783490660830692,0.09984038577490383,2.028368662364354e-07,0.00109418674427344,0.8990654274809069,-5.737172746331095,1.904063891178915,0.0,0.0,0.0,0.0
A_linear,1,7.2,1.0000000000008524,0.0012513179386611343,0.8919638997714919,0.01923027787213315,0.10678478229069942,2.3055630971167155e-07,0.0012513179386600677,0.8919638997707316,-5.642234325980556,1.8933878574499725,0.0,0.0,0.0,0.0
A_linear,1,7.25,1.000000000000861,0.0014256770746182085,0.884636933935451,0.020671965708022023,0.11393738899079213,2.609736738499939e-07,0.001425677074616981,0.8846369339346892,-5.547851252154628,1.8818525161656767,0.0,0.0,0.0,0.0
A_linear,1,7.3,1.0000000000008697,0.0016184164024306562,0.8770986426983824,0.022155944211948768,0.12128294090005658,2.941857708653417e-07,0.0016184164024292487,0.8770986426976196,-5.4540673639407,1.8694241060849055,0.0,0.0,0.0,0.0
A_linear,1,7.3500000000000005,1.000000000000878,0.0018306804736978046,0.8693644798077586,0.02367779363390128,0.12880483971942155,3.3026659678190807e-07,0.0018306804736961974,0.8693644798069953,-5.360928144715328,1.8560707079586165,0.0,0.0,0.0,0.0
A_linear,1,7.4,1.0000000000008864,0.0020635966272067774,0.8614511325219849,0.025232735708596132,0.13648527085169473,3.692628791398765e-07,0.002063596627204948,0.8614511325212213,-5.268480623357339,1.8417625045308463,0.0,0.0,0.0,0.0
A_linear,1,7.45,1.000000000000895,0.0023182652507337197,0.8533764015317408,0.02681567324423626,0.1443053332184206,4.1118957706696856e-07,0.0023182652507316446,0.8533764015309769,-5.176773262719382,1.8264720281499678,0.0,0.0,0.0,0.0
A_linear,1,7.5,1.0000000000009037,0.0025957499485867496,0.8451590700240987,0.02842123332530048,0.15224518002821813,4.5602544449259437e-07,0.002595749948584404,0.8451590700233349,-5.085855836047064,1.8101743931458567,0.0,0.0,0.0,0.0
A_linear,1,7.55,1.0000000000009115,0.0028970677483931124,0.8368187637580137,0.030043813437591202,0.16028416849450497,5.037087784528851e-07,0.0028970677483904717,0.836818763757251,-4.995779292172513,1.7928475103463122,0.0,0.0,0.0,0.0
A_linear,1,7.6000000000000005,1.00000000000092,0.0032231794816170076,0.8283758041390459,0.03167762979217323,0.168401016380257,5.541334818306898e-07,0.0032231794816140425,0.8283758041382838,-4.9065956104351285,1.7744722813642364,0.0,0.0,0.0,0.0
A_linear,1,7.65,1.0000000000009281,0.003574980470573863,0.8198510563587657,0.033316767109407286,0.1765739631715887,6.071455729281699e-07,0.003574980470570545,0.8198510563580047,-4.818357646394727,1.7550327705798257,0.0,0.0,0.0,0.0
A_linear,1,7.7,1.0000000000009366,0.003953291650352204,0.8112657746992835,0.03495522912458328,0.1847809336513007,6.625402726334785e-07,0.003953291650348501,0.8112657746985237,-4.731118969499257,1.7345163530628216,0.0,0.0,0.0,0.0
A_linear,1,7.75,1.000000000000945,0.004358851247205227,0.8026414470959807,0.036586989091858146,0.19299970165775895,7.200597937453603e-07,0.004358851247201108,0.8026414470952222,-4.6449336939499695,1.7129138370217942,0.0,0.0,0.0,0.0
A_linear,1,7.8,1.0000000000009535,0.004792307125829389,0.7939996410031854,0.03820603959212101,0.20120805187193846,7.793919465709939e-07,0.00479230712582482,0.7939996410024284,-4.559856304070101,1.690219559723263,0.0,0.0,0.0,0.0
A_linear,1,7.8500000000000005,1.0000000000009617,0.0052542099067625445,0.7853618525207237,0.039806440991583286,0.20938393757347562,8.401696609836394e-07,0.005254209906757491,0.7853618525199684,-4.475941475528334,1.6664314561861104,0.0,0.0,0.0,0.0
A_linear,1,7.9,1.00000000000097,0.0057450069422025265,0.776749360617309,0.04138236794964381,0.21750563244145818,9.019715086397642e-07,0.0057450069421969546,0.7767493606165556,-4.393243893795268,1.6415511003191705,0.0,0.0,0.0,0.0
A_linear,1,7.95,1.0000000000009779,0.006265037224204936,0.7681830881338795,0.04292815343505837,0.22555187464289347,9.64323291103932e-07,0.00626503722419881,0.7681830881331283,-4.311818071220148,1.61558371852524,0.0,0.0,0.0,0.0
A_linear,1,8.0,1.0000000000009865,0.006814527283812409,0.7596834710710051,0.04443832977672628,0.23350200164616897,1.0267007413782725e-06,0.006814527283805686,0.7596834710702556,-4.2317181641062165,1.588538176137053,0.0,0.0,0.0,0.0
A_linear,1,8.05,1.0000000000009952,0.007393588123572011,0.7512703374647322,0.0459076663475349,0.24133607441269095,1.0885333687179116e-06,0.007393588123564653,0.7512703374639845,-4.152997791137679,1.5604269373740793,0.0,0.0,0.0,0.0
A_linear,1,8.1,1.0000000000010032,0.008002213209468815,0.7429627969402034,0.047331203554737154,0.24903498985133096,1.1492094603659447e-06,0.008002213209460787,0.7429627969394581,-4.075709854469698,1.5312659998086184,0.0,0.0,0.0,0.0
A_linear,1,8.15,1.000000000001012,0.008640277531912486,0.7347791418078112,0.04870428288643839,0.25658058066128825,1.2080822393183499e-06,0.008640277531903742,0.7347791418070676,-3.9999063647369546,1.5010748046012445,0.0,0.0,0.0,0.0
A_linear,1,8.2,1.0000000000010205,0.009307537729390582,0.7267367603380375,0.05002257283922051,0.2639557019335925,1.2644771641843543e-06,0.009307537729381083,0.7267367603372958,-3.925638271167302,1.4698761240059837,0.0,0.0,0.0,0.0
A_linear,1,8.25,1.000000000001029,0.010003633253071551,0.7188520626239383,0.05128209062516273,0.2711443041240192,1.3177003451570579e-06,0.010003633253061257,0.7188520626231987,-3.8529552979066075,1.4376959278522146,0.0,0.0,0.0,0.0
A_linear,1,8.3,1.000000000001038,0.010728088536277844,0.7111404192192881,0.05247921962618197,0.27813149224547223,1.3670480377260733e-06,0.010728088536266707,0.7111404192185499,-3.781905787570747,1.4045632308814886,0.0,0.0,0.0,0.0
A_linear,1,8.35,1.000000000001047,0.01148031611960933,0.7036161125303132,0.05361072262854225,0.28490357135112426,1.411817161914661e-06,0.01148031611959731,0.7036161125295766,-3.712536552942857,1.370509922952696,0.0,0.0,0.0,0.0
A_linear,1,8.4,1.0000000000010563,0.012259620670771867,0.6962923007435013,0.054673750929652196,0.29144807858678284,1.4513167776081933e-06,0.012259620670758918,0.6962923007427658,-3.644892737629957,1.335570584228147,0.0,0.0,0.0,0.0
A_linear,1,8.45,1.0000000000010651,0.01306520382802677,0.6891809938944294,0.05566584946215289,0.2977538022786089,1.4848804247182015e-06,0.013065203828012854,0.6891809938936954,-3.579017686385032,1.2997822875171319,0.0,0.0,0.0,0.0
A_linear,1,8.5,1.0000000000010747,0.013896169787728419,0.6822930415254421,0.05658495812633706,0.30381078868790384,1.5118792091163052e-06,0.013896169787713485,0.6822930415247088,-3.5149528256899556,1.2631843899837192,0.0,0.0,0.0,0.0
A_linear,1,8.55,1.0000000000010842,0.014751531549731568,0.6756381312451035,0.05742940956080373,0.3096103372062489,1.5317354809731166e-06,0.014751531549715573,0.675638131244371,-3.4527375550834734,1.2258183164240277,0.0,0.0,0.0,0.0
A_linear,1,8.6,1.0000000000010936,0.01563021772955283,0.6692247973907934,0.05819792361290794,0.3151449848807473,1.543936911479312e-06,0.015630217729535736,0.6692247973900616,-3.3924091496076265,1.1877273362874503,0.0,0.0,0.0,0.0
A_linear,1,8.65,1.0000000000011033,0.016531079843040253,0.6630604389079983,0.058889598795043095,0.32040848125006477,1.5480507280154813e-06,0.016531079843022014,0.6630604389072667,-3.334002673637546,1.148956336559037,0.0,0.0,0.0,0.0
A_linear,1,8.700000000000001,1.0000000000011133,0.017452899967890182,0.6571513454956083,0.05950390103036245,0.3253957545376149,1.5437378188489827e-06,0.01745289996787075,0.6571513454948766,-3.2775509062541435,1.109551592539698,0.0,0.0,0.0,0.0
A_linear,1,8.75,1.0000000000011227,0.01839439868655866,0.651502731025097,0.060040650002559155,0.33010287028946694,1.5307663693617713e-06,0.01839439868653801,0.6515027310243656,-3.2230842782182396,1.0695605384601465,0.0,0.0,0.0,0.0
A_linear,1,8.8,1.0000000000011329,0.019354243216830762,0.6461187732216052,0.06050000342923878,0.334526983562697,1.5090246465160242e-06,0.019354243216808835,0.6461187732208732,-3.1706308205087375,1.0290315397469312,0.0,0.0,0.0,0.0
A_linear,1,8.85,1.000000000001143,0.02033105563938787,0.6410026585950098,0.06088243957779173,0.33866628576674523,1.4785325111066933e-06,0.020331055639364628,0.6410026585942771,-3.1202161242974396,0.988013668627702,0.0,0.0,0.0,0.0
A_linear,1,8.9,1.0000000000011535,0.021323421135995026,0.6361566316271565,0.06118873833709797,0.3425199472380016,1.4394512126824693e-06,0.021323421135970428,0.6361566316264227,-3.0718633121494845,0.946556484621246,0.0,0.0,0.0,0.0
A_linear,1,8.950000000000001,1.0000000000011637,0.022329896157243984,0.6315820472552787,0.061419961148525604,0.346088056588641,1.3920910140891845e-06,0.022329896157217997,0.6315820472545437,-3.0255930201615993,0.9047098213087077,0.0,0.0,0.0,0.0
A_linear,1,9.0,1.0000000000011742,0.023349016444946663,0.6272794257390245,0.061577430086150436,0.3493715578172033,1.3369162046617347e-06,0.023349016444919247,0.627279425738288,-2.981423390680813,0.8625235806287493,0.0,0.0,0.0,0.0
A_linear,1,9.05,1.000000000001185,0.02437930484110703,0.6232485090569876,0.06166270635961371,0.3523721861030905,1.2745470954757865e-06,0.02437930484107814,0.623248509056249,-2.9393700751841174,0.8200475357836426,0.0,0.0,0.0,0.0
A_linear,1,9.1,1.000000000001196,0.025419278822717085,0.6194883180458635,0.06167756849415593,0.3550924031326154,1.205758647391357e-06,0.025419278822686686,0.6194883180451226,-2.8994462468450624,0.7773311436879092,0.0,0.0,0.0,0.0
A_linear,1,9.15,1.000000000001207,0.026467457709259082,0.6159972095690023,0.061623990421765765,0.35753533272294585,1.1314754619417644e-06,0.026467457709227135,0.6159972095682588,-2.861662622266394,0.7344233677381607,0.0,0.0,0.0,0.0
A_linear,1,9.200000000000001,1.0000000000012188,0.027522369497587785,0.6127729330790224,0.06150411969560315,0.35970469742460887,1.0527629636968e-06,0.027522369497554242,0.6127729330782755,-2.8260274918187855,0.6913725115341789,0.0,0.0,0.0,0.0
A_linear,1,9.25,1.0000000000012303,0.028582557286663646,0.6098126860192452,0.06132025601746337,0.36160475669532144,9.708147162317818e-07,0.02858255728662848,0.6098126860184949,-2.7925467579943186,0.6482260640385749,0.0,0.0,0.0,0.0
A_linear,1,9.3,1.0000000000012421,0.029646585262277363,0.6071131675891873,0.06107483024547946,0.36324024714977743,8.869359366742984e-07,0.029646585262240538,0.6071131675884333,-2.7612239811596226,0.6050305565269652,0.0,0.0,0.0,0.0
A_linear,1,9.35,1.0000000000012543,0.030713044219334726,0.6046706304785463,0.060770384026973434,0.36461632530337357,8.025233995022944e-07,0.0307130442192962,0.6046706304777878,-2.7320604320772195,0.5618314315536469,0.0,0.0,0.0,0.0
A_linear,1,9.4,1.0000000000012668,0.03178055660634989,0.6024809302506812,0.0604095501796843,0.36573851314423556,7.190420422325598e-07,0.03178055660630963,0.602480930249918,-2.705055150554566,0.5186729240401344,0.0,0.0,0.0,0.0
A_linear,1,9.450000000000001,1.0000000000012792,0.03284778108345246,0.6005395721293016,0.059995033923837184,0.3666126467885248,6.379986975359883e-07,0.03284778108341044,0.6005395721285335,-2.6802050095779775,0.4755979544862255,0.0,0.0,0.0,0.0
A_linear,1,9.5,1.0000000000012916,0.033913416591374895,0.5988417550100025,0.05952959504790721,0.3672448283999142,5.609134728083634e-07,0.03391341659133109,0.598841755009229,-2.657504784292775,0.4326480342059867,0.0,0.0,0.0,0.0
A_linear,1,9.55,1.0000000000013043,0.03497620593450451,0.5973824125807238,0.05901603107263315,0.36764138148607595,4.892893755355332e-07,0.034976205934458895,0.5973824125799446,-2.6369472252010793,0.3898631824043547,0.0,0.0,0.0,0.0
A_linear,1,9.6,1.0000000000013176,0.03603493888612225,0.5961562514916018,0.058457161460974086,0.36780880962359375,4.245808387796935e-07,0.036034938886074765,0.5961562514908163,-2.6185231349639877,0.347281854833798,0.0,0.0,0.0,0.0
A_linear,1,9.65,1.0000000000013305,0.03708845482838532,0.5951577865647226,0.057855812906349,0.3677537586082226,3.68161835704444e-07,0.037088454828335976,0.5951577865639308,-2.602221448214891,0.3049408837046185,0.0,0.0,0.0,0.0
A_linear,1,9.700000000000001,1.0000000000013438,0.03813564494343417,0.5943813730778512,0.05721480571765852,0.3674829819800585,3.2129428685416806e-07,0.03813564494338292,0.5943813730770525,-2.588029313814563,0.2628754284663508,0.0,0.0,0.0,0.0
A_linear,1,9.75,1.0000000000013565,0.039175453975212216,0.5938212361932496,0.056536941307249636,0.3670033098328949,2.850974619705483e-07,0.03917545397515908,0.5938212361924441,-2.575932179005733,0.22111893703083985,0.0,0.0,0.0,0.0
A_linear,1,9.8,1.00000000000137,0.04020688158419493,0.5934714976334501,0.05582499077710268,0.3663216207837246,2.605190634508609e-07,0.04020688158413985,0.5934714976326371,-2.565913874954472,0.1797031169692696,0.0,0.0,0.0,0.0
A_linear,1,9.85,1.000000000001383,0.04122898331924839,0.5933261997304832,0.05508168458901565,0.3654448169516512,2.483086552186501e-07,0.04122898331919137,0.5933261997296627,-2.5579567031970827,0.1386579161846628,0.0,0.0,0.0,0.0
A_linear,1,9.9,1.0000000000013964,0.042240871232303426,0.5933793269940338,0.054309703296344644,0.3643798017750593,2.4899407247408197e-07,0.04224087123224444,0.5933793269932052,-2.552041522543762,0.09801151253755316,0.0,0.0,0.0,0.0
A_linear,1,9.950000000000001,1.0000000000014102,0.04324171416247582,0.5936248253576735,0.05351166930785111,0.363133460481261,2.6286141699290564e-07,0.04324171416241484,0.5936248253568364,-2.5481478360237064,0.05779031188457343,0.0,0.0,0.0,0.0
A_linear,1,10.0,1.000000000001424,0.044230737716721355,0.5940566192712577,0.052690139648292,0.36171264301344497,2.8993921012682096e-07,0.04423073771665837,0.5940566192704119,-2.546253877489767,0.018018953976917183,0.0,0.0,0.0,0.0
A_linear,1,10.05,1.0000000000014382,0.04520722397413762,0.5946686268122491,0.051847599675483094,0.36012414921505137,3.299872404094153e-07,0.045207223974072605,0.5946686268113939,-2.546336697534481,-0.02127967434279648,0.0,0.0,0.0,0.0
A_linear,1,10.1,1.000000000001452,0.04617051094065365,0.5954547729897309,0.050986457709585695,0.3583747160710674,3.824906016542424e-07,0.046170510940586613,0.5954547729888664,-2.5483722484024844,-0.06008441921136463,0.0,0.0,0.0,0.0
A_linear,1,10.15,1.000000000001466,0.04711999178014431,0.5964090014127491,0.05010904052721918,0.3564710068085726,4.466593662004449e-07,0.047119991780075234,0.5964090014118748,-2.5523354676172607,-0.09837583365105652,0.0,0.0,0.0,0.0
A_linear,1,10.200000000000001,1.0000000000014801,0.048055113847016356,0.5975252844898612,0.049217589670630314,0.3544196016646024,5.214342710363672e-07,0.048055113846945226,0.5975252844889768,-2.558200360072474,-0.13613614587686354,0.0,0.0,0.0,0.0
A_linear,1,10.25,1.000000000001494,0.04897537754409796,0.5987976323199482,0.048314258520486014,0.3522269901374479,6.054987064428766e-07,0.0489753775440248,0.5987976323190537,-2.5659400783698723,-0.17334922256674057,0.0,0.0,0.0,0.0
A_linear,1,10.3,1.0000000000015083,0.0498803350282731,0.6002201004258737,0.047401110079826655,0.34989956454736154,6.972971828363673e-07,0.04988033502819786,0.6002201004249683,-2.575527001216602,-0.2100005276498339,0.0,0.0,0.0,0.0
A_linear,1,10.35,1.000000000001523,0.05076958878479396,0.6017867964729207,0.04648011541630422,0.3474436147438085,7.950603088672466e-07,0.05076958878471664,0.6017867964720042,-2.586932809724892,-0.24607707715842292,0.0,0.0,0.0,0.0
A_linear,1,10.4,1.0000000000015374,0.051642790089625336,0.6034918861034503,0.04555315270992998,0.34486532380846174,8.968361422383744e-07,0.05164279008954594,0.6034918861025225,-2.6001285614857435,-0.2815673906773978,0.0,0.0,0.0,0.0
A_linear,1,10.450000000000001,1.000000000001552,0.052499637377570275,0.6053295980082684,0.04462200685415897,0.3421707646157135,1.0005275772237204e-06,0.05249963737748879,0.6053295980073288,-2.6150847623158127,-0.3164614399106608,0.0,0.0,0.0,0.0
A_linear,1,10.5,1.0000000000015667,0.05333987453233829,0.6072942283439784,0.0436883695591633,0.3393658971252499,1.1039352157167852e-06,0.053339874532254715,0.6072942283430269,-2.6317714356021895,-0.3507505948667516,0.0,0.0,0.0,0.0
A_linear,1,10.55,1.0000000000015814,0.054163289113179344,0.6093801445944693,0.04275383990753406,0.33645656629393283,1.204804941655922e-06,0.05416328911309369,0.6093801445935056,-2.6501581891932537,-0.38442756814637674,0.0,0.0,0.0,0.0
A_linear,1,10.6,1.000000000001596,0.054969710531244886,0.6115817889637017,0.04181992531435621,0.33344850050664965,1.3008791938767485e-06,0.05496971053115715,0.6115817889627256,-2.670214279804702,-0.41748635779245,0.0,0.0,0.0,0.0
A_linear,1,10.65,1.000000000001611,0.055759008187476596,0.6138936813763913,0.04088804284553476,0.33034731043774346,1.3899507241138645e-06,0.05575900818738677,0.6138936813754023,-2.6919086749277725,-0.4499221891389124,0.0,0.0,0.0,0.0
A_linear,1,10.700000000000001,1.000000000001626,0.056531089582577035,0.6163104221530599,0.03995952085039028,0.32715848826598903,1.4699174491557518e-06,0.056531089582485115,0.6163104221520578,-2.7152101122415413,-0.481731456068293,0.0,0.0,0.0,0.0
A_linear,1,10.75,1.000000000001641,0.05728589840849302,0.6188266944164059,0.039035600866793696,0.3238874071767421,1.5388368729002574e-06,0.05728589840839902,0.6188266944153905,-2.74008715654253,-0.5129116620600288,0.0,0.0,0.0,0.0
A_linear,1,10.8,1.0000000000016558,0.05802341262985127,0.6214372662770415,0.03811743975945797,0.3205393210947628,1.594978476304418e-06,0.058023412629755196,0.6214372662760126,-2.766508254212892,-0.5434613613823344,0.0,0.0,0.0,0.0
A_linear,1,10.85,1.000000000001671,0.058743642562921125,0.6241369928384624,0.037206112054392934,0.31711936460028756,1.6368724589513317e-06,0.05874364256282296,0.6241369928374193,-2.7944417852532277,-0.5733801007503346,0.0,0.0,0.0,0.0
A_linear,1,10.9,1.0000000000016864,0.05944662895894287,0.6269208180536392,0.03630261243494231,0.31363255298910414,1.6633532686651056e-06,0.05944662895884262,0.6269208180525819,-2.823856112907805,-0.6026683617425822,0.0,0.0,0.0,0.0
A_linear,1,10.950000000000001,1.000000000001702,0.0601324410980452,0.6297837764589211,0.03540785836723055,0.31008378244473545,1.6735964740379476e-06,0.06013244109794286,0.6297837764578492,-2.854719630909283,-0.631327504237307,0.0,0.0,0.0,0.0
A_linear,1,11.0,1.000000000001717,0.06080117489947023,0.6327209948049699,0.03452269282526173,0.30647783029727693,1.6671477130739054e-06,0.060801174899365824,0.6327209948038834,-2.887000808367319,-0.6593597110991031,0.0,0.0,0.0,0.0
A_linear,1,11.05,1.0000000000017328,0.061452951053427136,0.6357276935992604,0.03364788708831121,0.302819355349045,1.6439426795631922e-06,0.061452951053320645,0.6357276935981588,-2.9206682323215873,-0.6867679343163536,0.0,0.0,0.0,0.0
A_linear,1,11.1,1.000000000001748,0.06208791317958546,0.6387991885702087,0.03278414358567229,0.29911289825195403,1.6043173743703706e-06,0.062087913179476935,0.6387991885690921,-2.9556906479752088,-0.713555842759786,0.0,0.0,0.0,0.0
A_linear,1,11.15,1.0000000000017637,0.06270622601699306,0.641930892059239,0.0319320987662298,0.2953628819255316,1.549008137071502e-06,0.06270622601688247,0.6419308920581068,-2.9920369966202536,-0.7397277717030791,0.0,0.0,0.0,0.0
A_linear,1,11.200000000000001,1.0000000000017792,0.06330807365004126,0.6451183143440167,0.031092325972768252,0.29157361200772147,1.4791412697800645e-06,0.06330807364992862,0.6451183143428688,-3.029676451263336,-0.7652886742175675,0.0,0.0,0.0,0.0
A_linear,1,11.25,1.0000000000017952,0.06389365777499102,0.6483570648935997,0.03026533830336747,0.28774927733320455,1.3962123561853886e-06,0.06389365777487632,0.6483570648924357,-3.068578449956892,-0.790244074524805,0.0,0.0,0.0,0.0
A_linear,1,11.3,1.0000000000018108,0.0644631960114994,0.6516428535543597,0.02945159144467586,0.2838939504359518,1.302055654247228e-06,0.06446319601138267,0.6516428535531797,-3.1087127268408024,-0.81460002336313,0.0,0.0,0.0,0.0
A_linear,1,11.35,1.0000000000018272,0.06501692026353145,0.6549714916641103,0.028651486464273093,0.28001158807418536,1.1988041931461696e-06,0.06501692026341266,0.6549714916629135,-3.1500493408998267,-0.8383630553976166,0.0,0.0,0.0,0.0
A_linear,1,11.4,1.0000000000018432,0.06555507513398878,0.6583388930908811,0.027865372551702842,0.276106031776973,1.0888414303807201e-06,0.06555507513386795,0.6583388930896676,-3.192558702444764,-0.8615401486770158,0.0,0.0,0.0,0.0
A_linear,1,11.450000000000001,1.0000000000018592,0.06607791639731733,0.661741075192165,0.02709354970002613,0.2721810084123767,9.74745522919486e-07,0.06607791639719449,0.6617410751909346,-3.236211597329298,-0.8841386861169156,0.0,0.0,0.0,0.0
A_linear,1,11.5,1.0000000000018754,0.06658570953425001,0.6651741596901014,0.02633627132188849,0.268240130777524,8.592274392862264e-07,0.06658570953412514,0.665174159688854,-3.280979208919835,-0.906166418965656,0.0,0.0,0.0,0.0
A_linear,1,11.55,1.0000000000018916,0.06707872833268574,0.6686343734579572,0.02559374679604644,0.26428689821124873,7.450642910538016e-07,0.06707872833255886,0.6686343734566924,-3.3268331378420646,-0.9276314321890298,0.0,0.0,0.0,0.0
A_linear,1,11.6,1.0000000000019076,0.06755725355848333,0.6721180492133133,0.024866143942033965,0.260324697230111,6.350293961136216e-07,0.06755725355835446,0.6721180492120312,-3.3737454195351457,-0.9485421116919791,0.0,0.0,0.0,0.0
A_linear,1,11.65,1.000000000001924,0.06802157169964664,0.6756216261135308,0.024153591422117277,0.2563568021887466,5.318207045474346e-07,0.06802157169951575,0.6756216261122309,-3.4216885396520986,-0.9689071132807593,0.0,0.0,0.0,0.0
A_linear,1,11.700000000000001,1.0000000000019404,0.0684719737869903,0.6791416502493295,0.023456181070871256,0.25238637596562075,4.3798932095969795e-07,0.06847197378685743,0.6791416502480117,-3.470635447353033,-0.9887353332579,0.0,0.0,0.0,0.0
A_linear,1,11.75,1.000000000001957,0.06890875429389315,0.6826747750326159,0.02277397015360073,0.2484164706754482,3.5586994115395186e-07,0.06890875429375828,0.6826747750312798,-3.5205595665462552,-1.008035880534976,0.0,0.0,0.0,0.0
A_linear,1,11.8,1.000000000001973,0.0693322101171766,0.686217761475024,0.022106983555427808,0.24445002840977256,2.8751507961020207e-07,0.0693322101170398,0.6862177614736701,-3.5714348051407283,-1.0268180501449164,0.0,0.0,0.0,0.0
A_linear,1,11.85,1.00000000000199,0.06974263964048545,0.6897674783539897,0.021455215903188125,0.2404898820075147,2.3463498738432486e-07,0.06974263964034666,0.6897674783526171,-3.6232355623825057,-1.0450912980363685,0.0,0.0,0.0,0.0
A_linear,1,11.9,1.0000000000020064,0.07014034188081592,0.6933209022635264,0.020818633622360777,0.236538755857664,1.9854513656631082e-07,0.07014034188067518,0.6933209022621353,-3.675936734356988,-1.0628652170372148,0.0,0.0,0.0,0.0
A_linear,1,11.950000000000001,1.000000000002023,0.07052561571804092,0.6968751175472538,0.020197176931143354,0.23259926673672826,1.801230651681751e-07,0.07052561571789824,0.6968751175458441,-3.7295137177488193,-1.0801495138824746,0.0,0.0,0.0,0.0
A_linear,1,12.0,1.0000000000020393,0.07089875920644421,0.700427316111589,0.019590761773508637,0.22867392468400577,1.7977622501948216e-07,0.07089875920629964,0.7004273161101607,-3.783942411961654,-1.0969539872128853,0.0,0.0,0.0,0.0
A_linear,1,12.05,1.0000000000020555,0.07126006896641673,0.7039747971174093,0.01899928169270928,0.22476513391822953,1.9742224770265782e-07,0.07126006896627027,0.7039747971159623,-3.8391992197107836,-1.113288506463887,0.0,0.0,0.0,0.0
A_linear,1,12.1,1.0000000000020717,0.07160983965361124,0.7075149665488857,0.018422609646260923,0.22087519379957493,2.324827376001513e-07,0.07160983965346289,0.70751496654742,-3.895261046212595,-1.1291629915797337,0.0,0.0,0.0,0.0
A_linear,1,12.15,1.000000000002088,0.07194836350202014,0.7110453366586245,0.017860599762982928,0.21700629984144346,2.8389132080464134e-07,0.0719483635018699,0.7110453366571398,-3.95210529710548,-1.1445873935033375,0.0,0.0,0.0,0.0
A_linear,1,12.200000000000001,1.0000000000021043,0.07227592993665896,0.7145635252886792,0.017313089042230025,0.21316054477676605,3.501162345317101e-07,0.07227592993650687,0.7145635252871755,-4.009709875246744,-1.1595716754084873,0.0,0.0,0.0,0.0
A_linear,1,12.25,1.0000000000021207,0.07259282525082777,0.7180672550674716,0.016779898995032596,0.20933991968382148,4.2919725101474736e-07,0.07259282525067383,0.7180672550659487,-4.068053176538319,-1.1741257946565513,0.0,0.0,0.0,0.0
A_linear,1,12.3,1.0000000000021372,0.07289933234230377,0.721554352483133,0.016260837226485785,0.20554631517670044,5.18796215117297e-07,0.07289933234214797,0.7215543524815909,-4.127114084940354,-1.1882596854742429,0.0,0.0,0.0,0.0
A_linear,1,12.35,1.0000000000021538,0.0731957305023099,0.7250227468342937,0.01575569895838884,0.20178152266555013,6.162599625492858e-07,0.07319573050215225,0.7250227468327322,-4.186871966834965,-1.2019832423619683,0.0,0.0,0.0,0.0
A_linear,1,12.4,1.0000000000021703,0.07348229525071732,0.728470469059843,0.015264268490841924,0.19804723569161,7.186939033246112e-07,0.07348229525055786,0.7284704690582621,-4.247306664902068,-1.2153063042534555,0.0,0.0,0.0,0.0
A_linear,1,12.450000000000001,1.0000000000021867,0.07375929821069124,0.7318956504497204,0.014786320601238858,0.19434505134177546,8.230441299560055e-07,0.07375929821052996,0.73189565044812,-4.308398491665058,-1.2282386394565759,0.0,0.0,0.0,0.0
A_linear,1,12.5,1.000000000002203,0.0740270070158803,0.735296521239312,0.014321621878867027,0.1906764717470108,9.261855652151009e-07,0.07402700701571722,0.7352965212376922,-4.370128222855456,-1.2407899314124482,0.0,0.0,0.0,0.0
A_linear,1,12.55,1.00000000000222,0.07428568524329027,0.7386714090905521,0.013869931993132672,0.18704290566837764,1.0250134181807824e-06,0.07428568524312536,0.7386714090889123,-4.43247709073304,-1.2529697653150296,0.0,0.0,0.0,0.0
A_linear,1,12.6,1.000000000002237,0.074535592365168,0.7420187374633205,0.013431004893274706,0.1834456701737486,1.1165350806235867e-06,0.07453559236500126,0.7420187374616605,-4.495426777481333,-1.264787615636474,0.0,0.0,0.0,0.0
A_linear,1,12.65,1.0000000000022535,0.07477698371355482,0.7453370238812416,0.013004589937348527,0.1798859924074571,1.1979595719562318e-06,0.0747769837133863,0.7453370238795619,-4.55895940877844,-1.2762528346045887,0.0,0.0,0.0,0.0
A_linear,1,12.700000000000001,1.00000000000227,0.07501011045163512,0.7486248780964422,0.012590432948248664,0.17636501145419253,1.2667817258042188e-06,0.07501011045146486,0.7486248780947429,-4.623057547620918,-1.2873746416777911,0.0,0.0,0.0,0.0
A_linear,1,12.75,1.0000000000022866,0.07523521954660398,0.7518810001582741,0.012188277194640707,0.17288378029740847,1.3208584941161641e-06,0.07523521954643195,0.7518810001565548,-4.687704188454305,-1.2981621140599728,0.0,0.0,0.0,0.0
A_linear,1,12.8,1.0000000000023026,0.07545255373948849,0.7551041783914412,0.01179786429489484,0.16944326787137307,1.3584750103371024e-06,0.07545255373931475,0.7551041783897025,-4.752882751639597,-1.3086241782927066,0.0,0.0,0.0,0.0
A_linear,1,12.85,1.0000000000023195,0.07566235150816254,0.7582932872893727,0.01141893504249338,0.1660443612047841,1.3783983834706506e-06,0.07566235150798704,0.7582932872876139,-4.818577078261053,-1.3187696029551537,0.0,0.0,0.0,0.0
A_linear,1,12.9,1.0000000000023357,0.07586484702067971,0.7614472853290558,0.01105123015190952,0.16268786765260024,1.3799175716010535e-06,0.07586484702050252,0.7614472853272773,-4.884771425258138,-1.3286069924928883,0.0,0.0,0.0,0.0
A_linear,1,12.950000000000001,1.0000000000023521,0.07606027007698297,0.7645652127139347,0.01069449092464841,0.1593745172114346,1.3628680897951906e-06,0.07606027007680408,0.7645652127121364,-4.951450460844357,-1.3381447821857702,0.0,0.0,0.0,0.0
A_linear,1,13.0,1.0000000000023694,0.07624884603801038,0.7676461890518202,0.010348459835973727,0.1561049649125385,1.3276407297718436e-06,0.07624884603782972,0.7676461890500014,-5.0185992601581555,-1.347391234251977,0.0,0.0,0.0,0.0
A_linear,1,13.05,1.0000000000023863,0.07643079574217468,0.7706894109751272,0.010012881043791996,0.1528797932850845,1.2751738976081268e-06,0.0764307957419923,0.7706894109732881,-5.086203301076936,-1.356354435070805,0.0,0.0,0.0,0.0
A_linear,1,13.1,1.000000000002403,0.07660633541012075,0.77369414971109,0.0096875008221939,0.14969951488119232,1.2069296053398122e-06,0.07660633540993667,0.7736941497092308,-5.154248460114269,-1.365042293491052,0.0,0.0,0.0,0.0
A_linear,1,13.15,1.0000000000024205,0.07677567653953153,0.7766597486099627,0.009372067923206943,0.14656457485292607,1.1248535798716478e-06,0.0767756765393457,0.7766597486080827,-5.222721008312844,-1.373462540175415,0.0,0.0,0.0,0.0
A_linear,1,13.200000000000001,1.000000000002437,0.07693902579252802,0.7795856206395129,0.00906633387133716,0.14347535357039634,1.0313203773733106e-06,0.07693902579234053,0.779585620637613,-5.291607607041241,-1.3816227279148285,0.0,0.0,0.0,0.0
A_linear,1,13.25,1.0000000000024538,0.07709658487887301,0.7824712458544477,0.0087700531964232,0.14043216926913324,9.290648119176414e-07,0.07709658487868383,0.7824712458525277,-5.360895303601256,-1.3895302328308703,0.0,0.0,0.0,0.0
A_linear,1,13.3,1.0000000000024705,0.07724855043871393,0.7853161688496471,0.008482983611127063,0.1374352807141099,8.211014208886201e-07,0.07724855043852309,0.7853161688477069,-5.430571526553933,-1.397192256369927,0.0,0.0,0.0,0.0
A_linear,1,13.35,1.0000000000024878,0.07739511392896987,0.7881199962062935,0.008204886140015443,0.13448488986722446,7.106340896247514e-07,0.07739511392877733,0.7881199962043328,-5.500624080676448,-1.4046158279804797,0.0,0.0,0.0,0.0
A_linear,1,13.4,1.000000000002505,0.07753646151767897,0.7908823939401093,0.007935525207599613,0.13158114454471664,6.009583333464557e-07,0.07753646151748474,0.7908823939381281,-5.571041141468771,-1.4118078083553012,0.0,0.0,0.0,0.0
A_linear,1,13.450000000000001,1.0000000000025226,0.07767277399065199,0.7936030849609271,0.007674668692890551,0.12872414105094343,4.953590695584973e-07,0.07767277399045605,0.7936030849589252,-5.641811249138131,-1.4187748931140196,0.0,0.0,0.0,0.0
A_linear,1,13.5,1.0000000000025393,0.07780422667464451,0.7962818465527197,0.007422087957988508,0.1259139267751753,3.9700698964343906e-07,0.07780422667444695,0.7962818465506977,-5.712923302001224,-1.4255236167987968,0.0,0.0,0.0,0.0
A_linear,1,13.55,1.0000000000025566,0.07793098938095769,0.7989185078829812,0.007177557857971794,0.12315050273861783,3.0885683221675215e-07,0.07793098938075844,0.7989185078809388,-5.784366549258555,-1.4320603570568922,0.0,0.0,0.0,0.0
A_linear,1,13.6,1.000000000002574,0.07805322637292175,0.8015129475499441,0.006940856738908234,0.12043382607970798,2.335509512325505e-07,0.07805322637272084,0.801512947547881,-5.856130583112306,-1.4383913388886143,0.0,0.0,0.0,0.0
A_linear,1,13.65,1.0000000000025902,0.07817109636012678,0.8040650911756,0.006711766430211709,0.11776381246686349,1.733315397314657e-07,0.07817109635992431,0.8040650911735173,-5.928205330218685,-1.4445226388473726,0.0,0.0,0.0,0.0
A_linear,1,13.700000000000001,1.0000000000026075,0.07828475252155975,0.8065749090517931,0.006490072236848143,0.11514033842925468,1.2996470165353678e-07,0.07828475252135562,0.80657490904969,-6.000581042487249,-1.450460189089778,0.0,0.0,0.0,0.0
A_linear,1,13.75,1.000000000002625,0.0783943425590122,0.8090424138458405,0.006275562936089095,0.11256324359777256,1.0467925346625038e-07,0.07839434255880642,0.8090424138437168,-6.073248287262873,-1.4562097811875008,0.0,0.0,0.0,0.0
A_linear,1,13.8,1.000000000002642,0.07850000878126627,0.8114676583712295,0.0060680307826601375,0.11003233285014649,9.812268794708656e-08,0.07850000878105887,0.8114676583690855,-6.146197936949911,-1.4617770696282937,0.0,0.0,0.0,0.0
A_linear,1,13.85,1.0000000000026592,0.07860188821867617,0.8138507334279387,0.005867271525250072,0.10754737835604433,1.1033615813117972e-07,0.07860188821846716,0.8138507334257745,-6.219421158161749,-1.4671675749504967,0.0,0.0,0.0,0.0
A_linear,1,13.9,1.0000000000026763,0.07870011276686861,0.8161917657158839,0.005673084436466761,0.10510812151992367,1.407496636457043e-07,0.07870011276665799,0.8161917657136996,-6.292909400501272,-1.472386686472948,0.0,0.0,0.0,0.0
A_linear,1,13.950000000000001,1.0000000000026932,0.07879480935741696,0.8184909158239619,0.005485272357456457,0.10271427482131465,1.8819787623482332e-07,0.07879480935720476,0.8184909158217576,-6.366654385097439,-1.4774396645998777,0.0,0.0,0.0,0.0
A_linear,1,14.0,1.0000000000027105,0.07888610015253068,0.8207483762961238,0.005303641757548445,0.1003655235540563,2.5095626370488135e-07,0.07888610015231687,0.8207483762938992,-6.44064809303909,-1.4823316426975681,0.0,0.0,0.0,0.0
A_linear,1,14.05,1.000000000002728,0.07897410276006937,0.8229643697749434,0.005128002808466492,0.09806152746771529,3.267964019327922e-07,0.07897410275985393,0.8229643697726983,-6.514882753858167,-1.487067628555957,0.0,0.0,0.0,0.0
A_linear,1,14.1,1.000000000002745,0.07905893046456607,0.8251391472222266,0.004958169471849601,0.09580192231595228,4.130586420915224e-07,0.07905893046434906,0.8251391472199616,-6.589350834219865,-1.4916525054635417,0.0,0.0,0.0,0.0
A_linear,1,14.15,1.0000000000027622,0.0791406924694486,0.8272729862153926,0.004793959598081566,0.09358632131792081,5.067396598865832e-07,0.07914069246923,0.8272729862131074,-6.664045026976506,-1.4960910329376618,0.0,0.0,0.0,0.0
A_linear,1,14.200000000000001,1.000000000002779,0.07921949414530131,0.8293661893176012,0.004635195033726164,0.09141431653987651,6.045918833337916e-07,0.07921949414508116,0.8293661893152963,-6.73895824073465,-1.5003878471642897,0.0,0.0,0.0,0.0
A_linear,1,14.25,1.000000000002796,0.07929543727882324,0.8314190825189636,0.004481701734250716,0.0892854802050093,7.03231394684038e-07,0.07929543727860153,0.831419082516639,-6.814083590071877,-1.5045474612116105,0.0,0.0,0.0,0.0
A_linear,1,14.3,1.000000000002813,0.07936862031712856,0.8334320137455824,0.004333309878196525,0.08719936594010232,7.992506401433466e-07,0.0793686203169053,0.8334320137432378,-6.889414386520796,-1.5085742650897198,0.0,0.0,0.0,0.0
A_linear,1,14.35,1.00000000000283,0.0794391386021979,0.83540535143269,0.00418985397856165,0.08515550996794226,8.893321587197635e-07,0.07943913860197309,0.8354053514303259,-6.96494413041468,-1.5124725257345761,0.0,0.0,0.0,0.0
A_linear,1,14.4,1.000000000002847,0.07950708459062766,0.8373394831577244,0.004051172986919489,0.08315343225449508,9.703595516386823e-07,0.0795070845904013,0.8373394831553405,-7.040666503662414,-1.5162463869976701,0.0,0.0,0.0,0.0
A_linear,1,14.450000000000001,1.000000000002864,0.079572548054329,0.8392348143288432,0.00391711038573525,0.0811926376196919,1.039522043904166e-06,0.07957254805410112,0.8392348143264396,-7.116575363491624,-1.5198998697235249,0.0,0.0,0.0,0.0
A_linear,1,14.5,1.0000000000028808,0.07963561625848233,0.8410917669241184,0.0037875142644740374,0.07927261682028004,1.0944092241178802e-06,0.07963561625825291,0.8410917669216953,-7.192664737169197,-1.5234368719950713,0.0,0.0,0.0,0.0
A_linear,1,14.55,1.0000000000028972,0.07969637411383622,0.8429107782764883,0.0036622373754323593,0.07739284761257277,1.1330928719310841e-06,0.07969637411360532,0.8429107782740461,-7.268928817679188,-1.52686116962198,0.0,0.0,0.0,0.0
A_linear,1,14.6,1.0000000000029137,0.0797549043013276,0.8446922998994817,0.003541137165761702,0.07555279580210443,1.1541931800290119e-06,0.07975490430109522,0.8446922998970205,-7.345361960310055,-1.5301764169392285,0.0,0.0,0.0,0.0
A_linear,1,14.65,1.0000000000029308,0.07981128736795301,0.8464367963488115,0.0034240757828676743,0.07375191628616612,1.1569271380779157e-06,0.0798112873677191,0.8464367963463308,-7.4219586800777515,-1.5333861479727402,0.0,0.0,0.0,0.0
A_linear,1,14.700000000000001,1.0000000000029476,0.07986560179381656,0.8481447441151425,0.003310920051237905,0.07198965409398866,1.141137361293554e-06,0.07986560179358115,0.8481447441126425,-7.498713649888267,-1.536493778016046,0.0,0.0,0.0,0.0
A_linear,1,14.75,1.0000000000029639,0.0799179240312667,0.8498166305437229,0.0032015414197250807,0.07026544542797429,1.1073002104233836e-06,0.07991792403102983,0.8498166305412042,-7.575621699323901,-1.5395026056470595,0.0,0.0,0.0,0.0
A_linear,1,14.8,1.00000000000298,0.07996832851798719,0.8514529527771074,0.0030958158793451002,0.06857871870788557,1.0565126583270779e-06,0.07996832851774888,0.85145295277457,-7.652677813921774,-1.5424158151978122,0.0,0.0,0.0,0.0
A_linear,1,14.85,1.000000000002997,0.0800168876667847,0.8530542167178892,0.002993623852682112,0.06692889561832296,9.904580051478226e-07,0.0800168876665449,0.8530542167153327,-7.729877134800967,-1.5452364796729559,0.0,0.0,0.0,0.0
A_linear,1,14.9,1.0000000000030136,0.08006367183558333,0.8546209360092132,0.0028948500569786024,0.06531539215821708,9.113512205880147e-07,0.08006367183534205,0.8546209360066377,-7.807214958486647,-1.5479675640958521,0.0,0.0,0.0,0.0
A_linear,1,14.950000000000001,1.00000000000303,0.08010874928177335,0.8561536310317828,0.002799383343870963,0.06373761968947389,8.218653844513134e-07,0.08010874928153061,0.8561536310291886,-7.884686736775503,-1.5506119292447798,0.0,0.0,0.0,0.0
A_linear,1,15.0,1.0000000000030458,0.08015218610553812,0.8576528279170945,0.0027071165194746116,0.062194985980413287,7.250413856486944e-07,0.080152186105294,0.8576528279144823,-7.962288076487019,-1.553172335727059,0.0,0.0,0.0,0.0
A_linear,1,15.05,1.0000000000030624,0.08019404618708717,0.8591190575776705,0.0026179461490982276,0.06068689623830496,6.241836998152467e-07,0.08019404618684157,0.8591190575750395,-8.040014738949692,-1.55565144832626,0.0,0.0,0.0,0.0
A_linear,1,15.1,1.0000000000030789,0.08023439112284797,0.860552854756053,0.0025317723512585776,0.05921275412417796,5.227456654310826e-07,0.08023439112260095,0.8605528547534035,-8.117862639080705,-1.5580518405477468,0.0,0.0,0.0,0.0
A_linear,1,15.15,1.0000000000030955,0.08027328016560728,0.8619547570952533,0.002448498585868484,0.057771962742234916,4.242081842062133e-07,0.0802732801653588,0.8619547570925851,-8.19582784393144,-1.5603759992809338,0.0,0.0,0.0,0.0
A_linear,1,15.200000000000001,1.0000000000031117,0.08031077017335403,0.8633253042340833,0.002368031441494396,0.056363925595674526,3.31956149021073e-07,0.08031077017310412,0.8633253042313969,-8.273906570590338,-1.562626329493029,0.0,0.0,0.0,0.0
A_linear,1,15.25,1.000000000003129,0.08034691557116742,0.864665036931415,0.0022902804264361824,0.054988047500546415,2.491571211743022e-07,0.08034691557091601,0.8646650369287094,-8.352095183357873,-1.5648051588686702,0.0,0.0,0.0,0.0
A_linear,1,15.3,1.0000000000031455,0.08038176832993504,0.8659744962237655,0.0022151577680970713,0.053643735449444986,1.786468136714128e-07,0.0803817683296822,0.8659744962210416,-8.430390190136423,-1.5669147423127066,0.0,0.0,0.0,0.0
A_linear,1,15.35,1.0000000000031621,0.08041537796499398,0.8672542226207898,0.002142578224702531,0.052330399417378576,1.2282577461175188e-07,0.0804153779647397,0.8672542226180474,-8.508788238008849,-1.5689572662390192,0.0,0.0,0.0,0.0
A_linear,1,15.4,1.0000000000031781,0.08044779155699046,0.8685047553431775,0.002072458912924486,0.05104745310301023,8.357130209064659e-08,0.08044779155673479,0.8685047553404173,-8.587286108013483,-1.5709348525764184,0.0,0.0,0.0,0.0
A_linear,1,15.450000000000001,1.000000000003195,0.08047905379637553,0.8697266316072229,0.002004719154385476,0.049794314599596726,6.216807071444739e-08,0.0804790537961184,0.8697266316044441,-8.665880709157893,-1.5728495624328818,0.0,0.0,0.0,0.0
A_linear,1,15.5,1.0000000000032123,0.08050920705202834,0.8709203859598706,0.0019392803433743754,0.04857040699131331,5.9260233917133276e-08,0.08050920705176971,0.870920385957073,-8.744569071748233,-1.5747033993711346,0.0,0.0,0.0,0.0
A_linear,1,15.55,1.0000000000032285,0.08053829146355179,0.8720865496675045,0.001876065837419123,0.047375158872172154,7.482692148223123e-08,0.08053829146329178,0.872086549664689,-8.823348340143285,-1.576498312261489,0.0,0.0,0.0,0.0
A_linear,1,15.6,1.0000000000032452,0.08056634505585678,0.8732256501610406,0.0018150008716408064,0.04620800478634778,1.0818212194761158e-07,0.08056634505559532,0.8732256501582069,-8.902215765070654,-1.5782361976913846,0.0,0.0,0.0,0.0
A_linear,1,15.65,1.0000000000032618,0.0805934038737647,0.8743382105391293,0.0017560124970674058,0.045068385590367625,1.579989738404277e-07,0.0805934038735018,0.8743382105362774,-8.981168695665763,-1.5799189019248705,0.0,0.0,0.0,0.0
A_linear,1,15.700000000000001,1.0000000000032783,0.08061950213355512,0.8754247491304954,0.001699029542333805,0.04395574873922776,2.2235753710133886e-07,0.08061950213329083,0.8754247491276255,-9.06020457141081,-1.581548222418994,0.0,0.0,0.0,0.0
A_linear,1,15.75,1.0000000000032947,0.08064467238768734,0.8764857791155847,0.0016439825974464666,0.04286954850002258,2.988142224308854e-07,0.08064467238742164,0.8764857791126969,-9.139320914159825,-1.5831259089172323,0.0,0.0,0.0,0.0
A_linear,1,15.8,1.0000000000033111,0.08066894569836594,0.8775218082068684,0.0015908040175689666,0.04180924609807664,3.8449026012788e-07,0.08066894569809883,0.8775218082039629,-9.218515320436945,-1.5846536641525923,0.0,0.0,0.0,0.0
A_linear,1,15.85,1.000000000003328,0.08069235181521911,0.8785333383862948,0.0015394279441166565,0.04077430980181425,4.761759205990567e-07,0.08069235181495056,0.878533338383371,-9.297785454188254,-1.586133144204299,0.0,0.0,0.0,0.0
A_linear,1,15.9,1.0000000000033447,0.08071491935213708,0.8795208656975387,0.0014897903398535537,0.039764214953668754,5.704466744981664e-07,0.08071491935186711,0.8795208656945971,-9.377129040152942,-1.5875659585619277,0.0,0.0,0.0,0.0
A_linear,1,15.950000000000001,1.0000000000033613,0.08073667595828526,0.8804848800898725,0.001441829034203005,0.0387784439552035,6.637871099140286e-07,0.08073667595801388,0.8804848800869128,-9.45654385799869,-1.5889536699590114,0.0,0.0,0.0,0.0
A_linear,1,16.0,1.000000000003378,0.0807576484784683,0.8814258653096363,0.0013954837746327654,0.03781648621527332,7.527182064049489e-07,0.0807576484781955,0.8814258653066589,-9.536027737339609,-1.5902977940443055,0.0,0.0,0.0,0.0
A_linear,1,16.05,1.0000000000033944,0.08077786309837441,0.8823442988345311,0.0013506962797897796,0.03687783807048878,8.339234944249415e-07,0.08077786309810021,0.8823442988315361,-9.615578553724564,-1.5915997989627375,0.0,0.0,0.0,0.0
A_linear,1,16.1,1.0000000000034104,0.0807973454707614,0.8832406518452065,0.0013074102900482516,0.035962002687442554,9.043696931747448e-07,0.08079734547048585,0.8832406518421944,-9.695194225650493,-1.5928611049193848,0.0,0.0,0.0,0.0
A_linear,1,16.15,1.0000000000034273,0.0808161208193374,0.8841153892279885,0.0012655716113125857,0.035068489956101276,9.614176092299926e-07,0.08081612081906042,0.8841153892249584,-9.774872712620763,-1.594083083798457,0.0,0.0,0.0,0.0
A_linear,1,16.2,1.000000000003444,0.08083421401791352,0.8849689696020708,0.0012251281482741087,0.034196816383459436,1.0029193826225169e-06,0.08083421401763513,0.884968969599023,-9.854612014234084,-1.5952670589051878,0.0,0.0,0.0,0.0
A_linear,1,16.25,1.0000000000034603,0.08085164964332779,0.8858018453641617,0.001186029923849751,0.03334650499597059,1.0272985792862376e-06,0.08085164964304802,0.8858018453610965,-9.934410170256127,-1.596414304891794,0.0,0.0,0.0,0.0
A_linear,1,16.3,1.000000000003476,0.08086845200162515,0.8866144627434172,0.0011482290821971074,0.0325170852584339,1.0336101442144993e-06,0.08086845200134404,0.8866144627403352,-10.014265261594394,-1.597526047919524,0.0,0.0,0.0,0.0
A_linear,1,16.35,1.0000000000034923,0.08088464512797974,0.8874072618595987,0.0011116798734777445,0.031708093015913874,1.0215778450980497e-06,0.08088464512769727,0.8874072618564997,-10.094175412068351,-1.5986034660975774,0.0,0.0,0.0,0.0
A_linear,1,16.4,1.0000000000035087,0.08090025276182969,0.8881806767777328,0.0010763386193775562,0.030919070463946034,9.916075471521001e-07,0.08090025276154583,0.8881806767746164,-10.174138790841537,-1.5996476902268364,0.0,0.0,0.0,0.0
A_linear,1,16.45,1.0000000000035252,0.08091529829961278,0.8889351355531585,0.001042163659254586,0.030149566150753784,9.447754588922756e-07,0.08091529829932753,0.8889351355500249,-10.25415361536091,-1.6006598048624987,0.0,0.0,0.0,0.0
A_linear,1,16.5,1.0000000000035412,0.08092980472831345,0.8896710602616935,0.0010091152776173342,0.02939913501353413,8.827913613171924e-07,0.08092980472802686,0.889671060258543,-10.334218154632087,-1.6016408496954568,0.0,0.0,0.0,0.0
A_linear,1,16.55,1.0000000000035574,0.08094379454371971,0.8903888670107218,0.000977155614408901,0.028667338449115773,8.079377575172974e-07,0.08094379454343176,0.8903888670075544,-10.414330732647178,-1.602591821238273,0.0,0.0,0.0,0.0
A_linear,1,16.6,1.0000000000035736,0.08095728965782335,0.8910889659282138,0.0009462485602446413,0.027953744417536352,7.229868241715696e-07,0.08095728965753404,0.8910889659250295,-10.494489731775722,-1.6035136747885612,0.0,0.0,0.0,0.0
A_linear,1,16.65,1.0000000000035894,0.08097031130015288,0.8917717611280428,0.0009163596393038518,0.027257927575393876,6.310979708643873e-07,0.08097031129986225,0.8917717611248419,-10.574693595929027,-1.6044073266309877,0.0,0.0,0.0,0.0
A_linear,1,16.7,1.000000000003606,0.08098287991800121,0.8924376506513146,0.0008874558829924257,0.026579469434290154,5.356996704551433e-07,0.08098287991770918,0.8924376506480965,-10.65494083331454,-1.6052736564295007,0.0,0.0,0.0,0.0
A_linear,1,16.75,1.0000000000036215,0.08099501508048974,0.8930870263847668,0.0008595056977670698,0.02591795853836505,4.4035996403406204e-07,0.08099501508019642,0.8930870263815325,-10.735230018610004,-1.6061135097540475,0.0,0.0,0.0,0.0
A_linear,1,16.8,1.000000000003637,0.08100673539120747,0.8937202739585441,0.0008324787306481705,0.02527299065388558,3.486506184177784e-07,0.08100673539091284,0.8937202739552936,-10.815559794406893,-1.6069277006812657,0.0,0.0,0.0,0.0
A_linear,1,16.85,1.0000000000036529,0.08101805841377849,0.8943377726267289,0.0008063457359501468,0.024644168963145818,2.640102806472897e-07,0.08101805841348254,0.8943377726234619,-10.895928871799532,-1.607717014406374,0.0,0.0,0.0,0.0
A_linear,1,16.9,1.0000000000036688,0.08102900061417123,0.894939895134918,0.0007810784466434419,0.024031104254579466,1.8961210130370648e-07,0.08102900061387396,0.8949398951316346,-10.976336030028193,-1.608482209803806,0.0,0.0,0.0,0.0
A_linear,1,16.95,1.0000000000036848,0.08103957732287656,0.8955270075798217,0.0007566494535373427,0.02343341510098653,1.2824117081896166e-07,0.08103957732257794,0.8955270075765218,-11.056780115122494,-1.6092240218767868,0.0,0.0,0.0,0.0
A_linear,1,17.0,1.0000000000037008,0.08104980271928308,0.896099469266295,0.0007330320951582349,0.02285072801812253,8.218673163048247e-08,0.08104980271898313,0.8960994692629787,-11.137260037531728,-1.6099431640408242,0.0,0.0,0.0,0.0
A_linear,1,17.05,1.000000000003716,0.08105968983969078,0.8966576325674724,0.0007102003607993105,0.02228267759655283,5.315351341856996e-08,0.08105968983938956,0.8966576325641405,-11.217774768771854,-1.6106403301927306,0.0,0.0,0.0,0.0
A_linear,1,17.1,1.0000000000037317,0.08106925060945984,0.8972018427936739,0.0006881288087533713,0.021728906600597925,4.219572413592291e-08,0.08106925060915732,0.8972018427903258,-11.298323337161031,-1.6113161965248657,0.0,0.0,0.0,0.0
A_linear,1,17.150000000000002,1.0000000000037472,0.08107849589882556,0.8977324380755919,0.0006667925012148007,0.02118906602932986,4.9676264623689966e-08,0.08107849589852174,0.8977324380722279,-11.378904822755821,-1.6119714230536208,0.0,0.0,0.0,0.0
A_linear,1,17.2,1.0000000000037625,0.08108743560095558,0.8982497492669349,0.0006461669567669084,0.020662815135872373,7.525267557370364e-08,0.08108743560065049,0.8982497492635552,-11.45951835163571,-1.6126066548412579,0.0,0.0,0.0,0.0
A_linear,1,17.25,1.000000000003778,0.08109607872991882,0.8987540998712102,0.0006262281207658523,0.02014982140264887,1.1789023141005288e-07,0.08109607872961243,0.8987540998678146,-11.540163089713266,-1.6132225229008677,0.0,0.0,0.0,0.0
A_linear,1,17.3,1.0000000000037934,0.08110443353541161,0.8992458059967184,0.0006069523533093998,0.01964976047166347,1.7590152216730015e-07,0.08110443353510395,0.8992458059933073,-11.620838236268979,-1.6138196447850228,0.0,0.0,0.0,0.0
A_linear,1,17.35,1.0000000000038087,0.08111250763037996,0.8997251763430897,0.0005883164338569449,0.019162316030339015,2.470108599155579e-07,0.08111250763007102,0.8997251763396629,-11.701543017422598,-1.6143986248693998,0.0,0.0,0.0,0.0
A_linear,1,17.400000000000002,1.0000000000038243,0.08112030812711647,0.9001925122218687,0.0005702975809678103,0.01868717965483897,3.2844094805001803e-07,0.08112030812680625,0.9001925122184261,-11.782276679756865,-1.6149600543528881,0.0,0.0,0.0,0.0
A_linear,1,17.45,1.00000000000384,0.0811278417770216,0.9006481076126954,0.0005528734850727151,0.018224050614123036,4.170184849100702e-07,0.08112784177671008,0.9006481076092369,-11.863038484303567,-1.6155045110051698,0.0,0.0,0.0,0.0
A_linear,1,17.5,1.0000000000038551,0.08113511510902549,0.9010922492556229,0.0005360223517169911,0.017772635639206967,5.092947508665923e-07,0.0811351151087127,0.901092249252149,-11.943827701087898,-1.6160325587011104,0.0,0.0,0.0,0.0
A_linear,1,17.55,1.0000000000038702,0.08114213456167299,0.9015252167790199,0.0005197229523350958,0.01733264866317728,6.016767539147243e-07,0.08114213456135895,0.9015252167755308,-12.024643604404792,-1.6165447467882852,0.0,0.0,0.0,0.0
A_linear,1,17.6,1.0000000000038856,0.08114890660409092,0.9019472828613657,0.0005039546793599092,0.016903810538429057,6.905641800800197e-07,0.08114890660377562,0.9019472828578612,-12.105485468972589,-1.6170416093391555,0.0,0.0,0.0,0.0
A_linear,1,17.650000000000002,1.0000000000039007,0.08115543784147221,0.9023587134241108,0.0004886976023528323,0.016485848738317835,7.724872063703724e-07,0.08115543784115564,0.902358713420591,-12.186352567075552,-1.6175236643427031,0.0,0.0,0.0,0.0
A_linear,1,17.7,1.0000000000039158,0.08116173510131304,0.9027597678516865,0.0004739325218712324,0.016078497050916123,8.442401813085694e-07,0.08116173510099522,0.9027597678481516,-12.267244166770144,-1.6179914128914323,0.0,0.0,0.0,0.0
A_linear,1,17.75,1.000000000003931,0.08116780549740146,0.9031506992337129,0.00045964101796981026,0.01568149527281661,9.030062604541177e-07,0.08116780549708238,0.9031506992301626,-12.348159531190715,-1.6184453384184947,0.0,0.0,0.0,0.0
A_linear,1,17.8,1.0000000000039457,0.08117365646944634,0.9035317546235997,0.00044580549055206367,0.015294588910899923,9.46468305431319e-07,0.08117365646912605,0.9035317546200345,-12.42909791895086,-1.6188859060362568,0.0,0.0,0.0,0.0
A_linear,1,17.85,1.000000000003961,0.08117929579721585,0.9039031753070711,0.00043240918923107967,0.014917528899674293,9.72901722259772e-07,0.08117929579689429,0.9039031753034907,-12.51005858559798,-1.6193135620220946,0.0,0.0,0.0,0.0
A_linear,1,17.900000000000002,1.0000000000039764,0.08118473158908426,0.9042651970736999,0.00041943623089840264,0.014550071341192027,9.812454366405023e-07,0.08118473158876144,0.9042651970701042,-12.59104078604122,-1.6197287334897017,0.0,0.0,0.0,0.0
A_linear,1,17.95,1.0000000000039913,0.08118997224591558,0.904618050484418,0.00040687160380739856,0.014191977273657433,9.711478866931056e-07,0.08118997224559153,0.9046180504808075,-12.672043777838796,-1.6201318282751682,0.0,0.0,0.0,0.0
A_linear,1,18.0,1.0000000000040057,0.0811950264022038,0.9049619611281072,0.0003947011576153025,0.013843012473694634,9.429857564532867e-07,0.08119502640187856,0.9049619611244822,-12.753066825199605,-1.6205232350569176,0.0,0.0,0.0,0.0
A_linear,1,18.05,1.0000000000040201,0.08119990284729839,0.9052971498608435,0.00038291157946783796,0.013502947295878384,8.978541650277888e-07,0.08119990284697196,0.9052971498572041,-12.834109203527497,-1.6209033237177632,0.0,0.0,0.0,0.0
A_linear,1,18.1,1.000000000004035,0.08120461043032998,0.9056238330221018,0.00037149035681430806,0.013171556551603162,8.375281408814066e-07,0.08120461043000232,0.9056238330184476,-12.91517020431526,-1.6212724459464434,0.0,0.0,0.0,0.0
A_linear,1,18.150000000000002,1.000000000004049,0.08120915795309157,0.9059422226232092,0.00036042572818835526,0.012848619427748231,7.643964079029352e-07,0.08120915795276275,0.905942222619541,-12.99624914017987,-1.6216309360654766,0.0,0.0,0.0,0.0
A_linear,1,18.2,1.0000000000040639,0.08121355405559273,0.9062525265045117,0.00034970662365355466,0.012533919443959408,6.81369734472574e-07,0.08121355405526269,0.9062525265008289,-13.077345349822055,-1.6219791120625704,0.0,0.0,0.0,0.0
A_linear,1,18.25,1.000000000004078,0.08121780709927696,0.9065549484590032,0.00033932259698475436,0.01222724444579824,5.91767282597725e-07,0.08121780709894576,0.9065549484553062,-13.158458202692575,-1.622317276794484,0.0,0.0,0.0,0.0
A_linear,1,18.3,1.000000000004093,0.0812219250529663,0.9068496883215472,0.00032926375192423874,0.011928386629579448,4.991854691171517e-07,0.08122192505263386,0.9068496883178355,-13.239587103154673,-1.6226457193255694,0.0,0.0,0.0,0.0
A_linear,1,18.35,1.0000000000041078,0.0812259153864691,0.907136942024146,0.0003195206650163565,0.011637142593492751,4.073547434031307e-07,0.08122591538613544,0.9071369420204196,-13.32073149394861,-1.6229647163583376,0.0,0.0,0.0,0.0
A_linear,1,18.400000000000002,1.0000000000041227,0.08122978497646632,0.9074169016190119,0.0003100843075874479,0.011353313408644395,3.1999033216573606e-07,0.08122978497613144,0.9074169016152709,-13.40189085878865,-1.6232745337104828,0.0,0.0,0.0,0.0
A_linear,1,18.45,1.0000000000041376,0.08123354002878982,0.907689755272359,0.0003009459694052183,0.011076704702988969,2.4064335275779554e-07,0.08123354002845372,0.9076897552686033,-13.483064723955943,-1.623575427791834,0.0,0.0,0.0,0.0
A_linear,1,18.5,1.000000000004152,0.08123718602054325,0.9079556872328327,0.00029209718643188973,0.010807126750776126,1.7255872275838542e-07,0.08123718602020595,0.9079556872290628,-13.564252658790352,-1.6238676470356235,0.0,0.0,0.0,0.0
A_linear,1,18.55,1.000000000004167,0.0812407276647168,0.9082148777793451,0.0002835296748853637,0.010544394560104907,1.1854599017230273e-07,0.08124072766437827,0.9082148777755606,-13.645454275030401,-1.6241514332411153,0.0,0.0,0.0,0.0
A_linear,1,18.6,1.0000000000041813,0.08124416889904074,0.9084675031536898,0.0002752352735524486,0.010288327951450724,8.086859407734299e-08,0.08124416889870102,0.9084675031498912,-13.726669224998869,-1.6244270227888398,0.0,0.0,0.0,0.0
A_linear,1,18.650000000000002,1.000000000004196,0.08124751289984465,0.9087137354837769,0.000267205895964535,0.010038751620574438,6.115618146132885e-08,0.08124751289950374,0.9087137354799639,-13.807897198682317,-1.624694647695209,0.0,0.0,0.0,0.0
A_linear,1,18.7,1.0000000000042106,0.08125076212067385,0.9089537427035366,0.00025943349366222215,0.009795495180000285,6.03435118491163e-08,0.08125076212033173,0.9089537426997093,-13.88913791980114,-1.6249545364798945,0.0,0.0,0.0,0.0
A_linear,1,18.75,1.0000000000042248,0.08125391835440184,0.9091876884755995,0.0002519100313457373,0.0095583931742237,7.863824882914742e-08,0.08125391835405855,0.9091876884717583,-13.970391141011673,-1.6252069148267865,0.0,0.0,0.0,0.0
A_linear,1,18.8,1.00000000000424,0.08125698281660934,0.9094157321227034,0.00024462747425081063,0.009327285064927039,1.1551864345999591e-07,0.08125698281626481,0.9094157321188475,-14.051656638419843,-1.6254520060273265,0.0,0.0,0.0,0.0
A_linear,1,18.85,1.0000000000042544,0.08125995624711149,0.9096380285734362,0.0002375777876132356,0.009102015183706607,1.697608332113836e-07,0.08125995624676578,0.9096380285695663,-14.13293420561593,-1.625690031203348,0.0,0.0,0.0,0.0
A_linear,1,18.900000000000002,1.000000000004269,0.08126283902574666,0.9098547283274246,0.00023075294761232932,0.008882432651097756,2.3949427761273e-07,0.08126283902539974,0.9098547283235404,-14.214223647459903,-1.6259212093148365,0.0,0.0,0.0,0.0
A_linear,1,18.95,1.0000000000042835,0.08126563129792361,0.9100659774443649,0.0002241449627281288,0.008668391261995048,3.222827807713756e-07,0.08126563129757551,0.9100659774404667,-14.295524773856421,-1.626145756966148,0.0,0.0,0.0,0.0
A_linear,1,19.0,1.0000000000042981,0.0812683331049873,0.9102719175604542,0.00021774590403161892,0.008459749338856713,4.1522764822772924e-07,0.08126833310463799,0.9102719175565418,-14.376837393757478,-1.626363888031707,0.0,0.0,0.0,0.0
A_linear,1,19.05,1.000000000004313,0.0812709445142303,0.9104726859347572,0.00021154794257389708,0.008256369555325565,5.15088811469892e-07,0.08127094451387977,0.9104726859308303,-14.458161309619227,-1.626575813128975,0.0,0.0,0.0,0.0
A_linear,1,19.1,1.0000000000043274,0.08127346574335495,0.9106684155269169,0.0002055433917642886,0.008058118734055745,6.184192334724356e-07,0.08127346574300325,0.9106684155229761,-14.539496312519544,-1.62678173897207,0.0,0.0,0.0,0.0
A_linear,1,19.150000000000002,1.0000000000043416,0.08127589727438951,0.9108592351063907,0.00019972475244895734,0.007864867623561575,7.217075764549162e-07,0.08127589727403664,0.910859235102436,-14.62084217811473,-1.6269818676436947,0.0,0.0,0.0,0.0
A_linear,1,19.2,1.0000000000043563,0.08127823995247209,0.9110452693921091,0.00019408475832881076,0.007676490659775165,8.215239550615006e-07,0.08127823995211801,0.9110452693881402,-14.702198663579594,-1.6271763958257375,0.0,0.0,0.0,0.0
A_linear,1,19.25,1.0000000000043705,0.0812804950655206,0.9112266392201854,0.00018861641939491188,0.007492865718664473,9.146635971296111e-07,0.08128049506516535,0.911226639216203,-14.783565505637137,-1.6273655140299184,0.0,0.0,0.0,0.0
A_linear,1,19.3,1.0000000000043847,0.08128266440158445,0.9114034617361062,0.00018331306120935716,0.007313873866694168,9.98283373635542e-07,0.08128266440122806,0.91140346173211,-14.864942419742274,-1.627549405869025,0.0,0.0,0.0,0.0
A_linear,1,19.35,1.0000000000043987,0.08128475028159052,0.9115758506067273,0.00017816835811039456,0.00713939911608091,1.070026426095963e-06,0.08128475028123297,0.9115758506027175,-14.946329100441806,-1.6277282474067531,0.0,0.0,0.0,0.0
A_linear,1,19.400000000000002,1.0000000000044127,0.08128675556620941,0.9117439162465291,0.0001731763587574624,0.006969328191674406,1.1281305050908941e-06,0.08128675556585072,0.9117439162425058,-15.027725222889728,-1.6279022066198812,0.0,0.0,0.0,0.0
A_linear,1,19.45,1.000000000004427,0.08128868363664055,0.9119077660518968,0.00016833150283482426,0.0068035503158894355,1.1715161337299077e-06,0.0812886836362807,0.91190776604786,-15.109130445455222,-1.6280714430008125,0.0,0.0,0.0,0.0
A_linear,1,19.5,1.0000000000044413,0.08129053835019454,0.9120675046368277,0.0001636286281779844,0.006641957017418829,1.199851323951952e-06,0.08129053834983349,0.912067504632777,-15.190544413320517,-1.6282361073216185,0.0,0.0,0.0,0.0
A_linear,1,19.55,1.0000000000044558,0.08129232397259675,0.9122232340633544,0.00015906296804894555,0.006484441968504828,1.2135903009608607e-06,0.08129232397223453,0.9122232340592897,-15.271966762928665,-1.6283963415729648,0.0,0.0,0.0,0.0
A_linear,1,19.6,1.0000000000044706,0.08129404508989925,0.9123750540601995,0.00015463013874163927,0.006330900854371927,1.2139845289627878e-06,0.08129404508953582,0.9123750540561205,-15.353397127107991,-1.6285522790831426,0.0,0.0,0.0,0.0
A_linear,1,19.650000000000002,1.0000000000044846,0.08129570650373344,0.9125230622236667,0.00015032611812390215,0.006181231277084506,1.20306527065842e-06,0.08129570650336886,0.9125230622195745,-15.434835140671415,-1.628704044814216,0.0,0.0,0.0,0.0
A_linear,1,19.7,1.0000000000044993,0.08129731311432546,0.9126673541955219,0.00014614721609934825,0.006035332694651757,1.1835979367587451e-06,0.08129731311395968,0.9126673541914155,-15.516280446266725,-1.628851755824451,0.0,0.0,0.0,0.0
A_linear,1,19.75,1.0000000000045137,0.08129886979620177,0.9128080238135766,0.0001420900382872768,0.005893106394735278,1.1590095629632545e-06,0.08129886979583481,0.9128080238094565,-15.597732700238879,-1.6289955218791148,0.0,0.0,0.0,0.0
A_linear,1,19.8,1.0000000000045277,0.08130038127182,0.9129451632318171,0.0001381514444620021,0.0057544555008904865,1.133291853577917e-06,0.0813003812714519,0.9129451632276835,-15.679191578259367,-1.6291354461856473,0.0,0.0,0.0,0.0
A_linear,1,19.85,1.0000000000045421,0.08130185198844975,0.9130788630081251,0.00013432850346000192,0.005619285007967105,1.1108833071199677e-06,0.08130185198808046,0.9130788630039778,-15.76065678048092,-1.6292716262244216,0.0,0.0,0.0,0.0
A_linear,1,19.900000000000002,1.0000000000045566,0.0813032860035027,0.9132092121588922,0.0001306184463539002,0.005487501842161641,1.0965349378819584e-06,0.08130328600313223,0.913209212154731,-15.842128035989845,-1.6294041546429205,0.0,0.0,0.0,0.0
A_linear,1,19.95,1.0000000000045708,0.0813046868831736,0.9133362981810896,0.00012701861970736245,0.005359014940307535,1.0951649732640253e-06,0.08130468688280197,0.913336298176915,-15.923605106352742,-1.6295331201792862,0.0,0.0,0.0,0.0
A_linear,1,20.0,1.0000000000045846,0.08130605761871669,0.9134602070435277,0.00012352644067075932,0.005233735342340078,1.1117085865712097e-06,0.08130605761834393,0.9134602070393399,-16.00508778808904,-1.6296586085807627,0.0,0.0,0.0,0.0
A_linear,1,20.05,1.0000000000045983,0.08130740056396599,0.9135810231501351,0.00012013935555851569,0.005111576290497276,1.150969171163723e-06,0.0813074005635921,0.9135810231459341,-16.086575913944724,-1.629780703483616,0.0,0.0,0.0,0.0
A_linear,1,20.1,1.0000000000046123,0.08130871739684077,0.9136988292790488,0.00011685480337137212,0.004992453328722835,1.2174778373452046e-06,0.08130871739646575,0.9136988292748345,-16.168069352893962,-1.6298994872233912,0.0,0.0,0.0,0.0
A_linear,1,20.150000000000002,1.0000000000046265,0.08131000910659181,0.9138137065021298,0.00011367018549946955,0.004876284395904983,1.3153676940024344e-06,0.08131000910621562,0.9138137064979021,-16.249568008851433,-1.630015041547899,0.0,0.0,0.0,0.0
A_linear,1,20.2,1.0000000000046412,0.08131127600747971,0.9139257340901578,0.00011058284257122353,0.004762989907003604,1.4482690550529212e-06,0.08131127600710233,0.913925734085916,-16.331071818136607,-1.6301274482097567,0.0,0.0,0.0,0.0
A_linear,1,20.25,1.0000000000046552,0.0813125177784732,0.9140349894094317,0.0001075900391070796,0.004652492816750343,1.6192309946091392e-06,0.08131251777809469,0.9140349894051768,-16.41258074578833,-1.6302367894205783,0.0,0.0,0.0,0.0
A_linear,1,20.3,1.0000000000046687,0.08131373352746159,0.914141547815782,0.0001046889563078414,0.004544718661425057,1.830673689846952e-06,0.08131373352708196,0.9141415478115142,-16.494094780881067,-1.6303431481547437,0.0,0.0,0.0,0.0
A_linear,1,20.35,1.0000000000046827,0.08131492187743465,0.9142454825520656,0.00010187669296359373,0.004439595575182456,2.084374776733894e-06,0.08131492187705387,0.9142454825477845,-16.57561393103993,-1.6304466082969018,0.0,0.0,0.0,0.0
A_linear,1,20.400000000000002,1.0000000000046967,0.08131608107114001,0.9143468646550744,9.915027412548876e-05,0.004337054278482223,2.381491553714909e-06,0.08131608107075809,0.91434686465078,-16.65713821638729,-1.6305472546337152,0.0,0.0,0.0,0.0
A_linear,1,20.45,1.000000000004711,0.08131720908992589,0.9144457628774461,9.650666685314872e-05,0.004237028037338702,2.7226193640725246e-06,0.0813172090895428,0.9144457628731382,-16.738667663178653,-1.6306451726966649,0.0,0.0,0.0,0.0
A_linear,1,20.5,1.0000000000047244,0.08131830378185187,0.9145422436295674,9.394280204898267e-05,0.004139452593305206,3.1078849368676437e-06,0.08131830378146769,0.9145422436252467,-16.820202297397085,-1.6307404484687227,0.0,0.0,0.0,0.0
A_linear,1,20.55,1.0000000000047384,0.08131936299373077,0.9146363709456948,9.145560113388697e-05,0.004044266065312808,3.5370719396207756e-06,0.08131936299334544,0.9146363709413609,-16.90174213857484,-1.6308331679731563,0.0,0.0,0.0,0.0
A_linear,1,20.6,1.0000000000047529,0.08132038470157392,0.9147282064775285,8.904200611906328e-05,0.003951408825650182,4.009774563017321e-06,0.08132038470118741,0.9147282064731809,-16.983287194097745,-1.6309234167674227,0.0,0.0,0.0,0.0
A_linear,1,20.650000000000002,1.000000000004767,0.08132136713395731,0.9148178095173481,8.669901149820405e-05,0.0038608233534614287,4.525573684947301e-06,0.08132136713356965,0.9148178095129872,-17.064837454224165,-1.6310112793688265,0.0,0.0,0.0,0.0
A_linear,1,20.7,1.000000000004781,0.08132230888311215,0.9149052370515592,8.44236963311365e-05,0.0037724540701096717,5.084229108138432e-06,0.08132230888272333,0.9149052370471851,-17.146392888017033,-1.6310968386411895,0.0,0.0,0.0,0.0
A_linear,1,20.75,1.0000000000047946,0.08132320899905178,0.9149905438441823,8.221325491674958e-05,0.0036862471615607146,5.685880583848224e-06,0.08132320899866187,0.9149905438397953,-17.22795344034763,-1.631180175173054,0.0,0.0,0.0,0.0
A_linear,1,20.8,1.0000000000048088,0.08132406706276135,0.9150737825484977,8.00650245594047e-05,0.0036021503935498114,6.331249864493958e-06,0.08132406706237028,0.9150737825440972,-17.30951903008436,-1.6312613666778195,0.0,0.0,0.0,0.0
A_linear,1,20.85,1.0000000000048226,0.08132488323536109,0.9151550038438013,7.797650911190613e-05,0.003520112925660336,7.021835899339168e-06,0.08132488323496889,0.9151550038393879,-17.39108954953206,-1.6313404874447823,0.0,0.0,0.0,0.0
A_linear,1,20.900000000000002,1.0000000000048364,0.08132565828116929,0.9152342565931129,7.594539721906572e-05,0.0034400851305542057,7.76009551412431e-06,0.08132565828077597,0.9152342565886865,-17.47266486513832,-1.631417607867195,0.0,0.0,0.0,0.0
A_linear,1,20.95,1.00000000000485,0.0813263935636919,0.915311588016739,7.396957447310992e-05,0.0033620184244191865,8.549602497222996e-06,0.08132639356329747,0.9153115880122998,-17.554244819435517,-1.631492794069503,0.0,0.0,0.0,0.0
A_linear,1,21.0,1.000000000004864,0.08132709101470194,0.9153870438759084,7.204712901018536e-05,0.0032858651142535582,9.39517893502774e-06,0.08132709101430635,0.9153870438714559,-17.63582923414115,-1.631566107650938,0.0,0.0,0.0,0.0
A_linear,1,21.05,1.0000000000048779,0.08132775307769372,0.9154606686602862,7.017635040617634e-05,0.0032115782668979075,1.030299386409943e-05,0.081327753077297,0.9154606686558207,-17.71741791429689,-1.6316376055569293,0.0,0.0,0.0,0.0
A_linear,1,21.1,1.000000000004892,0.08132838262805726,0.915532505773051,6.835572205243984e-05,0.003139111603783838,1.1280625788020684e-05,0.0813283826276594,0.9155325057685721,-17.79901065328852,-1.6317073400837232,0.0,0.0,0.0,0.0
A_linear,1,21.150000000000002,1.0000000000049056,0.0813289828732744,0.9156025977073858,6.658390749233976e-05,0.003068419424245616,1.23370872778491e-05,0.08132898287287543,0.9156025977028942,-17.88060723855641,-1.6317753590153032,0.0,0.0,0.0,0.0
A_linear,1,21.2,1.0000000000049198,0.08132955723724905,0.9156709862086828,6.48597314624163e-05,0.00299945655898781,1.3482811659987402e-05,0.08132955723684893,0.9156709862041779,-17.962207457779666,-1.6318417058857566,0.0,0.0,0.0,0.0
A_linear,1,21.25,1.0000000000049338,0.08133010923352464,0.9157377124174222,6.318215659871008e-05,0.0029321783539870186,1.4729603607762937e-05,0.08133010923312338,0.9157377124129041,-18.0438111052973,-1.6319064203546558,0.0,0.0,0.0,0.0
A_linear,1,21.3,1.0000000000049478,0.08133064233258558,0.9158028169885688,6.155025693111322e-05,0.002866540683793574,1.609055720256979e-05,0.08133064233218316,0.9158028169840375,-18.125417988518496,-1.6319695386782667,0.0,0.0,0.0,0.0
A_linear,1,21.35,1.0000000000049616,0.08133115982867462,0.9158663401843293,5.996318939364941e-05,0.0028024999919577967,1.7579946627147965e-05,0.08133115982827108,0.9158663401797852,-18.20702793407063,-1.6320310942555674,0.0,0.0,0.0,0.0
A_linear,1,21.400000000000002,1.0000000000049756,0.08133166471157838,0.9159283219382076,5.842016462569992e-05,0.0027400133551894377,1.9213096013969484e-05,0.0813316647111737,0.9159283219336504,-18.28864079343994,-1.6320911182252913,0.0,0.0,0.0,0.0
A_linear,1,21.45,1.0000000000049896,0.0813321595486401,0.9159888018894273,5.692041832966743e-05,0.002679038566921811,2.100623602384822e-05,0.08133215954823429,0.915988801884857,-18.370256447875352,-1.6321496400885855,0.0,0.0,0.0,0.0
A_linear,1,21.5,1.000000000005003,0.08133264638185955,0.9160478193879182,5.546318438924338e-05,0.002619534235225175,2.2976355418926046e-05,0.08133264638145264,0.9160478193833351,-18.451874812351196,-1.6322066883314417,0.0,0.0,0.0,0.0
A_linear,1,21.55,1.000000000005017,0.08133312664435303,0.9161054134711402,5.404767084250887e-05,0.0025614598895239743,2.5141056184947396e-05,0.08133312664394497,0.916105413466544,-18.533495838418784,-1.6322622910216829,0.0,0.0,0.0,0.0
A_linear,1,21.6,1.000000000005031,0.08133360109968839,0.916161622815016,5.267303965336064e-05,0.0025047760903265446,2.751842063848758e-05,0.08133360109927919,0.9161616228104067,-18.615119515819543,-1.6323164763570048,0.0,0.0,0.0,0.0
A_linear,1,21.650000000000002,1.000000000005045,0.08133406980670846,0.9162164856621615,5.1338391038210915e-05,0.002449444536175005,3.012689843546059e-05,0.08133406980629812,0.9162164856575391,-18.696745872781154,-1.6323692731431567,0.0,0.0,0.0,0.0
A_linear,1,21.7,1.0000000000050588,0.08133453211144395,0.9162700397313635,5.004275289004242e-05,0.0023954281622516524,3.298522051091863e-05,0.08133453211103249,0.9162700397267282,-18.778374974972422,-1.632420711184759,0.0,0.0,0.0,0.0
A_linear,1,21.75,1.000000000005073,0.08133498666662535,0.9163223221129239,4.878507560769891e-05,0.002342691225523803,3.611234577659935e-05,0.08133498666621274,0.9163223221082754,-18.860006923148713,-1.6324708215752317,0.0,0.0,0.0,0.0
A_linear,1,21.8,1.0000000000050875,0.0813354314781756,0.9163733691549698,4.756423239149002e-05,0.002291199371941819,3.9527444948244024e-05,0.0813354314777618,0.9163733691503078,-18.94164184957591,-1.6325196368768244,0.0,0.0,0.0,0.0
A_linear,1,21.85,1.000000000005101,0.08133586397694119,0.9164232163461579,4.637902481850995e-05,0.0022409196820019545,4.3249924242949805e-05,0.0813358639765263,0.9164232163414832,-19.02327991337405,-1.6325671911864592,0.0,0.0,0.0,0.0
A_linear,1,21.900000000000002,1.0000000000051146,0.08133628111284624,0.9164718982003526,4.522819327074308e-05,0.0021918206919159886,4.729948995790678e-05,0.08133628111243024,0.9164718981956652,-19.104921294969635,-1.632613520087999,0.0,0.0,0.0,0.0
A_linear,1,21.95,1.0000000000051281,0.08133667946767391,0.9165194481487939,4.4110431569488055e-05,0.0021438723886605107,5.169625319394872e-05,0.0813366794672568,0.9165194481440939,-19.18656618988567,-1.6326586604963518,0.0,0.0,0.0,0.0
A_linear,1,22.0,1.000000000005142,0.0813370553818405,0.916565898445024,4.302440497809276e-05,0.0020970461782775385,5.6460872295987766e-05,0.08133705538142225,0.9165658984403109,-19.268214802128885,-1.6327026504033608,0.0,0.0,0.0,0.0
A_linear,1,22.05,1.0000000000051565,0.08133740508986848,0.9166112800873621,4.196877058583614e-05,0.0020513148279257066,6.161472901545165e-05,0.08133740508944906,0.9166112800826356,-19.34986733745299,-1.6327455285395616,0.0,0.0,0.0,0.0
A_linear,1,22.1,1.0000000000051703,0.08133772485882029,0.916655622763047,4.094219898354997e-05,0.0020066523833027652,6.718013301733721e-05,0.08133772485839975,0.9166556227583076,-19.431523996784247,-1.632787333969369,0.0,0.0,0.0,0.0
A_linear,1,22.150000000000002,1.000000000005184,0.08133801112375369,0.916698954817307,3.994339609523718e-05,0.0019630340641237035,7.31805482073444e-05,0.08133801112333203,0.9166989548125548,-19.51318497009099,-1.6328281056400051,0.0,0.0,0.0,0.0
A_linear,1,22.2,1.000000000005198,0.08133826061431934,0.9167413032495674,3.8971124041533043e-05,0.0019204361413112108,7.964083348426684e-05,0.08133826061389654,0.9167413032448021,-19.59485043096201,-1.632867881906287,0.0,0.0,0.0,0.0
A_linear,1,22.25,1.0000000000052116,0.08133847046694362,0.9167826937378866,3.8024219980322675e-05,0.0018788358003816474,8.65874899627256e-05,0.08133847046651971,0.9167826937331086,-19.67652053213091,-1.6329067000542237,0.0,0.0,0.0,0.0
A_linear,1,22.3,1.0000000000052258,0.081338638317621,0.916823150691449,3.710161199381395e-05,0.0018382109961558157,9.404890648490705e-05,0.08133863831719594,0.9168231506866579,-19.75819540214507,-1.6329445958461144,0.0,0.0,0.0,0.0
A_linear,1,22.35,1.0000000000052396,0.08133876237115595,0.916862697329737,3.620233126141802e-05,0.001798540304346559,0.00010205559536221324,0.08133876237072976,0.9168626973249331,-19.83987514333154,-1.6329816031085558,0.0,0.0,0.0,0.0
A_linear,1,22.400000000000002,1.000000000005254,0.08133884144371124,0.9169013557857898,3.5325519965365284e-05,0.001759802775752662,0.00011064041076211926,0.08133884144328389,0.9169013557809724,-19.92155983115783,-1.6330177533824468,0.0,0.0,0.0,0.0
A_linear,1,22.45,1.000000000005268,0.0813388749766921,0.9169391472298746,3.447043460652277e-05,0.0017219777987014016,0.00011983874297398525,0.0813388749762636,0.9169391472250441,-20.003249515026912,-1.6330530756508792,0.0,0.0,0.0,0.0
A_linear,1,22.5,1.0000000000052818,0.0813388630212715,0.9169760920089821,3.363644465009014e-05,0.0016850449750282256,0.00012968868292695022,0.08133886302084188,0.9169760920041389,-20.084944220483624,-1.633087596156904,0.0,0.0,0.0,0.0
A_linear,1,22.55,1.0000000000052955,0.08133880619417602,0.9170122097968402,3.282302665855374e-05,0.0016489840142792397,0.00014023115275468606,0.08133880619374528,0.9170122097919841,-20.166643952747407,-1.6331213383186827,0.0,0.0,0.0,0.0
A_linear,1,22.6,1.0000000000053104,0.08133870560664916,0.9170475197486664,3.202975429194127e-05,0.0016137746499946043,0.0001515099998492991,0.08133870560621721,0.9170475197437965,-20.24834870142535,-1.6331543227448626,0.0,0.0,0.0,0.0
A_linear,1,22.650000000000002,1.0000000000053244,0.08133856276971999,0.9170820406546798,3.125628475023205e-05,0.001579396580924583,0.00016357205364676743,0.0813385627692869,0.9170820406497969,-20.330058446203555,-1.633186567348216,0.0,0.0,0.0,0.0
A_linear,1,22.7,1.0000000000053384,0.08133837947998075,0.9171157910864616,3.0502342392086014e-05,0.001545829438896111,0.00017646714625129515,0.08133837947954653,0.9171157910815656,-20.411773163265643,-1.6332180875510585,0.0,0.0,0.0,0.0
A_linear,1,22.75,1.000000000005354,0.08133815769095934,0.9171487895305477,2.9767700381044012e-05,0.0015130527838467303,0.000190248099835701,0.08133815769052385,0.9171487895256373,-20.493492832147584,-1.633248896571871,0.0,0.0,0.0,0.0
A_linear,1,22.8,1.0000000000053682,0.0813378993758323,0.9171810545041991,2.9052161282303592e-05,0.0014810461253367743,0.00020497068544645793,0.08133789937539566,0.9171810544992754,-20.575217442710386,-1.63327900577902,0.0,0.0,0.0,0.0
A_linear,1,22.85,1.0000000000053824,0.08133760638762245,0.9172126046490597,2.8355537558784506e-05,0.0014497889687000046,0.00022069355929133815,0.08133760638718467,0.917212604644123,-20.656947001898246,-1.633308425094797,0.0,0.0,0.0,0.0
A_linear,1,22.900000000000002,1.0000000000053968,0.08133728032315521,0.9172434587992921,2.7677632896254213e-05,0.001419260882949461,0.00023747818370480715,0.08133728032271625,0.917243458794342,-20.73868153995103,-1.63333716343111,0.0,0.0,0.0,0.0
A_linear,1,22.95,1.000000000005411,0.08133692239690285,0.9172736360218415,2.7018225225948563e-05,0.0013894415866666239,0.00025538874069718935,0.08133692239646273,0.9172736360168782,-20.82042111575665,-1.6333652291372345,0.0,0.0,0.0,0.0
A_linear,1,23.0,1.000000000005425,0.08133653333043525,0.917303155627591,2.637705221527751e-05,0.0013603110473987385,0.0002744920462514687,0.081336533329994,0.9173031556226147,-20.90216582106146,-1.6333926304399828,0.0,0.0,0.0,0.0
A_linear,1,23.05,1.0000000000054394,0.08133611326254259,0.9173320371533008,2.5753799866235877e-05,0.0013318495895959436,0.000294857473320525,0.08133611326210016,0.917332037148311,-20.98391578330336,-1.6334193758574733,0.0,0.0,0.0,0.0
A_linear,1,23.1,1.0000000000054539,0.08133566168422754,0.9173603003153821,2.5148094704630264e-05,0.0013040380058441982,0.0003165568908149732,0.08133566168378395,0.917360300310379,-21.065671166891175,-1.633445474569308,0.0,0.0,0.0,0.0
A_linear,1,23.150000000000002,1.0000000000054685,0.08133517740172178,0.917387964937649,2.4559499866927364e-05,0.0012768576660976993,0.0003396646248077391,0.08133517740127699,0.9173879649326322,-21.14743217282202,-1.6334709367282512,0.0,0.0,0.0,0.0
A_linear,1,23.2,1.000000000005483,0.08133465852951074,0.9174150508562005,2.398751520252072e-05,0.0012502906197715464,0.00036425744679508996,0.0813346585290648,0.9174150508511704,-21.229199036602182,-1.6334957737013627,0.0,0.0,0.0,0.0
A_linear,1,23.25,1.0000000000054974,0.08133410251409684,0.9174415778054836,2.3431581315427693e-05,0.0012243196859168981,0.00039041459224514616,0.08133410251364971,0.9174415778004401,-21.31097202451271,-1.6335199982318704,0.0,0.0,0.0,0.0
A_linear,1,23.3,1.0000000000055118,0.0813335061879531,0.9174675652903189,2.289108727897512e-05,0.001198928527239912,0.00041821781094593993,0.0813335061875048,0.917467565285262,-21.39275142833372,-1.6335436245166113,0.0,0.0,0.0,0.0
A_linear,1,23.35,1.0000000000055256,0.08133286585186442,0.9174930324492317,2.2365381577879198e-05,0.0011741017044293465,0.0004477514489503725,0.08133286585141501,0.917493032444162,-21.474537558708406,-1.6335666681976744,0.0,0.0,0.0,0.0
A_linear,1,23.400000000000002,1.0000000000055396,0.08133217738267845,0.9175179979147671,2.1853785673432162e-05,0.0011498247080940667,0.0004791025603089765,0.08133217738222791,0.9175179979096845,-21.556330737383927,-1.633589146270586,0.0,0.0,0.0,0.0
A_linear,1,23.45,1.0000000000055538,0.08133143636244064,0.9175424796765554,2.1355609457128734e-05,0.001126083966557878,0.0005123610453710413,0.08133143636198895,0.9175424796714596,-21.638131288610378,-1.6336110769150483,0.0,0.0,0.0,0.0
A_linear,1,23.5,1.0000000000055682,0.0813306382240107,0.9175664949527764,2.087016776374164e-05,0.0011028668287813095,0.0005476198112827737,0.08133063822355784,0.9175664949476672,-21.719939530007935,-1.6336324792575405,0.0,0.0,0.0,0.0
A_linear,1,23.55,1.0000000000055833,0.08132977840759552,0.9175900600752441,2.0396797061997075e-05,0.0010801615227432819,0.0005849749494522809,0.08132977840714142,0.9175900600701209,-21.801755763225504,-1.6336533730780478,0.0,0.0,0.0,0.0
A_linear,1,23.6,1.0000000000055975,0.08132885252220726,0.9176131903927105,1.993487143411554e-05,0.0010579570906798393,0.0006245259241916707,0.08132885252175201,0.9176131903875742,-21.88358026471145,-1.6336737784755477,0.0,0.0,0.0,0.0
A_linear,1,23.650000000000002,1.0000000000056122,0.0813278565058914,0.9176359001961203,1.94838169958546e-05,0.0010362433036004185,0.0006663757664698608,0.08132785650543498,0.9176359001909704,-21.965413276899618,-1.633693715508611,0.0,0.0,0.0,0.0
A_linear,1,23.7,1.000000000005627,0.0813267867786748,0.9176582026685153,1.9043123994302134e-05,0.0010150105584369811,0.0007106312666775748,0.08132678677821717,0.9176582026633515,-22.047255000083407,-1.6337132038284259,0.0,0.0,0.0,0.0
A_linear,1,23.75,1.0000000000056417,0.08132564038255435,0.9176801098611049,1.861235594824361e-05,0.0009942497619825582,0.0007574031604729869,0.08132564038209554,0.9176801098559276,-22.129105585208357,-1.6337322623217652,0.0,0.0,0.0,0.0
A_linear,1,23.8,1.000000000005656,0.08132441510346604,0.9177016326957886,1.8191155356918196e-05,0.0009739522064012558,0.0008068063020909195,0.08132441510300607,0.9177016326905982,-22.210965127763995,-1.6337509087807058,0.0,0.0,0.0,0.0
A_linear,1,23.85,1.0000000000056701,0.08132310957101954,0.9177227809931471,1.777924568949789e-05,0.0009541094415037259,0.0008589598199173942,0.08132310957055842,0.9177227809879435,-22.292833662899213,-1.633769159614505,0.0,0.0,0.0,0.0
A_linear,1,23.900000000000002,1.0000000000056852,0.08132172333281015,0.9177435635237214,1.7376429567430473e-05,0.0009347131491534209,0.0009139872496174319,0.08132172333234781,0.9177435635185038,-22.37471116182614,-1.6337870296167971,0.0,0.0,0.0,0.0
A_linear,1,23.95,1.0000000000056999,0.08132025690128684,0.9177639880793266,1.6982583253666072e-05,0.0009157550250862052,0.0009720166406397085,0.08132025690082333,0.9177639880740954,-22.456597529517374,-1.6338045317985084,0.0,0.0,0.0,0.0
A_linear,1,24.0,1.000000000005714,0.08131871177240596,0.9177840615602204,1.6597647755531068e-05,0.0008972266730878647,0.0010331806324981757,0.0813187117719413,0.917784061554976,-22.538492603642126,-1.6338216772935317,0.0,0.0,0.0,0.0
A_linear,1,24.05,1.000000000005729,0.08131709041657838,0.9178037900732532,1.6221617020399932e-05,0.0008791195158975858,0.0010976164978551387,0.08131709041611251,0.9178037900679951,-22.620396154631926,-1.6338384753406734,0.0,0.0,0.0,0.0
A_linear,1,24.1,1.0000000000057436,0.08131539624366539,0.9178231790356594,1.5854523847020518e-05,0.0008614247264189743,0.0011654661501158269,0.08131539624319835,0.9178231790303877,-22.702307886715555,-1.6338549333416026,0.0,0.0,0.0,0.0
A_linear,1,24.150000000000002,1.0000000000057585,0.08131363354494053,0.9178422332789498,1.5496424243839297e-05,0.0008441331818681221,0.0012368761140062765,0.08131363354447228,0.9178422332736643,-22.78422743971905,-1.6338710569909758,0.0,0.0,0.0,0.0
A_linear,1,24.2,1.0000000000057725,0.08131180741595952,0.9178609571473918,1.5147381034315676e-05,0.000827235442421176,0.0013119974584554774,0.08131180741549014,0.9178609571420935,-22.866154391390726,-1.6338868504715112,0.0,0.0,0.0,0.0
A_linear,1,24.25,1.0000000000057871,0.08130992366512707,0.9178793545858607,1.4807447536770662e-05,0.0008107217547996899,0.0013909856920411474,0.08130992366465652,0.9178793545805488,-22.948088259983976,-1.633902316703883,0.0,0.0,0.0,0.0
A_linear,1,24.3,1.0000000000058018,0.08130798871338156,0.9178974292123098,1.4476652133062981e-05,0.000794582080110398,0.001474000622273332,0.08130798871290983,0.9178974292069844,-23.03002850681405,-1.6339174576389799,0.0,0.0,0.0,0.0
A_linear,1,24.35,1.0000000000058167,0.08130600949081632,0.9179151843708095,1.4154984488417302e-05,0.0007788061441906781,0.0015612061810558327,0.08130600949034339,0.9179151843654704,-23.111974538499243,-1.6339322745783529,0.0,0.0,0.0,0.0
A_linear,1,24.400000000000002,1.000000000005831,0.08130399333620517,0.9179326231618744,1.3842384098113904e-05,0.0007633835077512536,0.0016527702197393014,0.08130399333573109,0.917932623156522,-23.193925708602613,-1.6339467685077553,0.0,0.0,0.0,0.0
A_linear,1,24.45,1.000000000005846,0.08130194790529957,0.9179497484477516,1.3538731720548219e-05,0.000748303652795023,0.0017488642782110008,0.08130194790482428,0.9179497484423852,-23.275881318407773,-1.6339609404284117,0.0,0.0,0.0,0.0
A_linear,1,24.5,1.0000000000058606,0.08129988109342305,0.9179665628312869,1.3243844115134235e-05,0.0007335560811506348,0.0018496633333954524,0.08129988109294659,0.9179665628259069,-23.35784061659194,-1.6339747916711536,0.0,0.0,0.0,0.0
A_linear,1,24.55,1.0000000000058753,0.08129780097732484,0.9179830686080389,1.2957472345170869e-05,0.0007191304205117286,0.0019553455333099485,0.08129780097684719,0.9179830686026454,-23.439802797598382,-1.6339883241797066,0.0,0.0,0.0,0.0
A_linear,1,24.6,1.0000000000058906,0.08129571578049223,0.9179992676922732,1.2679303734690417e-05,0.0007050165331253148,0.002066091923375003,0.08129571578001335,0.9179992676868657,-23.521766998559503,-1.6340015407510713,0.0,0.0,0.0,0.0
A_linear,1,24.650000000000002,1.0000000000059057,0.08129363386519313,0.918015161518487,1.240896739333471e-05,0.000691204622225436,0.0021820861719832655,0.08129363386471303,0.9180151615130655,-23.60373229467801,-1.634014445223202,0.0,0.0,0.0,0.0
A_linear,1,24.7,1.0000000000059202,0.08129156375346479,0.9180307509210022,1.2146043049264147e-05,0.0006776853314533718,0.0023035143023531924,0.08129156375298353,0.9180307509155673,-23.68569769303383,-1.6340270426026795,0.0,0.0,0.0,0.0
A_linear,1,24.75,1.0000000000059348,0.08128951417811929,0.9180460359949792,1.1890072766063543e-05,0.0006644498328364718,0.0024305644374279494,0.08128951417763686,0.9180460359895308,-23.76766212484696,-1.6340393391279218,0.0,0.0,0.0,0.0
A_linear,1,24.8,1.0000000000059497,0.08128749416364944,0.9180610159429043,1.1640574972136416e-05,0.0006514898993957815,0.00256342656403436,0.0812874941631658,0.9180610159374422,-23.849624436287634,-1.6340513422664027,0.0,0.0,0.0,0.0
A_linear,1,24.85,1.0000000000059641,0.08128551313573011,0.9180756889111291,1.1397060107927919e-05,0.0006387979591049502,0.0027022923217132427,0.08128551313524532,0.9180756889056536,-23.9315833779817,-1.6340630606473174,0.0,0.0,0.0,0.0
A_linear,1,24.900000000000002,1.0000000000059788,0.08128358105687046,0.9180900518214029,1.1159047104755002e-05,0.0006263671277053002,0.0028473548206106687,0.08128358105638449,0.9180900518159139,-24.013537593408575,-1.6340745039339928,0.0,0.0,0.0,0.0
A_linear,1,24.95,1.0000000000059934,0.08128170858472294,0.9181041002024987,1.092607985491326e-05,0.0006141912187720028,0.002998808491618518,0.08128170858423579,0.9181041001969961,-24.095485606430056,-1.63408568264299,0.0,0.0,0.0,0.0
A_linear,1,25.0,1.000000000006009,0.08127990724863797,0.9181178280269796,1.0697742820869783e-05,0.0006022647303912662,0.0031568489706283983,0.08127990724814955,0.9181178280214627,-24.17742580821663,-1.6340966079191586,0.0,0.0,0.0,0.0
A_linear,1,25.05,1.0000000000060238,0.08127818963931066,0.9181312275578972,1.047367496376796e-05,0.0005905828088159748,0.003321673017358991,0.08127818963882105,0.9181312275523665,-24.259356443856007,-1.6341072912778434,0.0,0.0,0.0,0.0
A_linear,1,25.1,1.0000000000060383,0.08127656960582594,0.9181442892097373,1.0253581248209941e-05,0.0005791411904750848,0.0034934784677918673,0.08127656960533516,0.9181442892041933,-24.341275598932626,-1.6341177443268111,0.0,0.0,0.0,0.0
A_linear,1,25.150000000000002,1.0000000000060536,0.08127506245409995,0.9181570014272723,1.0037241098073268e-05,0.0005679361246815167,0.00367246421784543,0.08127506245360794,0.9181570014217142,-24.42318118636094,-1.6341279784813052,0.0,0.0,0.0,0.0
A_linear,1,25.2,1.0000000000060691,0.08127368514065487,0.9181693505851486,9.824513331270441e-06,0.0005569642802653941,0.0038588302345885866,0.08127368514016162,0.918169350579576,-24.50507093373657,-1.6341380046858476,0.0,0.0,0.0,0.0
A_linear,1,25.25,1.0000000000060836,0.08127245645585716,0.9181813209101111,9.61533728192101e-06,0.0005462226401153174,0.004052777590084835,0.08127245645536274,0.9181813209045252,-24.586942371442728,-1.6341478331559423,0.0,0.0,0.0,0.0
A_linear,1,25.3,1.0000000000060991,0.08127139719119221,0.9181928944267139,9.40973001625493e-06,0.0005357083881930578,0.004254508511918418,0.08127139719069652,0.9181928944211137,-24.668792821713616,-1.6341574731517865,0.0,0.0,0.0,0.0
A_linear,1,25.35,1.0000000000061144,0.08127053028582588,0.9182040509263241,9.207779752575788e-06,0.0005254187939644147,0.004464226443631609,0.08127053028532896,0.9182040509207098,-24.750619388815444,-1.6341669327944293,0.0,0.0,0.0,0.0
A_linear,1,25.400000000000002,1.0000000000061293,0.08126988094858595,0.918214767958214,9.009635794140114e-06,0.0005153510993294335,0.004682136107746984,0.08126988094808782,0.9182147679525859,-24.832418950459417,-1.6341762189326534,0.0,0.0,0.0,0.0
A_linear,1,25.45,1.0000000000061438,0.08126947675255052,0.9182250208405656,8.815495465267887e-06,0.0005055024130276725,0.004908443563804092,0.08126947675205122,0.9182250208349242,-24.914188150512608,-1.6341853370663246,0.0,0.0,0.0,0.0
A_linear,1,25.5,1.0000000000061593,0.08126934770060557,0.9182347826884188,8.625588695076161e-06,0.0004958696171348045,0.005143356253946074,0.08126934770010501,0.9182347826827632,-24.995923393022295,-1.6341942913291014,0.0,0.0,0.0,0.0
A_linear,1,25.55,1.0000000000061735,0.0812695262615803,0.9182440244549146,8.440161011516407e-06,0.00048644928967863803,0.005387083029072357,0.08126952626107857,0.9182440244492458,-25.077620837519355,-1.6342030845305315,0.0,0.0,0.0,0.0
A_linear,1,25.6,1.0000000000061886,0.08127004737782993,0.9182527149817418,8.259455785157578e-06,0.0004772376466170387,0.005639834149443606,0.08127004737732699,0.9182527149760591,-25.159276395517487,-1.634211718254614,0.0,0.0,0.0,0.0
A_linear,1,25.650000000000002,1.0000000000062037,0.08127094844635259,0.9182608210543629,8.083696594632114e-06,0.00046823050548827166,0.005901821254864892,0.08127094844584841,0.9182608210486662,-25.240885728079537,-1.6342201930092828,0.0,0.0,0.0,0.0
A_linear,1,25.7,1.000000000006219,0.08127226927665016,0.9182683074575466,7.913070574236747e-06,0.0004594232720222618,0.006173257301154999,0.08127226927614473,0.9182683074518359,-25.32244424427991,-1.6342285084188684,0.0,0.0,0.0,0.0
A_linear,1,25.75,1.0000000000062341,0.08127405202951629,0.918275137026772,7.747713551950476e-06,0.00045081094994553283,0.006454356461460683,0.08127405202900961,0.9182751370210473,-25.403947100357183,-1.6342366634497214,0.0,0.0,0.0,0.0
A_linear,1,25.8,1.0000000000062494,0.08127634114172419,0.9182812706913455,7.58769769769686e-06,0.0004423881731799388,0.006745333993014293,0.08127634114121626,0.9182812706856067,-25.48538919932155,-1.6342446566577835,0.0,0.0,0.0,0.0
A_linear,1,25.85,1.000000000006265,0.0812791832421528,0.9182866675054457,7.433022282923756e-06,0.0004341492586664814,0.007046406072043744,0.08127918324164358,0.9182866674996927,-25.566765190762773,-1.6342524864461194,0.0,0.0,0.0,0.0
A_linear,1,25.900000000000002,1.0000000000062796,0.08128262706521656,0.918291284663882,7.283608009351543e-06,0.0004260882771809465,0.007357789601607154,0.08128262706470614,0.9182912846581155,-25.64806947059515,-1.6342601513202333,0.0,0.0,0.0,0.0
A_linear,1,25.95,1.0000000000062945,0.08128672336753492,0.9182950774999867,7.1392952024159454e-06,0.0004181991387727276,0.007679701999004728,0.08128672336702326,0.9182950774942065,-25.729296180477725,-1.6342676501293774,0.0,0.0,0.0,0.0
A_linear,1,26.0,1.0000000000063096,0.08129152485359659,0.9182979994638352,6.99984598973213e-06,0.00041047568887770254,0.008012360970997053,0.08129152485308366,0.918297999458041,-25.810439206662455,-1.6342749822830016,0.0,0.0,0.0,0.0
A_linear,2,0.05,0.08134947816788661,0.08133804144302939,2.9531708932709506e-07,3.1417190382744986e-06,1.1141407767892388e-05,5.904285033715115e-05,0.9998594124373654,3.630227212000408e-06,29.879431077901035,-2.2464135516017687,0.0,0.0,0.0,0.0
A_linear,2,0.1,0.08134947816788794,0.08133742133560555,6.177479741995282e-07,2.464826011595238e-06,1.1439084308170954e-05,5.443646051225361e-05,0.9998517896788778,7.593754601899577e-06,29.76685099535636,-2.2464009940807412,0.0,0.0,0.0,0.0
A_linear,2,0.15,0.08134947816788927,0.08133682536137712,9.411205723777184e-07,2.0228023658947712e-06,1.1711685939755378e-05,5.015427598551242e-05,0.999844463581118,1.1568858136193955e-05,29.65429420251869,-2.2463894101480046,0.0,0.0,0.0,0.0
A_linear,2,0.2,0.08134947816789054,0.08133630184875061,1.2615913991007081e-06,1.7219961629348582e-06,1.1914727740820206e-05,4.613816272287257e-05,0.9998380282278796,1.550829123325183e-05,29.541764060205022,-2.246379525662063,0.0,0.0,0.0,0.0
A_linear,2,0.25,0.08134947816789188,0.08133542495271091,1.583743994472037e-06,1.4988538926166883e-06,1.2469471186493928e-05,4.2413274518070373e-05,0.9998272488589052,1.9468397709982244e-05,29.42926362207276,-2.2463708140992016,0.0,0.0,0.0,0.0
A_linear,2,0.3,0.08134947816789317,0.08133503288664039,1.9021001818343885e-06,1.3111231247188812e-06,1.254318107095319e-05,3.89474348528065e-05,0.9998224293311019,2.3381836302732488e-05,29.3167942591165,-2.2463627565264934,0.0,0.0,0.0,0.0
A_linear,2,0.35000000000000003,0.08134947816789448,0.08133472704423302,2.211909122174355e-06,1.1433025205183003e-06,1.2539214539269198e-05,3.564513377935261e-05,0.9998186697199087,2.7190206649012174e-05,29.20435552658641,-2.2463551696737976,0.0,0.0,0.0,0.0
A_linear,2,0.4,0.08134947816789581,0.08133424301687478,2.514039811391962e-06,9.923072760986507e-07,1.2721111209649498e-05,3.261787931455809e-05,0.9998127197449308,3.090419100419154e-05,29.091945379941595,-2.2463480454188214,0.0,0.0,0.0,0.0
A_linear,2,0.45,0.08134947816789712,0.08133357528677429,2.8080749966579474e-06,8.59559642696424e-07,1.3094806126143562e-05,2.9880555144654542e-05,0.9998045115779354,3.451866022867859e-05,28.979560219238017,-2.2463414177733916,0.0,0.0,0.0,0.0
A_linear,2,0.5,0.0813494781678984,0.08133279779551039,3.0926938279365014e-06,7.469042666232651e-07,1.3587678560077806e-05,2.7235387561614684e-05,0.999794954156269,3.801737758604234e-05,28.867195053235726,-2.2463353007105273,0.0,0.0,0.0,0.0
A_linear,2,0.55,0.08134947816789974,0.08133196661423836,3.366618309563279e-06,6.544528726870344e-07,1.4144935351824858e-05,2.485349283870328e-05,0.9997847367425611,4.138463313329201e-05,28.754843877292124,-2.2463296676931743,0.0,0.0,0.0,0.0
A_linear,2,0.6,0.08134947816790106,0.08133111227055287,3.6277507830395028e-06,5.828122754546927e-07,1.473814656514085e-05,2.2525454390332288e-05,0.9997742346016002,4.459464110577348e-05,28.64250102044319,-2.246324472658014,0.0,0.0,0.0,0.0
A_linear,2,0.65,0.08134947816790243,0.081330244972414,3.878127240185643e-06,5.29527123738604e-07,1.5355068248249545e-05,2.065239614579613e-05,0.999763573216183,4.767242922175022e-05,28.530159337471108,-2.2463196116718698,0.0,0.0,0.0,0.0
A_linear,2,0.7000000000000001,0.08134947816790379,0.0813293739085272,4.1141186511483605e-06,4.933727316949216e-07,1.5990140725435016e-05,1.8675028246165186e-05,0.9997528655397752,5.0573387116963395e-05,28.417815471716853,-2.246315001826903,0.0,0.0,0.0,0.0
A_linear,2,0.75,0.08134947816790511,0.08132853835588626,4.309110548653807e-06,4.5635841658130496e-07,1.6630701470184133e-05,1.6776196148531645e-05,0.999742594390395,5.297035267712245e-05,28.305455844830846,-2.246310450034512,0.0,0.0,0.0,0.0
A_linear,2,0.8,0.08134947816790644,0.08132790184219299,4.2873625776601935e-06,4.57030023812179e-07,1.72889631358064e-05,1.5236084750945534e-05,0.9997347699555132,5.27030126586801e-05,28.193204693139215,-2.246303788232299,0.0,0.0,0.0,0.0
A_linear,2,0.85,0.08134947816790779,0.08132741257488825,4.132173178864928e-06,4.576641831035753e-07,1.7933419840672298e-05,1.3994927200657685e-05,0.9997287555677494,5.079532495999541e-05,28.08102214762044,-2.2462970414822023,0.0,0.0,0.0,0.0
A_linear,2,0.9,0.08134947816790915,0.08132692943221169,3.968004780589571e-06,4.614198129425978e-07,1.8580730916862186e-05,1.281361013944245e-05,0.9997228164678461,4.8777261636508876e-05,27.96886570714556,-2.2462904156817127,0.0,0.0,0.0,0.0
A_linear,2,0.9500000000000001,0.0813494781679105,0.08132646520653368,3.7954936445121137e-06,4.721330011204396e-07,1.9217467732303927e-05,1.1583231401177671e-05,0.999717109907831,4.6656644025152484e-05,27.856736480597245,-2.2462838541880057,0.0,0.0,0.0,0.0
A_linear,2,1.0,0.08134947816791185,0.08132601128541733,3.6173385628000912e-06,4.841072220347246e-07,1.9849543931707376e-05,1.0308666910496812e-05,0.9997115300181019,4.446664741147588e-05,27.744631352374828,-2.2462773129538047,0.0,0.0,0.0,0.0
A_linear,2,1.05,0.0813494781679132,0.08132556850211112,3.4341078684843928e-06,4.993647439746117e-07,2.0475557933598647e-05,9.035232367723337e-06,0.9997060870414838,4.22142581098807e-05,27.63254780219534,-2.2462707322673374,0.0,0.0,0.0,0.0
A_linear,2,1.1,0.0813494781679145,0.08132512938081833,3.2430640731763683e-06,5.160967663792919e-07,2.110572302298953e-05,7.830841062726585e-06,0.9997006890806858,3.986582515603011e-05,27.520488085136954,-2.246264073050745,0.0,0.0,0.0,0.0
A_linear,2,1.1500000000000001,0.08134947816791588,0.0813246863888109,3.049223514005225e-06,5.317698365743168e-07,2.1742555590983355e-05,6.744208285075064e-06,0.999695243538578,3.748301258566443e-05,27.408441162158855,-2.2462572706433215,0.0,0.0,0.0,0.0
A_linear,2,1.2,0.08134947816791724,0.08132424075475457,2.8526598529600363e-06,5.513240464282098e-07,2.2384753309714745e-05,5.7925214045398075e-06,0.9996897655187096,3.506672589923353e-05,27.296407449265885,-2.2462503140090506,0.0,0.0,0.0,0.0
A_linear,2,1.25,0.08134947816791858,0.08132378594584563,2.6541888445848865e-06,5.671453685061748e-07,2.3038033228369324e-05,4.992770549535591e-06,0.9996841747156642,3.262699287518732e-05,27.18438082299829,-2.2462431393169773,0.0,0.0,0.0,0.0
A_linear,2,1.3,0.08134947816791997,0.08132330964761326,2.4558543139514592e-06,5.843329970908501e-07,2.3712665992761125e-05,4.315984076870748e-06,0.9996783197520617,3.0188937523141005e-05,27.072354071892995,-2.2462357048348873,0.0,0.0,0.0,0.0
A_linear,2,1.35,0.08134947816792135,0.0813228071352896,2.258395919118695e-06,6.033662002331157e-07,2.4412636712635794e-05,3.750439988516982e-06,0.9996721425480235,2.7761652194706414e-05,26.960323652730953,-2.246228000280784,0.0,0.0,0.0,0.0
A_linear,2,1.4000000000000001,0.08134947816792269,0.08132227181675371,2.0658931438066157e-06,6.214878400677086e-07,2.514045802519595e-05,3.276748134582418e-06,0.9996655620689684,2.5395284522196578e-05,26.84827794411456,-2.246219964317571,0.0,0.0,0.0,0.0
A_linear,2,1.45,0.08134947816792401,0.08132171678285997,1.875136266852577e-06,6.416662780049518e-07,2.5886248797157158e-05,2.853391808450672e-06,0.9996587392360805,2.3050378552912966e-05,26.73622184929514,-2.2462115768968403,0.0,0.0,0.0,0.0
A_linear,2,1.5,0.08134947816792536,0.08132112644071808,1.686395283242285e-06,6.57855652849451e-07,2.666533192405184e-05,2.501533784324718e-06,0.9996514823715433,2.0730253238516785e-05,26.624154354345432,-2.246202712997656,0.0,0.0,0.0,0.0
A_linear,2,1.55,0.08134947816792672,0.08132023719549679,1.7363969085963021e-06,6.885838712333474e-07,2.7504575521316493e-05,2.1992912811766825e-06,0.9996405511985023,2.1344905311032507e-05,26.511774483654925,-2.246194413239402,0.0,0.0,0.0,0.0
A_linear,2,1.6,0.08134947816792809,0.08131919083890901,1.9148474311050855e-06,7.090672393007408e-07,2.8372481587974176e-05,1.9518171920138793e-06,0.9996276887117019,2.3538533672610715e-05,26.39931442065256,-2.2461864262037126,0.0,0.0,0.0,0.0
A_linear,2,1.6500000000000001,0.08134947816792945,0.08131811757666486,2.106599610599295e-06,7.308912524317171e-07,2.9253991653973176e-05,1.7474308827267564e-06,0.9996144954833042,2.5895674539554494e-05,26.286873314212475,-2.246178326334766,0.0,0.0,0.0,0.0
A_linear,2,1.7,0.08134947816793082,0.08131701737402341,2.297620071937015e-06,7.559602606727456e-07,3.0163173835477174e-05,1.5749963764750948e-06,0.9996009710862508,2.824382065726355e-05,26.174454528694547,-2.246170215739201,0.0,0.0,0.0,0.0
A_linear,2,1.75,0.0813494781679322,0.08131586560096325,2.4962183878613773e-06,7.834339439454855e-07,3.111634858109616e-05,1.4220286168846617e-06,0.9995868127525102,3.0685118627415876e-05,26.062055297575135,-2.2461620472042023,0.0,0.0,0.0,0.0
A_linear,2,1.8,0.08134947816793357,0.08131468018417419,2.69798884213571e-06,8.145545376136741e-07,3.209999491726461e-05,1.2885834982002866e-06,0.9995722408484594,3.316541055821064e-05,25.949676520241756,-2.2461538570742747,0.0,0.0,0.0,0.0
A_linear,2,1.85,0.08134947816793497,0.08131347188367857,2.905882807234559e-06,8.39692016693597e-07,3.3100401449182495e-05,1.1708710364313721e-06,0.9995573876431995,3.572097661445053e-05,25.83731364895424,-2.246145585097503,0.0,0.0,0.0,0.0
A_linear,2,1.9000000000000001,0.08134947816793632,0.08131220630481281,3.1174107129114993e-06,8.725740691772771e-07,3.415445241059935e-05,1.0709407289966396e-06,0.9995418303354502,3.832121340072982e-05,25.724967517063426,-2.2461372597493297,0.0,0.0,0.0,0.0
A_linear,2,1.95,0.08134947816793768,0.08131090538482985,3.3310913954028273e-06,8.99467532566996e-07,3.524169171243327e-05,9.809937303056357e-07,0.9995258385920043,4.094791350137649e-05,25.612632648780494,-2.246128802323191,0.0,0.0,0.0,0.0
A_linear,2,2.0,0.08134947816793903,0.08130958270600865,3.5435018672153638e-06,9.2504654045928e-07,3.635196006315972e-05,9.072508141431079e-07,0.9995095793749529,4.355899935707157e-05,25.50030910009373,-2.246120241513342,0.0,0.0,0.0,0.0
A_linear,2,2.05,0.08134947816794037,0.08130822204435727,3.7599969141297265e-06,9.638464064481113e-07,3.74961266689625e-05,8.429411095970588e-07,0.9994928532485736,4.622029543161264e-05,25.387985245571176,-2.2461114695591675,0.0,0.0,0.0,0.0
A_linear,2,2.1,0.0813494781679417,0.08130682407939317,3.970254794529989e-06,9.913539141424738e-07,3.868383375400151e-05,7.909115966094532e-07,0.9994756685659314,4.880492025202187e-05,25.275667017594635,-2.246102443150816,0.0,0.0,0.0,0.0
A_linear,2,2.15,0.08134947816794307,0.08130538956800203,4.176880102525276e-06,1.0234560039077442e-06,3.9911719838518604e-05,7.554448504932839e-07,0.99945803463115,5.134489116085364e-05,25.163345275036114,-2.246093117663328,0.0,0.0,0.0,0.0
A_linear,2,2.2,0.08134947816794441,0.08130394208773631,4.38073530242329e-06,1.0516076785135225e-06,4.1155344905673014e-05,7.284453703578925e-07,0.9994402412746386,5.385081012295306e-05,25.051013773939747,-2.2460834496270308,0.0,0.0,0.0,0.0
A_linear,2,2.25,0.08134947816794581,0.08130242724195828,4.562509066628091e-06,1.0735721464850474e-06,4.2488416920887364e-05,7.500759927198926e-07,0.9994216198180105,5.60852899044884e-05,24.938670564119064,-2.2460733691434127,0.0,0.0,0.0,0.0
A_linear,2,2.3000000000000003,0.08134947816794715,0.0813010395996506,4.582396018100658e-06,1.109734229913662e-06,4.3856172278439766e-05,7.83037405327031e-07,0.9994045620280865,5.632975307647625e-05,24.826378895794107,-2.2460601957485355,0.0,0.0,0.0,0.0
A_linear,2,2.35,0.08134947816794852,0.08129979684035825,4.407560009669259e-06,1.1494330032738895e-06,4.527376758058341e-05,8.28477043370567e-07,0.9993892852331799,5.418055664192111e-05,24.714209247198912,-2.2460452510459814,0.0,0.0,0.0,0.0
A_linear,2,2.4,0.0813494781679499,0.08129856805487068,4.216668467306062e-06,1.1797837647519875e-06,4.669344461190133e-05,8.545923740227264e-07,0.9993741802132508,5.183399527899303e-05,24.60206723421328,-2.2460300620207825,0.0,0.0,0.0,0.0
A_linear,2,2.45,0.0813494781679513,0.08129723400431069,4.0239166662082784e-06,1.208915993665461e-06,4.822024697437632e-05,8.782009912394708e-07,0.9993577812074868,4.946456642168793e-05,24.489948442281847,-2.246014622602863,0.0,0.0,0.0,0.0
A_linear,2,2.5,0.08134947816795267,0.08129588170999118,3.825243618808225e-06,1.2430598105893883e-06,4.977121434270553e-05,8.977139972741076e-07,0.999341157937721,4.702234980426913e-05,24.377859338322875,-2.245998854031504,0.0,0.0,0.0,0.0
A_linear,2,2.5500000000000003,0.08134947816795403,0.08129447676740505,3.621645964725723e-06,1.28307128163601e-06,5.137975458425331e-05,9.169175804768765e-07,0.9993238874816698,4.4519596760639045e-05,24.265796927498194,-2.2459827175103273,0.0,0.0,0.0,0.0
A_linear,2,2.6,0.08134947816795544,0.08129302574534217,3.413609870638182e-06,1.3164815803776218e-06,5.303881274263404e-05,9.325175353447283e-07,0.9993060505871135,4.196228356364362e-05,24.153759413705572,-2.245966171471367,0.0,0.0,0.0,0.0
A_linear,2,2.65,0.08134947816795683,0.08129150275166476,3.204900220827348e-06,1.3638509072410341e-06,5.477051607125274e-05,9.37853060905239e-07,0.9992873289712766,3.93966905873742e-05,24.041737047153475,-2.245949179077957,0.0,0.0,0.0,0.0
A_linear,2,2.7,0.0813494781679582,0.0812899285226625,2.994804840913286e-06,1.403558056656909e-06,5.6554840454796715e-05,9.361353341804866e-07,0.9992679775379412,3.681406332724178e-05,23.929730317456368,-2.2459316545610837,0.0,0.0,0.0,0.0
A_linear,2,2.75,0.08134947816795962,0.08128831560542937,2.7819204468387467e-06,1.448454682657247e-06,5.8380642083403116e-05,9.283031523944576e-07,0.9992481505240394,3.4197151714913356e-05,23.8177337386263,-2.2459135290164327,0.0,0.0,0.0,0.0
A_linear,2,2.8000000000000003,0.08134947816796106,0.0812866178001304,2.5723071959223963e-06,1.4821812296503847e-06,6.0288060634721124e-05,9.117010032475164e-07,0.9992272800115463,3.162045109387661e-05,23.705737003871366,-2.245894764357833,0.0,0.0,0.0,0.0
A_linear,2,2.85,0.08134947816796238,0.08128482667553104,2.3678743632918965e-06,1.53370290816364e-06,6.228361806806206e-05,8.787351145066925e-07,0.9992052623583171,2.9107431499473703e-05,23.59373299950034,-2.2458752651382925,0.0,0.0,0.0,0.0
A_linear,2,2.9,0.08134947816796378,0.08128297123981536,2.1679131169635374e-06,1.5869398597061592e-06,6.43390150314684e-05,8.435610932334493e-07,0.9991824541515668,2.6649379513995244e-05,23.481718539613066,-2.2458549031015638,0.0,0.0,0.0,0.0
A_linear,2,2.95,0.08134947816796516,0.08128105672400626,1.966971246770408e-06,1.6488615432980037e-06,6.645447271212233e-05,7.913305854647119e-07,0.9991589196943879,2.417927307055532e-05,23.36969947299338,-2.245833756555035,0.0,0.0,0.0,0.0
A_linear,2,3.0,0.08134947816796659,0.0812790237600046,1.7641396728670107e-06,1.710104814301207e-06,6.869026828910332e-05,6.996261900252797e-07,0.9991339291959992,2.1685937176197957e-05,23.25767005755513,-2.24581155404579,0.0,0.0,0.0,0.0
A_linear,2,3.0500000000000003,0.08134947816796799,0.08127679691711973,1.7436334465731435e-06,1.7691688957989681e-06,7.093761740169909e-05,6.255903595115283e-07,0.9991065554139364,2.143386148062242e-05,23.145408525402146,-2.245788933530373,0.0,0.0,0.0,0.0
A_linear,2,3.1,0.0813494781679694,0.08127424911122318,1.910526822980786e-06,1.8458586850883594e-06,7.331852992325399e-05,5.567031589284677e-07,0.9990752361485233,2.3485421984342095e-05,23.032952352974704,-2.2457672193519853,0.0,0.0,0.0,0.0
A_linear,2,3.15,0.08134947816797083,0.0812716201279799,2.1057711336874642e-06,1.9077987284956344e-06,7.575226885722441e-05,5.289227199938793e-07,0.9990429189990601,2.588549036958119e-05,22.9205256618369,-2.245744766366413,0.0,0.0,0.0,0.0
A_linear,2,3.2,0.08134947816797221,0.08126892555115427,2.3005798525276814e-06,2.003660209405488e-06,7.825203696539271e-05,4.7423229006819094e-07,0.999009795531182,2.8280204180011986e-05,22.808120503549283,-2.2457217356050108,0.0,0.0,0.0,0.0
A_linear,2,3.25,0.08134947816797364,0.081266164172479,2.5022218739201878e-06,2.058919618435454e-06,8.081177362071292e-05,4.3133054690285126e-07,0.9989758508920905,3.075891733138719e-05,22.695738160108583,-2.245698281761106,0.0,0.0,0.0,0.0
A_linear,2,3.3000000000000003,0.08134947816797505,0.08126324181366651,2.709996389061591e-06,2.1577107255064596e-06,8.352635791947876e-05,3.889139607413069e-07,0.9989399273818269,3.3313015032079684e-05,22.583373532851525,-2.2456742724412475,0.0,0.0,0.0,0.0
A_linear,2,3.35,0.08134947816797651,0.08126029841483384,2.9208193549311875e-06,2.256998469204791e-06,8.62589337877537e-05,3.5039506885560277e-07,0.9989037452341302,3.59045862457785e-05,22.471032668600323,-2.2456497065334817,0.0,0.0,0.0,0.0
A_linear,2,3.4,0.08134947816797794,0.08125723022901524,3.1358695889250194e-06,2.3396860001452118e-06,8.91120693737773e-05,3.2000247606925176e-07,0.9988660291247078,3.8548121752542595e-05,22.35870827996515,-2.2456245682553817,0.0,0.0,0.0,0.0
A_linear,2,3.45,0.08134947816797936,0.08125405353203463,3.3551369473137136e-06,2.4133328186797326e-06,9.20694989974077e-05,2.9423758767898484e-07,0.9988269791264343,4.124349685913974e-05,22.246395757176554,-2.2455987707824665,0.0,0.0,0.0,0.0
A_linear,2,3.5,0.08134947816798078,0.0812508618762969,3.5782776588457143e-06,2.503591162773183e-06,9.503801402503595e-05,2.771506088787813e-07,0.9987877452455166,4.3986485708695386e-05,22.134093048654744,-2.2455723304444954,0.0,0.0,0.0,0.0
A_linear,2,3.5500000000000003,0.0813494781679822,0.08124746180727743,3.796495044693892e-06,2.594729552957005e-06,9.821986566009913e-05,2.665158988175259e-07,0.9987459494147694,4.6668953878896905e-05,22.021800375865748,-2.2455449497104376,0.0,0.0,0.0,0.0
A_linear,2,3.6,0.08134947816798364,0.08124399667725711,4.013459761726446e-06,2.7122597530789353e-06,0.00010146803096481205,2.657101118433279e-07,0.9987033538124397,4.9336023439988154e-05,21.90951105780364,-2.2455167351861927,0.0,0.0,0.0,0.0
A_linear,2,3.65,0.08134947816798514,0.08124044916869454,4.2261554544759e-06,2.8245164434169116e-06,0.00010480284383611931,2.719072355346264e-07,0.9986597455601932,5.195061541450787e-05,21.797220945211933,-2.2454873932979913,0.0,0.0,0.0,0.0
A_linear,2,3.7,0.08134947816798653,0.08123675364571747,4.435313614624896e-06,2.909546487907706e-06,0.00010828920865444105,2.904306415562052e-07,0.9986143178197618,5.452172176772888e-05,21.684921689721854,-2.245456995839629,0.0,0.0,0.0,0.0
A_linear,2,3.75,0.08134947816798797,0.08123294952447234,4.636511393602679e-06,3.027635182244043e-06,0.00011189213212204767,3.175475361232001e-07,0.9985675551197145,5.699497400620332e-05,21.572614187197498,-2.245425685584642,0.0,0.0,0.0,0.0
A_linear,2,3.8000000000000003,0.08134947816798942,0.08122917918432654,4.746909945143783e-06,3.1201100624552407e-06,0.00011555207371770105,3.957209768698596e-07,0.9985212076786226,5.8352063861322554e-05,21.4603297774299,-2.245389449497277,0.0,0.0,0.0,0.0
A_linear,2,3.85,0.08134947816799087,0.0812254267838969,4.581449918479914e-06,3.265049404832059e-06,0.0001194699341754974,4.791633324249672e-07,0.9984750807640362,5.631812301265146e-05,21.348180613566537,-2.245348367919083,0.0,0.0,0.0,0.0
A_linear,2,3.9,0.08134947816799232,0.08122160391353721,4.39489826086006e-06,3.364957649026989e-06,0.0001234793561942804,5.666677027487113e-07,0.9984280875878387,5.402491029855521e-05,21.236061670212003,-2.2453059005706977,0.0,0.0,0.0,0.0
A_linear,2,3.95,0.08134947816799379,0.08121767090589278,4.207286010056505e-06,3.4654259234860622e-06,0.0001275999760909538,6.1198208836776e-07,0.9983797405334449,5.171866009230067e-05,21.12397101990798,-2.2452622873887025,0.0,0.0,0.0,0.0
A_linear,2,4.0,0.08134947816799525,0.08121359274687259,4.011506609490563e-06,3.60163910674067e-06,0.00013187391451318232,6.673886243376144e-07,0.9983296091851747,4.931201403906217e-05,21.011914069445226,-2.245217378811192,0.0,0.0,0.0,0.0
A_linear,2,4.05,0.08134947816799673,0.08120944450546556,3.812661082620152e-06,3.7024834754638416e-06,0.0001362210014485426,7.155227794244537e-07,0.9982786163392224,4.686767719328864e-05,20.899887104540742,-2.2451710835620715,0.0,0.0,0.0,0.0
A_linear,2,4.1,0.08134947816799812,0.08120505437250473,3.6095747406612502e-06,3.86053690865647e-06,0.00014081422075272137,7.625469099527155e-07,0.9982246500070335,4.437120952647011e-05,20.787882886920194,-2.2451231900735724,0.0,0.0,0.0,0.0
A_linear,2,4.15,0.08134947816799956,0.08120057944466999,3.397895651342173e-06,3.972517732605109e-06,0.00014550082767822922,7.953777759572013e-07,0.9981696413218278,4.176911429382473e-05,20.675907523196457,-2.245073718842986,0.0,0.0,0.0,0.0
A_linear,2,4.2,0.081349478168001,0.08119584862329884,3.1833604072024366e-06,4.134060227655716e-06,0.00015044618429498201,8.175256980177247e-07,0.998111487029027,3.9131909372894026e-05,20.56395044362695,-2.2450227224688986,0.0,0.0,0.0,0.0
A_linear,2,4.25,0.08134947816800246,0.08119105267552876,2.973733816455225e-06,4.294657118827458e-06,0.0001554517586572636,8.316557592823006e-07,0.9980525321607285,3.655504477009536e-05,20.452003401492714,-2.2449699729487063,0.0,0.0,0.0,0.0
A_linear,2,4.3,0.08134947816800396,0.08118612744817721,2.769147260354775e-06,4.446307850084898e-06,0.00016058157256637314,8.32238425473558e-07,0.9979919881048359,3.404013550813316e-05,20.34005486278371,-2.2449152635489695,0.0,0.0,0.0,0.0
A_linear,2,4.3500000000000005,0.0813494781680054,0.08118091911947255,2.559482275176466e-06,4.617539568917941e-06,0.0001659995662576687,8.140687886945016e-07,0.9979279639854021,3.1462798936344075e-05,20.22811423336726,-2.244858168393218,0.0,0.0,0.0,0.0
A_linear,2,4.4,0.08134947816800683,0.08117542270889891,2.3538047404544934e-06,4.792738534578185e-06,0.0001717016543674773,7.944063087173143e-07,0.997860398578729,2.893447866491907e-05,20.116166225115947,-2.2447987368468842,0.0,0.0,0.0,0.0
A_linear,2,4.45,0.0813494781680083,0.08116985433851848,2.1534885817655825e-06,4.957434245569419e-06,0.000177470340908062,7.69702236544265e-07,0.9977919485959227,2.6472063868904675e-05,20.00420692441661,-2.244737100420712,0.0,0.0,0.0,0.0
A_linear,2,4.5,0.08134947816800972,0.08116411497226267,1.942043621601143e-06,5.1642112392917404e-06,0.00018342115212543464,6.600821801301204e-07,0.9977213966220628,2.3872846702105117e-05,19.892250461727425,-2.244672963489942,0.0,0.0,0.0,0.0
A_linear,2,4.55,0.08134947816801112,0.08115801861294934,1.875174244607554e-06,5.3684689752305795e-06,0.00018958438081716022,6.032353667515519e-07,0.9976464562604033,2.3050845399828573e-05,19.78011899055212,-2.2446053136793505,0.0,0.0,0.0,0.0
A_linear,2,4.6000000000000005,0.08134947816801252,0.0811514327570957,1.993201353534472e-06,5.567540259522062e-06,0.00019605220956328648,5.127517268158275e-07,0.9975654986930858,2.4501710378742414e-05,19.667762210415038,-2.244538378488666,0.0,0.0,0.0,0.0
A_linear,2,4.65,0.08134947816801397,0.08114453976264019,2.2068713797808467e-06,5.777099342914346e-06,0.0002027315339939873,5.105939417767968e-07,0.9974807655809357,2.7128279485984125e-05,19.55538423550625,-2.244469101168687,0.0,0.0,0.0,0.0
A_linear,2,4.7,0.0813494781680154,0.0811374716984581,2.411206456494834e-06,6.048806405145506e-06,0.00020959526310080064,4.4625543137975597e-07,0.997393880399338,2.9640097401913772e-05,19.443029202058593,-2.2443971005857466,0.0,0.0,0.0,0.0
A_linear,2,4.75,0.08134947816801678,0.0811303182821831,2.62275948447825e-06,6.2518277195102004e-06,0.00021653712634920263,4.0344127425510973e-07,0.9973059460150312,3.224064300770659e-05,19.330708568118418,-2.2443230443857773,0.0,0.0,0.0,0.0
A_linear,2,4.8,0.08134947816801823,0.08112258966819721,2.8344776988918697e-06,6.538188004406312e-06,0.00022405402212211898,3.624393415691654e-07,0.9972109409312694,3.484321919112467e-05,19.218406543385345,-2.2442468593270313,0.0,0.0,0.0,0.0
A_linear,2,4.8500000000000005,0.08134947816801961,0.08111504765614036,3.0579563840111948e-06,6.8054716035903065e-06,0.00023137255549526356,3.247054624863019e-07,0.997118229678191,3.759036262894368e-05,19.10613026327407,-2.244167723971759,0.0,0.0,0.0,0.0
A_linear,2,4.9,0.08134947816802104,0.08110685203868208,3.2823402656859626e-06,7.054690508135376e-06,0.00023934378907327722,2.9423526245419493e-07,0.9970174838879994,4.0348633323824686e-05,18.993877155065693,-2.2440866471525354,0.0,0.0,0.0,0.0
A_linear,2,4.95,0.08134947816802245,0.08109860357882921,3.516034622033771e-06,7.380545082565553e-06,0.00024735855457116854,2.661453365125606e-07,0.9969160885251769,4.322135434933723e-05,18.88163476596154,-2.2440023747448907,0.0,0.0,0.0,0.0
A_linear,2,5.0,0.08134947816802379,0.08109006717841154,3.7443896058101082e-06,7.632476529776433e-06,0.00025566660000646133,2.4998639642151407e-07,0.9968111536121171,4.602844038011203e-05,18.76941735504457,-2.2439157627728785,0.0,0.0,0.0,0.0
A_linear,2,5.05,0.08134947816802522,0.08108118597266196,3.9836634367193855e-06,8.018952484142057e-06,0.0002643085319265442,2.4214176325152105e-07,0.9967019801306026,4.8969747888133136e-05,18.6572017199993,-2.2438257720700685,0.0,0.0,0.0,0.0
A_linear,2,5.1000000000000005,0.08134947816802662,0.08107206519140235,4.213305351608669e-06,8.25845572947338e-06,0.00027319967127264143,2.402758353714504e-07,0.9965898616331468,5.179265370216788e-05,18.54500011622896,-2.2437328381683828,0.0,0.0,0.0,0.0
A_linear,2,5.15,0.08134947816802798,0.08106251479950034,4.449651862655763e-06,8.624825081380341e-06,0.00028251371666499105,2.483856083072373e-07,0.9964724620859287,5.469797671553556e-05,18.43279580855279,-2.243636311759548,0.0,0.0,0.0,0.0
A_linear,2,5.2,0.08134947816802937,0.08105274875726817,4.6724452459850375e-06,8.926721125680726e-06,0.0002920569655152081,2.7125841744909675e-07,0.9963524116264361,5.7436695983888004e-05,18.320593388659034,-2.2435361970405028,0.0,0.0,0.0,0.0
A_linear,2,5.25,0.08134947816803072,0.08104265286916962,4.899417923196653e-06,9.346711908183459e-06,0.00030192588093792307,2.8959954874403745e-07,0.9962283064898421,6.022678981513197e-05,18.208384977349386,-2.2434326150594943,0.0,0.0,0.0,0.0
A_linear,2,5.3,0.08134947816803213,0.08103229122356413,5.08426192066546e-06,9.70228255156696e-06,0.0003121026825473447,3.7086005462810776e-07,0.9961009344913948,6.24990108745826e-05,18.096184575638052,-2.2433207113086744,0.0,0.0,0.0,0.0
A_linear,2,5.3500000000000005,0.08134947816803352,0.08102182010860381,4.987416058961968e-06,1.0139537453308231e-05,0.0003226706433707457,4.408380227092242e-07,0.9959722168253753,6.130851938177258e-05,17.984086410350507,-2.2431967040324587,0.0,0.0,0.0,0.0
A_linear,2,5.4,0.0813494781680349,0.08101098554953215,4.800559739554972e-06,1.049945595613155e-05,0.00033369205876319165,5.354454887297204e-07,0.9958390314710617,5.901156156944203e-05,17.87208676441427,-2.243066381657356,0.0,0.0,0.0,0.0
A_linear,2,5.45,0.08134947816803628,0.08100003962797313,4.630038156281462e-06,1.0942118045354881e-05,0.0003448085019068866,5.865345159498945e-07,0.9957044771775752,5.6915400818154105e-05,17.760106083248154,-2.2429311363846858,0.0,0.0,0.0,0.0
A_linear,2,5.5,0.08134947816803766,0.08098836184531422,4.433318198271797e-06,1.1328437988596755e-05,0.0003566830045251762,6.445391496435212e-07,0.995560926377702,5.449719282911953e-05,17.64817032227133,-2.2427921100728203,0.0,0.0,0.0,0.0
A_linear,2,5.55,0.081349478168039,0.08097661847433797,4.246713178215818e-06,1.1835424165939158e-05,0.0003686129805228263,7.001261249693526e-07,0.9954165693241346,5.220332414970903e-05,17.53626282267498,-2.2426468203189596,0.0,0.0,0.0,0.0
A_linear,2,5.6000000000000005,0.0813494781680404,0.080963964918175,4.049999675302929e-06,1.2235667494115747e-05,0.0003814632501900926,7.482961886999973e-07,0.9952610236900467,4.9785195510867375e-05,17.424387022223506,-2.2424978275661327,0.0,0.0,0.0,0.0
A_linear,2,5.65,0.0813494781680418,0.0809513662725396,3.856126223311719e-06,1.2868355109061437e-05,0.00039425576927887664,7.867186276369097e-07,0.9951061530514081,4.740197860084861e-05,17.312541668995756,-2.242342243999403,0.0,0.0,0.0,0.0
A_linear,2,5.7,0.08134947816804317,0.08093809214531425,3.6495007972195694e-06,1.3232797819521635e-05,0.000407736521931697,8.191107296947707e-07,0.994942978959507,4.4862006240295924e-05,17.20072947920576,-2.242182407424298,0.0,0.0,0.0,0.0
A_linear,2,5.75,0.08134947816804451,0.0809243520912981,3.4501714991399625e-06,1.3868064269686183e-05,0.00042167590524728093,8.374625151829379e-07,0.9947740773964373,4.2411722568310826e-05,17.088929119192017,-2.242015592979773,0.0,0.0,0.0,0.0
A_linear,2,5.8,0.08134947816804583,0.08091037610918496,3.2497958366576935e-06,1.4344656991248297e-05,0.0004358522630242183,8.413240180632348e-07,0.9946022756537687,3.99485763134768e-05,16.9771465087797,-2.241841733889103,0.0,0.0,0.0,0.0
A_linear,2,5.8500000000000005,0.08134947816804718,0.08089556738950808,3.062401828764468e-06,1.4957648059560702e-05,0.00045084837671033453,8.375566161677662e-07,0.9944202373664717,3.76450088891576e-05,16.86536320335683,-2.241662839132129,0.0,0.0,0.0,0.0
A_linear,2,5.9,0.08134947816804851,0.08088035981040964,2.8466669583753847e-06,1.559800198315457e-05,0.0004662716906804819,8.159620550378794e-07,0.9942332960431561,3.49930573923886e-05,16.75360171658822,-2.241474842084513,0.0,0.0,0.0,0.0
A_linear,2,5.95,0.08134947816804984,0.0808648182399444,2.67293472563787e-06,1.6117110546527236e-05,0.00048198699337981206,8.15364500418223e-07,0.9940422490835867,3.285742927712682e-05,16.64182169550144,-2.2412804909454342,0.0,0.0,0.0,0.0
A_linear,2,6.0,0.08134947816805121,0.08084831903012389,2.4611041755599634e-06,1.691978758547611e-05,0.000498698033751768,6.990170577164687e-07,0.9938394302063988,3.025347219162034e-05,16.530059490048828,-2.241077735256296,0.0,0.0,0.0,0.0
A_linear,2,6.05,0.08134947816805255,0.08083151867334967,2.356320947725563e-06,1.7534436135455803e-05,0.0005156031737551453,6.35221674660639e-07,0.9936329094375643,2.8965409499712488e-05,16.41818227866835,-2.2408637472639383,0.0,0.0,0.0,0.0
A_linear,2,6.1000000000000005,0.08134947816805392,0.08081375944975339,2.453298936144572e-06,1.820579682112691e-05,0.0005332654193644147,5.310926894457449e-07,0.9934146016623016,3.0157525178913642e-05,16.306072252744205,-2.240646254810434,0.0,0.0,0.0,0.0
A_linear,2,6.15,0.08134947816805523,0.08079509290783014,2.68325776261494e-06,1.9170589719783556e-05,0.0005517020024624935,5.30945332745448e-07,0.9931851405478004,3.298432667351291e-05,16.19385700265812,-2.240417506361868,0.0,0.0,0.0,0.0
A_linear,2,6.2,0.08134947816805656,0.08077620802160719,2.911240783746562e-06,1.9708873492309362e-05,0.000570358905665615,4.817042784627579e-07,0.9929529954050219,3.5786840300712794e-05,16.081709619496237,-2.2401815021923657,0.0,0.0,0.0,0.0
A_linear,2,6.25,0.08134947816805783,0.08075642874393608,3.1562673323178494e-06,2.0727279863877532e-05,0.0005898931567894395,4.354334227270613e-07,0.9927098558284961,3.879886390663006e-05,15.969587346022509,-2.239936523589763,0.0,0.0,0.0,0.0
A_linear,2,6.3,0.08134947816805914,0.08073578874416083,3.388862386870523e-06,2.1560012292454635e-05,0.0006103005615114384,3.870215774332766e-07,0.9924561357034093,4.1658071608886084e-05,15.857502109741556,-2.239679565344641,0.0,0.0,0.0,0.0
A_linear,2,6.3500000000000005,0.08134947816806049,0.08071505243748167,3.655334301463662e-06,2.2404011941219004e-05,0.0006307703962773523,3.490102337701323e-07,0.9922012317120443,4.4933715418703484e-05,15.745446941136429,-2.239416143876713,0.0,0.0,0.0,0.0
A_linear,2,6.4,0.08134947816806182,0.08069320862457584,3.9092379786248555e-06,2.3447002215762134e-05,0.0006523603055073611,3.148012389894232e-07,0.9919327135432857,4.805486238705389e-05,15.633422980370883,-2.239141438424517,0.0,0.0,0.0,0.0
A_linear,2,6.45,0.08134947816806312,0.08067014168577426,4.164396377396237e-06,2.4413797685121747e-05,0.0006751720859114753,2.8884423644173075e-07,0.9916491599259506,5.1191433198782725e-05,15.521435399166977,-2.2388543579780587,0.0,0.0,0.0,0.0
A_linear,2,6.5,0.08134947816806443,0.08064748365928956,4.447972849065746e-06,2.5410556084042412e-05,0.0006975465359258121,2.6842655039615737e-07,0.991370632921276,5.4677337202783666e-05,15.409466229987848,-2.2385603587674927,0.0,0.0,0.0,0.0
A_linear,2,6.55,0.0813494781680657,0.08062318835532845,4.714708164577448e-06,2.657493624447499e-05,0.0007215751045726924,2.5626743406054625e-07,0.9910719794509713,5.7956218905756164e-05,15.297521104285355,-2.238252937163375,0.0,0.0,0.0,0.0
A_linear,2,6.6000000000000005,0.08134947816806704,0.08059788882469535,4.99562994437852e-06,2.769460155071228e-05,0.0007465937134272973,2.5526824381856037e-07,0.9907609813818484,6.140948973338967e-05,15.18560241629334,-2.237931449944219,0.0,0.0,0.0,0.0
A_linear,2,6.65,0.08134947816806834,0.08057251069907863,5.268776031792807e-06,2.8796429561937748e-05,0.0007716986929579061,2.5993164333654753e-07,0.9904490171727409,6.476717675935788e-05,15.073690417511997,-2.237602084343243,0.0,0.0,0.0,0.0
A_linear,2,6.7,0.08134947816806969,0.08054586594542533,5.544762159335407e-06,3.010891984112019e-05,0.0007980674604850022,2.829669860855445e-07,0.990121482758819,6.815977538146975e-05,14.961789839918389,-2.237257765408019,0.0,0.0,0.0,0.0
A_linear,2,6.75,0.08134947816807095,0.08051800598726637,5.82218586380366e-06,3.138366930223821e-05,0.0008256499949407818,3.002321749180322e-07,0.9897790102711326,7.15700456218639e-05,14.849907420172423,-2.2368968915667744,0.0,0.0,0.0,0.0
A_linear,2,6.8,0.08134947816807225,0.08048975232353112,6.106023535946088e-06,3.263818661951363e-05,0.0008536198210052142,3.513804476928868e-07,0.989431698101801,7.505916046972945e-05,14.738024802784746,-2.236524238637797,0.0,0.0,0.0,0.0
A_linear,2,6.8500000000000005,0.08134947816807352,0.08046064032650707,6.11920434841424e-06,3.4234082222089554e-05,0.0008827186372180322,4.2750956296037585e-07,0.9890738347487609,7.522118747672297e-05,14.626226997783093,-2.2361217644426974,0.0,0.0,0.0,0.0
A_linear,2,6.9,0.08134947816807482,0.08043031937555202,5.979030152700016e-06,3.576792970707009e-05,0.0009131797623701187,5.176304244501927e-07,0.9887011101580302,7.34980762918582e-05,14.514592159437752,-2.235689588809055,0.0,0.0,0.0,0.0
A_linear,2,6.95,0.08134947816807613,0.08039915905227979,5.854065636196909e-06,3.70939250739695e-05,0.000944465050160128,5.91256035425314e-07,0.9883180674640237,7.196193224622567e-05,14.40296982123739,-2.235245717842414,0.0,0.0,0.0,0.0
A_linear,2,7.0,0.0813494781680774,0.08036740858168415,5.70839365353235e-06,3.86239190223255e-05,0.0009763611927397075,6.429490314758378e-07,0.9879277703003307,7.017123873539977e-05,14.291410478844123,-2.2347882099190635,0.0,0.0,0.0,0.0
A_linear,2,7.05,0.08134947816807864,0.08033431537092246,5.586214029355178e-06,4.043164431127624e-05,0.0010095765831268227,7.013594136764387e-07,0.9875209673126764,6.866932837372761e-05,14.17990129029513,-2.2343077838841214,0.0,0.0,0.0,0.0
A_linear,2,7.1000000000000005,0.08134947816807987,0.08029961274465908,5.447659320238162e-06,4.229495231386141e-05,0.0010444177641005695,7.570779560206204e-07,0.9870943803566679,6.696612495758736e-05,14.068454379991753,-2.2338063959083447,0.0,0.0,0.0,0.0
A_linear,2,7.15,0.08134947816808118,0.08026375554274794,5.283526518440387e-06,4.400153790165082e-05,0.0010804390988147974,8.030833831286103e-07,0.986653600615729,6.4948499208855e-05,13.957046897950965,-2.233290552773834,0.0,0.0,0.0,0.0
A_linear,2,7.2,0.08134947816808243,0.08022707559532355,5.1486080100325025e-06,4.5902579589946826e-05,0.0011172539647488372,8.415119180140792e-07,0.986202707158861,6.328999430573564e-05,13.845687456870364,-2.2327544560612735,0.0,0.0,0.0,0.0
A_linear,2,7.25,0.08134947816808366,0.0801891533761766,5.026986677398797e-06,4.796248060689061e-05,0.0011552978052296577,8.706943477687027e-07,0.9857365429006243,6.179494682205675e-05,13.734377586935512,-2.232191252114162,0.0,0.0,0.0,0.0
A_linear,2,7.3,0.08134947816808491,0.08014953429731056,4.884511988443843e-06,4.991827988146099e-05,0.0011950593587859001,8.761635010534752e-07,0.9852495197535869,6.004355649770029e-05,13.623104214941577,-2.231606599296966,0.0,0.0,0.0,0.0
A_linear,2,7.3500000000000005,0.08134947816808613,0.08010857886331323,4.728550058943527e-06,5.1894509156425404e-05,0.0012361707547139708,8.822794669931945e-07,0.9847460692715332,5.8126372355742586e-05,13.511857136252047,-2.231003969073775,0.0,0.0,0.0,0.0
A_linear,2,7.4,0.08134947816808746,0.08006657741025652,4.616348678388982e-06,5.417465215502141e-05,0.001278284409152524,8.630535414600007e-07,0.9842297604518107,5.674712096923968e-05,13.400637746000928,-2.230374802964562,0.0,0.0,0.0,0.0
A_linear,2,7.45,0.08134947816808864,0.08002326457010146,4.506840067619272e-06,5.657788916160081e-05,0.0013217067579195502,8.862776619441165e-07,0.9836973312201599,5.540097083729287e-05,13.289450681990347,-2.2297137660665234,0.0,0.0,0.0,0.0
A_linear,2,7.5,0.08134947816808989,0.07997794407262734,4.360192092933462e-06,5.9022793947310455e-05,0.0013671739033695998,7.841970644039231e-07,0.9831402225761229,5.359827980609947e-05,13.178296349581913,-2.2290282465554383,0.0,0.0,0.0,0.0
A_linear,2,7.55,0.08134947816809111,0.07993071898088713,4.288073831584246e-06,6.150895228900307e-05,0.001414471113372392,6.970624268340822e-07,0.982559701436899,5.271175584831495e-05,13.067087846506853,-2.2283146484899587,0.0,0.0,0.0,0.0
A_linear,2,7.6000000000000005,0.08134947816809233,0.07988221232850556,4.433979960595896e-06,6.416095266126988e-05,0.0014628318596261493,6.069675980107007e-07,0.9819634265316987,5.450532763632445e-05,12.955677076302887,-2.227568092499118,0.0,0.0,0.0,0.0
A_linear,2,7.65,0.08134947816809354,0.07983231022837958,4.756358209539013e-06,6.712013667349577e-05,0.0015124115815044455,5.929563806216816e-07,0.9813499978871528,5.846820799158521e-05,12.844126861121069,-2.2267817716343283,0.0,0.0,0.0,0.0
A_linear,2,7.7,0.08134947816809475,0.07978018821490403,5.088119806618331e-06,7.011155794481468e-05,0.0015642018333841114,5.73308798352849e-07,0.9807092806428573,6.254643448486055e-05,12.732651365640246,-2.2259591545758077,0.0,0.0,0.0,0.0
A_linear,2,7.75,0.08134947816809596,0.0797258242141253,5.42367834973334e-06,7.314686420191137e-05,0.0016182302756209237,5.020962532167467e-07,0.9800410034516063,6.667133547588539e-05,12.621226913138667,-2.225108388286804,0.0,0.0,0.0,0.0
A_linear,2,7.8,0.08134947816809718,0.07966992312075753,5.795857276580302e-06,7.630915973184539e-05,0.001673759190063061,4.5705418971232965e-07,0.9793538313316641,7.124639772862444e-05,12.509872646428054,-2.2242221698012075,0.0,0.0,0.0,0.0
A_linear,2,7.8500000000000005,0.08134947816809836,0.0796128623985805,6.161546082608376e-06,7.986704174246283e-05,0.0017304542234352661,4.1187246949828455e-07,0.9786524043100883,7.574167925055799e-05,12.398597794817896,-2.2232925854307104,0.0,0.0,0.0,0.0
A_linear,2,7.9,0.08134947816809952,0.07955372427547698,6.52895094994988e-06,8.356800225045238e-05,0.0017892249416725816,3.789441441018462e-07,0.9779254405429397,8.02580556996142e-05,12.287383089359738,-2.2223206739364763,0.0,0.0,0.0,0.0
A_linear,2,7.95,0.08134947816810074,0.0794919220166075,6.915423659073185e-06,8.71416502935848e-05,0.0018506407278341612,3.4719484624238454e-07,0.9771657275089732,8.500882629859207e-05,12.17623129858912,-2.2213142907234817,0.0,0.0,0.0,0.0
A_linear,2,8.0,0.08134947816810192,0.07942758439705495,7.329139421432548e-06,9.095729249017801e-05,0.0019145646316255326,3.2313520692067965e-07,0.9763748481941638,9.009448599396657e-05,12.065147016415262,-2.220271076704121,0.0,0.0,0.0,0.0
A_linear,2,8.05,0.08134947816810315,0.07936198183818202,7.764746788652336e-06,9.486643549429955e-05,0.0019797315831324726,3.0591345790809895e-07,0.9755684194333233,9.544925134746429e-05,11.95413221330716,-2.219180478328302,0.0,0.0,0.0,0.0
A_linear,2,8.1,0.08134947816810431,0.07929459042940327,8.173402356586684e-06,9.92617607588324e-05,0.0020467143363444617,2.99520962182458e-07,0.9747400009812636,0.00010047270788506828,11.84318120028263,-2.2180369480467914,0.0,0.0,0.0,0.0
A_linear,2,8.15,0.08134947816810548,0.07922506728245525,8.599120731779934e-06,0.00010373169475446637,0.002115811764918453,3.0400834631259467e-07,0.9738853778353659,0.0001057059114013023,11.732281445898778,-2.216845784069324,0.0,0.0,0.0,0.0
A_linear,2,8.2,0.08134947816810661,0.07915226809731707,9.062653465358843e-06,0.0001084996461862188,0.002188147417324177,3.27860046387911e-07,0.9729904835253022,0.00011140395328204934,11.621436705094695,-2.215611979280754,0.0,0.0,0.0,0.0
A_linear,2,8.25,0.08134947816810775,0.07907689150022798,9.515552994076794e-06,0.00011318303724046195,0.0022630711148857057,3.4173600450277583e-07,0.9720639060132199,0.0001169712849836973,11.510657095216054,-2.2143282571653033,0.0,0.0,0.0,0.0
A_linear,2,8.3,0.08134947816810888,0.07899959821410572,1.0000672860645969e-05,0.00011815011232203359,0.0023398792811425003,3.6633962896452135e-07,0.9711137673293107,0.00012293468975891345,11.399919366478317,-2.212998545751305,0.0,0.0,0.0,0.0
A_linear,2,8.35,0.08134947816811001,0.07892054825643965,1.0299617394446384e-05,0.00012364107892122352,0.0024186302942758964,4.3341470101310076e-07,0.9701420345112609,0.00012660950784665218,11.28929588628903,-2.2115874384345693,0.0,0.0,0.0,0.0
A_linear,2,8.4,0.0813494781681111,0.07883903151166885,1.039015431424063e-05,0.00012940793435562887,0.0025000565021280046,4.993702975709381e-07,0.9691399783628073,0.00012772244577610037,11.17885090110593,-2.21009887182133,0.0,0.0,0.0,0.0
A_linear,2,8.45,0.08134947816811222,0.07875410965552841,1.05116547418879e-05,0.00013520240062953878,0.0025848568578419094,5.836341690190641e-07,0.9680960643998187,0.0001292160070180796,11.068524575416118,-2.2085592364326865,0.0,0.0,0.0,0.0
A_linear,2,8.5,0.08134947816811341,0.0786660064507365,1.0619578492780103e-05,0.00014114578144502004,0.0026728521388841306,6.290751838529733e-07,0.9670130432572491,0.00013054267503516284,10.958306680815099,-2.206957939773403,0.0,0.0,0.0,0.0
A_linear,2,8.55,0.08134947816811451,0.07857544654195223,1.070439292228288e-05,0.00014728833715449007,0.002763327233239991,6.986634205286678e-07,0.9658998227323653,0.00013158526844095407,10.848194661898795,-2.205288317877252,0.0,0.0,0.0,0.0
A_linear,2,8.6,0.0813494781681156,0.07848240580489427,1.0808900659666614e-05,0.00015402819710439163,0.002856263462561674,7.466220715667314e-07,0.964756106274016,0.00013286994462741487,10.738199272780912,-2.2035398265333614,0.0,0.0,0.0,0.0
A_linear,2,8.65,0.08134947816811669,0.07838612075871472,1.0960757352593588e-05,0.00016128853898173952,0.002952396652049381,7.984334528689891e-07,0.9635725086855763,0.0001347366645664537,10.62831070170886,-2.2017111781438445,0.0,0.0,0.0,0.0
A_linear,2,8.700000000000001,0.08134947816811779,0.07828667663960223,1.1151301118400897e-05,0.00016870586660739032,0.003051650227397139,8.425051852991079e-07,0.9623500777449865,0.00013707895083672802,10.51854130059789,-2.199810739704659,0.0,0.0,0.0,0.0
A_linear,2,8.75,0.08134947816811886,0.07818422667696864,1.1354830926332755e-05,0.00017610196045910907,0.003153896660223878,8.756324479402852e-07,0.9610906970465277,0.00013958086987191952,10.408892223597498,-2.197840856730498,0.0,0.0,0.0,0.0
A_linear,2,8.8,0.08134947816811992,0.0780779528019481,1.1541472848874308e-05,0.00018387520743380872,0.0032599838933229353,8.976360408027963e-07,0.9597843103626212,0.0001418751921803636,10.29935792202898,-2.1957880920400994,0.0,0.0,0.0,0.0
A_linear,2,8.85,0.081349478168121,0.07796740842223311,1.1682517192554179e-05,0.00019203011475136915,0.0033703872286953234,9.118807607148129e-07,0.958425427893977,0.0001436089997825246,10.189943188913727,-2.193639003824004,0.0,0.0,0.0,0.0
A_linear,2,8.9,0.08134947816812206,0.07785410412239836,1.1898614900445723e-05,0.00020067213760413777,0.003483475430823254,9.012831907982839e-07,0.9570326187157595,0.00014626541151075708,10.080618024566615,-2.1913921585477536,0.0,0.0,0.0,0.0
A_linear,2,8.950000000000001,0.08134947816812309,0.07773802661593891,1.2205125706048035e-05,0.00021005219531207095,0.0035992464264781292,9.282405228336965e-07,0.9556057195017222,0.00015003323906791365,9.97141449848265,-2.1890546853468638,0.0,0.0,0.0,0.0
A_linear,2,9.0,0.08134947816812416,0.07761800080284208,1.2539776674022223e-05,0.0002201270760501287,0.003718937588608045,8.670913278755657e-07,0.9541302851682678,0.0001541469835627758,9.86231703371609,-2.1866207759426795,0.0,0.0,0.0,0.0
A_linear,2,9.05,0.08134947816812521,0.07749405432609147,1.29001615927752e-05,0.0002297561331107814,0.003842523680440969,7.770457095311273e-07,0.9526066555206939,0.00015857706629800866,9.753342966666326,-2.184085100380208,0.0,0.0,0.0,0.0
A_linear,2,9.1,0.08134947816812627,0.0773653406662281,1.3405504564686135e-05,0.00023935168781850986,0.003970731997333483,6.975844436838007e-07,0.9510244245984704,0.00016478906646433264,9.644241324110485,-2.1814313136681713,0.0,0.0,0.0,0.0
A_linear,2,9.15,0.0813494781681273,0.07723177199713639,1.4040598362183604e-05,0.0002504097778354964,0.004103665572628741,6.770568841573791e-07,0.9493825127866127,0.00017259604705964425,9.535062334196429,-2.1786414955663282,0.0,0.0,0.0,0.0
A_linear,2,9.200000000000001,0.08134947816812833,0.07709436111075611,1.48956878385816e-05,0.00026190132839631533,0.004240221369533646,6.863002938795511e-07,0.9476933699737078,0.00018310735574475433,9.42597626308448,-2.175706209858658,0.0,0.0,0.0,0.0
A_linear,2,9.25,0.08134947816812936,0.07695313722522303,1.5845734544666342e-05,0.00027393936356400893,0.004380495208361667,6.220690273503828e-07,0.9459573553278341,0.00019478593964569884,9.317093658508067,-2.172644943616516,0.0,0.0,0.0,0.0
A_linear,2,9.3,0.08134947816813036,0.07680796570988457,1.6742225838595607e-05,0.0002871807609189275,0.004524770232407194,5.722505628940135e-07,0.9441728138825974,0.0002058061860457585,9.20839667699402,-2.1694527747931227,0.0,0.0,0.0,0.0
A_linear,2,9.35,0.08134947816813137,0.07665926331960572,1.771303307509562e-05,0.000300139867658801,0.004672501815450547,5.20547813696998e-07,0.9423448686562929,0.00021773997171176313,9.099889785709964,-2.1661229376486655,0.0,0.0,0.0,0.0
A_linear,2,9.4,0.08134947816813233,0.07650467471834661,1.8667857836813404e-05,0.00031265690074120344,0.004826135591948916,4.73324911519789e-07,0.9404445663465409,0.0002294772905393548,8.991579816827006,-2.1626541164502497,0.0,0.0,0.0,0.0
A_linear,2,9.450000000000001,0.08134947816813332,0.07634476127522172,1.9542114443877572e-05,0.00032698124606113117,0.0049851747784677505,4.331036486616881e-07,0.9384788076628121,0.0002402242138970809,8.883461242047952,-2.1590290595965227,0.0,0.0,0.0,0.0
A_linear,2,9.5,0.08134947816813433,0.07618043405136361,2.0660541956158176e-05,0.00034120760518804155,0.005148383574814557,4.048401290980265e-07,0.9364587919533146,0.0002539726427434071,8.775544194461792,-2.1552354813810606,0.0,0.0,0.0,0.0
A_linear,2,9.55,0.08134947816813536,0.07600962477617781,2.18202488109927e-05,0.00035710111922855397,0.005318033143146552,3.7852582039895116e-07,0.9343590947083769,0.00026822850376365055,8.667831004582643,-2.1512761237619666,0.0,0.0,0.0,0.0
A_linear,2,9.6,0.08134947816813637,0.07583616111893207,2.2979130741835247e-05,0.00037492256676742756,0.005490337918462451,3.6538125931190243e-07,0.9322267680954369,0.0002824742242887048,8.560339098299231,-2.1471413890309026,0.0,0.0,0.0,0.0
A_linear,2,9.65,0.0813494781681374,0.07565717999143513,2.4275524497316896e-05,0.0003912947958694687,0.005668022652204946,3.587374110637028e-07,0.9300266171967677,0.00029841032842451624,8.45306346483958,-2.1428383388547814,0.0,0.0,0.0,0.0
A_linear,2,9.700000000000001,0.08134947816813842,0.07547353547477552,2.5448314443595715e-05,0.0004098069295957742,0.005850494378919296,3.731810304217933e-07,0.9277691409253035,0.0003128270152022054,8.346014423599938,-2.1383564436502094,0.0,0.0,0.0,0.0
A_linear,2,9.75,0.08134947816813941,0.07528480463806979,2.6712796572061877e-05,0.0004272316062182229,0.006037960733497557,3.8269118178489434e-07,0.9254491403431663,0.0003283708411361877,8.239192629103172,-2.133680755674016,0.0,0.0,0.0,0.0
A_linear,2,9.8,0.08134947816814038,0.07508864421681823,2.811815004234122e-05,0.0004453323330117126,0.006232715801279829,3.7709329634545253e-07,0.9230378105390953,0.00034564634802234517,8.132583707147454,-2.1288225212436065,0.0,0.0,0.0,0.0
A_linear,2,9.85,0.08134947816814136,0.07488783193664324,2.9484564296421542e-05,0.00046644977000581445,0.006432161667201707,4.0153527743073923e-07,0.9205692970993307,0.0003624431890697547,8.026230447625048,-2.1237650240540056,0.0,0.0,0.0,0.0
A_linear,2,9.9,0.08134947816814236,0.07467976954221012,3.075415611220262e-05,0.0004869530778934159,0.006638954469820043,4.3742454129262465e-07,0.9180116606016018,0.0003780498265598758,7.920204361688995,-2.1184866439017176,0.0,0.0,0.0,0.0
A_linear,2,9.950000000000001,0.08134947816814331,0.07446699142000243,3.1972116280070294e-05,0.0005109810300450556,0.006850514631860809,5.124082047752553e-07,0.9153960553512674,0.0003930217746939484,7.814528661640217,-2.1129974696245153,0.0,0.0,0.0,0.0
A_linear,2,10.0,0.0813494781681443,0.07424837548746027,3.333099736440043e-05,0.0005343271280142087,0.007067771683319628,5.588314513118791e-07,0.9127086879892886,0.0004097260131836044,7.709112174157793,-2.107270760578402,0.0,0.0,0.0,0.0
A_linear,2,10.05,0.08134947816814529,0.07402473720780951,3.4682353715437424e-05,0.0005594962858241821,0.00729005860662034,6.040238050422344e-07,0.9099595827130457,0.00042633775282185265,7.6040320978830795,-2.1013055999833608,0.0,0.0,0.0,0.0
A_linear,2,10.1,0.08134947816814626,0.07379554447679708,3.6097040036845275e-05,0.0005831919015721599,0.007517836651312345,6.520570496753229e-07,0.9071421985555274,0.0004437279851043921,7.499281366646742,-2.0950931314058954,0.0,0.0,0.0,0.0
A_linear,2,10.15,0.0813494781681472,0.07355932802525567,3.773058052453472e-05,0.0006080813679064741,0.007752419562367,6.898516645176424e-07,0.9042384743170756,0.00046380851327093483,7.394860986517945,-2.088613627222219,0.0,0.0,0.0,0.0
A_linear,2,10.200000000000001,0.08134947816814819,0.0733163091235257,3.9543266065821567e-05,0.0006353326323894534,0.007993625778556668,7.33058227469088e-07,0.9012511299947364,0.00048609120742097706,7.290787156687085,-2.0818533850078262,0.0,0.0,0.0,0.0
A_linear,2,10.25,0.08134947816814918,0.07306547662425872,4.143142812559244e-05,0.000663569458555299,0.008242570115764871,7.603741361978728e-07,0.8981677359162963,0.0005093017073810084,7.187078207804979,-2.074791716487431,0.0,0.0,0.0,0.0
A_linear,2,10.3,0.08134947816815012,0.07280793497254796,4.345582618292375e-05,0.0006956128760392237,0.008498087369419238,7.858790656706154e-07,0.8950018686297322,0.000534186907666453,7.083748916300368,-2.0674213994055894,0.0,0.0,0.0,0.0
A_linear,2,10.35,0.08134947816815108,0.07254306899047588,4.538669738225349e-05,0.0007263346809407702,0.008761022480292958,7.973536946153571e-07,0.8917459659732277,0.0005579224157829044,6.980799999715563,-2.059736438880703,0.0,0.0,0.0,0.0
A_linear,2,10.4,0.08134947816815202,0.07227220764120015,4.757982509944593e-05,0.0007612454093211434,0.009029690701852444,7.930435141206318e-07,0.8884163644149154,0.0005848817493468966,6.878242671960569,-2.0517311679186148,0.0,0.0,0.0,0.0
A_linear,2,10.450000000000001,0.08134947816815297,0.071995006975216,4.963296698120375e-05,0.0007937687198923716,0.00930483822595576,8.169696826124693e-07,0.8850088359067178,0.0006101202871714827,6.776109795631975,-2.043400690060763,0.0,0.0,0.0,0.0
A_linear,2,10.5,0.08134947816815387,0.07171175185882087,5.2244795195659405e-05,0.000829992894937788,0.009585481514137384,7.843652214584798e-07,0.8815268822080052,0.0006422265559917486,6.674357932446911,-2.0347265667289545,0.0,0.0,0.0,0.0
A_linear,2,10.55,0.08134947816815483,0.07142168296038127,5.476026710433826e-05,0.0008632974279199518,0.009873034940669208,7.17944019217378e-07,0.8779611691269594,0.0006731483512548798,6.573112857562955,-2.0257155656593118,0.0,0.0,0.0,0.0
A_linear,2,10.6,0.08134947816815576,0.07112386168060937,5.802099373930616e-05,0.0009023169966037096,0.010167595493807068,6.768514554503557e-07,0.8743001587986928,0.000713231295957083,6.472114195799491,-2.0163140394036643,0.0,0.0,0.0,0.0
A_linear,2,10.65,0.08134947816815667,0.07081835156438081,6.122168684290014e-05,0.0009398975315216656,0.01046990491693297,7.011858849845621e-07,0.870544632357603,0.0007525762699589717,6.371400974283633,-2.0064868941582157,0.0,0.0,0.0,0.0
A_linear,2,10.700000000000001,0.08134947816815762,0.07050338202177936,6.495853093182593e-05,0.0009841665387845422,0.010781137615446437,7.323848232848557e-07,0.8666728245759822,0.000798511956002349,6.2710969107953485,-1.9962227002934267,0.0,0.0,0.0,0.0
A_linear,2,10.75,0.08134947816815855,0.0701813089812548,6.83103465094946e-05,0.001027078534200919,0.011099858840394255,6.913327553884612e-07,0.8627136960384936,0.0008397146244538829,6.171406740160803,-1.985533918344015,0.0,0.0,0.0,0.0
A_linear,2,10.8,0.08134947816815945,0.06984965872725593,7.21822151644237e-05,0.0010759038615207777,0.011427637225739076,6.117248557120064e-07,0.8586368382458217,0.0008873101191284118,6.07226608520883,-1.9743947632566552,0.0,0.0,0.0,0.0
A_linear,2,10.85,0.08134947816816038,0.06951257894166422,7.586552599497309e-05,0.0011219423614613872,0.011761033700501172,5.621428240533167e-07,0.8544932371658527,0.0009325877399993739,5.9737140617702735,-1.9628000610807008,0.0,0.0,0.0,0.0
A_linear,2,10.9,0.0813494781681613,0.06916631538033129,8.030248962223957e-05,0.0011723282197163036,0.012102860298207783,5.22307971479387e-07,0.8502367432198443,0.0009871297447814299,5.875776987749322,-1.9507483138153625,0.0,0.0,0.0,0.0
A_linear,2,10.950000000000001,0.08134947816816221,0.06881597107056354,8.480063519763618e-05,0.0012202160271708013,0.01244870646240102,4.744252915787246e-07,0.8459300860948373,0.00104242383733968,5.778475625472512,-1.938206625311971,0.0,0.0,0.0,0.0
A_linear,2,11.0,0.08134947816816311,0.06845645394232872,8.990256561788279e-05,0.0012717193965742564,0.01280312166021651,4.3904714318281413e-07,0.8415106707976376,0.0011051400407515706,5.681832525312356,-1.9251820328575184,0.0,0.0,0.0,0.0
A_linear,2,11.05,0.08134947816816403,0.06809165647069856,9.510774122934897e-05,0.0013241558201360136,0.013162713956236095,4.0841103581211913e-07,0.8370263461302215,0.0011691254003221034,5.58587630815826,-1.9116084988343751,0.0,0.0,0.0,0.0
A_linear,2,11.1,0.08134947816816493,0.06771708650958976,0.00010061826254833986,0.0013797113244277835,0.013531773396026833,3.801708616435273e-07,0.8324218917496383,0.0012368642653164002,5.490629899305606,-1.8975100422900815,0.0,0.0,0.0,0.0
A_linear,2,11.15,0.08134947816816585,0.06733437097449309,0.00010621746203512976,0.0014399463671934043,0.013908889731637624,3.6301109977665513e-07,0.8277173067453403,0.001305693219267575,5.396113665761367,-1.8828011135002827,0.0,0.0,0.0,0.0
A_linear,2,11.200000000000001,0.08134947816816673,0.06694307030184593,0.00011191146781475847,0.0015009052112421668,0.014294496398506034,3.5509325459207125e-07,0.8229071877198808,0.0013756875930219686,5.30236010412735,-1.8675193304368194,0.0,0.0,0.0,0.0
A_linear,2,11.25,0.08134947816816765,0.06654083967277585,0.00011791209711294692,0.001569081859425881,0.014690726398278866,3.6319152901631597e-07,0.8179627106546521,0.0014494511798735343,5.209383671208648,-1.8516100489745217,0.0,0.0,0.0,0.0
A_linear,2,11.3,0.08134947816816857,0.06613361671636127,0.00012421153700699204,0.0016347261685784563,0.015091649914800297,3.5619318824358284e-07,0.8129568646973676,0.0015268879383616633,5.117224045344184,-1.83506139118486,0.0,0.0,0.0,0.0
A_linear,2,11.35,0.08134947816816945,0.06571468231788495,0.00013104699852337502,0.001706372353961334,0.015503748851761118,3.728156187079069e-07,0.8078070541772435,0.0016109138186783266,5.025899811079958,-1.8179292387812291,0.0,0.0,0.0,0.0
A_linear,2,11.4,0.08134947816817037,0.06529164779261497,0.00013816239142514715,0.0017741555142416039,0.015919667984130248,4.3250110081083214e-07,0.8026068422668954,0.0016983807952588193,4.935459537705501,-1.8002239576196148,0.0,0.0,0.0,0.0
A_linear,2,11.450000000000001,0.08134947816817129,0.06485973807382457,0.00014592035778793655,0.0018458142420784385,0.01634381973655877,4.923539717119121e-07,0.7972975307812303,0.0017937466972594448,4.845975337149952,-1.7819237379466744,0.0,0.0,0.0,0.0
A_linear,2,11.5,0.08134947816817216,0.06442235579262742,0.00015422723123990323,0.0019189051468672252,0.016772895144304825,5.634696741778809e-07,0.7919209470458848,0.0018958601175175622,4.757444681996183,-1.7628732037243657,0.0,0.0,0.0,0.0
A_linear,2,11.55,0.08134947816817306,0.06397951118586184,0.00016304461054244193,0.0019925810899672457,0.017206922371768765,5.847758205982044e-07,0.7864772168986451,0.0020042490033603073,4.669908702794056,-1.7431652040864563,0.0,0.0,0.0,0.0
A_linear,2,11.6,0.08134947816817395,0.06352684595247776,0.00017193039148356002,0.002073765285342763,0.017650701824212637,6.391126292551947e-07,0.7809127653056185,0.002113478726048223,4.5833911926573,-1.7226680536184125,0.0,0.0,0.0,0.0
A_linear,2,11.65,0.08134947816817484,0.06307044805869057,0.00018133090749780471,0.00215436939099772,0.018097699201986457,6.662208750089201e-07,0.7753024294551,0.0022290359026389444,4.497935041434325,-1.7014014096137766,0.0,0.0,0.0,0.0
A_linear,2,11.700000000000001,0.0813494781681757,0.06260352038350739,0.00019103061674110986,0.0022441483662750893,0.0185549271679272,6.942290017989123e-07,0.769562654773097,0.002348270954439164,4.413576927970735,-1.6793461936737002,0.0,0.0,0.0,0.0
A_linear,2,11.75,0.08134947816817656,0.06213033132672341,0.0002012686504265401,0.002335471676737033,0.019017878191026627,7.129062697687538e-07,0.7637459111695745,0.0024741234358068103,4.330353843681467,-1.656429931560855,0.0,0.0,0.0,0.0
A_linear,2,11.8,0.08134947816817743,0.06164947026685257,0.00021216414137389166,0.0024292811029945475,0.01948784375995099,7.236836115676957e-07,0.7578348583798147,0.0026080578038285038,4.248306428037186,-1.6327192566972433,0.0,0.0,0.0,0.0
A_linear,2,11.85,0.08134947816817834,0.0611583781099164,0.00022378588152093763,0.0025293095571060423,0.01996731417674099,7.299401484366076e-07,0.7517980383780737,0.0027509196931576195,4.167461036116571,-1.6081230868577372,0.0,0.0,0.0,0.0
A_linear,2,11.9,0.0813494781681792,0.06066341792910922,0.00023675087003060098,0.0026247463965150624,0.020449309369039367,7.072767615361265e-07,0.7457136701442103,0.0029102936535271946,4.087865126852734,-1.582692342692827,0.0,0.0,0.0,0.0
A_linear,2,11.950000000000001,0.08134947816818008,0.06015943086638396,0.0002501343857124242,0.0027262655575812284,0.020939912916083676,7.137508462853264e-07,0.7395183376838841,0.003074812418529618,4.009562393039213,-1.5564132834169384,0.0,0.0,0.0,0.0
A_linear,2,12.0,0.08134947816818093,0.059650697108771994,0.0002647484286826356,0.002826065659728159,0.02143403263072634,6.769647200197171e-07,0.7332646558033337,0.0032544576147777848,3.9325683995534564,-1.5292196344804272,0.0,0.0,0.0,0.0
A_linear,2,12.05,0.08134947816818182,0.059137763317596445,0.00028018365100336746,0.0029254285297546966,0.021931531199582004,5.962557008548084e-07,0.7269593444144178,0.003444197274678469,3.8569906132880827,-1.5011706454529563,0.0,0.0,0.0,0.0
A_linear,2,12.1,0.0813494781681827,0.058620389883321994,0.0002958376161372641,0.0030319783348365906,0.022433250668723422,4.985499321807963e-07,0.7205994580829348,0.003636625861639168,3.782719265106024,-1.472209394256078,0.0,0.0,0.0,0.0
A_linear,2,12.15,0.08134947816818357,0.058099208178811035,0.0003131321138040765,0.003136690363205577,0.02293713787556846,5.094658404588279e-07,0.7141927580493578,0.0038492209274741847,3.7098339908791442,-1.4423314958858076,0.0,0.0,0.0,0.0
A_linear,2,12.200000000000001,0.08134947816818444,0.05757504186008554,0.0003304522726476961,0.003247577357390354,0.023443984035451212,5.404240419133073e-07,0.7077493692221738,0.0040621314369651985,3.6384003909385125,-1.4115973405455915,0.0,0.0,0.0,0.0
A_linear,2,12.25,0.08134947816818529,0.05704935258843427,0.00034899584174654785,0.003366454602621967,0.02395112973800447,5.295509370810275e-07,0.7012872592801157,0.004290080890562314,3.568537573472895,-1.3798148227878342,0.0,0.0,0.0,0.0
A_linear,2,12.3,0.08134947816818615,0.056517856156231554,0.00036885233223758306,0.003483463658123065,0.024462769679717042,4.51679742139803e-07,0.6947537639932194,0.004534169616613871,3.500311698622375,-1.347068984861677,0.0,0.0,0.0,0.0
A_linear,2,12.35,0.081349478168187,0.05598760029332517,0.00038921868462922895,0.003611334409533405,0.0249726591902326,4.3150376058014335e-07,0.6882355185803762,0.0047845258924038075,3.433760622161026,-1.313330937097967,0.0,0.0,0.0,0.0
A_linear,2,12.4,0.08134947816818786,0.05545337774838965,0.00041141708825746863,0.0037389761929598974,0.025484683331540744,4.0075694411375565e-07,0.6816685121660065,0.005057402917900406,3.368935383661532,-1.278512091469402,0.0,0.0,0.0,0.0
A_linear,2,12.450000000000001,0.08134947816818869,0.05491417549157063,0.0004355121035287503,0.003866579582439845,0.025999790573089314,3.75450308202423e-07,0.6750402919369254,0.0053535943110579794,3.305886755719737,-1.2427481044348399,0.0,0.0,0.0,0.0
A_linear,2,12.5,0.08134947816818949,0.05437809598862879,0.0004600901913573447,0.003999505466369049,0.026511291988203376,3.576935044090351e-07,0.6684504586028499,0.0056557239421513115,3.2446647875814256,-1.2059695753433821,0.0,0.0,0.0,0.0
A_linear,2,12.55,0.08134947816819031,0.05383744194121356,0.00048738845432181,0.004128639493542956,0.027024647772654953,3.497303345739324e-07,0.6618043920319252,0.005991291711965659,3.1853187135246497,-1.168123063778736,0.0,0.0,0.0,0.0
A_linear,2,12.6,0.08134947816819116,0.053294182534779404,0.000515489413641292,0.004255833781210726,0.027539806219770462,3.51468261961974e-07,0.6551262987156838,0.006336726740588434,3.1278863108072636,-1.1293787623831066,0.0,0.0,0.0,0.0
A_linear,2,12.65,0.08134947816819196,0.05275926780813428,0.0005445173351684848,0.004386209722378856,0.0280456930248892,3.6054236707721307e-07,0.6485507835594624,0.0066935565836412905,3.072416844229772,-1.0896057569804944,0.0,0.0,0.0,0.0
A_linear,2,12.700000000000001,0.08134947816819277,0.052220649344543214,0.0005759543624760824,0.004513719244536499,0.02855287446117348,3.797853324138535e-07,0.6419297396914492,0.007080000701237167,3.0189611789361273,-1.048804748668441,0.0,0.0,0.0,0.0
A_linear,2,12.75,0.08134947816819356,0.051685606309548215,0.0006081037730188814,0.004639693893509805,0.029055768085626474,4.091690944011635e-07,0.6353526472866364,0.0074752018908050095,2.967561457302127,-1.0070749218494992,0.0,0.0,0.0,0.0
A_linear,2,12.8,0.08134947816819434,0.05116370961547197,0.0006416380843349817,0.004772919695200896,0.029544130468387393,4.473658141571838e-07,0.6289371581424075,0.007887427169580132,2.9182352313712325,-0.9643265418344205,0.0,0.0,0.0,0.0
A_linear,2,12.85,0.08134947816819513,0.050645575321548175,0.0006773967086493504,0.004903896775163316,0.030026506137997608,5.291697547622608e-07,0.622567918835758,0.00832699513141056,2.871110771626468,-0.9204346997949546,0.0,0.0,0.0,0.0
A_linear,2,12.9,0.08134947816819596,0.0501341944596069,0.0007143072389844064,0.005036583909110635,0.03050097646960464,6.890596547809964e-07,0.6162816970497439,0.008780723061400889,2.8262622573806824,-0.8755411833992166,0.0,0.0,0.0,0.0
A_linear,2,12.950000000000001,0.08134947816819672,0.04963984712557044,0.0007531544996359701,0.005178293406551554,0.030956476542990313,8.1987392369953e-07,0.6102048623217469,0.009258258523536702,2.783800765662033,-0.8295101207815913,0.0,0.0,0.0,0.0
A_linear,2,13.0,0.08134947816819746,0.049155513414357845,0.0007948553282029126,0.005316717371497653,0.031399109425636715,9.51854721299993e-07,0.6042511214727689,0.009770871874057714,2.743791300797267,-0.7824010419762296,0.0,0.0,0.0,0.0
A_linear,2,13.05,0.08134947816819821,0.04867946972204432,0.000838533649842334,0.005455448302322171,0.03183147479631156,1.0059236005934931e-06,0.5983992868570667,0.01030779383868427,2.706123365714739,-0.7344626457483251,0.0,0.0,0.0,0.0
A_linear,2,13.1,0.08134947816819894,0.04822294849848239,0.000884555195233716,0.0055994360643704,0.032241974474482835,1.0784953067085844e-06,0.5927874349578023,0.010873520213673668,2.6709433455332494,-0.6855732345809583,0.0,0.0,0.0,0.0
A_linear,2,13.15,0.08134947816819971,0.04778059658071014,0.0009338451146193481,0.005738794800076802,0.032635036472870214,1.1331052055005547e-06,0.5873497612599073,0.011479423539614014,2.6382689136150406,-0.6357184939670467,0.0,0.0,0.0,0.0
A_linear,2,13.200000000000001,0.08134947816820044,0.04734787104417427,0.0009852761850842667,0.005871327066523139,0.033016330938941935,1.1896749357241882e-06,0.5820304212188859,0.012111647268923867,2.6081259489667645,-0.5851187634948297,0.0,0.0,0.0,0.0
A_linear,2,13.25,0.08134947816820115,0.0469370908659245,0.0010388999879608874,0.006004777200039285,0.033373487314315775,1.2393075298908868e-06,0.5769808476075982,0.012770825472448882,2.5805720260609597,-0.5337685935810944,0.0,0.0,0.0,0.0
A_linear,2,13.3,0.08134947816820189,0.046544965766383256,0.0010955010947811305,0.006131572664636242,0.03370901130703752,1.2724162426359857e-06,0.5721605941976021,0.013466602607038518,2.555604802892184,-0.48159663070628916,0.0,0.0,0.0,0.0
A_linear,2,13.35,0.08134947816820262,0.04616438068829186,0.0011543067074114208,0.006246830975077943,0.034030790772499334,1.2831597246799102e-06,0.5674821981382581,0.01418947894201255,2.5332776242120376,-0.42881680217306123,0.0,0.0,0.0,0.0
A_linear,2,13.4,0.08134947816820332,0.045808262805274,0.0012153745994683738,0.006359639415161335,0.03432584076346094,1.2755148336057643e-06,0.5631045685450857,0.014940164667748557,2.513604428244072,-0.3755086379259087,0.0,0.0,0.0,0.0
A_linear,2,13.450000000000001,0.08134947816820405,0.045479223117538124,0.0012793095100101098,0.0064673997930694135,0.03459094554065581,1.2902299056856614e-06,0.5590598015085235,0.015726093624902144,2.4966349884944425,-0.32156246829040774,0.0,0.0,0.0,0.0
A_linear,2,13.5,0.0813494781682047,0.045169319670122145,0.001346141716511321,0.006565313956906938,0.03483401678157126,1.3020882918050508e-06,0.5552502694206155,0.016547638003625915,2.482294583114543,-0.2670935950337052,0.0,0.0,0.0,0.0
A_linear,2,13.55,0.0813494781682054,0.04488573235572686,0.0014160180259310932,0.006657400278447187,0.03504772778654743,1.1983595137977587e-06,0.5517642321308704,0.017406602449289335,2.4707994565817595,-0.21231911511061638,0.0,0.0,0.0,0.0
A_linear,2,13.6,0.08134947816820605,0.04463896928334202,0.0014897221282265,0.0067476550033363815,0.03522078675663754,1.0408091869926065e-06,0.5487308620596455,0.018312620581858022,2.461822369466387,-0.1570578008107722,0.0,0.0,0.0,0.0
A_linear,2,13.65,0.08134947816820673,0.044424238366096096,0.0015665381027096794,0.0068326402306003965,0.03535870169940094,9.315060244845456e-07,0.5460912517993032,0.01925689184472137,2.455380385178931,-0.1013292195194736,0.0,0.0,0.0,0.0
A_linear,2,13.700000000000001,0.08134947816820737,0.044239559262327685,0.0016475096307147327,0.006911879091422437,0.03546240927516496,9.232432396518395e-07,0.5438210577190548,0.020252245838727517,2.45154212897401,-0.04536404499116315,0.0,0.0,0.0,0.0
A_linear,2,13.75,0.081349478168208,0.04409370722616242,0.0017338334559993626,0.006988323301409581,0.03552193748604622,9.193671289236312e-07,0.5420281508750301,0.021313393706278966,2.4504026635360177,0.01083447577044159,0.0,0.0,0.0,0.0
A_linear,2,13.8,0.08134947816820862,0.04399050418126892,0.0018235298001530163,0.007058729258817399,0.03553544418678668,8.634701388424144e-07,0.5407595128060749,0.022415998740427715,2.4521966694467188,0.0672829563824249,0.0,0.0,0.0,0.0
A_linear,2,13.85,0.08134947816820925,0.04392314327038703,0.0019166637032848178,0.007121477068020291,0.0355096711945374,7.989710730688955e-07,0.5399314692537494,0.023560860455941253,2.4568001185191415,0.12381047663747545,0.0,0.0,0.0,0.0
A_linear,2,13.9,0.08134947816820987,0.043897751747812096,0.0020146933771437686,0.007178496969836061,0.035437033043254,7.635702374209682e-07,0.539619340360645,0.024765904127595006,2.464260634563728,0.18021092863608418,0.0,0.0,0.0,0.0
A_linear,2,13.950000000000001,0.08134947816821042,0.04391825451076136,0.0021171736908306604,0.007228669089924992,0.0353140499666184,7.146334634476694e-07,0.5398713734825609,0.026025657920667588,2.4745662993297755,0.23654294019866823,0.0,0.0,0.0,0.0
A_linear,2,14.0,0.081349478168211,0.04397913724562818,0.0022230665480298143,0.007265897328970294,0.03514727437455299,6.672313327974543e-07,0.5406197831372683,0.027327360888942047,2.487718554564859,0.29275186417200894,0.0,0.0,0.0,0.0
A_linear,2,14.05,0.0813494781682115,0.04408208894880891,0.002332269918962239,0.007290522813125168,0.03493511930044036,6.330685763584718e-07,0.5418853315525586,0.028669758816887006,2.5036775711046064,0.3485720896828222,0.0,0.0,0.0,0.0
A_linear,2,14.1,0.08134947816821204,0.0442255913375886,0.002446129454406896,0.00730200266393278,0.034677757376216534,6.010059823713723e-07,0.5436493550227849,0.03006939330758658,2.522442470156614,0.4038753326305942,0.0,0.0,0.0,0.0
A_linear,2,14.15,0.08134947816821257,0.044412518643853996,0.0025637025328661173,0.007300596918836283,0.034373256991492455,5.866607954473903e-07,0.5459471854511324,0.031514677052567594,2.543966244212895,0.4587040753684748,0.0,0.0,0.0,0.0
A_linear,2,14.200000000000001,0.08134947816821311,0.044640513170390965,0.0026834945813054437,0.007282506069837312,0.0340254704165167,5.65731357948853e-07,0.5487498405101511,0.032987237800795204,2.568249333183487,0.5129553315132795,0.0,0.0,0.0,0.0
A_linear,2,14.25,0.0813494781682136,0.04491202358078508,0.002807398722990401,0.007250093098403623,0.03363005586443813,5.767204822760745e-07,0.5520874207443159,0.034510347038554955,2.5952099227365886,0.566325414930208,0.0,0.0,0.0,0.0
A_linear,2,14.3,0.0813494781682141,0.04522312890156966,0.002937035574949835,0.007203027602705081,0.0331893136916946,5.588298446978716e-07,0.5559117270310877,0.03610392643056229,2.6248438632729703,0.6188311360883085,0.0,0.0,0.0,0.0
A_linear,2,14.35,0.08134947816821458,0.0455742683173052,0.0030696444363809182,0.007141948430028548,0.03270556541452847,5.227617896702549e-07,0.5602281581089759,0.037734039670586486,2.6570465028599624,0.6703884843793697,0.0,0.0,0.0,0.0
A_linear,2,14.4,0.08134947816821506,0.04596306783412111,0.0032051585815838757,0.007062038149251115,0.032181251752510076,4.865918006252675e-07,0.5650075313215696,0.039399866523497855,2.6918055620261723,0.7208313278174348,0.0,0.0,0.0,0.0
A_linear,2,14.450000000000001,0.08134947816821549,0.046396943641236484,0.0033463515993311732,0.006972385202362344,0.031606182927647844,5.114817947408254e-07,0.5703410112268489,0.041135501722722116,2.7290880421683994,0.7699606663292057,0.0,0.0,0.0,0.0
A_linear,2,14.5,0.08134947816821593,0.04686517952022004,0.003492713206948663,0.006868622627104036,0.030991585441047232,5.503391228392149e-07,0.5760968671896256,0.04293467254610247,2.7688215296247214,0.8177932012305755,0.0,0.0,0.0,0.0
A_linear,2,14.55,0.08134947816821633,0.047369784134750265,0.0036431462017024276,0.006753956969780096,0.03033654783176366,5.994075196201141e-07,0.5822997909931018,0.04478389147339146,2.810911534382704,0.8644889834333119,0.0,0.0,0.0,0.0
A_linear,2,14.6,0.08134947816821672,0.047911703613983996,0.003796965838320175,0.006627923647040808,0.02964080871591257,6.126001510618798e-07,0.5889614130641482,0.04667474117619664,2.855329652662686,0.909889743780518,0.0,0.0,0.0,0.0
A_linear,2,14.65,0.08134947816821717,0.04849141648210842,0.003956440760299452,0.006491492950465592,0.028901620925809297,6.640589889276628e-07,0.5960876157292152,0.048635109276524084,2.9020088760680776,0.9538395734629757,0.0,0.0,0.0,0.0
A_linear,2,14.700000000000001,0.08134947816821754,0.04910423703161813,0.004121713148622329,0.006350318218303239,0.028123527987977077,6.96973788314653e-07,0.6036207992641148,0.05066674355426465,2.950852939806707,0.996319251295093,0.0,0.0,0.0,0.0
A_linear,2,14.75,0.08134947816821793,0.049740214764429996,0.004289998067299169,0.006197200067341812,0.027319265336488763,7.300347243042136e-07,0.6114386457596576,0.05273540978871588,3.0018100625218413,1.0373898014945084,0.0,0.0,0.0,0.0
A_linear,2,14.8,0.0813494781682183,0.050408317474412406,0.004460706895545789,0.006037404905682675,0.02648045379826012,7.542010097361702e-07,0.6196513930940737,0.05483387227539097,3.0547868055645893,1.0770075889802984,0.0,0.0,0.0,0.0
A_linear,2,14.85,0.08134947816821861,0.05110502198238628,0.004635773665501174,0.005871653738296805,0.02560868252033116,7.643467657074331e-07,0.6282157320875335,0.0569859053787055,3.1097225362576277,1.1150197748132245,0.0,0.0,0.0,0.0
A_linear,2,14.9,0.08134947816821896,0.05182355628619973,0.004815274787650987,0.005700271370629886,0.02471064709436826,7.572232854976204e-07,0.6370484169429596,0.0591924483853934,3.16652439527627,1.151393952450956,0.0,0.0,0.0,0.0
A_linear,2,14.950000000000001,0.08134947816821926,0.05255424391586497,0.00499651985634442,0.005521340488348023,0.023798714396009876,7.907702922135586e-07,0.646030498280397,0.06142042910235172,3.2251226753930555,1.1862116227800956,0.0,0.0,0.0,0.0
A_linear,2,15.0,0.0813494781682196,0.053300605458658744,0.0051779284793090135,0.005335331662658228,0.022870944230251832,8.067201320466555e-07,0.6552052534183487,0.06365042033338882,3.285394605879154,1.2194541511276211,0.0,0.0,0.0,0.0
A_linear,2,15.05,0.0813494781682199,0.05406470961005026,0.005361304211823294,0.005145298949236893,0.02192346434634636,7.322315671061766e-07,0.6645981120893195,0.06590459253760461,3.3473330639410004,1.2510675339465616,0.0,0.0,0.0,0.0
A_linear,2,15.1,0.08134947816822022,0.05483619601350417,0.0055472240701492665,0.004948945678106591,0.020966058084566787,6.232861455747574e-07,0.6740817181409571,0.06819003876925091,3.410734326760669,1.280941118595799,0.0,0.0,0.0,0.0
A_linear,2,15.15,0.08134947816822051,0.05560750860820439,0.0057342746917963296,0.004749369615754318,0.020007694868219777,5.781492917537451e-07,0.6835631876238351,0.07048938506942318,3.4755205097286894,1.3091230566897105,0.0,0.0,0.0,0.0
A_linear,2,15.200000000000001,0.0813494781682208,0.056374965990390775,0.005919654043409033,0.004541973732939876,0.019054858134421003,6.268532442403639e-07,0.6929972663600155,0.07276818704562445,3.5416422920553896,1.3356584047119824,0.0,0.0,0.0,0.0
A_linear,2,15.25,0.0813494781682211,0.057144789886003314,0.006104535365161181,0.004332820357080418,0.018100152917056606,6.459695868841102e-07,0.7024604357981823,0.07504086691911807,3.609003842429984,1.3605465957536766,0.0,0.0,0.0,0.0
A_linear,2,15.3,0.08134947816822136,0.057910984364869085,0.006290413251550337,0.004120345151480737,0.017148080551801934,6.140073997039011e-07,0.7118789901161484,0.07732579720477722,3.67756278612095,1.3837718497005864,0.0,0.0,0.0,0.0
A_linear,2,15.35,0.08134947816822163,0.05866505036198794,0.006476624159497149,0.003907304454053732,0.016207803646736536,5.642187824225247e-07,0.7211484533517863,0.07961482120517373,3.747265531982512,1.4053607003367394,0.0,0.0,0.0,0.0
A_linear,2,15.4,0.08134947816822194,0.059401408652924814,0.006661117758758326,0.0036900006900443434,0.015286951756538783,5.611068719514018e-07,0.7302002420973016,0.0818827349449477,3.81801806420696,1.4254121977199659,0.0,0.0,0.0,0.0
A_linear,2,15.450000000000001,0.0813494781682222,0.06012381366943347,0.006843216810996614,0.0034736474623649144,0.01438244768779212,5.531601262805761e-07,0.7390805082376032,0.08412121337577062,3.889745671313207,1.4440009564893752,0.0,0.0,0.0,0.0
A_linear,2,15.5,0.0813494781682225,0.06083200803543137,0.007024656493164223,0.00325721495927558,0.013492813639626906,5.585115056285116e-07,0.7477860879406864,0.08635158640646648,3.962365180512711,1.4611046389805242,0.0,0.0,0.0,0.0
A_linear,2,15.55,0.08134947816822276,0.06152060780630564,0.007205381826962258,0.0030460170003414407,0.012623488534954857,5.584208025750875e-07,0.7562507983036725,0.08857317820849733,4.03580706990402,1.476759031621404,0.0,0.0,0.0,0.0
A_linear,2,15.6,0.08134947816822302,0.06218310138975276,0.007384310305946874,0.002836678013262809,0.0117820664725234,5.751550502141852e-07,0.7643945946544856,0.0907726819178461,4.109988215788195,1.4910283922047805,0.0,0.0,0.0,0.0
A_linear,2,15.65,0.08134947816822335,0.06281945812075232,0.0075596556643574685,0.002631082654650668,0.010970364383113555,5.820048560952328e-07,0.7722171000390116,0.09292813960926442,4.184856899019655,1.5040446959105298,0.0,0.0,0.0,0.0
A_linear,2,15.700000000000001,0.08134947816822363,0.06343280997580254,0.007732225082746781,0.0024290282983391765,0.010184443109674327,6.079464978473314e-07,0.7797568147226344,0.0950494736641975,4.260327056521004,1.5158629703220967,0.0,0.0,0.0,0.0
A_linear,2,15.75,0.08134947816822395,0.06402155669630734,0.007902447938586753,0.0022359404846678047,0.00942547353332986,6.42683931113287e-07,0.7869940672995601,0.09714196226612724,4.33636962124275,1.526526704044286,0.0,0.0,0.0,0.0
A_linear,2,15.8,0.08134947816822424,0.06458121713198917,0.008070101970784116,0.00205088976932179,0.008698159065450961,6.698378840680913e-07,0.7938737725943411,0.0992028732390365,4.412887639147016,1.5360652101295282,0.0,0.0,0.0,0.0
A_linear,2,15.85,0.08134947816822458,0.06510949116979853,0.008233295087451752,0.001874158622071555,0.008006691910974306,6.688250266317898e-07,0.800367656141039,0.10120894777500503,4.4898211309110465,1.5445567840201155,0.0,0.0,0.0,0.0
A_linear,2,15.9,0.0813494781682249,0.06560833907046161,0.008392174793134569,0.0017039503817689958,0.007348964304628718,6.837020201532894e-07,0.8064998147226988,0.10316199909457505,4.567186176816892,1.5521389960218488,0.0,0.0,0.0,0.0
A_linear,2,15.950000000000001,0.0813494781682252,0.06607997420648587,0.008545502658961795,0.0015437752554112087,0.006724001302777565,7.374930612644033e-07,0.8122974565348405,0.10504680363517853,4.644997022586006,1.558896473846671,0.0,0.0,0.0,0.0
A_linear,2,16.0,0.08134947816822553,0.06652401633701022,0.008695137829327624,0.0013924611312720405,0.006130324001887698,7.740206740155517e-07,0.8177559074127407,0.10688621519300509,4.723235181581383,1.564832499965457,0.0,0.0,0.0,0.0
A_linear,2,16.05,0.08134947816822587,0.06693763689492521,0.008838896256382438,0.0012534202039658317,0.005572945016918212,8.056035300850152e-07,0.822840396793968,0.10865338605005097,4.801727965896644,1.5700086119380026,0.0,0.0,0.0,0.0
A_linear,2,16.1,0.0813494781682262,0.06732085637691487,0.00897684897575979,0.001122800456610845,0.005051772815551516,8.079304041975916e-07,0.8275511766369181,0.11034918942191817,4.880458654022493,1.5745232355123802,0.0,0.0,0.0,0.0
A_linear,2,16.15,0.08134947816822652,0.06767548530400197,0.009108386573963309,0.0010020333939339259,0.004565606290261228,8.362446883150106e-07,0.8319105030280902,0.11196613400675584,4.959399401438918,1.5784599550769458,0.0,0.0,0.0,0.0
A_linear,2,16.2,0.08134947816822682,0.06800420818835275,0.00923347510591403,0.0008896257525202027,0.00411179487396003,8.481160790856872e-07,0.8359513757140925,0.11350380252986561,5.038552505992642,1.5818823332399423,0.0,0.0,0.0,0.0
A_linear,2,16.25,0.08134947816822713,0.06830755697766634,0.009352505963767563,0.0007878114730428762,0.003689415226793232,8.576677225283062e-07,0.8396803337374744,0.11496700623484017,5.11785039041651,1.584833877600443,0.0,0.0,0.0,0.0
A_linear,2,16.3,0.08134947816822748,0.06858465886251561,0.009464630701353992,0.0006956450686743929,0.0033001886043578423,8.57875541503794e-07,0.8430866479645421,0.11634531547678172,5.197296182053796,1.5873546620017154,0.0,0.0,0.0,0.0
A_linear,2,16.35,0.0813494781682278,0.06883573016916121,0.00956976064575095,0.0006124047429765482,0.00294398735331564,8.440601998616728e-07,0.8461729776165422,0.11763764023121363,5.27685879217564,1.5894956579460657,0.0,0.0,0.0,0.0
A_linear,2,16.4,0.0813494781682281,0.0690637327284713,0.009667778218508305,0.0005368514497762918,0.002617967221248512,8.316605032688858e-07,0.848975731419564,0.11884253514835892,5.356516234949766,1.5913235929389122,0.0,0.0,0.0,0.0
A_linear,2,16.45,0.08134947816822843,0.06927049401893498,0.009759461463763663,0.00046786010475506927,0.002319522685529795,8.161100133426969e-07,0.8515173739121663,0.11996956444614644,5.436249308769373,1.592880123996484,0.0,0.0,0.0,0.0
A_linear,2,16.5,0.08134947816822878,0.06945775117153742,0.009844477354705394,0.00040688767577823744,0.0020472496419859697,8.300220241802547e-07,0.8538192590234008,0.12101463434525357,5.516012224177129,1.594203093934974,0.0,0.0,0.0,0.0
A_linear,2,16.55,0.08134947816822911,0.06962583625115903,0.009923201478743067,0.000352742916885748,0.001800440438327014,7.745359860199155e-07,0.8558854687079145,0.12198236180719049,5.595880677478882,1.595311943966484,0.0,0.0,0.0,0.0
A_linear,2,16.6,0.08134947816822943,0.06977488383655513,0.009994820240085894,0.000305558078125238,0.0015797740915884262,6.881234439347095e-07,0.8577176572941473,0.12286274559028841,5.675772189157089,1.596230010959997,0.0,0.0,0.0,0.0
A_linear,2,16.65,0.08134947816822978,0.06990728812344757,0.010060391604744498,0.00026365375971662905,0.001381798440037682,6.366819046228564e-07,0.8593452557726321,0.12366879089180786,5.755623543432445,1.5969846510968053,0.0,0.0,0.0,0.0
A_linear,2,16.7,0.08134947816823009,0.0700244368508655,0.01012005137760719,0.0002265549449615901,0.001204989939757391,6.99652613854318e-07,0.8607853231222394,0.12440216711260277,5.83545166251491,1.5976096068692853,0.0,0.0,0.0,0.0
A_linear,2,16.75,0.08134947816823043,0.07012890349073912,0.010174718746881287,0.00019364819183068668,0.0010458559306100088,7.29901801536427e-07,0.8620694941117237,0.12507417350410047,5.915273888964818,1.598123814107992,0.0,0.0,0.0,0.0
A_linear,2,16.8,0.08134947816823075,0.07022068504624329,0.01022411633468367,0.0001648651112282247,0.0009046767873038093,7.229477830884948e-07,0.8631977319021874,0.12568140035932612,5.995137477055937,1.5985414964563518,0.0,0.0,0.0,0.0
A_linear,2,16.85,0.08134947816823111,0.07030073843764623,0.010268182751500812,0.00014056280033162077,0.0007805569790840786,6.367534509071756e-07,0.8641817995717681,0.12622309303897636,6.075031264492282,1.5988845192212728,0.0,0.0,0.0,0.0
A_linear,2,16.9,0.08134947816823142,0.07036999368003073,0.010307593549988614,0.00011950566469804087,0.0006718909382120762,6.260671439934307e-07,0.8650331294627973,0.12670755586990273,6.154964538423148,1.5991575080225247,0.0,0.0,0.0,0.0
A_linear,2,16.95,0.08134947816823172,0.0704301430872327,0.010342502341280743,0.00010151137852477679,0.0005768327397182792,5.988841647924698e-07,0.8657725245831607,0.12713667713875584,6.234915960326195,1.599377712506659,0.0,0.0,0.0,0.0
A_linear,2,17.0,0.0813494781682321,0.0704829104554043,0.01037358274350887,8.567363592624911e-05,0.0004929849693189243,5.914201001429268e-07,0.8664211749415828,0.1275187373919735,6.314882888960837,1.5995555504601382,0.0,0.0,0.0,0.0
A_linear,2,17.05,0.08134947816823242,0.07052845704477087,0.010401092353449779,7.195143369794904e-05,0.0004199287700117476,5.880142938234474e-07,0.8669810628522601,0.12785690317447523,6.394875710061977,1.5996998008119765,0.0,0.0,0.0,0.0
A_linear,2,17.1,0.08134947816823272,0.07056744779967823,0.010425689533561796,6.029624823764407e-05,0.000356340834992683,5.798449839956633e-07,0.8674603622378869,0.12815926750017023,6.47485230635269,1.599819339287956,0.0,0.0,0.0,0.0
A_linear,2,17.150000000000002,0.08134947816823303,0.07060055067241079,0.010447245085341821,5.0366481410523586e-05,0.00030168241048041664,6.077794996028192e-07,0.8678672839966699,0.128424242178132,6.5548417979273745,1.5999134822124867,0.0,0.0,0.0,0.0
A_linear,2,17.2,0.08134947816823336,0.07062874205066655,0.010465604369974266,4.23815786437787e-05,0.00025513174759254854,6.3538544153427e-07,0.8682138305128894,0.12864992628878402,6.63482112375851,1.5999889399124505,0.0,0.0,0.0,0.0
A_linear,2,17.25,0.08134947816823367,0.07065284401410149,0.010481480811486745,3.556403994590163e-05,0.0002151533426454268,6.746794254861373e-07,0.8685101073173309,0.12884508969818667,6.714798902896577,1.600047840330702,0.0,0.0,0.0,0.0
A_linear,2,17.3,0.08134947816823396,0.07067315200894321,0.010495335652091922,2.965513297420715e-05,0.0001809905071988039,7.024828705727019e-07,0.868759746224657,0.12901540229166744,6.794772829262255,1.600094977828579,0.0,0.0,0.0,0.0
A_linear,2,17.35,0.08134947816823426,0.07069058313019393,0.010507721562954389,2.4533409232467514e-05,0.00015117347508593324,7.09652831710966e-07,0.8689740207552742,0.12916765785791476,6.8746903195693685,1.6001330924994206,0.0,0.0,0.0,0.0
A_linear,2,17.400000000000002,0.08134947816823455,0.07070526132241925,0.010518298432751035,2.0204104430963018e-05,0.00012591841306426423,7.367604970551939e-07,0.8691544545153373,0.1292976755302437,6.954643791322118,1.6001633671999091,0.0,0.0,0.0,0.0
A_linear,2,17.45,0.08134947816823486,0.07071741069737845,0.010527218909590554,1.677350850839268e-05,0.00010484856126588934,8.012688031762857e-07,0.8693038024304379,0.12940733175718386,7.034677306044367,1.6001893947515022,0.0,0.0,0.0,0.0
A_linear,2,17.5,0.08134947816823519,0.07072758441793228,0.010534665147583836,1.390197467854019e-05,8.722860271909654e-05,8.613955955540303e-07,0.8694288643335087,0.1294988656939823,7.114805299517757,1.600210232262281,0.0,0.0,0.0,0.0
A_linear,2,17.55,0.0813494781682355,0.07073612420047656,0.010540754434449611,1.1543267460734058e-05,7.25995333093424e-05,8.986452415846726e-07,0.8695338408218195,0.1295737191165592,7.194991273113498,1.600223652076006,0.0,0.0,0.0,0.0
A_linear,2,17.6,0.08134947816823579,0.0707433948143344,0.010546001744039685,9.682029167956046e-06,6.008160986169557e-05,9.060436460007008e-07,0.8696232158740178,0.12963822241403805,7.275108549978509,1.600234403429479,0.0,0.0,0.0,0.0
A_linear,2,17.650000000000002,0.0813494781682361,0.07074944286398055,0.01055049184618758,7.933467833787852e-06,4.9543458067994055e-05,9.256807217123128e-07,0.86969756238222,0.12969341763162226,7.355269201692536,1.6002425082035523,0.0,0.0,0.0,0.0
A_linear,2,17.7,0.08134947816823643,0.07075432102311655,0.01055439962891785,6.511814125397298e-06,4.075751620203666e-05,9.30459130174605e-07,0.8697575278453741,0.12974145460516184,7.435440784660931,1.6002488921203937,0.0,0.0,0.0,0.0
A_linear,2,17.75,0.08134947816823675,0.07075839474499983,0.010557805909586881,5.3449416952319214e-06,3.32775136500432e-05,9.389802219849117e-07,0.869807604649488,0.1297833267934744,7.515591589282379,1.6002540753262036,0.0,0.0,0.0,0.0
A_linear,2,17.8,0.08134947816823705,0.07076165340448475,0.01056043408676926,4.367078604407017e-06,2.7390676983056653e-05,9.26208677493554e-07,0.8698476621834518,0.1298156340343015,7.59574810598472,1.6002580389235086,0.0,0.0,0.0,0.0
A_linear,2,17.85,0.08134947816823734,0.07076429162689023,0.010562556886430666,3.647862059419356e-06,2.2629654916450308e-05,9.132078004824732e-07,0.8698800929066062,0.12984172885026304,7.675906639521871,1.60026126683051,0.0,0.0,0.0,0.0
A_linear,2,17.900000000000002,0.08134947816823768,0.07076661252547868,0.010564258449926566,3.0929817724867833e-06,1.8607192832424606e-05,9.182771889098694e-07,0.8699086228817261,0.12986264556090668,7.756046566588473,1.6002637665236175,0.0,0.0,0.0,0.0
A_linear,2,17.95,0.08134947816823795,0.07076849443635665,0.010565641909968228,2.611242034179575e-06,1.5341821913089022e-05,8.904634584697352e-07,0.869931756538144,0.12987965193971548,7.836184066264088,1.6002653379741516,0.0,0.0,0.0,0.0
A_linear,2,18.0,0.0813494781682383,0.07077002645598728,0.010566904211855702,2.2043339784386454e-06,1.254750039532089e-05,9.085874809515256e-07,0.8699505891067705,0.12989516896472722,7.9162981975891045,1.6002668694620952,0.0,0.0,0.0,0.0
A_linear,2,18.05,0.08134947816823859,0.07077126846572909,0.010567978369520975,1.8455730570864585e-06,1.0231332988537364e-05,8.565459672568133e-07,0.8699658566877007,0.12990837320019893,7.99642370784197,1.6002679957092485,0.0,0.0,0.0,0.0
A_linear,2,18.1,0.08134947816823894,0.07077230881069271,0.010568805490261289,1.5208224859388446e-06,8.363867284955022e-06,7.638760309476877e-07,0.8699786452757378,0.12991854069922773,8.076580617863751,1.6002689406675148,0.0,0.0,0.0,0.0
A_linear,2,18.150000000000002,0.08134947816823927,0.07077307922962554,0.010569521157102657,1.2835816710369105e-06,6.877781511090809e-06,6.787643470935511e-07,0.8699881157597518,0.12992733813539378,8.15663284450419,1.600269953051013,0.0,0.0,0.0,0.0
A_linear,2,18.2,0.08134947816823962,0.07077360536396238,0.010570131061073792,1.1122374717744448e-06,5.741743203434707e-06,7.24214676931201e-07,0.869994583340717,0.12993483546647472,8.236607611000602,1.6002705421390426,0.0,0.0,0.0,0.0
A_linear,2,18.25,0.08134947816823995,0.07077399212419541,0.010570663893566213,9.90317690508502e-07,4.822150478306266e-06,7.785573438156651e-07,0.8699993376457408,0.12994138538547084,8.316561625383677,1.6002708170279087,0.0,0.0,0.0,0.0
A_linear,2,18.3,0.08134947816824024,0.07077426033681566,0.01057116532105278,9.035957665458967e-07,4.052510371793877e-06,7.7587210846108e-07,0.8700026346874188,0.12994754925397767,8.396507415634883,1.6002712105393604,0.0,0.0,0.0,0.0
A_linear,2,18.35,0.08134947816824055,0.07077449096377156,0.0105716214587394,8.159046035089563e-07,3.365745729607683e-06,7.1597011210365e-07,0.8700054697019858,0.12995315639119417,8.476482146835924,1.6002717173732852,0.0,0.0,0.0,0.0
A_linear,2,18.400000000000002,0.0813494781682409,0.07077463080098922,0.010572011255516302,7.332813021297396e-07,2.83611173537319e-06,6.600127051678937e-07,0.8700071886708165,0.12995794802336727,8.55648520666227,1.6002721428241007,0.0,0.0,0.0,0.0
A_linear,2,18.45,0.08134947816824119,0.07077469224465867,0.010572403760745716,6.443928902001353e-07,2.382162836792651e-06,6.467276677155008e-07,0.8700079439758359,0.1299627729495772,8.636484776660776,1.6002727793255505,0.0,0.0,0.0,0.0
A_linear,2,18.5,0.0813494781682415,0.07077470208276974,0.010572744412921935,5.619337422776163e-07,2.031672549823974e-06,6.267539673266447e-07,0.8700080649122085,0.12996696046477518,8.716487835772902,1.6002736634666654,0.0,0.0,0.0,0.0
A_linear,2,18.55,0.08134947816824187,0.07077471799015349,0.010572982385294675,4.99800522686743e-07,1.7777927936662454e-06,6.181988189610372e-07,0.8700082604559758,0.12996988577392343,8.796507067345738,1.6002745315117004,0.0,0.0,0.0,0.0
A_linear,2,18.6,0.08134947816824217,0.07077471857055656,0.010573195352744962,4.702204745335052e-07,1.56424494065708e-06,6.251677807642244e-07,0.8700082675906596,0.12997250370651556,8.876519180745685,1.6002756171130874,0.0,0.0,0.0,0.0
A_linear,2,18.650000000000002,0.0813494781682425,0.07077472046248975,0.010573368693701329,4.523123859339811e-07,1.389012051408452e-06,6.41333832909453e-07,0.8700082908475132,0.12997463452480998,8.956518223765771,1.6002768401658607,0.0,0.0,0.0,0.0
A_linear,2,18.7,0.08134947816824284,0.0707747038114541,0.010573506657918659,4.406084252017852e-07,1.2676988700566175e-06,6.636205035275422e-07,0.870008086162292,0.12997633046952153,9.036523878390367,1.6002779366857234,0.0,0.0,0.0,0.0
A_linear,2,18.75,0.08134947816824316,0.07077466862523386,0.01057370083385668,4.288188275942558e-07,1.1087091526201126e-06,7.056118668356158e-07,0.870007653630685,0.12997871740478348,9.116509199590192,1.6002790259549704,0.0,0.0,0.0,0.0
A_linear,2,18.8,0.0813494781682435,0.07077457678697548,0.01057385163501229,4.074577179006031e-07,1.0497462557394607e-06,7.436007150011125e-07,0.8700065246958626,0.12998057114937975,9.196482186266412,1.600280387886348,0.0,0.0,0.0,0.0
A_linear,2,18.85,0.08134947816824387,0.07077449658505852,0.010574080386592001,3.6062552898882854e-07,9.011965933443179e-07,7.627945806812662e-07,0.8700055388024177,0.12998338311062174,9.276422039318794,1.6002813572610421,0.0,0.0,0.0,0.0
A_linear,2,18.900000000000002,0.08134947816824419,0.07077444426778937,0.010574255827336208,3.185863843476185e-07,7.780731185784207e-07,7.809026932488533e-07,0.8700048956849619,0.12998553974085605,9.356375539711,1.6002820902441588,0.0,0.0,0.0,0.0
A_linear,2,18.95,0.08134947816824453,0.0707744508837682,0.010574274217151153,2.856033205254792e-07,7.530673251654056e-07,8.374790305483811e-07,0.8700049770128164,0.12998576580026436,9.436372468948257,1.600282669259924,0.0,0.0,0.0,0.0
A_linear,2,19.0,0.08134947816824485,0.0707745410565962,0.01057416351416901,2.8442250261272667e-07,7.735974796504729e-07,9.059757461906635e-07,0.8700060854750924,0.1299844049681524,9.516486640236746,1.6002829105922796,0.0,0.0,0.0,0.0
A_linear,2,19.05,0.08134947816824524,0.0707747160962951,0.01057402993692516,2.788571476041805e-07,7.321350249611082e-07,9.374312595558052e-07,0.8700082371754169,0.12998276295093347,9.596672303179755,1.6002831165328673,0.0,0.0,0.0,0.0
A_linear,2,19.1,0.08134947816824561,0.0707748592145487,0.01057396123779419,2.7663414437993775e-07,6.577159027428083e-07,9.515472848090991e-07,0.8700099964768468,0.12998191845712032,9.676787371477836,1.6002833624394117,0.0,0.0,0.0,0.0
A_linear,2,19.150000000000002,0.08134947816824596,0.0707749825626828,0.010573855408612567,2.818166897813598e-07,6.40196950599354e-07,9.488109422209333e-07,0.8700115127512789,0.12998061753689252,9.756954759976534,1.6002835982757202,0.0,0.0,0.0,0.0
A_linear,2,19.2,0.08134947816824636,0.07077510542322815,0.010573776565176165,2.681992013447725e-07,5.96179842033645e-07,9.67547740256826e-07,0.8700130230319563,0.1299796483427658,9.837108908406679,1.600283823335031,0.0,0.0,0.0,0.0
A_linear,2,19.25,0.0813494781682468,0.07077520843059268,0.010573709183719438,2.6090549367658406e-07,5.605539346738349e-07,9.597200895077982e-07,0.870014289264592,0.12997882004665007,9.917266761952574,1.6002841282487204,0.0,0.0,0.0,0.0
A_linear,2,19.3,0.08134947816824724,0.07077531840289361,0.010573620557980558,2.2799949811905944e-07,5.392073730585511e-07,9.588068648511334e-07,0.8700156411146963,0.1299777306021824,9.997433829562272,1.6002844083827783,0.0,0.0,0.0,0.0
A_linear,2,19.35,0.08134947816824767,0.07077542238263179,0.010573537819108756,2.0677535640366273e-07,5.179665071016069e-07,9.513606745927602e-07,0.8700169193003731,0.12997671352286339,10.077606126245557,1.6002846651439755,0.0,0.0,0.0,0.0
A_linear,2,19.400000000000002,0.08134947816824813,0.07077551626182782,0.010573457079761265,2.0452210176018124e-07,5.048266590409205e-07,9.430975618791881e-07,0.8700180733237023,0.12997572102298055,10.157752477605715,1.6002850281980172,0.0,0.0,0.0,0.0
A_linear,2,19.45,0.08134947816824858,0.07077560932750059,0.010573363840486285,1.9527971171746173e-07,5.050002617079406e-07,9.07727437010469e-07,0.8700192173466815,0.12997457486596592,10.237887009991946,1.600285403510236,0.0,0.0,0.0,0.0
A_linear,2,19.5,0.08134947816824907,0.07077570727871503,0.01057327086213584,1.9930324412647717e-07,5.000273982144743e-07,9.293984519684757e-07,0.8700204214258744,0.1299734319164031,10.318020467099739,1.6002857199299407,0.0,0.0,0.0,0.0
A_linear,2,19.55,0.08134947816824956,0.07077579626157565,0.010573170235484923,2.1351416441460481e-07,5.116711889708249e-07,8.751150293818739e-07,0.8700215152603059,0.1299721949490218,10.39812977580292,1.6002861602132001,0.0,0.0,0.0,0.0
A_linear,2,19.6,0.08134947816825001,0.07077594164698835,0.010573037697792892,2.2677271283988357e-07,4.988234687859034e-07,7.975488921057164e-07,0.8700233024311098,0.12997056571064097,10.47827811070541,1.6002868512738184,0.0,0.0,0.0,0.0
A_linear,2,19.650000000000002,0.08134947816825054,0.07077604123010425,0.010572956093069276,2.1097336216815683e-07,4.808450770291513e-07,6.971966525770071e-07,0.8700245265706825,0.12996956257299927,10.558356726986093,1.6002874302081456,0.0,0.0,0.0,0.0
A_linear,2,19.7,0.08134947816825107,0.07077602856189787,0.010572969967521991,2.1189091107097196e-07,4.796388312210353e-07,7.138523146640461e-07,0.8700243708449529,0.12996973312667653,10.638356896824066,1.600287904408973,0.0,0.0,0.0,0.0
A_linear,2,19.75,0.08134947816825164,0.07077591414120384,0.010573062390084296,1.9478216221335268e-07,5.016369635129523e-07,7.892210402259884e-07,0.8700229643123346,0.12997086924413312,10.718307274923433,1.6002883775814516,0.0,0.0,0.0,0.0
A_linear,2,19.8,0.08134947816825214,0.0707757532238373,0.010573208706498239,1.8461430188469147e-07,5.162379165985221e-07,8.038071178801888e-07,0.8700209862127747,0.12997266785940606,10.798259155609816,1.6002889313862971,0.0,0.0,0.0,0.0
A_linear,2,19.85,0.08134947816825268,0.07077564542001805,0.01057335150481306,1.67398137863358e-07,4.812434215687363e-07,7.685014099048957e-07,0.8700196610190284,0.1299744232279464,10.87823626171978,1.6002894211892618,0.0,0.0,0.0,0.0
A_linear,2,19.900000000000002,0.08134947816825323,0.07077552663423348,0.010573451221721326,1.7347419167658693e-07,5.003122984079e-07,6.904917976067661e-07,0.8700182008279156,0.12997564901218547,10.958226974028726,1.6002899786658031,0.0,0.0,0.0,0.0
A_linear,2,19.95,0.0813494781682538,0.07077541374102185,0.010573576656962536,1.734395906422579e-07,4.877702694323864e-07,6.751480752723196e-07,0.8700168130720914,0.1299771909426804,11.038213022209755,1.6002906176026193,0.0,0.0,0.0,0.0
A_linear,2,20.0,0.08134947816825441,0.07077531294582212,0.01057367127454792,1.802683766826103e-07,4.939478843644851e-07,6.496245481188479e-07,0.8700155740327942,0.1299783540427695,11.11822056636807,1.6002912739842137,0.0,0.0,0.0,0.0
A_linear,2,20.05,0.08134947816825502,0.07077521296034013,0.01057377938783785,1.932032354420373e-07,4.858200770355579e-07,6.428904610766143e-07,0.8700143449470671,0.12997968304072113,11.198231084559973,1.600291938241893,0.0,0.0,0.0,0.0
A_linear,2,20.1,0.08134947816825563,0.07077511076406581,0.010573893336236373,1.8200792569063646e-07,4.740679534499971e-07,6.242616200573225e-07,0.8700130886848617,0.12998108376757284,11.278228271975733,1.6002929074824277,0.0,0.0,0.0,0.0
A_linear,2,20.150000000000002,0.08134947816825626,0.07077502871246322,0.010573996136457717,1.7737227875388292e-07,4.5331933533881827e-07,6.432992072884812e-07,0.870012080053891,0.12998234745387516,11.358243920168668,1.6002938724799545,0.0,0.0,0.0,0.0
A_linear,2,20.2,0.08134947816825691,0.07077492618301795,0.010574090742441854,1.6516644733897098e-07,4.612427971016022e-07,6.691148168191445e-07,0.8700108196961339,0.1299835104113542,11.438258539832997,1.6002946004127956,0.0,0.0,0.0,0.0
A_linear,2,20.25,0.08134947816825752,0.07077484621432592,0.010574218206713146,1.4610036705460046e-07,4.137472184587845e-07,7.004972664344699e-07,0.8700098366696369,0.1299850772839892,11.51824803804193,1.6002952357554132,0.0,0.0,0.0,0.0
A_linear,2,20.3,0.08134947816825816,0.07077472959626506,0.010574296616019286,1.441409784849361e-07,4.519559738164613e-07,7.371460465246403e-07,0.8700084031255744,0.12998604114150644,11.598229999135647,1.6002957688705337,0.0,0.0,0.0,0.0
A_linear,2,20.35,0.0813494781682588,0.07077462033978255,0.010574460579046135,1.220525514626143e-07,3.972494301254015e-07,7.638519665560518e-07,0.870007060074758,0.12998805668027152,11.678172898851427,1.6002961583629596,0.0,0.0,0.0,0.0
A_linear,2,20.400000000000002,0.08134947816825949,0.0707745519274291,0.01057459096045835,1.0182398030445971e-07,3.352803720335437e-07,7.71338682605613e-07,0.8700062191061914,0.12998965941227497,11.758109778348322,1.600296324209857,0.0,0.0,0.0,0.0
A_linear,2,20.45,0.08134947816826016,0.07077453108531696,0.010574611046771012,1.2008777627259473e-07,3.3603617219307446e-07,8.0090257374655e-07,0.8700059629015643,0.1299899063261216,11.838088041008955,1.6002966413706818,0.0,0.0,0.0,0.0
A_linear,2,20.5,0.08134947816826084,0.07077457372562186,0.010574517044484153,1.369934254502696e-07,3.8739815483378404e-07,8.814010386759387e-07,0.8700064870635537,0.12998875078967484,11.918154311047497,1.6002968833756197,0.0,0.0,0.0,0.0
A_linear,2,20.55,0.0813494781682615,0.07077472036872182,0.01057435213420864,1.5356708426266929e-07,4.05665331059368e-07,9.198811858501021e-07,0.8700082896946544,0.12998672360671912,11.998338786214438,1.6002968324231157,0.0,0.0,0.0,0.0
A_linear,2,20.6,0.08134947816826218,0.07077488980317793,0.0105742540973225,1.2975102439940403e-07,3.3426776174502675e-07,9.465234271356268e-07,0.8700103724917336,0.1299855184743884,12.078503533834064,1.600296749876626,0.0,0.0,0.0,0.0
A_linear,2,20.650000000000002,0.08134947816826292,0.07077497518148027,0.010574172396342257,1.315284718736666e-07,3.305904403831131e-07,9.37942829321485e-07,0.8700114220166183,0.12998451415349813,12.158617271328476,1.6002968342665154,0.0,0.0,0.0,0.0
A_linear,2,20.7,0.08134947816826367,0.07077511572881462,0.010574064045444708,1.0451092835409714e-07,2.983940043107236e-07,9.662932767635565e-07,0.8700131497146547,0.12998318223471897,12.238804812923476,1.6002969096830437,0.0,0.0,0.0,0.0
A_linear,2,20.75,0.08134947816826439,0.0707752263044778,0.010573955694647358,9.64282307315629e-08,2.9616913922934977e-07,9.77307039492541e-07,0.8700145089816721,0.12998185031717158,12.318974607058921,1.6002969786569028,0.0,0.0,0.0,0.0
A_linear,2,20.8,0.08134947816826513,0.07077532109827216,0.010573873588327749,9.036596856325602e-08,2.8348166522421195e-07,9.833249688151692e-07,0.8700156742478281,0.12998084101358962,12.399120693307609,1.6002970011392443,0.0,0.0,0.0,0.0
A_linear,2,20.85,0.08134947816826583,0.07077541490565023,0.010573785512229395,8.99528671776771e-08,2.777503861805975e-07,9.671607917402505e-07,0.8700168273883223,0.12997975832565567,12.479271840567657,1.6002971187362691,0.0,0.0,0.0,0.0
A_linear,2,20.900000000000002,0.08134947816826653,0.07077551897490551,0.010573678606026987,8.639958875350048e-08,2.8058733403653403e-07,9.552752875560958e-07,0.8700181066743979,0.12997844416599655,12.559436482136663,1.6002971049452794,0.0,0.0,0.0,0.0
A_linear,2,20.95,0.08134947816826729,0.07077560941799414,0.010573583773814989,9.47772398843291e-08,2.8497645815314506e-07,9.175423845755072e-07,0.8700192184588863,0.12997727842757717,12.639574407058737,1.6002971779126722,0.0,0.0,0.0,0.0
A_linear,2,21.0,0.08134947816826804,0.07077570130275365,0.010573489662720656,1.0320278355998167e-07,2.872027937219955e-07,9.431547517419609e-07,0.8700203479653186,0.12997612155359903,12.719708747331856,1.6002973759150019,0.0,0.0,0.0,0.0
A_linear,2,21.05,0.08134947816826876,0.07077577287887932,0.01057340127038854,1.2196468442163655e-07,3.0401900091070586e-07,9.086922618559652e-07,0.8700212278249889,0.12997503497831664,12.799811733536343,1.6002976971154146,0.0,0.0,0.0,0.0
A_linear,2,21.1,0.08134947816826951,0.0707759199919213,0.010573258685171815,1.187657674114478e-07,2.9949117638442725e-07,8.424702570652e-07,0.8700230362329178,0.12997328222931281,12.879980046334854,1.6002980259218436,0.0,0.0,0.0,0.0
A_linear,2,21.150000000000002,0.08134947816827023,0.07077602333168255,0.010573154583197542,1.1528577185926285e-07,3.002533901385111e-07,7.342736454377176e-07,0.8700243065515842,0.1299720025410258,12.96008238385336,1.600298384459123,0.0,0.0,0.0,0.0
A_linear,2,21.2,0.08134947816827097,0.07077603406510935,0.01057314375606799,1.0317948607878509e-07,3.003470936372616e-07,7.285652632737081e-07,0.8700244384937479,0.12997186944699876,13.040088137995998,1.6002986605221041,0.0,0.0,0.0,0.0
A_linear,2,21.25,0.0813494781682717,0.07077594609958635,0.010573201763090444,1.0250581057359696e-07,3.303055949090311e-07,8.107023218120444e-07,0.8700233571650703,0.12997258250654953,13.12004927162373,1.6002988920952097,0.0,0.0,0.0,0.0
A_linear,2,21.3,0.08134947816827244,0.07077579064083057,0.010573325346392465,9.641656521476839e-08,3.62181049417531e-07,8.332939808618232e-07,0.870021446166255,0.12997410167181903,13.19999990109973,1.6002990527310723,0.0,0.0,0.0,0.0
A_linear,2,21.35,0.08134947816827315,0.07077566232960511,0.01057347480045038,9.425614260913156e-08,3.4103821766016714e-07,8.031583010873727e-07,0.8700198688823071,0.12997593885702524,13.279974100903166,1.6002991789328016,0.0,0.0,0.0,0.0
A_linear,2,21.400000000000002,0.08134947816827391,0.07077555259945188,0.010573585370701664,9.098841935779466e-08,3.4019812035171296e-07,7.370690468888754e-07,0.870018520008825,0.12997729805752256,13.35995838971329,1.6002994184792176,0.0,0.0,0.0,0.0
A_linear,2,21.45,0.08134947816827459,0.07077542930266525,0.01057369672519594,1.0584672743118654e-07,3.5214041338312014e-07,7.000915877734142e-07,0.870017004365578,0.1299786668984383,13.439945497500437,1.6002995351046532,0.0,0.0,0.0,0.0
A_linear,2,21.5,0.08134947816827535,0.0707753259995815,0.01057380675166049,1.0795324257210616e-07,3.454170333682016e-07,6.739031103084812e-07,0.870015734497759,0.12998001941436005,13.519951721105008,1.6002998208964259,0.0,0.0,0.0,0.0
A_linear,2,21.55,0.08134947816827608,0.07077521696366157,0.010573911584231299,1.1013577400076446e-07,3.496203832210425e-07,6.5550482370747e-07,0.8700143941582386,0.1299813080836063,13.599962453474674,1.6002999539777807,0.0,0.0,0.0,0.0
A_linear,2,21.6,0.08134947816827681,0.07077511777539425,0.01057401637981952,1.0438003041781559e-07,3.4401306303031723e-07,6.542447531904487e-07,0.8700131748723846,0.12998259629823886,13.679963499300452,1.6003003991191493,0.0,0.0,0.0,0.0
A_linear,2,21.650000000000002,0.08134947816827756,0.07077502264825232,0.010574123613356667,1.0200664193036954e-07,3.3190666858343925e-07,6.563460715982861e-07,0.8700120055084904,0.12998391448170438,13.759964178026282,1.6003009525928777,0.0,0.0,0.0,0.0
A_linear,2,21.7,0.08134947816827828,0.07077492333665966,0.010574210724824977,1.1194424274412393e-07,3.4410679364556647e-07,6.692272465367909e-07,0.8700107847066424,0.12998498531178437,13.83998427396541,1.6003016532890348,0.0,0.0,0.0,0.0
A_linear,2,21.75,0.08134947816827898,0.0707748607668217,0.010574328850722873,8.879529635815949e-08,2.8855073441521226e-07,7.10741230695425e-07,0.8700100155580262,0.1299864373911396,13.919988748524274,1.6003020497884752,0.0,0.0,0.0,0.0
A_linear,2,21.8,0.08134947816827971,0.07077474651874179,0.010574396464069888,1.0059206717987701e-07,3.351854680127766e-07,7.570123284523776e-07,0.8700086111472896,0.1299872685377977,13.999986609859985,1.6003025668090578,0.0,0.0,0.0,0.0
A_linear,2,21.85,0.08134947816828042,0.07077461697749847,0.010574557797680064,7.700353466481912e-08,3.033931018961063e-07,7.811622717937772e-07,0.8700070187431728,0.12998925175408524,14.07991826629386,1.6003028856640413,0.0,0.0,0.0,0.0
A_linear,2,21.900000000000002,0.08134947816828114,0.07077453795857963,0.010574708246151867,5.45037185880639e-08,2.3196354962821409e-07,7.916973830247321e-07,0.8700060473918962,0.12999110116326518,14.159856569793014,1.6003029469109775,0.0,0.0,0.0,0.0
A_linear,2,21.95,0.08134947816828184,0.07077451877698261,0.01057474333093139,4.817218984844987e-08,2.1606036782839237e-07,8.151907732932406e-07,0.8700058115993865,0.12999153244789322,14.23983781749288,1.6003029596919214,0.0,0.0,0.0,0.0
A_linear,2,22.0,0.08134947816828253,0.07077453822048839,0.010574682190528255,7.077557741975412e-08,2.577572659070037e-07,8.884464954504091e-07,0.870006050611432,0.12999078087081367,14.319874992403607,1.6003031700111972,0.0,0.0,0.0,0.0
A_linear,2,22.05,0.08134947816828327,0.07077464193843644,0.010574547211880923,9.154685901135835e-08,2.890179658769907e-07,9.530683427956363e-07,0.8700073255790132,0.1299891216266431,14.400003002553996,1.600303479818572,0.0,0.0,0.0,0.0
A_linear,2,22.1,0.08134947816828392,0.0707748151926792,0.010574401131101759,8.429946209763873e-08,2.6184450297015426e-07,9.685310781709204e-07,0.8700094553313618,0.1299873259079423,14.48020260522809,1.600303575679554,0.0,0.0,0.0,0.0
A_linear,2,22.150000000000002,0.08134947816828463,0.07077493727796283,0.010574323728908215,7.853755741096427e-08,2.1716141359073193e-07,9.705427833688262e-07,0.8700109560820214,0.12998637443049735,14.56033289438295,1.6003036289433812,0.0,0.0,0.0,0.0
A_linear,2,22.2,0.08134947816828528,0.0707750447801584,0.010574209522046747,8.161436066712625e-08,2.2386608014010552e-07,9.726759566043962e-07,0.8700122775680029,0.1299849705264512,14.64049649570206,1.600303701589271,0.0,0.0,0.0,0.0
A_linear,2,22.25,0.08134947816828596,0.07077513058640116,0.010574130630213738,7.398363570846591e-08,2.1695167106597994e-07,9.975900036901968e-07,0.8700133323534065,0.12998400073740185,14.720629116814084,1.6003037922270107,0.0,0.0,0.0,0.0
A_linear,2,22.3,0.08134947816828664,0.07077524879529173,0.010574029294143084,6.256870731546315e-08,2.0007885180743973e-07,9.7723118679643e-07,0.8700147854529549,0.12998275504937748,14.80080453865332,1.6003037738808608,0.0,0.0,0.0,0.0
A_linear,2,22.35,0.0813494781682873,0.07077535354958084,0.010573920697260927,5.862079755927199e-08,2.0392144554931803e-07,9.681933200011272e-07,0.8700160731599061,0.12998142010679778,14.880986382241371,1.6003037871479766,0.0,0.0,0.0,0.0
A_linear,2,22.400000000000002,0.08134947816828797,0.07077545511659229,0.010573821883767735,4.874140769631006e-08,2.0116792798207935e-07,9.744010080620852e-07,0.8700173216867949,0.12998020542791472,14.961149745556124,1.6003037553759598,0.0,0.0,0.0,0.0
A_linear,2,22.45,0.08134947816828869,0.07077553313948688,0.010573743817023884,5.667045102560052e-08,2.012117779079904e-07,9.469771253255806e-07,0.8700182807942867,0.12997924578139083,15.041278315406815,1.6003036906891612,0.0,0.0,0.0,0.0
A_linear,2,22.5,0.08134947816828936,0.07077562613563577,0.010573646577772336,5.54743082810467e-08,2.0545488125397852e-07,9.712018232960853e-07,0.8700194239626315,0.1299780504540965,15.121417996212783,1.6003036689046781,0.0,0.0,0.0,0.0
A_linear,2,22.55,0.08134947816829005,0.07077568862325072,0.010573563981590468,5.4636315424466876e-08,2.2556344887275848e-07,9.420755816624841e-07,0.8700201921004947,0.1299770351288133,15.201514036083788,1.6003033975111176,0.0,0.0,0.0,0.0
A_linear,2,22.6,0.08134947816829075,0.07077582684472535,0.010573417572464409,6.236253228276817e-08,2.3375110098301276e-07,8.843990114068603e-07,0.8700218912075712,0.12997523537386166,15.281684875093303,1.6003032305035387,0.0,0.0,0.0,0.0
A_linear,2,22.650000000000002,0.08134947816829145,0.07077594443952313,0.010573308353210575,6.52598229924898e-08,2.2537555773757014e-07,7.687077054094495e-07,0.8700233367582966,0.12997389278068974,15.361789549869085,1.6003031591840355,0.0,0.0,0.0,0.0
A_linear,2,22.7,0.08134947816829212,0.07077597152973172,0.010573269599980475,8.45331119594835e-08,2.3703857991944076e-07,7.15323639108393e-07,0.8700236697685214,0.12997341640111043,15.441812896624453,1.6003031553547085,0.0,0.0,0.0,0.0
A_linear,2,22.75,0.08134947816829285,0.07077592937711691,0.010573302346915349,9.189795215858175e-08,2.464442605978293e-07,7.75306109877114e-07,0.8700231516015164,0.12997381894745144,15.521794782716487,1.6003032945522428,0.0,0.0,0.0,0.0
A_linear,2,22.8,0.08134947816829356,0.07077579742333805,0.010573396636838537,1.0185168757020408e-07,2.8410811697027366e-07,8.350577166838877e-07,0.8700215295409642,0.12997497801970634,15.601760453259907,1.600303310273745,0.0,0.0,0.0,0.0
A_linear,2,22.85,0.08134947816829427,0.07077563214971269,0.010573544337585322,9.699117890031004e-08,3.016809962764165e-07,8.123307610792879e-07,0.8700194978914726,0.12997679365208675,15.681717893961789,1.6003032154433159,0.0,0.0,0.0,0.0
A_linear,2,22.900000000000002,0.08134947816829503,0.0707755230974931,0.010573680106934545,7.451711130350817e-08,2.7496386738145887e-07,7.561199055754629e-07,0.8700181573515858,0.12997846261607007,15.761695486942072,1.6003032474093528,0.0,0.0,0.0,0.0
A_linear,2,22.95,0.08134947816829574,0.07077539364429057,0.01057377882148562,8.275000201425755e-08,3.057025195490485e-07,6.962209929255342e-07,0.8700165660297229,0.12997967607869093,15.84169048609352,1.6003032688158674,0.0,0.0,0.0,0.0
A_linear,2,23.0,0.0813494781682964,0.07077528647684295,0.01057390194703288,6.56065907724073e-08,2.897444205839313e-07,6.918624562432287e-07,0.870015248658664,0.12998118961694521,15.92169063380496,1.6003033754492704,0.0,0.0,0.0,0.0
A_linear,2,23.05,0.08134947816829716,0.0707751943046233,0.010573993592189098,6.945438635096817e-08,2.9027148476296953e-07,6.697283337873447e-07,0.870014115618571,0.1299823161780269,16.00171732394375,1.600303440827632,0.0,0.0,0.0,0.0
A_linear,2,23.1,0.08134947816829786,0.07077509618623147,0.010574095710926497,6.492656051589771e-08,2.8627113988995887e-07,6.678718035734061e-07,0.8700129094843135,0.12998357148709103,16.081731887435716,1.6003035024511194,0.0,0.0,0.0,0.0
A_linear,2,23.150000000000002,0.08134947816829857,0.07077499098373687,0.010574206585795396,6.193831085294417e-08,2.8059876631618806e-07,6.661325293448694e-07,0.8700116162677178,0.1299849344321437,16.161726800021746,1.600303558891494,0.0,0.0,0.0,0.0
A_linear,2,23.2,0.08134947816829922,0.07077489708220121,0.01057429898618329,8.574549126561274e-08,2.820999147556517e-07,6.839494496112323e-07,0.8700104619697636,0.12998607027701808,16.241742960446192,1.6003034966242253,0.0,0.0,0.0,0.0
A_linear,2,23.25,0.0813494781683,0.07077482563983141,0.010574419973025412,6.712442325562743e-08,2.3255544318503612e-07,7.179780044413206e-07,0.8700095837542903,0.12998755752493588,16.32173166226758,1.6003034838449168,0.0,0.0,0.0,0.0
A_linear,2,23.3,0.0813494781683007,0.07077472365764835,0.010574477675339193,8.445642683519173e-08,2.768353131619236e-07,7.615143730619196e-07,0.8700083301238312,0.12998826683881212,16.401734361873945,1.600303307264699,0.0,0.0,0.0,0.0
A_linear,2,23.35,0.0813494781683014,0.0707745909470225,0.010574615048327522,7.614598558655663e-08,2.7217295139018614e-07,7.876114776308482e-07,0.8700066987596301,0.1299899555157567,16.48168539125968,1.6003029980883967,0.0,0.0,0.0,0.0
A_linear,2,23.400000000000002,0.08134947816830213,0.0707744924155784,0.01057479131701973,6.169233696486388e-08,1.944357039977258e-07,8.031073734084862e-07,0.8700054875478688,0.12999212232365867,16.561603091783656,1.6003029792116097,0.0,0.0,0.0,0.0
A_linear,2,23.45,0.0813494781683028,0.07077445788799554,0.010574853079819185,5.912610311573666e-08,1.6720048808560545e-07,8.2557828223846e-07,0.8700050631126514,0.12999288155163108,16.641573943502134,1.6003031570331905,0.0,0.0,0.0,0.0
A_linear,2,23.5,0.08134947816830353,0.07077447611049079,0.01057481643288066,6.215845200499847e-08,1.8562493209443484e-07,8.860571895136947e-07,0.8700052871152514,0.12999243106393965,16.721609645373867,1.6003034336408308,0.0,0.0,0.0,0.0
A_linear,2,23.55,0.08134947816830426,0.07077455320415899,0.010574683986605568,7.130294928671455e-08,2.409775397016881e-07,9.541103323977058e-07,0.8700062348000958,0.1299908029493141,16.801730836550753,1.6003034669682379,0.0,0.0,0.0,0.0
A_linear,2,23.6,0.08134947816830498,0.07077471008883125,0.010574527333272743,6.777972256366688e-08,2.4074620098448317e-07,9.79738421838358e-07,0.8700081633271763,0.12998887726599753,16.88193169410721,1.600303598986096,0.0,0.0,0.0,0.0
A_linear,2,23.650000000000002,0.0813494781683057,0.0707748371118965,0.010574458168654897,3.7754525214708506e-08,1.828877543003111e-07,9.978666136239259e-07,0.8700097247762167,0.12998802705012036,16.962063150622765,1.6003033217722642,0.0,0.0,0.0,0.0
A_linear,2,23.7,0.08134947816830644,0.07077493127926343,0.01057435469154347,3.88046924015312e-08,1.921974995248028e-07,9.805207312292803e-07,0.8700108823419247,0.1299867550430485,17.04220617522922,1.6003031731788662,0.0,0.0,0.0,0.0
A_linear,2,23.75,0.08134947816830716,0.0707750554509997,0.010574251978916887,2.4456991601200215e-08,1.70738390582385e-07,1.0119025196225465e-06,0.8700124087405992,0.12998549243351504,17.122378645784835,1.600303146035535,0.0,0.0,0.0,0.0
A_linear,2,23.8,0.0813494781683079,0.07077515557073763,0.010574152236861298,2.9673011497872216e-08,1.7036070897385329e-07,1.0069590633157772e-06,0.870013639476672,0.12998426634014687,17.20253586575935,1.600303020225519,0.0,0.0,0.0,0.0
A_linear,2,23.85,0.08134947816830865,0.07077525251709738,0.010574066631433978,4.664767123542653e-08,1.5901977730257236e-07,9.951397093152574e-07,0.8700148312035433,0.12998321402328702,17.282682283470237,1.6003032627051963,0.0,0.0,0.0,0.0
A_linear,2,23.900000000000002,0.08134947816830936,0.07077534892816528,0.01057397322889308,4.7410363998709554e-08,1.560112509806794e-07,9.931093588619445e-07,0.870016016350264,0.12998206585930253,17.36283640110328,1.6003034647987127,0.0,0.0,0.0,0.0
A_linear,2,23.95,0.0813494781683101,0.07077543887778785,0.010573881548547768,5.3290627191310445e-08,1.5774197446276067e-07,9.650027182768713e-07,0.870017122068751,0.1299809388656515,17.44297058103173,1.6003035263211245,0.0,0.0,0.0,0.0
A_linear,2,24.0,0.08134947816831084,0.07077554787641965,0.010573763965575399,5.495937521585197e-08,1.663263157763099e-07,9.751753729039794e-07,0.8700184619498863,0.12997949346028306,17.523140609608742,1.6003036708856833,0.0,0.0,0.0,0.0
A_linear,2,24.05,0.08134947816831159,0.07077560064633434,0.010573696112282822,6.034925051445144e-08,1.814096944230429e-07,9.648217665771776e-07,0.8700191106315401,0.12997865936405772,17.603229395982016,1.600303778959819,0.0,0.0,0.0,0.0
A_linear,2,24.1,0.08134947816831238,0.0707757215880419,0.010573556226599008,6.837787043802195e-08,2.003536714617203e-07,9.178287231202975e-07,0.8700205973246278,0.12997693979944505,17.68339370052099,1.6003038283156907,0.0,0.0,0.0,0.0
A_linear,2,24.150000000000002,0.08134947816831312,0.07077583939450259,0.010573437038264888,6.316399203255364e-08,2.0173554561523523e-07,8.208437488167566e-07,0.870022045477249,0.12997547465993955,17.763519006287545,1.6003038232939846,0.0,0.0,0.0,0.0
A_linear,2,24.2,0.08134947816831381,0.07077589759836192,0.010573378373320603,5.476711459010365e-08,2.0219663129844463e-07,7.373539731689119e-07,0.8700227609564387,0.12997475351278906,17.843571758249333,1.6003038345004423,0.0,0.0,0.0,0.0
A_linear,2,24.25,0.08134947816831456,0.07077587127354094,0.010573382378746662,5.538672725832347e-08,2.245160269477402e-07,7.771227935606091e-07,0.8700224373548346,0.12997480275005588,17.923574193048,1.6003039161824577,0.0,0.0,0.0,0.0
A_linear,2,24.3,0.0813494781683153,0.07077575089631857,0.010573471901648972,6.105564572101399e-08,2.5537034773941993e-07,8.463561944150819e-07,0.870020957600745,0.12997590322303038,18.003530517941634,1.6003038514643269,0.0,0.0,0.0,0.0
A_linear,2,24.35,0.08134947816831602,0.07077558725065765,0.010573614544873638,6.899706737362897e-08,2.76372784723081e-07,8.243840844567365e-07,0.8700189459632368,0.12997765668510272,18.083487338986423,1.6003036378226911,0.0,0.0,0.0,0.0
A_linear,2,24.400000000000002,0.08134947816831677,0.07077546137866651,0.010573767150867431,6.203226972914508e-08,2.4963878280586914e-07,7.656234688015426e-07,0.8700173986639226,0.12997953261592773,18.163449972855584,1.6003037332508647,0.0,0.0,0.0,0.0
A_linear,2,24.45,0.08134947816831749,0.07077534783630127,0.010573864986530396,5.5165931519173526e-08,2.6534548584758633e-07,7.074379275339544e-07,0.8700160029282838,0.1299807352746918,18.24344793644669,1.600303675572158,0.0,0.0,0.0,0.0
A_linear,2,24.5,0.08134947816831826,0.07077524315457229,0.010573971186881997,5.675334977917888e-08,2.638268639593869e-07,7.066210230506164e-07,0.8700147161132726,0.1299820407575774,18.3234505899286,1.600303740434938,0.0,0.0,0.0,0.0
A_linear,2,24.55,0.08134947816831899,0.07077513788672883,0.010574074186125286,6.647299955753092e-08,2.6609546487820195e-07,6.946886041198785e-07,0.8700134220933667,0.12998330689038506,18.403457311267104,1.600304143938477,0.0,0.0,0.0,0.0
A_linear,2,24.6,0.08134947816831978,0.07077503868505595,0.010574187338752868,5.743445279552873e-08,2.5214451093882446e-07,6.861719645209402e-07,0.8700122026427225,0.12998469783510933,18.483461516933275,1.6003044593762425,0.0,0.0,0.0,0.0
A_linear,2,24.650000000000002,0.08134947816832053,0.07077494747361175,0.01057428336130953,6.914788456886351e-08,2.4733339923720694e-07,6.917978866422416e-07,0.870011081413098,0.1299858782060069,18.56346577191855,1.6003050208493903,0.0,0.0,0.0,0.0
A_linear,2,24.7,0.08134947816832129,0.07077485091155386,0.010574374911762462,8.796999647071851e-08,2.5234500496502156e-07,7.13330552575923e-07,0.8700098944102957,0.129987003602935,18.643486885856507,1.6003054161272312,0.0,0.0,0.0,0.0
A_linear,2,24.75,0.08134947816832201,0.07077477574960518,0.010574492623169139,7.418591064679616e-08,2.0979554768915176e-07,7.401980812126394e-07,0.8700089704713719,0.12998845058709807,18.723488739547722,1.600305643161781,0.0,0.0,0.0,0.0
A_linear,2,24.8,0.0813494781683227,0.07077469276407573,0.010574548460125288,8.630549579692653e-08,2.3694412172218121e-07,7.717957893877799e-07,0.8700079503599721,0.12998913697080103,18.803509998847804,1.6003058639172871,0.0,0.0,0.0,0.0
A_linear,2,24.85,0.08134947816832343,0.07077456281579092,0.010574661277517322,7.778808613004655e-08,2.540750151834376e-07,7.809355271485574e-07,0.8700063529522398,0.12999052379459486,18.8834823420153,1.6003058831489245,0.0,0.0,0.0,0.0
A_linear,2,24.900000000000002,0.08134947816832418,0.0707744478658929,0.010574842676791478,5.171229308270777e-08,1.8762563981042085e-07,7.907936002207313e-07,0.8700049399143045,0.12999275367090316,18.963407937924956,1.6003057398031562,0.0,0.0,0.0,0.0
A_linear,2,24.95,0.0813494781683249,0.07077438471545712,0.010574942839513444,3.588289014009181e-08,1.506133543059383e-07,8.052392293753104e-07,0.8700041636286069,0.12999398493537007,19.04335348822615,1.600305773378606,0.0,0.0,0.0,0.0
A_linear,2,25.0,0.0813494781683256,0.07077437946503469,0.010574931567543043,2.9435516741311725e-08,1.67135747850871e-07,8.676955977903172e-07,0.8700040990870368,0.12999384637307385,19.123363355732305,1.6003058573916624,0.0,0.0,0.0,0.0
A_linear,2,25.05,0.08134947816832633,0.07077443996024198,0.010574823991655444,3.853013816551068e-08,2.1421642891419759e-07,9.493695885239135e-07,0.8700048427329461,0.12999252398121447,19.20346197243154,1.6003059289965853,0.0,0.0,0.0,0.0
A_linear,2,25.1,0.08134947816832706,0.07077458634208936,0.010574657867411118,4.9703067967217125e-08,2.3395882658192454e-07,1.0041521574482003e-06,0.8700066421525617,0.12999048187537482,19.28365044789372,1.6003058198746687,0.0,0.0,0.0,0.0
A_linear,2,25.150000000000002,0.08134947816832776,0.07077474894139982,0.01057454729700231,3.365281431776326e-08,1.8192992564645637e-07,1.012107831394031e-06,0.8700086409276433,0.12998912267293875,19.363828115681937,1.6003056905283184,0.0,0.0,0.0,0.0
A_linear,2,25.2,0.08134947816832848,0.07077483949045474,0.010574474244043869,3.0909894051284824e-08,1.6443382988611377e-07,1.0163454295633854e-06,0.8700097540147378,0.12998822465908322,19.44394124352155,1.6003054442654343,0.0,0.0,0.0,0.0
A_linear,2,25.25,0.08134947816832917,0.070774966396146,0.010574356112494967,4.2776574143717466e-08,1.556596882163968e-07,1.0322147463293581e-06,0.870011314020942,0.12998677251026,19.52412270440861,1.6003052195661867,0.0,0.0,0.0,0.0
A_linear,2,25.3,0.08134947816832992,0.07077506458438867,0.010574272820148306,4.0883932921960935e-08,1.4076379291777305e-07,1.040244455356618e-06,0.8700125210138353,0.12998574862727227,19.60426595612787,1.6003051948283158,0.0,0.0,0.0,0.0
A_linear,2,25.35,0.08134947816833064,0.0707751777792722,0.01057416545635051,4.3630655672353916e-08,1.3493270794770025e-07,1.0328923796584447e-06,0.8700139124779903,0.1299844288425569,19.68443980875333,1.6003050513881483,0.0,0.0,0.0,0.0
A_linear,2,25.400000000000002,0.08134947816833135,0.07077528190084635,0.010574057689381676,4.1907230568661075e-08,1.3857810331189504e-07,1.0501741695505544e-06,0.8700151924072029,0.1299831041018044,19.764601711140433,1.6003050729563253,0.0,0.0,0.0,0.0
A_linear,2,25.45,0.08134947816833206,0.0707753436697722,0.010573987444942664,4.414254063767676e-08,1.470536171954058e-07,1.0307153693946876e-06,0.8700159517104784,0.12998224061207234,19.844716982450656,1.6003052895164929,0.0,0.0,0.0,0.0
A_linear,2,25.5,0.08134947816833278,0.07077545024633976,0.010573876350456481,4.821171128684365e-08,1.5157153654319046e-07,1.0231992802825534e-06,0.8700172618180455,0.12998087496734076,19.924886231948303,1.6003054572458641,0.0,0.0,0.0,0.0
A_linear,2,25.55,0.08134947816833349,0.07077552651700196,0.010573797275379677,5.542104649532548e-08,1.5437595184962004e-07,1.0127564243234691e-06,0.8700181993859722,0.12997990292574105,20.00499492361964,1.600305651995163,0.0,0.0,0.0,0.0
A_linear,2,25.6,0.08134947816833417,0.07077563343141179,0.010573673528905318,5.7352291152464706e-08,1.7120801705860832e-07,9.746748397602894e-07,0.8700195136465138,0.12997838175465015,20.08515429664023,1.6003056979461783,0.0,0.0,0.0,0.0
A_linear,2,25.650000000000002,0.08134947816833486,0.07077577396345983,0.01057353687961848,5.765903944554416e-08,1.6732525655788732e-07,8.812200195753644e-07,0.8700212411566417,0.12997670197390657,20.165312873344998,1.6003056265228603,0.0,0.0,0.0,0.0
A_linear,2,25.7,0.0813494781683356,0.07077584741651567,0.010573453632151949,5.091424791243301e-08,1.7711966796060487e-07,7.704124326807296e-07,0.8700221440887423,0.12997567864261422,20.245383920131186,1.6003056908126307,0.0,0.0,0.0,0.0
A_linear,2,25.75,0.08134947816833625,0.07077581481903153,0.010573456397314605,3.7346222747492415e-08,2.0695199013255748e-07,7.746351209451267e-07,0.8700217433795375,0.12997571263376737,20.325369220277576,1.6003057645125651,0.0,0.0,0.0,0.0
A_linear,2,25.8,0.08134947816833696,0.07077571396550957,0.010573523644385604,5.054201477733619e-08,2.4055844178051655e-07,8.580819592360968e-07,0.8700205036233049,0.12997653927792566,20.405330547813243,1.600305712976246,0.0,0.0,0.0,0.0
A_linear,2,25.85,0.08134947816833767,0.07077555981217518,0.01057364428509806,5.1082818953498606e-08,2.7407106441183426e-07,9.032256357195264e-07,0.8700186086715673,0.12997802227099556,20.48528744504159,1.6003057299909142,0.0,0.0,0.0,0.0
A_linear,2,25.900000000000002,0.08134947816833832,0.07077542094684876,0.010573791036665135,4.571762090903032e-08,2.661848244298426e-07,8.649603713249642e-07,0.8700169016498369,0.12997982623544985,20.565261336011528,1.60030588673886,0.0,0.0,0.0,0.0
A_linear,2,25.95,0.08134947816833901,0.07077531584727872,0.010573911716903053,4.438575382545983e-08,2.5060415722262236e-07,8.131308777464469e-07,0.8700156096984563,0.12998130971439212,20.645243741385077,1.6003058192351187,0.0,0.0,0.0,0.0
A_linear,2,26.0,0.08134947816833973,0.07077520607714316,0.01057400992950311,6.499441130026949e-08,2.621616934528343e-07,7.949380014187804e-07,0.870014260333486,0.12998251700670885,20.72524311360347,1.6003056899141888,0.0,0.0,0.0,0.0
A_linear,2,26.05,0.08134947816834041,0.07077509366458788,0.010574142073589716,6.850627028328585e-08,2.4243016283308675e-07,7.941997165198925e-07,0.870012878486197,0.12998414140663733,20.80523103380339,1.6003057505218776,0.0,0.0,0.0,0.0
A_linear,2,26.1,0.08134947816834111,0.07077500409704739,0.010574232547067335,6.430556060020318e-08,2.4152422637274525e-07,7.699002097814183e-07,0.8700117774644927,0.12998525356469373,20.885249783395658,1.6003057696495662,0.0,0.0,0.0,0.0
A_linear,2,26.150000000000002,0.0813494781683418,0.07077492019329497,0.010574324968153574,7.343279631337622e-08,2.3300689326204356e-07,7.661093538386711e-07,0.8700107460657067,0.12998638966400536,20.9652736174398,1.6003056008089027,0.0,0.0,0.0,0.0
A_linear,2,26.2,0.0813494781683425,0.07077482308866954,0.010574420622178407,7.609329325281421e-08,2.3445749455178316e-07,7.815571895208936e-07,0.8700095523933167,0.12998756550467325,21.045294225825035,1.6003057656805055,0.0,0.0,0.0,0.0
A_linear,2,26.25,0.08134947816834313,0.07077472530258246,0.010574548293569588,6.815972269996403e-08,2.0457219110003162e-07,8.000412192984177e-07,0.8700083503439632,0.1299891349233588,21.12527894991468,1.600306018254767,0.0,0.0,0.0,0.0
A_linear,2,26.3,0.08134947816834384,0.0707746438247491,0.010574613528728346,6.842071140528237e-08,2.2081486640010927e-07,8.425667149872058e-07,0.8700073487661313,0.12998993683580048,21.205292349983456,1.6003062433453634,0.0,0.0,0.0,0.0
A_linear,2,26.35,0.08134947816834454,0.07077451341542079,0.010574719380966092,7.262645308390778e-08,2.453719576336993e-07,8.723941295364346e-07,0.8700057456909567,0.12999123803944726,21.285260581359754,1.6003067728863118,0.0,0.0,0.0,0.0
A_linear,2,26.400000000000002,0.08134947816834519,0.07077439690735003,0.010574886686115411,5.316326938659487e-08,1.945748797508372e-07,8.800716059214578e-07,0.870004313498963,0.12999329466172685,21.365205042543685,1.6003072283654745,0.0,0.0,0.0,0.0
A_linear,2,26.45,0.08134947816834585,0.07077433400699995,0.010575002849239512,3.7537862471066214e-08,1.4131210638665064e-07,8.869349047608199e-07,0.87000354028748,0.1299947226134068,21.445161758029236,1.6003073856773413,0.0,0.0,0.0,0.0
A_linear,2,26.5,0.08134947816834649,0.07077433206345027,0.010575003249265504,2.9949583785416286e-08,1.428556307211073e-07,9.254842827225224e-07,0.870003516396113,0.12999472753078203,21.525174384580385,1.6003074815028278,0.0,0.0,0.0,0.0
A_linear,2,26.55,0.0813494781683471,0.07077436870465757,0.010574923410907964,4.138888975671848e-08,1.8605278158152079e-07,9.958053246679125e-07,0.8700039668133448,0.12999374610644573,21.605238536153358,1.600307356484372,0.0,0.0,0.0,0.0
A_linear,2,26.6,0.08134947816834774,0.07077447679871918,0.010574777278892437,5.188801462822132e-08,2.240907361279796e-07,1.0557224306068146e-06,0.8700052955749237,0.1299919497579147,21.68539200092224,1.6003069206124798,0.0,0.0,0.0,0.0
A_linear,2,26.650000000000002,0.08134947816834837,0.0707746421295476,0.010574648486818394,5.14884874839918e-08,1.8755198237925675e-07,1.0708017096870536e-06,0.8700073279275778,0.12999036656307406,21.765577496398876,1.6003068724669962,0.0,0.0,0.0,0.0
A_linear,2,26.7,0.08134947816834896,0.07077476253423479,0.010574571039034085,2.7281706879562306e-08,1.445950801112737e-07,1.0759905256445355e-06,0.8700088080192685,0.12998941452519833,21.845711184987955,1.600306811769456,0.0,0.0,0.0,0.0
A_linear,2,26.75,0.08134947816834959,0.07077485300431545,0.01057445768487947,2.3479730265831827e-08,1.6747915466420516e-07,1.0587554470092697e-06,0.8700099201355618,0.12998802110317217,21.925866123624935,1.600306701765565,0.0,0.0,0.0,0.0
A_linear,2,26.8,0.08134947816835018,0.07077497470422585,0.010574360986131102,1.721686063291443e-08,1.4247799322192582e-07,1.0875917736044805e-06,0.8700114161489674,0.12998683242008996,22.006035451675327,1.60030680393085,0.0,0.0,0.0,0.0
A_linear,2,26.85,0.08134947816835074,0.07077507722559459,0.010574253208878897,2.9019836167824658e-08,1.4773387726765394e-07,1.101099095926559e-06,0.8700126764074296,0.1299855075529279,22.08620079593292,1.6003069929122309,0.0,0.0,0.0,0.0
A_linear,2,26.900000000000002,0.08134947816835134,0.07077517129548375,0.010574162976244545,2.983060495532581e-08,1.4389662303134008e-07,1.118377713430696e-06,0.8700138327748798,0.12998439835546946,22.16634820015195,1.6003070776097221,0.0,0.0,0.0,0.0
A_linear,2,26.95,0.08134947816835188,0.0707752526559689,0.010574088069216975,3.73313083147806e-08,1.3744316600986692e-07,1.1133566907854084e-06,0.8700148329101789,0.12998347755020642,22.246479648786405,1.6003072218047016,0.0,0.0,0.0,0.0
A_linear,2,27.0,0.08134947816835243,0.0707753719448763,0.01057396912845085,5.0632616024263984e-08,1.3709502527592666e-07,1.089392974438942e-06,0.8700162992859886,0.12998201545396593,22.326660776442644,1.6003074117133897,0.0,0.0,0.0,0.0
A_linear,2,27.05,0.08134947816835297,0.07077543673104672,0.010573899502793312,5.949056703391547e-08,1.4193451293408214e-07,1.1067811418578737e-06,0.8700170956791727,0.1299811595706932,22.406770315644366,1.6003075343042674,0.0,0.0,0.0,0.0
A_linear,2,27.1,0.08134947816835351,0.07077554281980238,0.010573779467458971,6.805207799014186e-08,1.5588109217955794e-07,1.0785065439521356e-06,0.8700183997902448,0.12997968401931767,22.486925417615087,1.6003075319373459,0.0,0.0,0.0,0.0
A_linear,2,27.150000000000002,0.08134947816835401,0.07077569663171956,0.010573621300765931,6.649039876278867e-08,1.6023586851755108e-07,9.929356675812746e-07,0.87002029054505,0.12997773973280635,22.567104173297146,1.6003074436596725,0.0,0.0,0.0,0.0
A_linear,2,27.2,0.08134947816835453,0.07077578618033879,0.010573531414728884,5.938624000635305e-08,1.6057328685653644e-07,8.703490866290302e-07,0.8700213913341491,0.1299766347959446,22.647187475916382,1.6003073916094401,0.0,0.0,0.0,0.0
A_linear,2,27.25,0.08134947816835507,0.0707757848071899,0.010573505569555164,5.286637095296754e-08,1.8779160999916213e-07,8.467267280173583e-07,0.8700213744545159,0.12997631709047958,22.7271972189267,1.60030737066003,0.0,0.0,0.0,0.0
A_linear,2,27.3,0.08134947816835555,0.0707757082065999,0.010573554707992613,5.5863021615603904e-08,2.1525376304600193e-07,9.189966823887168e-07,0.8700204328308919,0.12997692113169154,22.807159766398378,1.6003073732579143,0.0,0.0,0.0,0.0
A_linear,2,27.35,0.08134947816835604,0.0707755657348598,0.010573657906643255,5.567641006203769e-08,2.545268529837853e-07,9.770335048889515e-07,0.8700186814768116,0.12997818971574276,22.88712367645839,1.6003073831863055,0.0,0.0,0.0,0.0
A_linear,2,27.400000000000002,0.08134947816835654,0.070775408432783,0.010573803940383292,5.883731447755707e-08,2.6579519024049926e-07,9.400531516192163e-07,0.8700167478187136,0.1299799848562066,22.96709339816132,1.6003072266040734,0.0,0.0,0.0,0.0
A_linear,2,27.45,0.08134947816835701,0.07077530989028905,0.010573928330477829,4.3974428464999566e-08,2.3994759012974466e-07,8.843977239237076e-07,0.8700155364711232,0.12998151393908797,23.047087857806083,1.6003071371316575,0.0,0.0,0.0,0.0
A_linear,2,27.5,0.0813494781683575,0.07077520067675368,0.010574010726345286,5.4776033071836905e-08,2.6676525853119194e-07,8.24655436983315e-07,0.8700141939482422,0.12998252680197594,23.127104413427663,1.6003072469848667,0.0,0.0,0.0,0.0
A_linear,2,27.55,0.08134947816835793,0.070775096678875,0.010574127235533392,4.948507317998234e-08,2.5425394956026774e-07,8.365111137976145e-07,0.8700129155395616,0.12998395900769716,23.207106227346138,1.6003072417350506,0.0,0.0,0.0,0.0
A_linear,2,27.6,0.08134947816835844,0.07077499553616466,0.010574225196876327,4.56286435557648e-08,2.574353174384652e-07,8.310338303309199e-07,0.870011672228442,0.1299851632114004,23.287118198393316,1.6003072217149281,0.0,0.0,0.0,0.0
A_linear,2,27.650000000000002,0.08134947816835889,0.07077489426649604,0.010574337659334986,5.909437133208989e-08,2.462425278521556e-07,8.248793309872816e-07,0.8700104273566703,0.12998654567212584,23.367127658696624,1.6003075517436427,0.0,0.0,0.0,0.0
A_linear,2,27.7,0.08134947816835933,0.07077480333702171,0.01057443368614996,6.424400978784906e-08,2.411451876679416e-07,8.367215889783763e-07,0.8700093095932039,0.12998772609536982,23.447142304368782,1.6003078576587901,0.0,0.0,0.0,0.0
A_linear,2,27.75,0.08134947816835979,0.07077471736265387,0.010574535300207953,6.601673177487786e-08,2.2550549797626628e-07,8.631998806213117e-07,0.8700082527410866,0.12998897520059116,23.52714882180828,1.6003081077460644,0.0,0.0,0.0,0.0
A_linear,2,27.8,0.0813494781683602,0.07077464009150879,0.010574625045496609,6.354289139396614e-08,2.1303135481419722e-07,9.054806488687175e-07,0.8700073028745702,0.12999007840728188,23.607153339642434,1.6003083708754118,0.0,0.0,0.0,0.0
A_linear,2,27.85,0.08134947816836063,0.07077451999906062,0.010574710918254796,7.239310577711223e-08,2.4725104523099126e-07,9.522326622976955e-07,0.870005826621111,0.12999113401034246,23.687134115666986,1.6003088718873943,0.0,0.0,0.0,0.0
A_linear,2,27.900000000000002,0.08134947816836106,0.07077440188156535,0.010574877611320893,5.78009088417995e-08,1.9867547482370979e-07,9.858260154462747e-07,0.8700043746450405,0.12999318310850258,23.76707494927229,1.600309308549985,0.0,0.0,0.0,0.0
A_linear,2,27.95,0.08134947816836148,0.07077428914055256,0.010575041670385985,4.368734849379181e-08,1.4735742293409082e-07,1.0378606184820654e-06,0.8700029887601438,0.12999519982783173,23.846975219507545,1.600309509803841,0.0,0.0,0.0,0.0
A_linear,2,28.0,0.08134947816836187,0.07077429029104546,0.01057506326209113,4.327399950288635e-08,1.2461522528573513e-07,1.0576334202227457e-06,0.8700030029027368,0.12999546524692943,23.926986956995584,1.6003095844565736,0.0,0.0,0.0,0.0
A_linear,2,28.05,0.08134947816836231,0.07077432084629315,0.010575010411428392,5.7685601256892705e-08,1.4691064077965127e-07,1.1219317222893607e-06,0.8700033785074487,0.12999481557266004,24.007036460495495,1.6003095817771378,0.0,0.0,0.0,0.0
A_linear,2,28.1,0.08134947816836276,0.07077441176213756,0.010574871296698032,7.280811069034973e-08,1.9510952715894722e-07,1.2000048059116418e-06,0.870004496103358,0.12999310548510262,24.087174675391115,1.6003095826804246,0.0,0.0,0.0,0.0
A_linear,2,28.150000000000002,0.08134947816836312,0.07077458412922058,0.010574697581587652,6.550699135400084e-08,1.9645755488883e-07,1.2192467077981242e-06,0.8700066149501728,0.1299909700674658,24.167398048871938,1.6003097587901234,0.0,0.0,0.0,0.0
A_linear,2,28.2,0.08134947816836349,0.07077473283607025,0.010574606557335314,4.740471546014057e-08,1.3877495794431765e-07,1.2309018190267058e-06,0.8700084429502127,0.12998985113893133,24.24755640196058,1.600309816879963,0.0,0.0,0.0,0.0
A_linear,2,28.25,0.08134947816836388,0.07077482079261646,0.01057450951247188,4.2774134601632646e-08,1.478632755498886e-07,1.2175798749652854e-06,0.8700095241685297,0.1299886582011809,24.327695828153,1.6003099008029933,0.0,0.0,0.0,0.0
A_linear,2,28.3,0.08134947816836427,0.0707749351199825,0.010574403270737368,2.2257900326961498e-08,1.3977764440986035e-07,1.2292029664018015e-06,0.8700109295538901,0.12998735220958815,24.407867204736743,1.6003100833216013,0.0,0.0,0.0,0.0
A_linear,2,28.35,0.08134947816836464,0.07077502049309692,0.01057430115390959,2.4600254988946495e-08,1.5652135814305664e-07,1.218305016955523e-06,0.8700119790150056,0.12998609692399657,24.48802171969341,1.6003100825104224,0.0,0.0,0.0,0.0
A_linear,2,28.400000000000002,0.08134947816836502,0.07077512692499474,0.010574195784656817,1.864452051883807e-08,1.5545871346348638e-07,1.208018659279731e-06,0.8700132873442032,0.1299848016575094,24.568197823190264,1.6003100167095323,0.0,0.0,0.0,0.0
A_linear,2,28.45,0.08134947816836538,0.07077520969019468,0.010574102649080644,1.8089191967529934e-08,1.6582909004673047e-07,1.198018675878871e-06,0.8700143047471601,0.1299836567752272,24.648344626746127,1.6003100512961863,0.0,0.0,0.0,0.0
A_linear,2,28.5,0.08134947816836569,0.07077531721550555,0.010573994259165982,1.9598468026004065e-08,1.666936941531981e-07,1.176728294566059e-06,0.8700156265172934,0.12998232437682536,24.72850978163349,1.600310020531646,0.0,0.0,0.0,0.0
A_linear,2,28.55,0.08134947816836603,0.07077538854107926,0.010573926773889205,2.3166348644643678e-08,1.6285339758152938e-07,1.2055208020968178e-06,0.8700165032970222,0.1299814948044871,24.808614670728048,1.6003099397157154,0.0,0.0,0.0,0.0
A_linear,2,28.6,0.08134947816836642,0.07077546404983875,0.010573835286573121,4.317159624627587e-08,1.7883195453000163e-07,1.1955200491315084e-06,0.8700174314991552,0.1299803701836758,24.8887300727844,1.6003099414898958,0.0,0.0,0.0,0.0
A_linear,2,28.650000000000002,0.08134947816836678,0.07077559866890624,0.010573703176695213,5.789408589865237e-08,1.763227653167847e-07,1.147155023675188e-06,0.8700190863231345,0.12997874620426095,24.96888442655806,1.600309999884324,0.0,0.0,0.0,0.0
A_linear,2,28.7,0.08134947816836709,0.07077572827560012,0.010573582811116186,5.8094128348051084e-08,1.6708165077601923e-07,1.0421756553151126e-06,0.8700206795318007,0.12997726659330613,25.04901149951869,1.6003099446017757,0.0,0.0,0.0,0.0
A_linear,2,28.75,0.08134947816836743,0.07077576681502074,0.010573542843194497,5.910336957529521e-08,1.6851015219139862e-07,9.997514962853018e-07,0.8700211532830918,0.12997677528195867,25.129046352147935,1.6003098994306109,0.0,0.0,0.0,0.0
A_linear,2,28.8,0.08134947816836777,0.0707757337129908,0.0105735567192345,7.039437159152265e-08,1.877361424471229e-07,1.0651501767788437e-06,0.8700207463716897,0.1299769458551482,25.209045059905137,1.6003099526330418,0.0,0.0,0.0,0.0
A_linear,2,28.85,0.08134947816836807,0.07077561453868454,0.010573640471487704,7.651386899544478e-08,2.2315819582562065e-07,1.1546560103767455e-06,0.8700192814046216,0.1299779753916007,25.289012987164842,1.6003099547825677,0.0,0.0,0.0,0.0
A_linear,2,28.900000000000002,0.08134947816836839,0.07077544077092908,0.010573790813234785,8.9686811322086e-08,2.465842045331096e-07,1.151107365675316e-06,0.8700171453398348,0.1299798234888525,25.36895513957323,1.6003099285722484,0.0,0.0,0.0,0.0
A_linear,2,28.95,0.08134947816836871,0.07077532053413713,0.010573927862402969,7.997245945779976e-08,2.2977182864581846e-07,1.1064007243857562e-06,0.8700156673120104,0.12998150818519266,25.448940701551365,1.6003100200639473,0.0,0.0,0.0,0.0
A_linear,2,29.0,0.08134947816836907,0.07077521100661083,0.010574043628441183,6.764278416163451e-08,2.2353331705615908e-07,1.0403043335947338e-06,0.8700143209293528,0.1299829312556385,25.528929610500292,1.6003101932233788,0.0,0.0,0.0,0.0
A_linear,2,29.05,0.08134947816836938,0.07077509845179777,0.010574126575132393,7.31318872080653e-08,2.5314143921013424e-07,1.0218237583639746e-06,0.870012937333344,0.1299839508896059,25.608942128554684,1.6003105059553016,0.0,0.0,0.0,0.0
A_linear,2,29.1,0.08134947816836971,0.07077500377671153,0.010574231942543493,6.053644901035129e-08,2.424491146897883e-07,1.0162845196768384e-06,0.8700117735264128,0.12998524613345294,25.688964525734978,1.6003108715819463,0.0,0.0,0.0,0.0
A_linear,2,29.150000000000002,0.08134947816837003,0.07077490548010984,0.01057431148264777,6.769479452759479e-08,2.612056124066475e-07,1.012194849909863e-06,0.8700105652014894,0.12998622389146722,25.768995576145702,1.600311110952672,0.0,0.0,0.0,0.0
A_linear,2,29.2,0.08134947816837035,0.07077482981639507,0.010574396330358343,5.956277030674393e-08,2.5202161693583333e-07,1.031752317628926e-06,0.8700096350945392,0.12998726689398477,25.849038651474483,1.6003113999483063,0.0,0.0,0.0,0.0
A_linear,2,29.25,0.08134947816837064,0.0707747367040471,0.010574495141471693,5.344669688336151e-08,2.4632285182753797e-07,1.061289464885111e-06,0.8700084904977905,0.12998848154361176,25.92905429308603,1.600311801678117,0.0,0.0,0.0,0.0
A_linear,2,29.3,0.08134947816837095,0.07077466545525052,0.010574594873122223,4.1500503029255505e-08,2.1783999819647685e-07,1.0949586705635665e-06,0.8700076146618484,0.12998970750907257,26.00905727151431,1.6003121018537403,0.0,0.0,0.0,0.0
A_linear,2,29.35,0.08134947816837125,0.07077455098815394,0.01057465850952098,7.180488705391963e-08,2.6867069634142116e-07,1.1376646422130787e-06,0.870006207558823,0.12999048976853075,26.089059767535776,1.6003122206781029,0.0,0.0,0.0,0.0
A_linear,2,29.352,0.08134947816837126,0.07077454649403894,0.0105746633912433,7.342618898276829e-08,2.6828308902073584e-07,1.1393564942199768e-06,0.8700061523142768,0.12999054977779484,26.092259192650936,1.6003122187001886,0.0,0.0,0.0,0.0
B_mem,1,0.05,1.0000000000000018,1.0673268309547807e-29,1.0000000000000018,3.6041966236428173e-31,1.3074858500401108e-30,2.5839516447091226e-30,1.0673268309547787e-29,1.0,-19.89999933568879,2.0000506484155856,1.8378864690967713e-31,4.359806268790838e-31,6.013344681578528e-32,3.3883064623212506e-33
B_mem,1,0.1,1.0000000000000036,3.4387022152250214e-29,1.0000000000000033,1.1559711375907343e-30,4.3689091197979604e-30,8.84293600619343e-30,3.438702215225009e-29,0.9999999999999998,-19.79999114743371,2.000322373194491,9.979314518389596e-31,2.2050437660183405e-30,3.2576563122086435e-31,2.0634558176366403e-32
B_mem,1,0.15,1.000000000000005,6.96697896652131e-29,1.0000000000000053,2.377371953012839e-30,8.741199875523624e-30,1.8393810241324125e-29,6.966978966521274e-29,1.0000000000000002,-19.699962361909137,2.0008756118973836,2.802470942921428e-30,5.786691742850236e-30,9.1297191568512e-31,6.355519586606825e-32
B_mem,1,0.2,1.0000000000000073,1.1941706241728687e-28,1.0000000000000073,4.193119731512487e-30,1.4417742565763087e-29,3.147704568560852e-29,1.19417062417286e-28,1.0,-19.599899207675143,2.001690598779433,5.598779095173404e-30,1.0867331909682551e-29,1.8198492536174614e-30,1.3923133432102187e-31
B_mem,1,0.25,1.0000000000000089,1.8179854254798997e-28,1.0000000000000087,6.071831672277212e-30,2.0618245356640536e-29,4.94280602692768e-29,1.8179854254798835e-28,0.9999999999999998,-19.499789700930453,2.002721460016989,9.57198185930293e-30,1.8492060640550105e-29,3.1043083510682677e-30,2.590568060981253e-31
B_mem,1,0.3,1.0000000000000104,2.610742030079474e-28,1.0000000000000107,7.932371179611273e-30,2.655574675922553e-29,7.195296672870203e-29,2.6107420300794466e-28,1.0000000000000002,-19.39962426722407,2.0039201051327207,1.4219815426936045e-29,2.7203540494317254e-29,4.5996769597900836e-30,4.207845475657992e-31
B_mem,1,0.35000000000000003,1.0000000000000122,3.4829197437132007e-28,1.0000000000000122,9.062975808165726e-30,3.1464809864605827e-29,9.705734987847899e-29,3.482919743713158e-28,1.0,-19.29939558567114,2.00524524085326,1.9019236836723709e-29,3.570014995235433e-29,6.1335967426800146e-30,6.184466086836693e-31
B_mem,1,0.4,1.0000000000000138,4.464101162707633e-28,1.0000000000000135,1.0522380043841664e-29,3.71089787304876e-29,1.2909662237665435e-28,4.464101162707571e-28,0.9999999999999998,-19.199098177764583,2.00666449962433,2.338096777543132e-29,3.911691388596988e-29,7.513787279776134e-30,8.396059361029176e-31
B_mem,1,0.45,1.0000000000000153,5.6661255685733925e-28,1.0000000000000155,1.1012554632694822e-29,4.2304746748726047e-29,1.6558808299121304e-28,5.6661255685733055e-28,1.0000000000000002,-19.098727972439768,2.0081537169314427,2.7192634877954094e-29,4.216514081170744e-29,8.704759244793102e-30,1.078357143574786e-30
B_mem,1,0.5,1.000000000000017,6.945630717678176e-28,1.000000000000017,1.2302872653929329e-29,4.806397334628458e-29,2.0308922060247007e-28,6.945630717678057e-28,1.0,-18.99828193538376,2.0096952944907733,3.071914846504653e-29,4.664402745625076e-29,9.79517843917058e-30,1.3336131475347976e-30
B_mem,1,0.55,1.0000000000000182,8.291865895323783e-28,1.0000000000000182,1.3849463081561424e-29,5.501778315164331e-29,2.4584310799241813e-28,8.291865895323632e-28,1.0,-18.897757783787274,2.0112765056221984,3.458801133470448e-29,4.6981626933853435e-29,1.0990783598120718e-29,1.615660540342325e-30
B_mem,1,0.6,1.0000000000000198,9.753250446123894e-28,1.0000000000000195,1.5060783422426884e-29,6.375243255782508e-29,2.917454226640614e-28,9.753250446123702e-28,0.9999999999999998,-18.797153779901965,2.01288806451119,3.869777756773522e-29,5.254816168086412e-29,1.225741342597681e-29,1.9255372898047877e-30
B_mem,1,0.65,1.0000000000000209,1.1247961682894804e-27,1.0000000000000209,1.8376442260890843e-29,7.32958654629602e-29,3.382714364017205e-28,1.1247961682894569e-27,1.0,-18.696468587714033,2.0145230330167423,4.3714843526443606e-29,5.753083472300713e-29,1.3813388466540953e-29,2.274678126820736e-30
B_mem,1,0.7000000000000001,1.000000000000022,1.2835226381829023e-27,1.0000000000000222,2.1206661398578214e-29,8.169131424747734e-29,3.8960687574472746e-28,1.2835226381828741e-27,1.0000000000000002,-18.59570117634301,2.0161760359004095,5.062671711299126e-29,6.54710856494101e-29,1.5978195108171326e-29,2.6921317884772838e-30
B_mem,1,0.75,1.0000000000000235,1.4423997862299714e-27,1.0000000000000235,2.5079309766434485e-29,8.987893621793977e-29,4.363773975092805e-28,1.4423997862299375e-27,1.0,-18.49485075624168,2.0178427225291933,5.899707433312137e-29,7.18394564089328e-29,1.8605667599214565e-29,3.180071535477668e-30
B_mem,1,0.8,1.0000000000000246,1.6153032668384853e-27,1.0000000000000249,2.6665797822142076e-29,9.631120333126316e-29,4.886587560872549e-28,1.6153032668384454e-27,1.0000000000000002,-18.39391673749438,2.0195194112679644,6.77544392049897e-29,7.697435836469554e-29,2.1341249814454654e-29,3.730689761625727e-30
B_mem,1,0.85,1.0000000000000255,1.7837187395379194e-27,1.0000000000000258,2.7599224169383885e-29,1.037556689412085e-28,5.394155668733593e-28,1.783718739537874e-27,1.0000000000000002,-18.292898702479,2.021202862590436,7.482910670844699e-29,8.259821590979287e-29,2.3509810631233946e-29,4.299674814745138e-30
B_mem,1,0.9,1.000000000000027,1.950484103305447e-27,1.0000000000000269,2.68399512589987e-29,1.238500380873947e-28,5.845722422154396e-28,1.9504841033053943e-27,0.9999999999999998,-18.19179638754559,2.0228901394138057,7.875175601103966e-29,8.710232494476302e-29,2.4635735427590638e-29,4.844549728267729e-30
B_mem,1,0.9500000000000001,1.0000000000000284,2.1287502456608763e-27,1.0000000000000284,2.829583075272646e-29,1.7895337356502586e-28,6.314396749113729e-28,2.1287502456608157e-27,1.0,-18.090609670145405,2.024578524573658,8.185900866408692e-29,9.868509967107227e-29,2.549096601621555e-29,5.3861106154402595e-30
B_mem,1,1.0,1.0000000000000295,2.2918117661555744e-27,1.0000000000000298,3.11510937202565e-29,3.468654079619419e-28,6.724854771157855e-28,2.2918117661555066e-27,1.0000000000000002,-17.989338559109747,2.0262654745116024,8.625424639342325e-29,1.1665315426402807e-28,2.6765106903115116e-29,5.9589256840778955e-30
B_mem,1,1.05,1.0000000000000315,2.461600750568308e-27,1.0000000000000313,3.3515854502174614e-29,8.550445778971608e-28,7.169474804480777e-28,2.4616007505682307e-27,0.9999999999999998,-17.887983186644227,2.0279485950817966,9.257461247127963e-29,1.3852823140316897e-28,2.866181171330004e-29,6.589177331379528e-30
B_mem,1,1.1,1.0000000000000329,2.6389618848533677e-27,1.0000000000000326,3.624515121136327e-29,2.4549507963469698e-27,7.616623148664741e-28,2.638961884853281e-27,0.9999999999999998,-17.78654380118007,2.029625630249108,9.977213490630198e-29,1.6179945448496499e-28,3.0835256337343465e-29,7.266365894271603e-30
B_mem,1,1.1500000000000001,1.0000000000000344,2.802939354290988e-27,1.0000000000000344,3.6259790614760204e-29,7.404795321206582e-27,7.975512340388453e-28,2.8029393542908913e-27,1.0,-17.685020760595947,2.031294457802155,1.056591679134731e-28,1.8718078135328478e-28,3.256730236173971e-29,7.957260828253953e-30
B_mem,1,1.2,1.000000000000036,2.9992409009487144e-27,1.0000000000000357,3.584631210100049e-29,2.2499984735166408e-26,8.466573636334536e-28,2.9992409009486065e-27,0.9999999999999998,-17.5834145255581,2.0329530884505953,1.101434241154679e-28,2.0049084678235674e-28,3.383327727759578e-29,8.643592282680537e-30
B_mem,1,1.25,1.0000000000000382,3.1831929591488954e-27,1.0000000000000384,3.151815272261091e-29,6.820569314342257e-26,8.939028951718435e-28,3.183192959148774e-27,1.0000000000000002,-17.48172565286822,2.0345996661479298,1.1022352667242485e-28,1.9574598314765942e-28,3.365486059424648e-29,9.258944889685406e-30
B_mem,1,1.3,1.0000000000000402,3.335663533862778e-27,1.00000000000004,2.6065457254778446e-29,2.0596519890582307e-25,9.35781892639196e-28,3.3356635338626436e-27,0.9999999999999998,-17.379954788791284,2.0362324684246578,1.043023740849586e-28,1.7224606594141172e-28,3.152239262963328e-29,9.735196196058768e-30
B_mem,1,1.35,1.000000000000042,3.526358277296647e-27,1.000000000000042,1.6840525945085874e-29,6.1651013594494925e-25,9.852348851731701e-28,3.526358277296499e-27,1.0,-17.278102662380498,2.037849906107519,9.18626101814417e-29,1.327402521260236e-28,2.7281686734453383e-29,1.0017549978081558e-29
B_mem,1,1.4000000000000001,1.0000000000000449,3.690947719312614e-27,1.0000000000000449,1.5807136865476235e-29,1.8346219269865415e-24,1.034118779809641e-27,3.6909477193124485e-27,1.0,-17.176170078837483,2.0394505221600565,7.692101463662744e-29,1.3648924411564725e-28,2.2262683724390142e-29,1.013296346345703e-29
B_mem,1,1.45,1.0000000000000477,3.858842775992402e-27,1.0000000000000477,6.769566028839833e-29,5.422597481731835e-24,1.0875860548955143e-27,3.8588427759922174e-27,1.0,-17.07415791295403,2.041032989589738,9.202055643691719e-29,4.06316930423916e-28,2.7111332060503465e-29,1.0686560255406801e-29
B_mem,1,1.5,1.0000000000000504,4.033088661778812e-27,1.0000000000000502,3.045499788651166e-28,1.5910407273459936e-23,1.1407736450293099e-27,4.033088661778609e-27,0.9999999999999998,-16.972067102680544,2.042596108482227,2.5810591977345994e-28,1.833533182403227e-27,8.1287315919799e-29,1.4243972014062896e-29
B_mem,1,1.55,1.0000000000000533,4.220934224060488e-27,1.0000000000000533,1.1996200191694858e-27,4.6307841283214834e-23,1.1923786129129686e-27,4.220934224060263e-27,1.0,-16.8698986428624,2.0441388022797105,9.827917800530222e-28,7.450703285526467e-27,3.1767220174647133e-28,2.977517481360839e-29
B_mem,1,1.6,1.0000000000000564,4.381663208814892e-27,1.0000000000000564,4.280993455851828e-27,1.3361022826152044e-22,1.2391490720631277e-27,4.3816632088146455e-27,1.0,-16.767653579178276,2.045660113441073,3.6309566212146236e-27,2.7472967963125667e-26,1.1810625760259376e-27,8.776889313681168e-29
B_mem,1,1.6500000000000001,1.0000000000000593,4.5622787006576764e-27,1.0000000000000593,1.4686587523086185e-26,3.8185173121845198e-22,1.2931540396929501e-27,4.562278700657406e-27,1.0,-16.665333002308103,2.0471591986219955,1.2749205617646944e-26,9.534367028212026e-26,4.153033297285198e-27,2.9010572579135206e-28
B_mem,1,1.7,1.0000000000000622,4.746148241225998e-27,1.0000000000000622,4.9039485675473875e-26,1.0805512590381379e-21,1.3446927599919122e-27,4.746148241225703e-27,1.0,-16.562938042351337,2.048635323502431,4.3239807072093186e-26,3.2118711038499655e-25,1.4089272643429894e-26,9.719891418035135e-28
B_mem,1,1.75,1.0000000000000657,4.937634297987097e-27,1.0000000000000655,1.6068098618371198e-25,3.024972683046089e-21,1.4012784785076168e-27,4.9376342979867725e-27,0.9999999999999998,-16.460469863510262,2.0500878573732715,1.4345423990712336e-25,1.0545580877443162e-24,4.6743240622347934e-26,3.2245180400795776e-27
B_mem,1,1.8,1.0000000000000693,5.1153451514831984e-27,1.0000000000000693,5.197508109064051e-25,8.383312933292908e-21,1.4514259522739484e-27,5.115345151482844e-27,1.0,-16.357929659048015,2.051516267576895,4.677886998735404e-25,3.401249315806523e-24,1.5241546412278757e-25,1.0542307505177706e-26
B_mem,1,1.85,1.000000000000073,5.3245573806916955e-27,1.000000000000073,1.6506121741310928e-24,2.2935270199942617e-20,1.5057867109720099e-27,5.324557380691307e-27,1.0,-16.255318646526547,2.05292011387985,1.5012068652476631e-24,1.0784107897884928e-23,4.890860165038648e-25,3.394881573606846e-26
B_mem,1,1.9000000000000001,1.0000000000000764,5.552552644459383e-27,1.0000000000000764,5.2276127992095366e-24,6.168891304906507e-20,1.5736734172528726e-27,5.552552644458959e-27,1.0,-16.152638063326297,2.054299042841108,4.767276559497664e-24,3.392603423432529e-23,1.5530650120753679e-24,1.0808152327155973e-25
B_mem,1,1.95,1.0000000000000802,5.831214936266844e-27,1.0000000000000802,1.5890311693048052e-23,1.667738526156695e-19,1.622014536743551e-27,5.831214936266377e-27,1.0,-16.049889162446508,2.055652782226568,1.4854072669551463e-23,1.0361981765701977e-22,4.83858477404192e-24,3.3831834742570053e-25
B_mem,1,2.0,1.000000000000084,6.32166951104109e-27,1.000000000000084,4.9178683728596464e-23,4.441893702653621e-19,1.6700320673297613e-27,6.321669511040559e-27,1.0,-15.94707320858279,2.0569811355099894,4.520738415251965e-23,3.175499733101122e-22,1.4724450073168633e-23,1.0340339330137614e-24
B_mem,1,2.05,1.000000000000088,7.519428334316775e-27,1.000000000000088,1.619697895564851e-22,1.1035999149270364e-18,1.7304290124198047e-27,7.519428334316114e-27,1.0,-15.844191474476768,2.058283976491881,1.4637338110679836e-22,1.011527257189652e-21,4.7685313744774745e-23,3.317439872474099e-24
B_mem,1,2.1,1.0000000000000924,1.064424100589162e-26,1.0000000000000924,3.951573666439085e-22,2.8211618303127523e-18,1.775488897763516e-27,1.0644241005890637e-26,1.0,-15.741245237531379,2.059561244061057,4.199743166287789e-22,2.6409429807864304e-21,1.367455479553886e-22,9.73767276261302e-24
B_mem,1,2.15,1.0000000000000968,1.7897690388930374e-26,1.0000000000000968,1.1568800339224581e-21,7.965233964639954e-18,1.8263267132124526e-27,1.789769038892864e-26,1.0,-15.638235776684056,2.0608129371180866,1.073249945935833e-21,7.555582422022778e-21,3.492739882018945e-22,2.5427981330149623e-23
B_mem,1,2.2,1.0000000000001015,4.603447972553318e-26,1.0000000000001013,5.8226943834506764e-21,1.9719646061658043e-17,1.8746811862395445e-27,4.603447972552851e-26,0.9999999999999998,-15.535164369529422,2.062039109675572,4.365085290727223e-21,3.202505936620216e-20,1.423074565196267e-21,9.586159513842262e-23
B_mem,1,2.25,1.0000000000001064,1.8189117615076938e-25,1.000000000000106,1.473327822238526e-20,3.8740672298460236e-17,1.9210259045370896e-27,1.8189117615075002e-25,0.9999999999999996,-15.432032289682232,2.063239866146737,1.5518198928605117e-20,8.262897364341817e-20,5.0573587811047305e-21,3.4612258529092597e-22
B_mem,1,2.3000000000000003,1.0000000000001115,5.507728230042189e-25,1.0000000000001115,1.5078878162187516e-20,9.973092699094943e-17,1.9708835043543694e-27,5.507728230041575e-25,1.0,-15.32884080437109,2.064415356831005,2.7265075019472723e-20,1.0310158493799041e-19,8.855000304266249e-21,7.00074106673975e-22
B_mem,1,2.35,1.0000000000001168,2.6683883405497977e-24,1.000000000000116,1.4593682601515004e-19,3.9589921999133025e-16,2.023347373844046e-27,2.6683883405494862e-24,0.9999999999999991,-15.225591172252733,2.06556577360293,8.424872877185518e-20,6.663893892564307e-19,2.743577881668028e-20,1.941392321814327e-21
B_mem,1,2.4,1.0000000000001221,2.149090412697667e-23,1.000000000000121,9.872045746109331e-19,1.2223419794282317e-15,2.0654823950844253e-27,2.1490904126974046e-23,0.9999999999999989,-15.122284641436746,2.0666913458088785,6.606588988026019e-19,4.187088407379796e-18,2.157225167205995e-19,1.3491348640803428e-20
B_mem,1,2.45,1.0000000000001268,1.2344972393744703e-22,1.0000000000001248,2.6040819005978543e-18,2.182894689558315e-15,2.1239031019444985e-27,1.2344972393743138e-22,0.999999999999998,-15.018922447710162,2.0677923363741333,2.5926393776333762e-18,9.922379086487707e-18,8.455001344146472e-19,5.613897438943474e-20
B_mem,1,2.5,1.0000000000001317,6.157820408628156e-22,1.0000000000001297,5.119449733161202e-18,2.2189042639606918e-15,2.189100878774368e-27,6.157820408627345e-22,0.999999999999998,-14.91550581295144,2.0688690381215684,5.875660108192497e-18,1.219696197399359e-17,1.9119197974402847e-18,1.3990071587164347e-19
B_mem,1,2.5500000000000003,1.0000000000001374,3.253964645639274e-21,1.000000000000129,3.525442284124251e-17,8.359567849499456e-15,2.2965288963482742e-27,3.2539646456388266e-21,0.9999999999999916,-14.812035943723206,2.0699217703016535,2.238793153636086e-17,1.0401167584273571e-16,7.298688024420783e-18,4.918674630985069e-19
B_mem,1,2.6,1.000000000000143,1.6259707666563097e-20,1.0000000000000797,2.360843689623984e-16,6.368091173983595e-14,2.547141428462195e-27,1.625970766656077e-20,0.9999999999999367,-14.708514030033255,2.0709508753322883,1.5347170717189623e-16,8.246884885948211e-16,5.011121545333123e-17,3.1380608119025675e-18
B_mem,1,2.65,1.0000000000001485,7.249296870325943e-20,0.9999999999998653,9.925098406238928e-16,2.8356946174416424e-13,3.1439472666504154e-27,7.249296870324865e-20,0.9999999999997168,-14.604941244253341,2.0719567157458214,7.742564585839297e-16,3.5006109453126415e-15,2.5268629593225235e-16,1.6197570787172734e-17
B_mem,1,2.7,1.0000000000001548,3.055969004822948e-19,0.9999999999993113,3.0896603393623647e-15,8.433439649818813e-13,5.0291077034629974e-27,3.0559690048224754e-19,0.9999999999991566,-14.50131874018554,2.0729396713395465,2.797085287532118e-15,1.0190547149740848e-14,9.119903024857011e-16,6.111438007501436e-17
B_mem,1,2.75,1.0000000000001608,1.2613494922613374e-18,0.9999999999982883,8.849400595155352e-15,1.8723983827154915e-12,1.0440972351599625e-26,1.2613494922611346e-18,0.9999999999981275,-14.3976476522661,2.073900136525069,8.449442963167416e-15,2.673549015244537e-14,2.7526947499869638e-15,1.9135871320652505e-16
B_mem,1,2.8000000000000003,1.000000000000167,5.0110660928238505e-18,0.9999999999967036,2.8036104903339277e-14,3.4633290178456282e-12,2.289380281300715e-26,5.011066092823014e-18,0.9999999999965367,-14.29392909489693,2.0748385178710302,2.5583386114888146e-14,8.454272483038e-14,8.333068395262984e-15,5.8418092909919e-16
B_mem,1,2.85,1.000000000000173,1.8935768869223143e-17,0.9999999999935381,9.584466533318253e-14,6.634621464559201e-12,7.414628537529829e-26,1.8935768869219868e-17,0.9999999999933651,-14.19016416189526,2.075755231833045,8.423194461399615e-14,3.1001567772166353e-13,2.7443350521218664e-14,1.901893050340151e-15
B_mem,1,2.9,1.000000000000179,6.866688940939887e-17,0.9999999999833058,3.096958058020912e-13,1.687317412866075e-11,2.7197116072591906e-25,6.866688940938658e-17,0.9999999999831268,-14.08635392605229,2.076650702663998,2.7970048438304995e-13,1.0594035087550376e-12,9.113448524108107e-14,6.297028659806735e-15
B_mem,1,2.95,1.0000000000001852,2.403935840750297e-16,0.9999999999481194,8.852985476485191e-13,5.2065534445584426e-11,5.253643149125741e-25,2.403935840749852e-16,0.9999999999479342,-13.982499438791928,2.0775253604974115,8.550538930332479e-13,3.090014083941148e-12,2.7851261348855953e-13,1.951605256756949e-14
B_mem,1,3.0,1.0000000000001918,8.061871784781374e-16,0.9999999998448881,2.2406822367277782e-12,1.553031819492928e-10,1.0826743905813052e-24,8.061871784779828e-16,0.9999999998446962,-13.878601729921225,2.0783796395961915,2.333124651105356e-12,7.748546864455169e-12,7.595140109869524e-13,5.4582618144498373e-14
B_mem,1,3.0500000000000003,1.0000000000001987,2.5616474227575526e-15,0.9999999995897394,5.198764966650383e-12,4.1045657469356096e-10,8.429706811584138e-24,2.5616474227570434e-15,0.9999999995895407,-13.774661807464385,2.0792139767586626,5.7557242283772315e-12,1.7497626421338905e-11,1.8724085428722994e-12,1.3849859976033347e-13
B_mem,1,3.1,1.0000000000002056,7.686434917492378e-15,0.9999999990425069,1.1637479660444718e-11,9.576912775926388e-10,3.470189634217182e-23,7.686434917490797e-15,0.9999999990423013,-13.670680657572738,2.080028809873475,1.3306510871884468e-11,3.813990490269302e-11,4.3261550347281874e-12,3.2804576769990197e-13
B_mem,1,3.15,1.0000000000002134,2.188860714142178e-14,0.9999999979858792,2.634944042849216e-11,2.0143120958518424e-09,6.181178395014094e-23,2.188860714141711e-14,0.9999999979856659,-13.566659244503365,2.080824576614411,3.013645278338763e-11,8.594091399664013e-11,9.794340575714692e-12,7.534310562435545e-13
B_mem,1,3.2,1.00000000000022,5.963367290471837e-14,0.9999999960669095,6.140380932948602e-11,3.933251417421402e-09,1.49837449334756e-22,5.963367290470524e-14,0.9999999960666894,-13.462598510659825,2.081601713265607,6.913618143515214e-11,2.048929186810362e-10,2.2467779855455748e-11,1.7328418687848967e-12
B_mem,1,3.25,1.000000000000228,1.5636963716000538e-13,0.999999992614681,1.4469842838897504e-10,7.3853904996690715e-09,1.3455670033168678e-21,1.563696371599697e-13,0.9999999926144529,-13.358499376688355,2.082360653667262,1.6153395138784588e-10,5.002942449789678e-10,5.249919581162535e-11,4.036363952969815e-12
B_mem,1,3.3000000000000003,1.0000000000002356,3.9549601225110507e-13,0.999999986166994,3.345040200245723e-10,1.3832846270479204e-08,7.510904339673905e-21,3.9549601225101187e-13,0.9999999861667584,-13.254362741624226,2.083101828272017,3.77179744174185e-10,1.1937565022251567e-09,1.2258715530638282e-10,9.418278255036547e-12
B_mem,1,3.35,1.0000000000002438,9.645891914585962e-13,0.999999973444963,7.420656813692298e-10,2.655431590678865e-08,2.5717170754123788e-20,9.64589191458361e-13,0.9999999734447192,-13.150189483082475,2.083825663302321,8.591231622146194e-10,2.70367968786432e-09,2.791813793707492e-10,2.1579024102371986e-11
B_mem,1,3.4,1.0000000000002516,2.268094338174141e-12,0.999999947437504,1.5663387338118322e-09,5.2560479568902915e-08,6.606701316628236e-20,2.26809433817357e-12,0.9999999474372524,-13.045980457488652,2.0845325799983536,1.87876180369728e-09,5.761913344785116e-09,6.103265452136477e-10,4.7782168056336454e-11
B_mem,1,3.45,1.0000000000002596,5.149491566945995e-12,0.9999998942381743,3.151747744193532e-09,1.0575693613776507e-07,1.7007981124408972e-19,5.149491566944658e-12,0.9999998942379147,-12.941736500345073,2.085222993940997,3.9239611548840905e-09,1.160664552984605e-08,1.2741492915679272e-09,1.0151328018030989e-10
B_mem,1,3.5,1.0000000000002678,1.13288517501186e-11,0.999999788351363,6.0954724486101374e-09,2.1163757595556569e-07,5.531405111640012e-19,1.1328851750115565e-11,0.9999997883510953,-12.837458426529668,2.0858973144205675,7.849611983912647e-09,2.2362935344923654e-08,2.5475414517647002e-09,2.069876286185457e-10
B_mem,1,3.5500000000000003,1.0000000000002762,2.4263811580686136e-11,0.9999995863663874,1.1458580815596116e-08,4.136096245764539e-07,1.9664946720320147e-18,2.4263811580679434e-11,0.9999995863661112,-12.7331470306264,2.0865559437940373,1.5156627617452652e-08,4.185163430499406e-08,4.916461772458024e-09,4.072423000785792e-10
B_mem,1,3.6,1.0000000000002842,5.08218610778251e-11,0.9999992191566691,2.1175763970454093e-08,7.807927930860304e-07,6.255693395436847e-18,5.082186107781066e-11,0.9999992191563849,-12.628803087290056,2.0871992767282137,2.8528998519210553e-08,7.725485174020736e-08,9.249905923170457e-09,7.792807496991891e-10
B_mem,1,3.65,1.0000000000002922,1.0444113445484861e-10,0.9999985830123965,3.880656169739628e-08,1.4168834546505821e-06,1.6863098566968136e-17,1.044411344548181e-10,0.9999985830121043,-12.52442735165502,2.087827699165579,5.285118040652405e-08,1.4228371497610277e-07,1.7129556467279724e-08,1.4625110046848857e-09
B_mem,1,3.7,1.0000000000003009,2.1089114432078302e-10,0.9999975302236187,7.081547794010902e-08,2.4695657907751853e-06,3.925018126825483e-17,2.1089114432071956e-10,0.9999975302233178,-12.420020559807368,2.0884415867830213,9.704113744793565e-08,2.6268052039174496e-07,3.1443523122561224e-08,2.710568080251954e-09
B_mem,1,3.75,1.0000000000003082,4.183771215557031e-10,0.9999958594327611,1.2859295612688116e-07,4.14014917032256e-06,8.314467777222576e-17,4.1837712155557415e-10,0.999995859432453,-12.31558342935255,2.0890413026597416,1.771456826823977e-07,4.849553225094862e-07,5.738815024355304e-08,4.981231951738529e-09
B_mem,1,3.8000000000000003,1.0000000000003164,8.14666351195869e-10,0.999993305418734,2.314169410175529e-07,6.693766915845389e-06,1.7365938837814005e-16,8.146663511956112e-10,0.9999933054184176,-12.21111666012567,2.089627193853153,3.21220634618439e-07,8.891182489163803e-07,1.0404559959033237e-07,9.083835847441873e-09
B_mem,1,3.85,1.0000000000003242,1.5553609046568362e-09,0.9999895267692452,4.104951890054198e-07,1.0471675717544873e-05,3.8729824335825525e-16,1.555360904656332e-09,0.999989526768921,-12.106620935106017,2.0901995866225143,5.765214680117972e-07,1.6057724494529253e-06,1.86704732871355e-07,1.640726939773217e-08
B_mem,1,3.9,1.0000000000003313,2.9097662287147763e-09,0.9999840881675924,7.141251401546695e-07,1.5908922972920772e-05,9.3995410224354e-16,2.9097662287138122e-09,0.9999840881672611,-12.002096921607531,2.0907587801499385,1.0194335429350795e-06,2.8373081082216674e-06,3.3006007804883187e-07,2.925330878858381e-08
B_mem,1,3.95,1.0000000000003386,5.334560702413072e-09,0.9999764319405601,1.2138845096537804e-06,2.35627252179301e-05,2.3628687102472865e-15,5.3345607024112654e-09,0.9999764319402215,-11.89754527282091,2.0913050387744216,1.7683744935923776e-06,4.8822278067789526e-06,5.723585683047237e-07,5.129878867820678e-08
B_mem,1,4.0,1.000000000000346,9.591350136016713e-09,0.9999658314230262,2.0116666591347532e-06,3.415898596962669e-05,5.8054516955704184e-15,9.591350136013395e-09,0.9999658314226803,-11.792966629777476,2.091838582932925,2.9996462345775658e-06,8.161098861161674e-06,9.704800276355307e-07,8.820615167097378e-08
B_mem,1,4.05,1.0000000000003528,1.6932890907760552e-08,0.9999513170669826,3.247361618127001e-06,4.866600047927242e-05,1.350773486521122e-14,1.6932890907754577e-08,0.9999513170666298,-11.688361623791911,2.0923595791176757,4.965989770877555e-06,1.3242616363031475e-05,1.605864407255994e-06,1.483965491095735e-07
B_mem,1,4.1,1.0000000000003597,2.939476188908651e-08,0.99993156560399,5.107122486654412e-06,6.840500160777212e-05,2.952577654405941e-14,2.9394761889075937e-08,0.9999315656036303,-11.583730879425833,2.0928681291110625,8.017534276470958e-06,2.086913217966252e-05,2.5911794814572033e-06,2.4399583209934774e-07
B_mem,1,4.15,1.0000000000003664,5.0244538312227716e-08,0.9999047434799865,7.83250175122626e-06,9.520627584128259e-05,6.095719022282676e-14,5.0244538312209306e-08,0.9999047434796201,-11.47907501800776,2.093364258445059,1.2625085638827085e-05,3.198303061961986e-05,4.0777066176974754e-06,3.9196578573465417e-07
B_mem,1,4.2,1.0000000000003726,8.465831820240043e-08,0.999868298597695,1.1731315145328817e-05,0.00013161674435968937,1.2035166056339317e-13,8.46583182023689e-08,0.9998682985973224,-11.374394661762455,2.0938479033693707,1.9406408217631953e-05,4.775857767001531e-05,6.263654075037552e-06,6.154459925192966e-07
B_mem,1,4.25,1.0000000000003793,1.4071320151857383e-07,0.9998186992506778,1.7191865636881442e-05,0.00018116003650002501,2.3089824959949515e-13,1.4071320151852047e-07,0.9998186992502986,-11.26969043866309,2.094318894573359,2.915739957642629e-05,6.964810615300275e-05,9.404012931297041e-06,9.453607825351706e-07
B_mem,1,4.3,1.000000000000386,2.308017826535579e-07,0.9997511258084494,2.4703050889329406e-05,0.0002486433901540604,4.3752568401154625e-13,2.3080178265346883e-07,0.9997511258080636,-11.164962988240289,2.094776934542872,4.289182421408065e-05,9.945604932449823e-05,1.3823143275590329e-05,1.4223943873096564e-06
B_mem,1,4.3500000000000005,1.000000000000392,3.735884123906648e-07,0.9996591286453114,3.4883737923355096e-05,0.00034049776666841337,8.29252755771615e-13,3.7358841239051836e-07,0.9996591286449196,-11.060212968776208,2.0952215638927645,6.189540882916653e-05,0.00013945851027184585,1.9931967505643326e-05,2.0995063122365653e-06
B_mem,1,4.4,1.0000000000003983,5.966348935523707e-07,0.9995342740973066,4.8525424141290334e-05,0.00046512926819849867,1.580719191404928e-12,5.96634893552133e-07,0.9995342740969084,-10.955441066582555,2.0956521105411103,8.780231224344561e-05,0.00019258865257173704,2.8252355890781516e-05,3.045244571101041e-06
B_mem,1,4.45,1.0000000000004052,9.398246572502689e-07,0.9993658077462025,6.665239542903683e-05,0.0006332524295452712,3.023170993051407e-12,9.39824657249888e-07,0.9993658077457975,-10.850648008397823,2.096067614496866,0.00012270383879055459,0.0002627080762805704,3.9451876822625e-05,4.348208322679623e-06
B_mem,1,4.5,1.0000000000004121,1.4597106332533962e-06,0.9991403698427126,9.06031300475443e-05,0.0008581704470660493,5.756288975324225e-12,1.4597106332527946e-06,0.9991403698423008,-10.745834578313152,2.096466720664862,0.00016930024553386903,0.0003549805337519765,5.439238180495029e-05,6.123100119018182e-06
B_mem,1,4.55,1.0000000000004188,2.2349067785248074e-06,0.9988418000615519,0.00012213541994530734,0.0011559650320881255,1.0811118423842903e-11,2.2349067785238715e-06,0.9988418000611335,-10.641001641004166,2.0968475327534795,0.00023110606134873137,0.0004763562785536115,7.419572921404897e-05,8.518873706584414e-06
B_mem,1,4.6000000000000005,1.000000000000426,3.3726427627852504e-06,0.9984510671786408,0.00016355551424059877,0.0015455601790221088,1.9870424515187913e-11,3.3726427627838134e-06,0.9984510671782154,-10.536150173348256,2.0972074233361453,0.00031271701842055074,0.0006361630708521493,0.00010032917082935897,1.1729505932473724e-05
B_mem,1,4.65,1.000000000000433,5.016613480723725e-06,0.997946353277014,0.00021786857738313392,0.0020486301099383038,3.5546386776600163e-11,5.016613480721553e-06,0.9979463532765819,-10.431281306676622,2.097542798453131,0.00042014218780294244,0.0008467841507211046,0.00013471143569773636,1.6007880709733533e-05
B_mem,1,4.7,1.0000000000004408,7.356287917776848e-06,0.997303311896158,0.0002889440805780653,0.0026893318163652424,6.170818854057619e-11,7.356287917773606e-06,0.9973033118957184,-10.32639638188106,2.0978488197306864,0.0005611981586540841,0.0011243858260869823,0.00017983833544266118,2.1683152326100496e-05
B_mem,1,4.75,1.000000000000449,1.063790161962013e-05,0.9964955059307008,0.0003816857348896138,0.00349385616812855,1.0384689412677221e-10,1.0637901619615354e-05,0.9964955059302534,-10.22149701931177,2.0981190925075164,0.0007459533765154636,0.0014896398010740162,0.00023892387739420695,2.9181744332842897e-05
B_mem,1,4.8,1.000000000000457,1.5177445544241568e-05,0.9954950154185783,0.0005021916773007225,0.004489807136334543,1.694667509445429e-10,1.5177445544234633e-05,0.9954950154181235,-10.116585204830885,2.098345334356667,0.000987200686165382,0.0019683704956355817,0.00031604961600289306,3.905183815670308e-05
B_mem,1,4.8500000000000005,1.0000000000004656,2.1376076964166638e-05,0.994273189413424,0.0006578873711864141,0.005705434510077441,2.6850552308039996e-10,2.1376076964156683e-05,0.9942731894129611,-10.011663392524106,2.098517043976099,0.0013009256790772856,0.002592048010722055,0.0004163116184429914,5.199082374831131e-05
B_mem,1,4.9,1.0000000000004743,2.97385030750537e-05,0.9928015018650185,0.0008576116419843763,0.0071687596323807366,4.1381414117192584e-10,2.9738503075039596e-05,0.9928015018645476,-9.906734623456162,2.098621194899378,0.0017067288722833745,0.003398045478087279,0.0005459513749563598,6.88747474142952e-05
B_mem,1,4.95,1.0000000000004832,4.089500452505674e-05,0.9910524606681905,0.0011116359541917297,0.008906644327767506,6.217672670449506e-10,4.089500452503698e-05,0.9910524606677117,-9.801802658558886,2.098641981047875,0.002228152451414386,0.004429587044902433,0.0007124547049931517,9.078833643493141e-05
B_mem,1,5.0,1.0000000000004918,5.56278460821752e-05,0.9890005131950091,0.0014315988375828157,0.010943858959400558,9.131295812742759e-10,5.562784608214784e-05,0.9890005131945228,-9.696872122378064,2.09856064111438,0.0028928586957781208,0.005735330343799934,0.000924601647513537,0.0001190537532375101
B_mem,1,5.05,1.0000000000005012,7.49028314920728e-05,0.9866228914405315,0.0018303414716780105,0.013302205728477783,1.3143639662896837e-09,7.490283149203525e-05,0.986622891440037,-9.591948653118754,2.0983553856889534,0.0037326084631913925,0.007368554279548238,0.001192450858835958,0.0001552558866835173
B_mem,1,5.1000000000000005,1.0000000000005107,9.990666403582814e-05,0.9839003453325311,0.0023216367470181645,0.015999748003943565,1.859623001462729e-09,9.990666403577712e-05,0.9839003453320286,-9.487039053376071,2.0980014448362443,0.004782995033070504,0.009385957180055549,0.0015272444186221186,0.00020126177720414801
B_mem,1,5.15,1.0000000000005203,0.00013209054208378234,0.9808177229402497,0.002919812239205002,0.019050186518186418,2.5936834887006607e-09,0.00013209054208371363,0.9808177229397395,-9.382151435267891,2.097471244876942,0.006082901380880805,0.011846108403592466,0.0019412232130571715,0.00025923174170929117
B_mem,1,5.2,1.0000000000005294,0.0001732200288194054,0.9773643698051311,0.0036392767561552407,0.02246241016657876,3.5760349379700444e-09,0.00017322002881931371,0.9773643698046137,-9.277295353516923,2.0967347122115156,0.007673667055340362,0.014807634033092565,0.002447349036885612,0.0003316199446835272
B_mem,1,5.25,1.0000000000005382,0.00022543068145328412,0.9735343346014171,0.004493969510331459,0.02624023471766794,4.886222135036223e-09,0.0002254306814531628,0.9735343346008931,-9.172481920431137,2.0957596902942455,0.00959797295626135,0.01832724951859901,0.0030589367973120705,0.00042116256432513593
B_mem,1,5.3,1.0000000000005478,0.00029128822099472817,0.9693263829884379,0.0054967594554561705,0.030382328791115187,6.6304111685616004e-09,0.0002912882209945686,0.9693263829879069,-9.06772389771193,2.0945124446785384,0.011898476476239626,0.022457774352097917,0.0037892080544614354,0.0005308523128553191
B_mem,1,5.3500000000000005,1.0000000000005569,0.0003738512036862439,0.9647438342881633,0.006658828855557126,0.034882314508707275,8.949013191525069e-09,0.0003738512036860357,0.9647438342876261,-8.96303576152035,2.0929582218343934,0.014616253186796392,0.02724627220162068,0.004650784779473111,0.0006638988483770607
B_mem,1,5.4,1.0000000000005655,0.0004767332765100294,0.9597942454467844,0.007989078840911192,0.03972902127727132,1.2024990711260691e-08,0.00047673327650975977,0.9597942454462416,-8.858433739120237,2.0910618214977794,0.01778912184212237,0.03273245214286419,0.00565514878096115,0.0008236754992389173
B_mem,1,5.45,1.0000000000005749,0.0006041612401226131,0.9544889731292264,0.009493594988270357,0.044906865631225756,1.6092102403178722e-08,0.0006041612401222658,0.9544889731286778,-8.753935817498359,2.0887881406450606,0.021449944449763735,0.03894744275086213,0.006812096939257046,0.001013653631992593
B_mem,1,5.5,1.0000000000005835,0.0007610243987749084,0.9488426478056692,0.011175207703928977,0.05039632779613954,2.1441901810323882e-08,0.0007610243987744643,0.9488426478051155,-8.649561726399167,2.086102650264366,0.025625000589987977,0.04591301346580607,0.008129224581504998,0.001237326845472985
B_mem,1,5.55,1.000000000000592,0.000952910152383366,0.9428725937930225,0.013033175712096313,0.05617449605518614,2.8428117978064586e-08,0.0009529101523828019,0.9428725937924644,-8.54533289997201,2.082971773714652,0.030332533999566286,0.05364127170632264,0.009611468704671966,0.001498127885550393
B_mem,1,5.6000000000000005,1.0000000000006006,0.001186120580834588,0.9365982271305865,0.015063012001419178,0.06221565228917938,3.7467407501447854e-08,0.0011861205808338757,0.9365982271300239,-8.441272422513533,2.0793631467135523,0.03558155966560093,0.06213481595812542,0.011260739327856725,0.0017993416820307492
B_mem,1,5.65,1.0000000000006086,0.0014676649659278679,0.9300404596841358,0.017256461204007822,0.06849187535054502,4.90362360256281e-08,0.0014676649659269747,0.9300404596835699,-8.33740496445845,2.0752457523998564,0.041371002350898446,0.07138728103185789,0.013075661394095857,0.002144018168610868
B_mem,1,5.7,1.0000000000006173,0.0018052238413749648,0.9232211336950944,0.01960162674904636,0.07497364246414755,6.366422823647555e-08,0.0018052238413738505,0.9232211336945245,-8.233756714758929,2.0705899386998596,0.047689214536079425,0.08138417744828129,0.01505144199729652,0.0025348885441898636
B_mem,1,5.75,1.0000000000006248,0.002207081264497027,0.9161625066582022,0.02208323636698643,0.08163041207792554,8.19242707896856e-08,0.002207081264495648,0.9161625066576298,-8.130355315106147,2.065367337643052,0.054513895746952805,0.09210390630293824,0.01717986912137345,0.002974288382832467
B_mem,1,5.8,1.0000000000006326,0.0026820235281219723,0.9088868022482216,0.02468302652453344,0.08843117422428932,1.0441929828441488e-07,0.0026820235281202758,0.9088868022476466,-8.027229800181093,2.059550715895637,0.061812408879905335,0.10351882569834919,0.019449439447186263,0.003464090538346549
B_mem,1,5.8500000000000005,1.0000000000006408,0.0032392043955834188,0.9014158391483883,0.027380220728352656,0.09534495645666906,1.3176593636177378e-07,0.003239204395581343,0.9014158391478106,-7.9244105464450065,2.0531137916823856,0.0695424650051439,0.11559625453052266,0.021845604943921695,0.0040056501733788065
B_mem,1,5.9,1.0000000000006484,0.0038879790207287097,0.8937707460301455,0.030152073572858654,0.10234127494977442,1.6457634428847394e-07,0.0038879790207261887,0.893770746029566,-7.821929230114111,2.0460310550680805,0.07765312827090977,0.12829932185192577,0.024351121578097545,0.004599763536617135
B_mem,1,5.95,1.0000000000006564,0.004637710847600516,0.8859717674772082,0.03297445182099004,0.10939052167584759,2.0344058986830601e-07,0.004637710847597472,0.8859717674766266,-7.719818793143718,2.038277626388591,0.08608607827827813,0.14158760149687938,0.02694647896622105,0.005246641379615007
B_mem,1,6.0,1.0000000000006641,0.005497557787167587,0.8780381622024305,0.03582242533531426,0.11646428001106585,2.4891085815185184e-07,0.005497557787163937,0.8780381622018474,-7.618113414482176,2.029829181981734,0.09477705916804464,0.1554175074682079,0.02961038732137209,0.005945897203928389
B_mem,1,6.05,1.0000000000006712,0.006476245654270625,0.8699881913800179,0.03867084379713978,0.12353556296638286,3.0148510571153866e-07,0.006476245654266278,0.869988191379434,-7.516848482687224,2.020661968093447,0.10365744243399123,0.16974246078782287,0.0323202975099883,0.006696549904026352
B_mem,1,6.1000000000000005,1.000000000000679,0.007581838051021863,0.8618391912941268,0.0414948792780858,0.13057897065553026,3.615833290906447e-07,0.007581838051016716,0.8618391912935416,-7.416060565279008,2.0107529139476656,0.11265583334282596,0.18451286865796415,0.03505293116390978,0.007497039851096638
B_mem,1,6.15,1.0000000000006868,0.008821512481712026,0.8536077208669272,0.04427051930160919,0.13757076665204754,4.295079467114057e-07,0.008821512481705969,0.853607720866341,-7.315787369914458,2.0000798445850436,0.1216996576291647,0.19967597860071118,0.0377848001891139,0.008345257061822962
B_mem,1,6.2,1.0000000000006948,0.010201352418130607,0.8453097711407812,0.04697499958124212,0.144488876441783,5.053833116948977e-07,0.010201352418123519,0.8453097711401939,-7.2160676925674725,1.988621784292451,0.13071667453434696,0.21517568205381754,0.04049269823943504,0.009238579816041865
B_mem,1,6.25,1.0000000000007023,0.011726164309990177,0.836961020679849,0.0495871698040435,0.15131281501086338,5.890771292286214e-07,0.01172616430998194,0.8369610206792611,-7.116941348385966,1.9763593332201117,0.13963637301269313,0.23095234362111572,0.04315415036430149,0.010173921919788671
B_mem,1,6.3,1.0000000000007103,0.013399327224080436,0.8285771183841812,0.0520877894330987,0.1580235543924488,6.8011455858182e-07,0.013399327224070917,0.8285771183835927,-7.018449081805276,1.963275093825492,0.14839121896571167,0.24694272506507547,0.04574781074147857,0.011147786741275947
B_mem,1,6.3500000000000005,1.0000000000007183,0.015222681021844505,0.8201739736203513,0.0544597534439637,0.16460334535852264,7.775998436504885e-07,0.015222681021833571,0.8201739736197621,-6.920632453831123,1.9493541204688083,0.15691773186904442,0.2630800593353348,0.048253801903208736,0.012156326159418224
B_mem,1,6.4,1.0000000000007263,0.017196456907826528,0.811768033062787,0.05668825019302491,0.17103551003011275,8.801591506065478e-07,0.017196456907814038,0.8117680330621974,-6.823533706038316,1.9345843648206105,0.16515737858793042,0.27929431197763444,0.05065399198273929,0.01319540263971252
B_mem,1,6.45,1.0000000000007343,0.019319251976215458,0.8033765243242028,0.05876085530926936,0.17730422370031604,9.859143642083794e-07,0.01931925197620127,0.8033765243236128,-6.727195602480154,1.918957091394292,0.17305728024259878,0.29551264760753104,0.05293220915622857,0.014260652773913002
B_mem,1,6.5,1.0000000000007427,0.021588047221099037,0.7950176483478973,0.060667566704912836,0.1833943044317465,1.092494947477379e-06,0.021588047221083,0.7950176483473068,-6.6316612520188265,1.9024672409138674,0.18057073459133569,0.3116600997903698,0.05507439460594603,0.01534755077349756
B_mem,1,6.55,1.0000000000007512,0.023998266509194496,0.7867107055513354,0.06240078662029641,0.18929102794022112,1.1970956716097411e-06,0.02399826650917647,0.7867107055507444,-6.536973914343905,1.8851137237107076,0.18765756159146174,0.32766042509602455,0.05706869700367109,0.016451470580448473
B_mem,1,6.6000000000000005,1.0000000000007596,0.02654387235999526,0.7784761446656492,0.06395525714643796,0.19497998297511523,1.2965900952050863e-06,0.026543872359975094,0.7784761446650579,-6.443176793203015,1.866899630312868,0.19428428370804673,0.34343710720293363,0.05890551275505177,0.017567745442891414
B_mem,1,6.65,1.000000000000768,0.029217493115474866,0.7703355278473222,0.06532795597187188,0.2004469790379711,1.3877083401673261e-06,0.029217493115452426,0.7703355278467305,-6.350312820467357,1.8478323514054404,0.2004241553412066,0.3589144652643067,0.060577477116921886,0.01869172399044099
B_mem,1,6.7,1.0000000000007774,0.03201057524542683,0.7623114106296776,0.066517959219051,0.20567801412567277,1.467279303357691e-06,0.03201057524540195,0.7623114106290849,-6.258424435003871,1.8279236041325004,0.20605705762361723,0.37401881277425525,0.062079411864736554,0.019818822029407622
B_mem,1,6.75,1.000000000000786,0.03491355412179318,0.7544271402888558,0.06752627818845995,0.21065930559013724,1.532522952332305e-06,0.034913554121765736,0.7544271402882629,-6.167553361087235,1.807189366138808,0.2111692759825133,0.3886796094259266,0.06340823550829579,0.020944569457625982
B_mem,1,6.8,1.0000000000007954,0.03791603657065193,0.7467065808802488,0.0683556766243668,0.2153773825498947,1.5813635851741012e-06,0.03791603657062177,0.7467065808796549,-6.077740391982671,1.785649722716137,0.2157531784255954,0.4028305495497097,0.06456284218518749,0.022064651870032932
B_mem,1,6.8500000000000005,1.0000000000008045,0.041006988815996306,0.7391737772481397,0.06901047476517082,0.2198192339366687,1.6127267017509644e-06,0.04100698881596332,0.7391737772475451,-5.989025184766942,1.7633286358095444,0.21980681262510007,0.4164105370514452,0.06554395534588968,0.023174946587431005
B_mem,1,6.9,1.000000000000814,0.04417492399371727,0.7318525734759014,0.0694963459633972,0.22397250253119558,1.6267833941302048e-06,0.044174923993681316,0.7318525734753056,-5.901446071903917,1.7402536462990312,0.22333343962497657,0.42936450806575477,0.06635396221147002,0.024271552990566513
B_mem,1,6.95,1.0000000000008233,0.047408084160623754,0.7247662033604967,0.06982011108610264,0.22782571247970282,1.6251141785457394e-06,0.04740808416058472,0.7247662033598999,-5.815039893510861,1.7164555227449902,0.22634102142805645,0.4416440774923709,0.06699673474998613,0.025350817178098
B_mem,1,7.0,1.0000000000008327,0.050694612576954304,0.7179368714882446,0.06998953527300067,0.2313685159356339,1.610773339407054e-06,0.050694612576912094,0.7179368714876467,-5.729841852192033,1.6919678705812924,0.22884167884777082,0.4532080018245017,0.06747744258645959,0.026409351088392055
B_mem,1,7.05,1.000000000000842,0.05402271293469671,0.7113853433712731,0.07001313097344786,0.2345919436948721,1.5882416088713863e-06,0.054022712934651225,0.7113853433706742,-5.6458853906075674,1.6668267155934589,0.23085113483387407,0.46402246522732343,0.06780236283481728,0.027444046329422236
B_mem,1,7.1000000000000005,1.0000000000008518,0.057380793084007,0.7051305619618293,0.06989997053286198,0.2374886449550156,1.5632606107866844e-06,0.057380793083958125,0.7051305619612287,-5.563202091158604,1.6410700746035896,0.23238815701415771,0.4740612059615926,0.06797869132249748,0.028452083046665372
B_mem,1,7.15,1.0000000000008615,0.06075759163719516,0.6991893058369999,0.06965951097125118,0.2400531025266666,1.5425510835932186e-06,0.06075759163714281,0.6991893058363975,-5.481821597246136,1.6147375248618532,0.23347401147181407,0.4833055044388249,0.06801435908235025,0.029430934224763342
B_mem,1,7.2,1.0000000000008715,0.06414228657951346,0.6935759016239655,0.06930143299936584,0.24228181179739247,1.5334309243384644e-06,0.06414228657945756,0.693575901623361,-5.401771555903002,1.5878697819960657,0.2341319378718655,0.4917440525831679,0.0679178573356781,0.030378365864831343
B_mem,1,7.25,1.0000000000008809,0.0675245856739917,0.6883020000289691,0.06883549575499329,0.24417341429792033,1.5433663073868982e-06,0.06752458567393221,0.6883020000283628,-5.323077581539633,1.5605082947257636,0.2343866540565523,0.4993727184378266,0.06769807351661053,0.03129243350672073
B_mem,1,7.3,1.0000000000008913,0.07089479900477268,0.6833764213691388,0.06827140821400225,0.24572877962697973,1.5795034413585833e-06,0.07089479900470949,0.6833764213685297,-5.245763239845649,1.5326948630492152,0.2342638962553671,0.5061942127281369,0.06736414022634826,0.03217147557632229
B_mem,1,7.3500000000000005,1.000000000000901,0.07424389445355226,0.6788050730094473,0.06761871773779565,0.24695103253790168,1.6482337093249197e-06,0.07424389445348535,0.6788050730088356,-5.1698500498741,1.5044712853133722,0.23378999920097285,0.5122176582263098,0.06692529838871221,0.03301410403483624
B_mem,1,7.4,1.000000000000911,0.0775635372446051,0.6745909377843294,0.06688671576271543,0.2478455249719765,1.7548380173766119e-06,0.07756353724453444,0.6745909377837148,-5.095357501586394,1.4758790384507374,0.2329915187875986,0.5174580604907306,0.06639077533157453,0.033819192792874986
B_mem,1,7.45,1.0000000000009208,0.08084611492965144,0.6707341295128149,0.06608436022446884,0.24841975555845466,1.9032385273879857e-06,0.080846114929577,0.6707341295121972,-5.022303086031395,1.4469589946286816,0.23189489850178382,0.5219356807956442,0.0657696780571759,0.03458586433025618
B_mem,1,7.5,1.0000000000009313,0.08408474932516759,0.6672320092362447,0.06522021395239233,0.24868324143951906,2.0958623105285282e-06,0.08408474932508929,0.6672320092356233,-4.950702335775537,1.4177511764961537,0.23052617970769873,0.5256753182039182,0.06507090159093709,0.03531347493488749
B_mem,1,7.55,1.0000000000009412,0.08727329697598582,0.6640793539099513,0.06430239797347582,0.24864734911500422,2.333598158020923e-06,0.08727329697590368,0.6640793539093263,-4.880568873737798,1.3882945520398415,0.2289107549610648,0.5287055160566432,0.06430305200597787,0.036001598943131215
B_mem,1,7.6000000000000005,1.0000000000009512,0.09040633971505514,0.6612685680051968,0.06333855843797098,0.24832509228069954,2.615810947728783e-06,0.09040633971496914,0.6612685680045678,-4.811914468767007,1.358626868753753,0.2270731628213397,0.5310577167056347,0.06347438349684542,0.03665001233080345
B_mem,1,7.65,1.0000000000009617,0.09347916683459684,0.658789927818986,0.062335845714869456,0.2477309053473788,2.940371875741911e-06,0.09347916683450694,0.6587899278183525,-4.74474909601811,1.3287845254546264,0.22503692209450693,0.5327653955811764,0.06259274870834021,0.03725867596948636
B_mem,1,7.7,1.0000000000009717,0.09648775029343491,0.6566318482022919,0.0613009041021006,0.24688040150524487,3.3036688076808072e-06,0.09648775029334115,0.6566318482016539,-4.6790809997297815,1.2988024787929004,0.22282440303760676,0.5338632107679041,0.06166556140324324,0.03782771882787702
B_mem,1,7.75,1.0000000000009819,0.0994287142739737,0.6547811618277266,0.06023987054962483,0.24579012389928168,3.700577109014168e-06,0.09942871427387608,0.6547811618270837,-4.614916755863945,1.268714180490173,0.22045673276542932,0.53438620667121,0.06069977046745608,0.03835742136306105
B_mem,1,7.8,1.0000000000009919,0.10229930028311708,0.6532234019321373,0.05915838080269228,0.24447729778573732,4.1243936609636085e-06,0.1022993002830156,0.6532234019314894,-4.552261332591649,1.2385515407034517,0.21795373189602513,0.534369109748802,0.05970184419457553,0.038848199312298465
B_mem,1,7.8500000000000005,1.0000000000010012,0.10509732887305434,0.6519430805849378,0.05806158143783257,0.242959590543009,4.566761229438746e-06,0.10509732887294912,0.6519430805842851,-4.49111814777758,1.2083449126997254,0.21533387933185985,0.5338457503149908,0.058677763756497595,0.03930058806236711
B_mem,1,7.9,1.0000000000010107,0.10782115894466908,0.6509239558456862,0.05695414638549234,0.2412548852106554,5.017633604503181e-06,0.1078211589445601,0.6509239558450283,-4.431489123999353,1.1781230941532994,0.21261430197606682,0.5328486367979708,0.05763302474509443,0.039715227740783586
B_mem,1,7.95,1.00000000000102,0.11046964549091412,0.6501492825863351,0.05584029670654266,0.23938107192377098,5.465350386362538e-06,0.11046964549080143,0.6501492825856718,-4.373374742612433,1.1479133407436577,0.209810786110935,0.5314086974698881,0.05657264565655232,0.0400928491412781
B_mem,1,8.0,1.00000000000103,0.11304209654303901,0.6496020431731545,0.05472382260363669,0.23735586028483638,5.896897930382882e-06,0.11304209654292258,0.6496020431724854,-4.316774098462864,1.1177413882453353,0.20693780710944396,0.5295551900449209,0.0555011821815727,0.040434260564725835
B_mem,1,8.05,1.0000000000010396,0.11553823000236316,0.6492651555464082,0.053608106881500465,0.23519661445226825,6.298421204940649e-06,0.11553823000224304,0.6492651555457332,-4.261684956049357,1.0876314799296658,0.20400857411493487,0.5273157630128689,0.054422746162805,0.04074033562651986
B_mem,1,8.1,1.0000000000010492,0.11795813097423058,0.6491216574293569,0.052496149293781436,0.23292021159746165,6.656013504081841e-06,0.11795813097410682,0.6491216574286759,-4.208103806784426,1.0576063968443505,0.20103508633114797,0.5247166365597286,0.053341028092823005,0.041012002052678985
B_mem,1,8.15,1.0000000000010587,0.12030221016230581,0.6491548663885036,0.051390591397612546,0.23054292345024938,6.956749398019187e-06,0.12030221016217844,0.6491548663878164,-4.156025926346306,1.0276874893927543,0.19802819765249902,0.5217828586020639,0.05225932206387886,0.04125023146086247
B_mem,1,8.2,1.0000000000010683,0.12257116381878808,0.6493485162288481,0.05029374165781045,0.22808031995343211,7.1898560527834e-06,0.12257116381865714,0.6493485162281545,-4.1054454315947515,0.9978947095385371,0.19499768657366712,0.5185385859372836,0.05118055215778775,0.04145603010030385
B_mem,1,8.25,1.0000000000010782,0.12476593566890115,0.6496868707476381,0.04920760059378255,0.22554719358453884,7.347862796014449e-06,0.12476593566876662,0.6496868707469375,-4.056355338108601,0.9682466437899602,0.19195232867339748,0.515007343672052,0.05010729938851546,0.04163043050785112
B_mem,1,8.3,1.0000000000010878,0.12688768113381502,0.6501548162206577,0.04813388575611874,0.22295750264661512,7.427549958299802e-06,0.126887681133677,0.6501548162199505,-4.0087476212603,0.938760547723557,0.18889996946005944,0.5112122276198792,0.049041828477803355,0.04177448402664936
B_mem,1,8.35,1.0000000000010973,0.1289377340731986,0.6507379342044535,0.04707405628465174,0.2203243317234454,7.430543354842749e-06,0.12893773407305711,0.6507379342037394,-3.9626132846754243,0.9094523830743562,0.18584759594320818,0.5071760314544462,0.047986113937935795,0.04188925412940078
B_mem,1,8.4,1.0000000000011071,0.13091757617128189,0.6514225563552495,0.046029336769855954,0.2176598674745757,7.363460025135923e-06,0.13091757617113695,0.6514225563545283,-3.9179424391253863,0.8803368583253126,0.1828014058699874,0.5029212984461564,0.046941865127211026,0.0419758104883543
B_mem,1,8.45,1.0000000000011169,0.13282880901112104,0.6521958030299371,0.045000740143887025,0.21497538796005886,7.237581607373535e-06,0.1328288090109727,0.6521958030292087,-3.874724392517336,0.8514274733615386,0.1797668740433103,0.49847031159788946,0.04591055010205446,0.042035223737146896
B_mem,1,8.5,1.0000000000011267,0.1346731288256682,0.6530456074686996,0.043989089380545264,0.21228126370675882,7.068092084695633e-06,0.13467312882551646,0.6530456074679638,-3.8329477487272063,0.8227365682929966,0.17674881544946888,0.49384504223823644,0.04489341819214665,0.04206856087302888
B_mem,1,8.55,1.0000000000011369,0.13645230387828688,0.6539607273655985,0.04299503787944064,0.20958696875725133,6.872956282233583e-06,0.13645230387813176,0.653960727364855,-3.792600510850249,0.7942753761864115,0.1737514450440849,0.4890670745409265,0.04389152126469114,0.042076881250011466
B_mem,1,8.6,1.000000000001147,0.13816815440240177,0.65493074560115,0.042019088525309764,0.20690109999759548,6.67153820160865e-06,0.13816815440224328,0.6549307456003988,-3.7536701837282576,0.7660540793101475,0.1707784340132049,0.4841575139802011,0.042905733633306846,0.04206123311328432
B_mem,1,8.65,1.0000000000011575,0.1398225350128372,0.6559460618249363,0.04106161151659609,0.20423140316338387,6.483075052787769e-06,0.13982253501267536,0.655946061824177,-3.71614387114573,0.7380818685922652,0.16783296222287036,0.4791368757400999,0.04193677053318497,0.04202265062331547
B_mem,1,8.700000000000001,1.0000000000011682,0.14141731948494773,0.6569978764313251,0.04012286111843022,0.20158480408489532,6.325140992520059e-06,0.14141731948478253,0.6569978764305576,-3.680008364072736,0.7103670062158721,0.16491776649391285,0.4740249397272671,0.04098520505936509,0.041962151315817535
B_mem,1,8.75,1.0000000000011788,0.14295438777856567,0.6580781682771033,0.039202991494857155,0.1989674439455098,6.212250729440469e-06,0.14295438777839714,0.6580781682763276,-3.645250217081376,0.6829168914582296,0.16203518436939257,0.46884055634719185,0.040051483475430694,0.04188073394310046
B_mem,1,8.8,1.00000000000119,0.14443561515967723,0.6591796672703442,0.038302071709392704,0.1963847175711685,6.154755024695234e-06,0.14443561515950537,0.6591796672695598,-3.611855810476562,0.6557381298572832,0.15918719321783728,0.46360139367767617,0.03913593885766825,0.041779376644832486
B_mem,1,8.85,1.0000000000012008,0.14586286324299247,0.6602958227490743,0.03742009986641506,0.19384131400913435,6.158155169471302e-06,0.1458628632428173,0.6602958227482814,-3.5798113961834837,0.6288366054584859,0.15637544482081844,0.4583236313557493,0.03823880313937408,0.041659035402696186
B_mem,1,8.9,1.0000000000012126,0.14723797274665976,0.6614207684007137,0.03655701623189895,0.1913412588538391,6.222907944431385e-06,0.1472379727464812,0.6614207683999117,-3.549103126469719,0.6022175552475847,0.1536012959627936,0.4530216257710443,0.03736021773977062,0.041520642743481724
B_mem,1,8.950000000000001,1.0000000000012241,0.14856275772385608,0.6625492843697214,0.03571271506318294,0.1888879579076466,6.3447151774327245e-06,0.14856275772367422,0.6625492843689104,-3.519717066150485,0.5758856440063161,0.15086583587670138,0.4477075894421633,0.03650024306981378,0.04136510666726
B_mem,1,9.0,1.0000000000012361,0.14983900102238176,0.6636767571611285,0.034887054829780086,0.1864842418177255,6.515211977768421e-06,0.14983900102219655,0.6636767571603082,-3.4916391905370743,0.5498450369250203,0.14816991160262002,0.4423913389682318,0.03565886727116999,0.041193309789110115
B_mem,1,9.05,1.0000000000012477,0.15106845072519012,0.6647991379553522,0.03407986653781763,0.18413241132070537,6.722907568936905e-06,0.15106845072500164,0.6647991379545227,-3.4648553724216664,0.5240994666160309,0.14551415232559886,0.4370801666979965,0.034836014544503816,0.041006108692087415
B_mem,1,9.1,1.0000000000012592,0.1522528173388332,0.6659128999859412,0.03329095997564034,0.1818342826764851,6.9542094024372345e-06,0.1522528173386415,0.6659128999851026,-3.439351361553764,0.49865229094363006,0.14289899356358707,0.43177888017404886,0.03403155335652731,0.04080433349400513
B_mem,1,9.15,1.000000000001271,0.1533937715187928,0.6670149956830593,0.03252012785781826,0.17959123279941874,7.194379839197589e-06,0.15339377151859784,0.6670149956822116,-3.4151127595770876,0.4735065384909679,0.1403247017188989,0.4264900322983187,0.033245304696144146,0.04058878763046646
B_mem,1,9.200000000000001,1.000000000001283,0.15449294214993928,0.6681028143402872,0.03176714803068572,0.17740424351105644,7.428326874901047e-06,0.15449294214974107,0.66810281433943,-3.392124992820966,0.4486649395353111,0.13779139905949028,0.4212143378572496,0.03247705040258962,0.0403602478517214
B_mem,1,9.25,1.0000000000012945,0.15555191464017462,0.669174141103982,0.031031784083024035,0.1752739442571383,7.641198805867317e-06,0.15555191463997325,0.6691741411031157,-3.370373285186176,0.424129941926038,0.13529908874120575,0.41595124334567796,0.03172654143960278,0.04011946442239737
B_mem,1,9.3,1.0000000000013067,0.15657222933817283,0.67022711808792,0.030313784851335072,0.17320065257521405,7.818817309735431e-06,0.15657222933796824,0.6702271180870442,-3.34984263376512,0.3999037129431,0.1328476790949312,0.4106995917965577,0.030993505864127784,0.03986716150254786
B_mem,1,9.35,1.0000000000013187,0.15755538004866432,0.6712602083533904,0.029612883397652244,0.17118441159926398,7.948027533839677e-06,0.15755538004845654,0.6712602083525052,-3.330517790477072,0.3759881297240387,0.13043700614513404,0.40545830673500316,0.0302776561558308,0.03960403767764166
B_mem,1,9.4,1.000000000001331,0.15850281268076744,0.672272163346201,0.02892879605455919,0.16922502397436273,8.017058497295244e-06,0.15850281268055647,0.6722721633453063,-3.312383253305557,0.3523847619512097,0.1280668532422432,0.40022701240343517,0.02957869554874139,0.03933076659601904
B_mem,1,9.450000000000001,1.0000000000013434,0.15941592411358813,0.6732619941447687,0.028261222070673272,0.1673220817429863,8.01597166764795e-06,0.15941592411337396,0.6732619941438643,-3.2954232701785537,0.3290948511060716,0.12573696680287824,0.39500651255926145,0.02889632304536875,0.03904799766677199
B_mem,1,9.5,1.0000000000013558,0.16029606138860505,0.6742289465691338,0.02760984425264581,0.16547499204361704,7.937234452325147e-06,0.16029606138838773,0.6742289465682196,-3.2796218569885127,0.3061192907568491,0.12344706745616398,0.38979906736880016,0.02823023689525891,0.03875635677038723
B_mem,1,9.55,1.0000000000013682,0.1611445213360595,0.6751724798746713,0.026974330800988086,0.16368299879063739,7.776395694063358e-06,0.161144521335839,0.6751724798737475,-3.264962829095703,0.2834586121049008,0.12119685635842552,0.3846084354340373,0.027580136472948713,0.03845644693957937
B_mem,1,9.6,1.0000000000013807,0.16196255071434423,0.6760922484677341,0.02635433830642016,0.16194520081930228,7.532773230383547e-06,0.1619625507141206,0.6760922484668006,-3.2514298436857456,0.26111297838405656,0.11898601699532413,0.3794396820632665,0.026945722672334225,0.03814884897832145
B_mem,1,9.65,1.000000000001393,0.1627513468932476,0.6769880858938722,0.025749515654556878,0.16026056721427334,7.210006983343142e-06,0.16275134689302087,0.676988085892929,-3.239006449352275,0.23908219066097025,0.11681421334029639,0.37429878985219495,0.026326697112851388,0.037834122001742194
B_mem,1,9.700000000000001,1.0000000000014055,0.16351205905318125,0.6778599903019178,0.025159508427481273,0.1586279506463064,6.816306912224634e-06,0.16351205905295144,0.677859990300965,-3.227676139576338,0.2173657061388243,0.11468108566373214,0.3691921365796588,0.02572276058932099,0.03751280389576919
B_mem,1,9.75,1.0000000000014184,0.164245789815233,0.6787081106805123,0.02458396332732955,0.15704609950567322,6.364250470258316e-06,0.16424578981500002,0.6787081106795496,-3.217422407987202,0.19596266835853057,0.1125862454838819,0.3641259218962659,0.025133611257965566,0.0371854117099852
B_mem,1,9.8,1.0000000000014306,0.16495359717412428,0.6795327333582459,0.02402253218928062,0.15551366946906056,5.870060633945375e-06,0.1649535971738883,0.6795327333572738,-3.2082288044656386,0.17487194699554162,0.11052927106297625,0.35910562448436484,0.024558943018595944,0.036852442007188395
B_mem,1,9.85,1.0000000000014435,0.16563649658817067,0.6803342684884893,0.023474875276873537,0.15402923492478363,5.3524056488684145e-06,0.1656364965879316,0.6803342684875072,-3.2000789913332177,0.1540921836092587,0.10850970450296217,0.3541355558347514,0.02399844443536688,0.03651437119686155
B_mem,1,9.9,1.0000000000014562,0.1662954630895883,0.68111323643888,0.022940663714097993,0.15259130047298794,4.8308740367332875e-06,0.16629546308934615,0.6811132364378882,-3.1929567977488316,0.13362183900294242,0.10652705098639023,0.3492185506751787,0.02345179836971469,0.03617165587724617
B_mem,1,9.950000000000001,1.0000000000014693,0.16693143330746865,0.6818702541320603,0.02241958105177186,0.15119831256194038,4.324359325150278e-06,0.16693143330722338,0.6818702541310584,-3.186846268630258,0.11345923791161326,0.1045807801900422,0.34435580559120593,0.02291868232871321,0.035824733203902566
B_mem,1,10.0,1.000000000001482,0.16754530733029363,0.6826060214336667,0.02191132404915051,0.14984867123752188,3.849613951511206e-06,0.16754530733004533,0.6826060214326551,-3.1817317031358097,0.09360260745043435,0.1026703295189095,0.33954685484316727,0.022398769408121258,0.035474021294545716
B_mem,1,10.05,1.0000000000014952,0.16813795036151294,0.6833213076818752,0.021415602762502945,0.14854074195810707,3.420193840666329e-06,0.16813795036126153,0.6833213076808534,-3.1775976779863964,0.07405010684606773,0.10079510865588705,0.3347896612601361,0.021891729660767804,0.03511991967358363
B_mem,1,10.1,1.0000000000015081,0.16871019413429325,0.6840169384398658,0.02093213998933067,0.14727286742734916,3.045926778767499e-06,0.16871019413403882,0.6840169384388342,-3.1744290528859826,0.05479984709893581,0.09895450499807819,0.33008080101198245,0.021397231747028966,0.03476280975699128
B_mem,1,10.15,1.0000000000015212,0.16926283805325584,0.6846937825622735,0.02046067006051372,0.14604337938599204,2.73292611033482e-06,0.16926283805299835,0.6846937825612319,-3.172210958363023,0.03584990012601825,0.09714788976727487,0.3254157298350514,0.020914944796104312,0.03440305537896194
B_mem,1,10.200000000000001,1.0000000000015348,0.16979665003140834,0.6853527397134018,0.020000936946397128,0.14485061025672463,2.4840678750093073e-06,0.16979665003114774,0.68535273971235,-3.1709287694549704,0.017198297527984237,0.0953746248048805,0.3207891278858829,0.02044454048012036,0.03404100336451944
B_mem,1,10.25,1.0000000000015479,0.17031236700043687,0.6859947285519686,0.019552691676094164,0.14369290444914237,2.2997786415810874e-06,0.17031236700017324,0.6859947285509068,-3.1705680708805186,-0.00115698049113691,0.09363407016184541,0.3161953239137182,0.0199856953358351,0.0336769841543401
B_mem,1,10.3,1.0000000000015612,0.17081069510006608,0.6866206758818617,0.019115689167881728,0.1425686290196337,2.178953907617862e-06,0.1708106950997994,0.6866206758807898,-3.1711146202411142,-0.019218025151251202,0.09192559249797144,0.31162879272388094,0.01953809333701449,0.03331131248692796
B_mem,1,10.35,1.0000000000015752,0.17129230959940897,0.6872315071284325,0.01868968471168334,0.14147618327373349,2.1198403174385704e-06,0.17129230959913916,0.68723150712735,-3.172554315390923,-0.036987026630875094,0.09024857401793096,0.30708470307940106,0.019101428626781145,0.03294428813758754
B_mem,1,10.4,1.0000000000015887,0.1717578546637377,0.6878281385009701,0.018274430489094152,0.140414006836881,2.1207564293881307e-06,0.17175785466346483,0.6878281384998773,-3.174873170730086,-0.054466306896520364,0.08860242127951602,0.3025594708416517,0.018675408191961007,0.03257619670363298
B_mem,1,10.450000000000001,1.0000000000016027,0.1722079431381591,0.6884114711213001,0.01786967261102774,0.13938058574214332,2.180578763243189e-06,0.1722079431378831,0.6884114711201967,-3.1780573052087857,-0.071658354681342,0.08698657285379227,0.29805125197800036,0.018259754146913876,0.03220731041305063
B_mem,1,10.5,1.0000000000016163,0.17264315655391996,0.688982387237972,0.017475149158976147,0.13837445620972427,2.298965735943535e-06,0.17264315655364093,0.6889823872368585,-3.182092942649972,-0.08856585856880485,0.08540050464429756,0.29356030017572643,0.017854205240524397,0.031837888922724364
B_mem,1,10.55,1.00000000000163,0.17306404555497784,0.68954174843473,0.017090589620548425,0.13739420601192198,2.476321640704252e-06,0.17306404555469573,0.689541748433606,-3.1869664229456163,-0.10519173353895911,0.08384373178163074,0.2890891196878199,0.017458517238611287,0.031468180065796894
B_mem,1,10.6,1.0000000000016438,0.1734711308858237,0.6900903955269097,0.016715715927826502,0.1364384735889104,2.7135152550944703e-06,0.17347113088553853,0.6900903955257753,-3.1926642210859564,-0.12153913631977012,0.08231580641347774,0.2846423666413818,0.017072461968419616,0.03109842050821889
B_mem,1,10.65,1.0000000000016573,0.17386490498704998,0.6906291496655454,0.0163502450706296,0.13550594534906205,3.0113704913013886e-06,0.17386490498676183,0.6906291496644008,-3.19917297012213,-0.1376114656749402,0.08081631133342333,0.2802264876865612,0.016695825016898997,0.030728836282726345
B_mem,1,10.700000000000001,1.000000000001671,0.1742458341377389,0.6911588140683712,0.01599389300693363,0.13459535179556117,3.3699510714885584e-06,0.1742458341374477,0.6911588140672162,-3.2064794841462123,-0.15341234541538928,0.07934485010076275,0.27584912664260935,0.01632840230583744,0.03035964318325043
B_mem,1,10.75,1.0000000000016849,0.17461436099311883,0.6916801757829274,0.015646379372194118,0.1337054632256386,3.7876774440148587e-06,0.17461436099282462,0.691680175781762,-3.214570778025358,-0.16894559026963818,0.07790103494548428,0.27151836949081487,0.015969995974653633,0.029991047021523387
B_mem,1,10.8,1.000000000001698,0.1749709073149536,0.6921940069558297,0.015307432337523736,0.13283508573091482,4.260346748006882e-06,0.1749709073146565,0.6921940069546544,-3.2234340815238633,-0.18421515737330524,0.0764844741937351,0.26724192794851154,0.01562041014223577,0.029623243767027775
B_mem,1,10.85,1.000000000001712,0.17531587668834717,0.6927010652174284,0.014976792914029763,0.1319830580959366,4.780173209702324e-06,0.17531587668804705,0.6927010652162425,-3.2330568461106433,-0.19922508848608975,0.07509476109936271,0.26302637610721047,0.015279447163798683,0.029256419607966683
B_mem,1,10.9,1.000000000001726,0.17564965705308697,0.6932020929689909,0.014654218063487852,0.13114824997964777,5.335016804246539e-06,0.1756496570527838,0.6932020929677944,-3.2434267429236776,-0.21397944959513523,0.07373146579300113,0.2588765501953181,0.014946904937118642,0.02889075098164522
B_mem,1,10.950000000000001,1.0000000000017397,0.1759726229311757,0.6936978155534858,0.014339482151968896,0.13032956151707817,5.908004788021038e-06,0.17597262293086954,0.6936978155522789,-3.2545316501971913,-0.22848227498887796,0.07239413158562662,0.2547951985390905,0.014622575653353568,0.028526404625565924
B_mem,1,11.0,1.0000000000017533,0.17628513728536002,0.6941889384734906,0.014032376549958845,0.12952592424290288,6.4777515309838535e-06,0.17628513728505094,0.6941889384722735,-3.2663596284652394,-0.24273752212796637,0.07108227616354373,0.25078293042695443,0.01430624615619739,0.028163537694951557
B_mem,1,11.05,1.0000000000017673,0.1765875529843729,0.6946761439646632,0.013732707494873231,0.1287363030527312,7.019327088647259e-06,0.1765875529840608,0.6946761439634355,-3.2788988826497802,-0.2567490418919503,0.06979539740229622,0.24683846480046617,0.013997699807739976,0.027802297979076292
B_mem,1,11.1,1.0000000000017815,0.17688021387700684,0.6951600873196598,0.01344029262737105,0.1279596988051146,7.506007513683624e-06,0.17688021387669173,0.6951600873184214,-3.292137712087261,-0.27052056639893024,0.0685329827520112,0.242959130734081,0.013696719507354904,0.027442824229946473
B_mem,1,11.15,1.0000000000017952,0.17716345549300364,0.6956413933755888,0.013154956825017211,0.12719515113320265,7.91167613734058e-06,0.17716345549268558,0.69564139337434,-3.306064452523761,-0.28405571400629576,0.0672945205581871,0.2391415309535853,0.013403091320718567,0.02708524659603139
B_mem,1,11.200000000000001,1.000000000001809,0.17743760539920445,0.6961206535330339,0.012876528035023826,0.1264417410695706,8.213574823392308e-06,0.17743760539888345,0.6961206535317745,-3.3206674174559976,-0.2973580087247625,0.06607951140857041,0.23538225587396394,0.013116608091165329,0.026729687135074415
B_mem,1,11.25,1.0000000000018228,0.1777029832479338,0.6965984235846514,0.012604833736758227,0.12569859316923748,8.394979527766345e-06,0.17770298324760989,0.6965984235833816,-3.3359348488494263,-0.31043090947680235,0.06488747770476391,0.2316785342237624,0.012837072445798708,0.026376260367367788
B_mem,1,11.3,1.0000000000018368,0.17795990056352953,0.6970752225202835,0.012339698473219796,0.12496487691802356,8.447339020995226e-06,0.17795990056320266,0.6970752225190032,-3.3518548880460473,-0.3232778436575158,0.0637179701190134,0.22802872718502043,0.012564298764123226,0.026025073826643718
B_mem,1,11.35,1.0000000000018505,0.17820866032469693,0.6975515323640447,0.012080942642852545,0.12423980731310912,8.371486015212918e-06,0.17820866032436714,0.6975515323627538,-3.368415575739509,-0.3359022394071128,0.0625705702864719,0.22443260991971856,0.012298113905476858,0.025676228570041315
B_mem,1,11.4,1.0000000000018645,0.1784495564168095,0.6980277989990424,0.011828382514390785,0.1235226445860127,8.177689829743846e-06,0.17844955641647678,0.6980277989977409,-3.385604885228104,-0.34830755178987566,0.06144488981062647,0.22089142675478948,0.012038356730468016,0.025329819619222444
B_mem,1,11.450000000000001,1.0000000000018785,0.17868287304778827,0.6985044338517999,0.011581831276204022,0.12281269310229023,7.88452812189463e-06,0.17868287304745262,0.6985044338504878,-3.4034107868219396,-0.36049727944036514,0.06034056623270769,0.2174077427262393,0.011784876638280197,0.02498593631786711
B_mem,1,11.5,1.0000000000018923,0.17890888423690632,0.6989818162421437,0.011341100878415646,0.12210929952284204,7.516761801364806e-06,0.17890888423656778,0.6989818162408211,-3.4218213351453484,-0.37247496984100587,0.059257256909896104,0.21398513646776368,0.01153753143576861,0.02464466260259027
B_mem,1,11.55,1.0000000000019063,0.17912785348777396,0.6994602961566809,0.011106004449923112,0.12141185035745122,7.102556503612465e-06,0.1791278534874325,0.6994602961553475,-3.44082476701259,-0.3842442129125511,0.05819463174690016,0.21062778542230537,0.011296184851565869,0.02430607719220256
B_mem,1,11.6,1.00000000000192,0.17934003373700777,0.6999401971777597,0.010876359124274423,0.12071976908715273,6.670475539225804e-06,0.17934003373666343,0.6999401971764158,-3.460409596558583,-0.3958086238177961,0.057152365523856004,0.20733998818373217,0.011060703940037926,0.023970253703742228
B_mem,1,11.65,1.0000000000019342,0.17954566762780838,0.7004218192986031,0.010651989136153835,0.12003251307552266,6.246665103580471e-06,0.1795456676274611,0.7004218192972483,-3.4805646960884804,-0.40717181674015135,0.05613013031452611,0.20412565846580932,0.010830956536701974,0.02363726070442019
B_mem,1,11.700000000000001,1.0000000000019484,0.17974498810021897,0.7009054413821413,0.010432729023041331,0.11934957051958821,5.85257855325642e-06,0.17974498809986875,0.7009054413807756,-3.5012793544473277,-0.41833737197916854,0.055127588336575065,0.20098781877187966,0.010606808875802688,0.023307161709167
B_mem,1,11.75,1.000000000001963,0.17993821923012768,0.7013913230766478,0.010218426686043993,0.11867045769518741,5.503473630437692e-06,0.17993821922977443,0.7013913230752709,-3.522543308277718,-0.4293087991523584,0.05414438559259784,0.19792812377536173,0.010388123485484084,0.022980015136145587
B_mem,1,11.8,1.0000000000019769,0.18012557720056158,0.7018797060819837,0.010008945961997202,0.11799471671943143,5.207794441549036e-06,0.1801255772002055,0.7018797060805961,-3.5443467446224335,-0.4400894997308362,0.05318014682083021,0.19494645292455093,0.010174757527531754,0.022655874238234952
B_mem,1,11.85,1.000000000001991,0.1803072712612248,0.7023708147559977,0.00980416828702454,0.1173219139847688,4.967434852018083e-06,0.1803072712608658,0.7023708147545993,-3.5666802759982565,-0.45068273257784075,0.05223447246928207,0.1920406232691136,0.00996656181108641,0.022334787036022843
B_mem,1,11.9,1.0000000000020053,0.18048350453036432,0.7028648561440543,0.009603993042069176,0.11665163932758676,4.778774610120306e-06,0.1804835045300024,0.7028648561426448,-3.5895348917008505,-0.4610915864704325,0.05130693849052738,0.18920627886244468,0.009763380735320173,0.022016796284566865
B_mem,1,11.950000000000001,1.0000000000020197,0.18065447451785172,0.7033620195842729,0.009408336293775391,0.11598350589989496,4.6342852392534875e-06,0.18065447451748684,0.7033620195828523,-3.612901891798299,-0.4713189635340184,0.050397099605108214,0.18643700507221891,0.009565053365450762,0.02170193950875592
B_mem,1,12.0,1.0000000000020342,0.18082037329734485,0.7038624760693032,0.009217127871405191,0.11531715063538592,4.524429929403955e-06,0.18082037329697703,0.7038624760678714,-3.636772812561846,-0.4813675768868278,0.04950449625851559,0.18372469166765706,0.009371415706872816,0.021390249137897152
B_mem,1,12.05,1.0000000000020484,0.1809813873213784,0.7043663775280298,0.009030307006502323,0.11465223515264021,4.43954907322219e-06,0.1809813873210077,0.7043663775265869,-3.6611393531628167,-0.4912399644771026,0.04862866486511689,0.18106013052475997,0.0091823040355661,0.021081752758418597
B_mem,1,12.1,1.0000000000020628,0.18113769694338264,0.7048738561395014,0.008847817040503227,0.11398844691917866,4.371446232560363e-06,0.181137696943009,0.7048738561380473,-3.6859933127485385,-0.5009385191798127,0.04776915024385045,0.17843379027733708,0.00899755891932656,0.020776473485870764
B_mem,1,12.15,1.0000000000020772,0.1812894757686172,0.7053850237298829,0.008669599911108054,0.11332550050357704,4.314467988087637e-06,0.18128947576824062,0.7053850237284176,-3.7113265445499772,-0.5104655329595651,0.04692551858879336,0.17583667178062204,0.008817029383881863,0.020474430437147775
B_mem,1,12.200000000000001,1.0000000000020917,0.18143688998712626,0.7058999712550553,0.008495591212618307,0.11266313875991002,4.265985822914305e-06,0.18143688998674676,0.7058999712535788,-3.7371309301627837,-0.5198232506851227,0.04609736903785935,0.17326112457675424,0.008640576590861286,0.02017563926527549
B_mem,1,12.25,1.0000000000021063,0.18158009783860876,0.7064187683514541,0.008325716565882999,0.1120011338120433,4.226307123847922e-06,0.1815800978382263,0.7064187683499662,-3.7633983735582497,-0.5290139274237985,0.045284341989077374,0.17070150204350637,0.00846807642762925,0.01988011270618963
B_mem,1,12.3,1.0000000000021203,0.18171924932389877,0.7069414629482893,0.008159889836065859,0.11133928772993242,4.19813397759532e-06,0.18171924932351347,0.7069414629467904,-3.7901208115595093,-0.538039882120996,0.044486122764768786,0.1681545532936844,0.008299420560773927,0.019587861082446995
B_mem,1,12.35,1.000000000002135,0.18185448622124695,0.7074680809681515,0.007998013434378028,0.11067743281273654,4.185733178216726e-06,0.1818544862208587,0.707468080966641,-3.8172902359166088,-0.5469035407124295,0.04370243996057015,0.16561949009323093,0.008134515748886214,0.01929889271391151
B_mem,1,12.4,1.000000000002149,0.1819859424023544,0.707998626188144,0.00783998058720094,0.11001543141165064,4.1939779799960555e-06,0.18198594240196334,0.7079986261866226,-3.844898721769227,-0.5556074629704002,0.04293305870384771,0.1630977200139206,0.007973281501464253,0.019013214199454957
B_mem,1,12.450000000000001,1.0000000000021636,0.182113744386915,0.7085330803769808,0.007685679117865318,0.1093531752382678,4.2273883573025114e-06,0.18211374438652098,0.7085330803754478,-3.8729384579001356,-0.5641543496116315,0.0421777699213304,0.1605922931330421,0.007815646455683303,0.018730830554280486
B_mem,1,12.5,1.0000000000021783,0.18223801203545528,0.709071403851218,0.00753499602838582,0.1086905841155049,4.289256765346268e-06,0.18223801203505832,0.7090714038496735,-3.9014017752501364,-0.57254702909086,0.04143637741444985,0.15810715842416717,0.007661544067815482,0.018451745211003404
B_mem,1,12.55,1.0000000000021925,0.18235885926459622,0.7096135365915772,0.007387822045060562,0.10802760414601906,4.3809206095191e-06,0.1823588592641964,0.7096135365900215,-3.9302811711364507,-0.5807884266342228,0.04070868492335728,0.15564635804468474,0.007510908336195816,0.018175959914769824
B_mem,1,12.6,1.0000000000022067,0.18247639467868826,0.7101594000157323,0.007244055333058841,0.10736420530778644,4.501236432780106e-06,0.18247639467828558,0.7101594000141652,-3.9595693271167556,-0.5888815208901682,0.03999448533746116,0.1532132961432812,0.007363670259447094,0.017903474559119878
B_mem,1,12.65,1.0000000000022211,0.18259072204504295,0.7107088994136741,0.007103603784698489,0.10670037854350424,4.6463151331909556e-06,0.1825907220446374,0.7107088994120956,-3.9892591184632704,-0.5968292955282734,0.03929355376767771,0.15081020106685922,0.0072197555836963235,0.01763428701658874
B_mem,1,12.700000000000001,1.0000000000022353,0.18270194058928646,0.7112619269290529,0.0069663855969820535,0.10603613248389587,4.809576789170497e-06,0.18270194058887806,0.7112619269274629,-4.019343613148425,-0.6046346937406518,0.03860564541323267,0.1484378591219836,0.007079084132867092,0.017368393014631396
B_mem,1,12.75,1.0000000000022495,0.18281014513986962,0.7118183648457642,0.006832328197521109,0.10537149001661567,4.982166398539404e-06,0.1828101451394584,0.7118183648441629,-4.049816058674364,-0.6123005827057205,0.03793049820458513,0.14609564334265152,0.006941570703417442,0.017105786094332807
B_mem,1,12.8,1.000000000002263,0.1829154261908501,0.7123780888534146,0.006701365867655013,0.10470648495799853,5.15373596093634e-06,0.18291542619043616,0.7123780888518024,-4.080669856413897,-0.6198297328416433,0.03726783930993393,0.14378180502220023,0.0068071272133159305,0.016846457669986138
B_mem,1,12.85,1.0000000000022773,0.18301786996673444,0.7129409709503057,0.0065734365823190855,0.10404115908523708,5.313548983168383e-06,0.18301786996631766,0.7129409709486821,-4.111898525317911,-0.6272248136442231,0.036617393971705936,0.14149395235083534,0.006675665594899793,0.016590397187006556
B_mem,1,12.9,1.0000000000022915,0.18311755855798498,0.7135068817072967,0.006448478616849708,0.10337555973700988,5.451807370829475e-06,0.18311755855756537,0.7135068817056617,-4.143495659334301,-0.6344884048113509,0.0359788949240949,0.13922961856453114,0.006547100855108313,0.016337592358769953
B_mem,1,12.950000000000001,1.0000000000023055,0.18321457015763348,0.7140756917414549,0.006326427388126613,0.102709738103217,5.561043745271558e-06,0.18321457015721107,0.7140756917398087,-4.175454884884612,-0.6416230189073003,0.03535209083495631,0.13698682360471623,0.006421353793951291,0.016088029453102427
B_mem,1,13.0,1.0000000000023195,0.1833089793837102,0.7146472723959013,0.00620721286001252,0.10204374822270798,5.6373729543388136e-06,0.18330897938328503,0.7146472723942437,-4.207769825628144,-0.6486311304561282,0.03473675268902469,0.13476455299377532,0.00629835303070774,0.015841693596901463
B_mem,1,13.05,1.0000000000023332,0.18340085763598368,0.7152214957490872,0.006090757714009347,0.10137764661726255,5.681370025624519e-06,0.18340085763555578,0.7152214957474184,-4.2404340813205454,-0.6555152061337087,0.034132677585500544,0.1325631052561253,0.00617803617156635,0.01559856907080149
B_mem,1,13.1,1.000000000002347,0.1834902734207328,0.7157982341524064,0.005976976405413289,0.10071149242920802,5.698357724611179e-06,0.18349027342030214,0.7157982341507264,-4.2734412260404735,-0.6622777313723863,0.03353968987333808,0.1303842842990648,0.006060350100584871,0.015358639571583458
B_mem,1,13.15,1.0000000000023612,0.1835772925875295,0.7163773595093714,0.00586577519554864,0.10004534790546027,5.697959305512215e-06,0.18357729258709604,0.7163773595076799,-4.306784828668971,-0.66892122975954,0.032957639789743566,0.12823142928190379,0.005945250454874527,0.01512188842511999
B_mem,1,13.200000000000001,1.0000000000023752,0.18366197845333657,0.7169587424721935,0.00575705324156381,0.09937927907684518,5.6928973638160155e-06,0.18366197845290033,0.7169587424704905,-4.340458495333013,-0.675448272720038,0.032386399816839884,0.12610928136395333,0.005832700360405472,0.014888298735623473
B_mem,1,13.25,1.0000000000023892,0.18374439183263913,0.7175422516668215,0.005650704793029483,0.09871335650292863,5.697172269373498e-06,0.18374439183220012,0.7175422516651071,-4.374455929598322,-0.6818614779497045,0.03182585893708939,0.12402368930184357,0.005722668492870337,0.014657853458478384
B_mem,1,13.3,1.000000000002403,0.18382459103598975,0.7181277529981323,0.005546622453734328,0.0980476559682809,5.723893754583753e-06,0.18382459103554802,0.7181277529964066,-4.408771001955173,-0.6881634959595732,0.03127591498819725,0.12198116123166682,0.005615126534020198,0.014430535386136655
B_mem,1,13.35,1.000000000002417,0.18390263192989006,0.7187151090652717,0.0054447013084716065,0.09738225900725528,5.783128511786899e-06,0.1839026319294456,0.7187151090635346,-4.443397816707691,-0.6943569850569425,0.030736465489864546,0.11998828351570875,0.005510046149340211,0.014206327041843918
B_mem,1,13.4,1.0000000000024312,0.18397856815565938,0.719304178749041,0.005344843514305509,0.096717253097731,5.880141393684162e-06,0.1839785681552121,0.7193041787472922,-4.478330763258135,-0.7004445762483368,0.030207397644771084,0.1180510500558978,0.005407395719700979,0.013985210485668146
B_mem,1,13.450000000000001,1.0000000000024456,0.18405245157605826,0.7198948171057108,0.005246962771504481,0.09605273132067649,6.014343787859671e-06,0.18405245157560815,0.7198948171039502,-4.513564541043358,-0.7064288308808504,0.029688578610881734,0.1161741721570495,0.005307137186714437,0.013767167050738426
B_mem,1,13.5,1.0000000000024596,0.18412433295805292,0.7204868757726796,0.005150987989455414,0.09538879127172734,6.179133188817146e-06,0.18412433295760006,0.7204868757709074,-4.549094152867329,-0.7123121951699308,0.029179847441674976,0.11436046087094594,0.005209223466561583,0.013552177041990224
B_mem,1,13.55,1.0000000000024742,0.18419426282280857,0.7210802041068336,0.005056865498472153,0.09472553307283223,6.362639750810036e-06,0.18419426282235282,0.7210802041050495,-4.584914868474019,-0.7180969568260172,0.028681010135905093,0.11261038113678642,0.0051135968982880375,0.013340219441040989
B_mem,1,13.6,1.000000000002489,0.18426229232426128,0.7216746511956578,0.0049645593428042385,0.09406305648256982,6.549225503026841e-06,0.18426229232380267,0.7216746511938615,-4.621022166477821,-0.7237852094998914,0.028191838941100618,0.11092186369305763,0.0050201890919309685,0.013131271665307708
B_mem,1,13.65,1.0000000000025036,0.1843284739822678,0.7222700686971234,0.004874049493882132,0.09340145732311252,6.721450739106149e-06,0.18432847398180632,0.7222700686953152,-4.657411666071374,-0.7293788304658715,0.027712076436321596,0.10929042633696537,0.00492892233712832,0.01292530942493664
B_mem,1,13.700000000000001,1.0000000000025187,0.1843928621140382,0.7228663142149663,0.004785328184796761,0.09274082367351401,6.862163255759944e-06,0.18439286211357375,0.7228663142131456,-4.694079059469694,-0.7348794757060931,0.02724144410224758,0.10770960644912514,0.004839712464867571,0.01272230670764486
B_mem,1,13.75,1.000000000002533,0.18445551287927703,0.7234632546739141,0.00469839490919892,0.09208123244934219,6.9563916645335726e-06,0.1844555128788098,0.7234632546720815,-4.731020052739719,-0.7402885943830386,0.02677965425120038,0.10617165192568456,0.004752472783246766,0.01252223590146008
B_mem,1,13.8,1.0000000000025477,0.1845164839595552,0.7240607690096549,0.0046132508761123955,0.09142274703333769,6.992816929406241e-06,0.1845164839590851,0.7240607690078101,-4.768230318563717,-0.7456074618693355,0.026326423521970836,0.10466836951112328,0.004667118493193427,0.012325068042390558
B_mem,1,13.85,1.0000000000025626,0.18457583399384486,0.7246587494970432,0.0045298938125506545,0.09076541651167429,6.964717123334165e-06,0.18457583399337185,0.7246587494951862,-4.8057054616222015,-0.750837227546956,0.02588148579238603,0.10319199851470331,0.004583570879892662,0.012130773152708043
B_mem,1,13.9,1.0000000000025775,0.1846336219507905,0.7252571012267771,0.004448313935907763,0.09010927682501006,6.8703867006673535e-06,0.1846336219503146,0.7252571012249077,-4.843440996570896,-0.7559789711018295,0.025444602408015868,0.1017359710101153,0.0045017605960185935,0.011939320619960083
B_mem,1,13.950000000000001,1.0000000000025926,0.1846899066100641,0.72585573957507,0.004368491692268458,0.08945435381745843,6.713097980655449e-06,0.18468990660958526,0.7258557395731882,-4.881432339489069,-0.7610337595686214,0.02501556807355359,0.10029543896087777,0.00442162950444484,0.01175067956021907
B_mem,1,14.0,1.0000000000026075,0.184744746253053,0.726454585917035,0.004290397518284077,0.08880066783251955,6.500697937548974e-06,0.18474474625257128,0.7264545859151408,-4.91967481475095,-0.7660026972520891,0.024594211531795782,0.09886749112114313,0.004343130806271641,0.011564819112980854
B_mem,1,14.05,1.0000000000026226,0.1847981985567161,0.7270535622164797,0.0042139935013720065,0.08814823922942681,6.244932398178376e-06,0.18479819855623145,0.727053562214573,-4.958163679165368,-0.770886961914563,0.024180391122348238,0.0974510401564754,0.00426622749775775,0.011381708629074993
B_mem,1,14.1,1.000000000002638,0.18485032058705822,0.727652585391777,0.004139236464232143,0.0874970940238025,5.960577604121008e-06,0.1848503205865706,0.7276525853898576,-4.996894163457755,-0.7756878230508976,0.02377398627784399,0.09604642184575737,0.004190889514497459,0.011201317734351618
B_mem,1,14.15,1.0000000000026525,0.18490116873812273,0.7282515624390563,0.004066081759095358,0.0868472688254736,5.664442682706062e-06,0.18490116873763227,0.7282515624371246,-5.035861528271231,-0.7804066412284291,0.023374886769461048,0.09465480059517181,0.0041170901643862124,0.011023616276302408
B_mem,1,14.200000000000001,1.0000000000026674,0.18495079847453183,0.7288503871684759,0.0039944869791212504,0.08619881435965979,5.374287153485546e-06,0.18495079847403847,0.7288503871665318,-5.075061128955663,-0.7850448507571416,0.022982981878561702,0.09327750726129241,0.004044802565267417,0.01084857418275945
B_mem,1,14.25,1.0000000000026825,0.18499926380042991,0.7294489391026507,0.003924414888245326,0.08555179709960162,5.1076806616405274e-06,0.18499926379993364,0.729448939100694,-5.114488481489436,-0.789603930722127,0.022598151555687767,0.0919154393585474,0.003973996759751976,0.010676161276431837
B_mem,1,14.3,1.0000000000026974,0.18504661646704457,0.7300470846687066,0.0038558351024200743,0.08490629886694628,4.880833022393288e-06,0.1850466164665454,0.7300470846667374,-5.154139321305113,-0.7940853710907069,0.022220261065895235,0.09056863009440129,0.0039046379908859938,0.01050634709323725
B_mem,1,14.35,1.0000000000027123,0.18509290501335876,0.7306446803926105,0.0037887243521113295,0.08426241459674266,4.707458986174442e-06,0.18509290501285675,0.7306446803906288,-5.194009647301586,-0.7984906408761347,0.021849159775932405,0.08923604887879019,0.0038366863432638446,0.010339100746140872
B_mem,1,14.4,1.0000000000027265,0.18513817378672584,0.7312415774694813,0.0037230654302492765,0.08362024874651933,4.597815072962008e-06,0.18513817378622108,0.7312415774674875,-5.234095744478585,-0.8028211642249464,0.021484683854322943,0.08791564484354775,0.003770097663979316,0.010174390862384997
B_mem,1,14.450000000000001,1.000000000002741,0.18518246210208672,0.7318376269059932,0.0036588451211685747,0.082979910994661,4.558124710490959e-06,0.18518246210157915,0.7318376269039872,-5.274394180344786,-0.8070783081799455,0.021126661966704412,0.08660460025689982,0.003704825453813526,0.010012185605263835
B_mem,1,14.5,1.0000000000027558,0.18522580367160196,0.732432684436082,0.0035960514872227897,0.08234151189507152,4.590634701724202e-06,0.1852258036710915,0.7324326844340636,-5.314901772954085,-0.8112633833510245,0.020774922703188335,0.08529973230186948,0.0036408233088370623,0.00985245277667715
B_mem,1,14.55,1.0000000000027698,0.18526822638113216,0.7330266145585619,0.003534670880550556,0.08170515906307578,4.694464536888514e-06,0.18526822638061902,0.7330266145565315,-5.355615532610969,-0.8153776564031139,0.020429302477358184,0.08399797225036407,0.003578047496956925,0.009695159986487411
B_mem,1,14.6,1.0000000000027838,0.18530975242196493,0.7336192932780599,0.003474685001256297,0.08107095430275896,4.8672062659673564e-06,0.18530975242144906,0.7336192932760176,-5.396532584781268,-0.8194223715658544,0.02008965287746481,0.08269685638124669,0.0035164593359168573,0.009540274869714238
B_mem,1,14.65,1.0000000000027975,0.1853503987248954,0.7342106093762394,0.003416068279995939,0.08043899190166288,5.1069605859470905e-06,0.18535039872437686,0.7342106093741854,-5.43765008726742,-0.8233987774128795,0.019755846757611755,0.08139497477372226,0.003456027142152275,0.00938776533115493
B_mem,1,14.700000000000001,1.0000000000028115,0.1853901776041352,0.7348004642296272,0.003358785850904516,0.07980935816904902,5.414265710955769e-06,0.18539017760361398,0.7348004642275613,-5.47896515817348,-0.8273081548411334,0.01942778258278045,0.08009233460086651,0.003396727595413895,0.009237599796538766
B_mem,1,14.75,1.0000000000028253,0.1854290975077056,0.7353887703169967,0.003302792392871724,0.07918213217812299,5.793308410602663e-06,0.1854290975071817,0.735388770314919,-5.520474830690903,-0.8311518422721285,0.01910538663922021,0.07879060011713532,0.0033385463970378618,0.009089747448106623
B_mem,1,14.8,1.000000000002839,0.18546716378619837,0.7359754486285968,0.0032480321075875752,0.07855738758804395,6.251963267756472e-06,0.18546716378567182,0.7359754486265073,-5.562176045625032,-0.8349312543879582,0.018788612734891397,0.07749317377987293,0.003281478104838952,0.008944178420374543
B_mem,1,14.85,1.0000000000028524,0.1855043794221426,0.7365604252252911,0.0031944400404587702,0.07793519535541894,6.8005498523087e-06,0.18550437942161346,0.7365604252231901,-5.604065683931031,-0.8386478911604264,0.0184774390556175,0.0762050874644268,0.0032255250417547007,0.0088008639303534
B_mem,1,14.9,1.0000000000028657,0.1855407456989679,0.7371436272640082,0.0031419448044785313,0.07731562703988985,7.449601892336739e-06,0.18554074569843618,0.7371436272618958,-5.646140631766805,-0.8423033346408586,0.01817186203457979,0.07493268575478543,0.0031706952387414986,0.008659776318355298
B_mem,1,14.950000000000001,1.0000000000028795,0.18557626282519182,0.7377249789068644,0.003090472533267077,0.07669875827082329,8.207250846332048e-06,0.18557626282465747,0.7377249789047401,-5.688397862524541,-0.8458992321159546,0.017871887477935864,0.07368310807052472,0.003116999498398853,0.008520888982739304
B_mem,1,15.0,1.0000000000028928,0.18561093055913183,0.7383043976322581,0.003039951632651169,0.07608467181150294,9.076926258351763e-06,0.1856109305585949,0.7383043976301223,-5.730834516176183,-0.8494372659018673,0.01757751972181328,0.07246361092583914,0.003064447838921084,0.008384176205050027
B_mem,1,15.05,1.0000000000029061,0.18564474889483046,0.738881791554518,0.0029903176813897204,0.07547345955355773,1.0055947873096749e-05,0.18564474889429095,0.7388817915523708,-5.773447957003139,-0.852919112105458,0.01728875014395165,0.0712808082394347,0.0030130457548500295,0.008249612879401565
B_mem,1,15.1,1.0000000000029197,0.18567771885725526,0.7394570583488621,0.0029415177129764264,0.07486522279680247,1.1135302190989765e-05,0.18567771885671314,0.7394570583467032,-5.8162357959185265,-0.856346392747551,0.017005546721070387,0.07013993563589432,0.002962790847780908,0.008117174177727664
B_mem,1,15.15,1.0000000000029332,0.18570984340582192,0.7400300862191733,0.002893513161031694,0.07426007037793793,1.2300578626477655e-05,0.1857098434052772,0.7400300862170026,-5.859195871557726,-0.8597206272385801,0.01672784637068496,0.06904425456855562,0.0029136703914542186,0.007986835196322309
B_mem,1,15.200000000000001,1.0000000000029468,0.1857411283722219,0.7406007570823724,0.0028462809531728406,0.0736581145483524,1.3533797266946417e-05,0.18574112837167456,0.74060075708019,-5.902326192979123,-0.8630431898522578,0.016455551492804515,0.06799469848214021,0.002865660285795104,0.007858570635419206
B_mem,1,15.25,1.0000000000029603,0.18577158328962143,0.7411689517615481,0.002799812548068136,0.07305946495179097,1.4815749924947368e-05,0.18577158328907148,0.7411689517593539,-5.945624854138797,-0.8663152792986502,0.016188531456140756,0.06698982685344505,0.0028187256320276826,0.00773235456005771
B_mem,1,15.3,1.000000000002974,0.18580122194440157,0.7417345565298985,0.002754111093607798,0.07246422152867399,1.6128494877995766e-05,0.185801221943849,0.7417345565276925,-5.989089934883368,-0.8695379048358203,0.015926628901726293,0.0660261006287699,0.0027728228747314226,0.007608160277532026
B_mem,1,15.35,1.000000000002988,0.1858300625264858,0.742297470001781,0.0027091872296823075,0.07187246747472104,1.7457742768532196e-05,0.1858300625259305,0.742297469999563,-6.0327194045730606,-0.872711890887501,0.015669669856292104,0.06509843486369601,0.0027279031698072137,0.0074859603468704575
B_mem,1,15.4,1.0000000000030018,0.18585812735752336,0.7428576091741438,0.0026650542868019897,0.07128426347133457,1.879498029529993e-05,0.18585812735696544,0.7428576091719139,-6.076511042952238,-0.8758378993290606,0.015417475915866535,0.06420093331350432,0.0026839164011707734,0.007365726712354216
B_mem,1,15.450000000000001,1.0000000000030156,0.1858854422962283,0.743414913421138,0.002621723737535975,0.07069964428564922,2.0139249613286165e-05,0.18588544229566775,0.7434149134188961,-6.120462389304905,-0.878916466011428,0.015169876353040816,0.06332767646911527,0.0026408151407148494,0.007247430930896267
B_mem,1,15.5,1.00000000000303,0.18591203600682757,0.7439693455699139,0.0025792016828401335,0.07011861842628841,2.1498520095885416e-05,0.18591203600626424,0.7439693455676597,-6.164570726075354,-0.8819480460892967,0.014926718029986555,0.062473426215798815,0.0025985578609778364,0.007131044447053046
B_mem,1,15.55,1.0000000000030442,0.18593793928766217,0.7445208897360118,0.0025374869027562953,0.06954117097937026,2.2890574525103293e-05,0.18593793928709612,0.7445208897337453,-6.208833097710906,-0.884933061543554,0.014687871435275682,0.06163412899676983,0.0025571108576449863,0.0070165388623407215
B_mem,1,15.6,1.0000000000030587,0.18596318459150146,0.7450695461785505,0.0024965706833834328,0.06896726923300658,2.4343319122266556e-05,0.18596318459093267,0.7450695461762715,-6.253246360302646,-0.8878719441448999,0.014453231951130777,0.06080714201462514,0.0025164486006182644,0.006903886149275982
B_mem,1,15.65,1.000000000003073,0.18598780576245993,0.745615324045673,0.002456438276449719,0.0683968701949404,2.589444487557366e-05,0.18598780576188836,0.7456153240433816,-6.2978072537311585,-0.8907651680276777,0.014222716462598685,0.05999116455351309,0.002476552562523459,0.006793058775028306
B_mem,1,15.700000000000001,1.000000000003088,0.18601183790423997,0.7461582333528257,0.0024170715052701003,0.06782992874602221,2.7590423662583787e-05,0.18601183790366557,0.7461582333505216,-6.342512486545469,-0.8936132679195297,0.013996256361463424,0.05918591588692847,0.0024374088802920197,0.006684029720587365
B_mem,1,15.75,1.0000000000031026,0.186035317219676,0.7466982776129851,0.0023784518601903545,0.06726640517044159,2.9484901925297168e-05,0.1860353172190988,0.7466982776106684,-6.387358825074766,-0.8964168417242961,0.013773788664752368,0.058391649147694326,0.0023990054202941164,0.006576772403870017
B_mem,1,15.8,1.0000000000031177,0.18605828064865576,0.7472354483506435,0.0023405634246759463,0.06670627100381836,3.1636632599291926e-05,0.18605828064807567,0.7472354483483138,-6.432343181280553,-0.8991765390960146,0.01355524724620269,0.057608615871143846,0.00236132890384676,0.00647126053466241
B_mem,1,15.85,1.0000000000031326,0.18608076517312114,0.7477697223971107,0.002303395059085405,0.06614951243290094,3.4107144427783945e-05,0.18608076517253822,0.7477697223947682,-6.477462696407497,-0.90189304016385,0.013340555956802705,0.056836593477699066,0.0023243626721386273,0.006367467940386825
B_mem,1,15.9,1.000000000003148,0.18610280674103785,0.7483010622482631,0.0022669414963328045,0.06559613101384701,3.695838313651211e-05,0.18610280674045201,0.7483010622459075,-6.522714817484417,-0.9045670301601877,0.013129624783375435,0.05607456164201865,0.002288085460339774,0.00626536840235611
B_mem,1,15.950000000000001,1.0000000000031626,0.18612443887204305,0.7488294191097925,0.0022312032905004824,0.06504614202132701,4.025057744654536e-05,0.1861244388714544,0.7488294191074243,-6.568097360757057,-0.9071991760472914,0.012922349454992535,0.05532057349800436,0.0022524713065456025,0.006164935535355726
B_mem,1,16.0,1.0000000000031777,0.1861456911053001,0.7493547379146077,0.002196185715026295,0.06449957098326975,4.404058791728806e-05,0.1861456911047086,0.7493547379122265,-6.613608552135804,-0.9097901102284658,0.012718614223236755,0.05457182587511948,0.002217490497118106,0.0060661427318824375
B_mem,1,16.05,1.0000000000031926,0.18616658750239634,0.7498769633735038,0.0021618968015144997,0.06395644912729241,4.83809792635945e-05,0.18616658750180198,0.7498769633711099,-6.659247033064513,-0.9123404244986651,0.012518297033441914,0.05382490033180026,0.0021831112847798782,0.005968963179102277
B_mem,1,16.1,1.0000000000032074,0.1861871454223281,0.7503960459406646,0.0021283448199332956,0.0634168086402148,5.331999806661285e-05,0.1861871454217309,0.7503960459382577,-6.705011823622424,-0.9148506752128368,0.012321276142468474,0.053076129233923894,0.0021493020653089454,0.0058733699465416365
B_mem,1,16.15,1.0000000000032223,0.18620737473498106,0.7509119467859158,0.0020955354870033057,0.0628806784823253,5.890252173812668e-05,0.18620737473438104,0.7509119467834962,-6.750902243521262,-0.9173213986272486,0.012127437332432517,0.05232203585247143,0.002116033731883063,0.005779336136783326
B_mem,1,16.2,1.0000000000032372,0.18622727754511972,0.7514246412536056,0.002063469129417225,0.06234808120451167,6.517187482101155e-05,0.18622727754451687,0.7514246412511731,-6.796917803401249,-0.9197531338105247,0.011936680958657424,0.051559798380876286,0.0020832819573372665,0.005686835086645626
B_mem,1,16.25,1.0000000000032514,0.1862468484102114,0.7519341203932528,0.0020321381197542024,0.061819031199787385,7.217221794101024e-05,0.18624684840960584,0.751934120390808,-6.843058089051742,-0.9221464496778217,0.01174892814439089,0.050787689906634376,0.0020510291807824196,0.005595840602043631
B_mem,1,16.3,1.0000000000032663,0.18626607497431635,0.7524403903039563,0.0020015249741418277,0.06129353472499369,7.995105949785858e-05,0.18626607497370795,0.7524403903014986,-6.88932266558628,-0.9245019723405262,0.011564125516392704,0.05000544582474499,0.0020192661033302155,0.005506327206402058
B_mem,1,16.35,1.0000000000032807,0.1862849388973229,0.7529434694868189,0.001971601411185464,0.06077159161913888,8.85613797454873e-05,0.18628493889671174,0.7529434694843488,-6.935711024918319,-0.926820408748925,0.011382247820675208,0.04921450730589949,0.00198799248114159,0.005418270377250439
B_mem,1,16.4,1.0000000000032951,0.18630341695235056,0.7534433845787104,0.0019423286357336362,0.060253198472234135,9.806292489513468e-05,0.18630341695173666,0.7534433845762277,-6.982222588891008,-0.9291025627088945,0.01120329769566924,0.048418090944057024,0.0019572169853025218,0.0053316467397616744
B_mem,1,16.45,1.0000000000033096,0.18632148219737496,0.7539401647456185,0.0019136590819355916,0.05973835306031618,0.00010852241335153092,0.18632148219675831,0.7539401647431233,-7.028856765627091,-0.9313493399770116,0.011027302127961196,0.04762104711974338,0.0019269559806833357,0.0052464341859111896
B_mem,1,16.5,1.0000000000033242,0.1863391051584004,0.7544338353407549,0.0018855395491496228,0.0592270595041687,0.00012001264188984233,0.186339105157781,0.754433835338247,-7.0756130428355615,-0.9335617401653458,0.010854305589192401,0.046829494266699564,0.00189723123154608,0.005162611894554163
B_mem,1,16.55,1.0000000000033382,0.18635625498866615,0.7549244118737288,0.0018579153093288628,0.05871933314094314,0.0001326107134401601,0.18635625498804406,0.7549244118712087,-7.122491093003328,-0.9357408347381907,0.01068436034447393,0.046050251811759924,0.0018680667020468567,0.005080160238333363
B_mem,1,16.6,1.0000000000033522,0.18637290061502512,0.7554118951473848,0.0018307346643014581,0.05821520424094243,0.00014639577340096627,0.18637290061440037,0.7554118951448525,-7.169490863578045,-0.9378877325963373,0.010517515041681589,0.045290135851696216,0.0018394848205506933,0.0049990605800295075
B_mem,1,16.65,1.0000000000033662,0.18638901190533827,0.7558962681563932,0.001803953332922352,0.05771471994163479,0.00016144671872251603,0.18638901190471086,0.7558962681538487,-7.216612629957265,-0.9400035369981345,0.010353803321246696,0.04455521639625762,0.0018115027795469441,0.004919294982605862
B_mem,1,16.7,1.0000000000033809,0.18640456085128354,0.7563774955770087,0.001777537861861558,0.05721794357508863,0.0001778403474166816,0.18640456085065332,0.7563774955744516,-7.263856998199137,-0.9420892991055014,0.010193234339333807,0.04385015141376826,0.0017841294884702475,0.004840845873923063
B_mem,1,16.75,1.000000000003395,0.18641952270692996,0.7568555264943595,0.00175146741869287,0.05672495080210561,0.00019565036995604213,0.18641952270629705,0.7568555264917899,-7.311224855230087,-0.9441459742378918,0.010035786748410552,0.04317770738229308,0.0017573636780548125,0.004763695714246115
B_mem,1,16.8,1.0000000000034095,0.18643387698060693,0.7573303000219636,0.001725733799064928,0.05623582300083901,0.0002149476198068398,0.18643387697997127,0.7573303000193814,-7.358717274727386,-0.9461743869266599,0.009881407202071344,0.04253854879626398,0.001731193495341059,0.004687826716048169
B_mem,1,16.85,1.000000000003424,0.18644760812390826,0.7578017529099108,0.0017003397239780406,0.05575063896960483,0.00023580167105207903,0.18644760812326988,0.7578017529073161,-7.406335395239979,-0.9481752096251573,0.009730013755809955,0.041931331701109326,0.0017055976989532443,0.004613220658950223
B_mem,1,16.9,1.0000000000034381,0.18646070575230816,0.7582698283778885,0.0016752956418186278,0.05526946587324149,0.00025828388476850097,0.1864607057516671,0.7582698283752815,-7.454080292428805,-0.9501489576787298,0.009581503466133024,0.041353078754126124,0.0016805482143889237,0.004539858822966252
B_mem,1,16.95,1.0000000000034521,0.18647316433486671,0.7587344849635971,0.0016506156913461095,0.054792350704988564,0.00028247166713154083,0.18647316433422298,0.7587344849609778,-7.501952868845203,-0.9520960008236167,0.009435762593299587,0.04079976141270289,0.0016560135182557571,0.004467722038532315
B_mem,1,17.0,1.0000000000034666,0.1864849824307289,0.7591957033918885,0.001626313788470888,0.05431931418084933,0.00030845346528264687,0.18648498243008244,0.7591957033892567,-7.549953782043676,-0.954016589265701,0.00929267752763823,0.04026697833754722,0.0016319622315682442,0.004396790832933496
B_mem,1,17.05,1.000000000003481,0.1864961616303735,0.7596534900072266,0.0016024005049195187,0.05385034836588082,0.0003363338117216379,0.1864961616297243,0.7596534900045823,-7.598083425208112,-0.9559108900385936,0.00915214451227618,0.039750602207387103,0.0016083662916622746,0.004327045637289357
B_mem,1,17.1,1.0000000000034952,0.18650670540893363,0.7601078766881237,0.0015788810718303044,0.05338541790643771,0.0003662376223288951,0.18650670540828176,0.760107876685467,-7.646341964916145,-0.9577790275708538,0.009014076285753878,0.03924727661310287,0.0015852030936951782,0.004258467004668344
B_mem,1,17.150000000000002,1.0000000000035096,0.1865166181230343,0.7605589174683322,0.0015557548701696073,0.05292446441214336,0.0003983130089049456,0.18651661812237968,0.7605589174656628,-7.6947294303114635,-0.9596211221057841,0.008878404459027572,0.03875468239460514,0.0015624562231172055,0.004191035789675954
B_mem,1,17.2,1.0000000000035243,0.18652590429207302,0.7610066819269633,0.0015330165285047893,0.052467413784487875,0.000432732096154077,0.18652590429141566,0.7610066819242813,-7.74324583962752,-0.9614373204173905,0.008745077676306562,0.03827154616950447,0.0015401148065770339,0.004124733256575461
B_mem,1,17.25,1.0000000000035387,0.18653456812960634,0.7614512465749212,0.0015106580635190089,0.052014185299011355,0.00046968969176878524,0.18653456812894625,0.7614512465722267,-7.791891346199705,-0.9632278145578818,0.008614056467235287,0.037797416834197885,0.0015181717883781317,0.00405954110210089
B_mem,1,17.3,1.0000000000035536,0.18654261318719775,0.7618926867304996,0.0014886712843030793,0.05156470008585619,0.000509400053226714,0.18654261318653487,0.7618926867277921,-7.8406663876799065,-0.9649928466540865,0.008485306020862022,0.03733228076505905,0.0014966215424566658,0.003995441393492024
B_mem,1,17.35,1.0000000000035685,0.18655004195441638,0.7623310705060247,0.00146705011503994,0.05111888754312731,0.000552092315939055,0.1865500419537507,0.7623310705033043,-7.889571827576529,-0.9667327010484165,0.00835878852049689,0.03687611564786596,0.001475457360084863,0.003932416440242301
B_mem,1,17.400000000000002,1.000000000003583,0.186556855224622,0.7627664549715836,0.0014457925827245591,0.05067668980737754,0.0005980053160182538,0.1865568552239536,0.7627664549688506,-7.938609084009886,-0.9684476877291357,0.008234456929771943,0.03642848458935845,0.0014546694312189308,0.0038704486361151513
B_mem,1,17.45,1.000000000003598,0.18656305104391338,0.7631988849058162,0.0014249018749210288,0.050238064053868305,0.000647382544252767,0.1865630510432421,0.7631988849030702,-7.987780243233544,-0.9701381219396124,0.008112251440941567,0.03598824699002366,0.001434243710623651,0.003809520309070616
B_mem,1,17.5,1.0000000000036124,0.186568623216216,0.7636283952547919,0.001404386130230254,0.04980298153260465,0.0007004678538790815,0.18656862321554205,0.7636283952520333,-8.03708815383108,-0.9718043049392228,0.007992098700604364,0.03555342838599515,0.0014141616991442565,0.0037496136031715944
B_mem,1,17.55,1.0000000000036273,0.1865735595181974,0.7640550168025414,0.0013842573798213457,0.04937142368288842,0.0007575023821900571,0.18657355951752064,0.76405501679977,-8.086536493490918,-0.9734465106411919,0.007873913577847124,0.03512126156057621,0.001394401056256236,0.003690710409078415
B_mem,1,17.6,1.000000000003642,0.18657783981620746,0.7644787826017203,0.0013645300644100043,0.04894337758571431,0.0008187229779208538,0.18657783981552795,0.7644787825989361,-8.136129797650304,-0.9750649813461016,0.007757603348428039,0.034688384629566305,0.001374936996278974,0.003632792359591118
B_mem,1,17.650000000000002,1.0000000000036569,0.18658143426296436,0.764899733762559,0.0013452189271801064,0.04851883197813335,0.0008843622501593453,0.18658143426228208,0.764899733759762,-8.185873441207976,-0.9766599331103837,0.007643073713376271,0.03425116010029946,0.0013557442723050438,0.003575840896461141
B_mem,1,17.7,1.0000000000036717,0.18658430181049346,0.7653179252031995,0.001326336219859862,0.0480977729899787,0.0009546501425286275,0.18658430180980837,0.7653179252003894,-8.235773571558775,-0.9782315694016173,0.007530235497535273,0.03380607140380785,0.0013367993665240165,0.0035198373979632245
B_mem,1,17.75,1.0000000000036864,0.1865863892841672,0.7657334309337158,0.001307888949584277,0.04768017978580336,0.001029816680371235,0.18658638928347937,0.7657334309308931,-8.285837001295349,-0.9797801013169517,0.007419011246367398,0.0333501570604436,0.0013180826305965883,0.0034647633545776334
B_mem,1,17.8,1.0000000000037015,0.18658763111329918,0.7661463463124352,0.0012898768296089442,0.04726602257796689,0.0011100952837020117,0.18658763111260854,0.7661463463095993,-8.336071078481735,-0.981305772082616,0.007309341591914491,0.03288144013515408,0.0012995803347472174,0.00341060058767284
B_mem,1,17.85,1.000000000003716,0.18658794968402026,0.7665567861415997,0.0012722907632751555,0.046855264178096,0.0011957258760906557,0.18658794968332693,0.7665567861387512,-8.386483558235055,-0.9828088820936378,0.007201190829438794,0.03239929809288287,0.0012812864440221567,0.003357331497372326
B_mem,1,17.900000000000002,1.0000000000037303,0.18658725630211928,0.7669648807312531,0.0012551117435060416,0.04644786297035808,0.0012869570372084987,0.18658725630142325,0.7669648807283921,-8.437082499934103,-0.9842898101718099,0.007094550278587664,0.03190471259232727,0.0012632036581933718,0.0033049393040075494
B_mem,1,17.95,1.000000000003745,0.18658545273658664,0.7673707715615778,0.0012383109606922185,0.046043775705580645,0.0013840466680128454,0.18658545273588786,0.767370771558704,-8.487876209926146,-0.9857490278354645,0.006989438354951116,0.031400349462944545,0.001245343370554665,0.0032534082432871207
B_mem,1,18.0,1.0000000000037599,0.18658243312754788,0.7677746049957778,0.001221851800757648,0.045642961880434166,0.0014872609941538398,0.18658243312684636,0.7677746049928911,-8.538873241291927,-0.9871871043065548,0.006885897438559666,0.03089043584611442,0.0012277245824248387,0.00320272369128515
B_mem,1,18.05,1.0000000000037743,0.18657808591999922,0.7681765231103654,0.001205693101654567,0.04524539097340966,0.0015968720956264116,0.186578085919295,0.7681765231074661,-8.590082451534471,-0.9886046997963798,0.006783987852287623,0.030380420395384394,0.0012103718833605846,0.003152872202205869
B_mem,1,18.1,1.0000000000037885,0.18657229561230013,0.7685766549986881,0.0011897926009492923,0.04485104939280044,0.001713154399816522,0.1865722956115933,0.7685766549957763,-8.641513107815658,-0.9900025454570154,0.0066837788417248075,0.029876436618028634,0.0011933124684750443,0.0031038414362996748
B_mem,1,18.150000000000002,1.000000000003803,0.1865649442643871,0.7689751124344378,0.0011741105098954647,0.044459943304978024,0.0018363806667547073,0.18656494426367762,0.7689751124315135,-8.69317501991938,-0.9913814115698311,0.0065853372379927845,0.029384638899180665,0.0011765724226940194,0.0030556199699107245
B_mem,1,18.2,1.0000000000038176,0.18655591268117833,0.7693719890157781,0.0011586134786937938,0.04407209830686117,0.001966817974387882,0.18655591268046612,0.7693719890128409,-8.745078675801564,-0.9927420685751829,0.006488716199604298,0.028910517633816593,0.0011601730599026005,0.0030081970198964983
B_mem,1,18.25,1.000000000003832,0.1865450811596102,0.769767359830922,0.0011432779753102471,0.04368755901329992,0.0021047241681854765,0.18654508115889534,0.7697673598279723,-8.797235354658223,-0.9940852459765298,0.006393946645936658,0.02845830295339953,0.00114412816904445,0.0029615621388033087
B_mem,1,18.3,1.0000000000038467,0.18653232985085344,0.7701612830054722,0.0011280914965526234,0.04330638714752119,0.002250345240153751,0.1865323298501359,0.7701612830025095,-8.849657197419155,-0.995411593566806,0.006301032323689497,0.028030548057517694,0.0011284424667286895,0.0029157049235034285
B_mem,1,18.35,1.0000000000038614,0.18651753891158607,0.7705538072718879,0.0011130515304936999,0.04292865382038713,0.002403914142099497,0.18651753891086587,0.7705538072689125,-8.902357222539965,-0.9967216502188033,0.0062099483939706,0.027627960919836977,0.0011131112100089646,0.0028706147639437074
B_mem,1,18.400000000000002,1.0000000000038758,0.18650058847140677,0.7709449846499604,0.0010981636608350953,0.04255442688250845,0.0025656515398714934,0.18650058847068393,0.7709449846469724,-8.955349283668822,-0.9980158260375388,0.006120644054976765,0.027249518118551162,0.001098121128699762,0.002826280668877479
B_mem,1,18.45,1.0000000000038907,0.1864813582924885,0.7713348815955571,0.0010834394328590184,0.04218376011584475,0.0027357688778414787,0.18648135829176296,0.771334881592556,-9.008647973728726,-0.999294400930896,0.006033049716667855,0.026892834463672632,0.001083452835646379,0.0027826912097287174
B_mem,1,18.5,1.000000000003905,0.18645972717294523,0.7717235849937782,0.0010688932336564028,0.04181668783718177,0.0029144737858602097,0.1864597271722171,0.7717235849907645,-9.06226848691171,-1.0005575379471559,0.005947087136442975,0.026554699558854308,0.0010690841837146198,0.002739834585299116
B_mem,1,18.55,1.0000000000039195,0.18643557241723752,0.7721112064796246,0.0010545382417385747,0.04145322110705748,0.0031019773548013026,0.18643557241650677,0.7721112064765983,-9.116226456413058,-1.0018053073905293,0.005862679149826238,0.026231665199909455,0.0010549934632219636,0.002697698760160349
B_mem,1,18.6,1.0000000000039342,0.1864087696255408,0.7724978878764651,0.0010403834000260752,0.04109334250192823,0.0032985022613422955,0.18640876962480743,0.772497887873426,-9.170537791336772,-1.0030377182885497,0.005779756780679748,0.025920577950050754,0.0010411617185076703,0.002656271625156737
B_mem,1,18.650000000000002,1.0000000000039486,0.1863791927477627,0.7728838030151094,0.001026432980092345,0.04073700424107672,0.0035042903277625933,0.18637919274702677,0.7728838030120576,-9.225218539745944,-1.0042547533853485,0.0056982638372009686,0.025618969837650232,0.0010275742259723422,0.002615541159283941
B_mem,1,18.7,1.0000000000039633,0.18634671427008015,0.7732691501957426,0.0010126877423061707,0.040384135538140443,0.0037196080317424968,0.1863467142693416,0.773269150192678,-9.280284804277493,-1.0054564012485974,0.005618159177296887,0.02532523829293849,0.0010142212000544316,0.002575495577133593
B_mem,1,18.75,1.000000000003978,0.18631120554543074,0.7736541389076557,0.0009991457687109607,0.04003465555089161,0.003944748805173745,0.1863112055446896,0.7736541389045781,-9.33575273084334,-1.0066426784684555,0.005539415303461073,0.025038587865308874,0.0010010972953568714,0.002536123417390459
B_mem,1,18.8,1.0000000000039928,0.1862725371940666,0.7740389806388377,0.0009858031039734285,0.039688482171088606,0.004180031596739224,0.18627253719332287,0.774038980635747,-9.39163858035895,-1.0078136391194132,0.005462012560995434,0.02475877483694847,0.000988199677455069,0.0024974135286302272
B_mem,1,18.85,1.0000000000040075,0.18623057915980054,0.7744238866027939,0.0009726558357195371,0.039345534241412794,0.004425795909235477,0.18623057915905422,0.7744238865996904,-9.447958880489844,-1.0089693738181604,0.005385931332155432,0.024485749080791187,0.0009755254553171593,0.0024593549662039545
B_mem,1,18.900000000000002,1.0000000000040221,0.1861851999610574,0.7748090652698999,0.0009597034035843129,0.03900573477306486,0.0046823941213098115,0.18618519996030855,0.7748090652667835,-9.50473064179945,-1.0101100016756361,0.005311145999377772,0.02421928802638468,0.0009630697121283128,0.002421936862992835
B_mem,1,18.95,1.0000000000040365,0.18613626512647466,0.7751947153348977,0.0009469505075965639,0.038669019542664336,0.004950182219245057,0.18613626512572332,0.7751947153317685,-9.561971612461374,-1.011235656549898,0.005237621827075089,0.02395868577228627,0.0009508245041595882,0.0023851483145963235
B_mem,1,19.0,1.0000000000040514,0.18608363518226964,0.7755810212868983,0.0009344061239917775,0.03833534353488335,0.005229510104323909,0.18608363518151574,0.7755810212837561,-9.619700538949195,-1.012346469694412,0.005165312993132855,0.023702542575241493,0.0009387782419095821,0.0023489782674041087
B_mem,1,19.05,1.0000000000040659,0.18602716340323389,0.7759681604371305,0.0009220815484176274,0.038004676163701574,0.0055207125233690405,0.18602716340247752,0.7759681604339754,-9.677937397215041,-1.0134425545376413,0.0050941610089207875,0.023448699380690344,0.0009269152024343831,0.002313415401617637
B_mem,1,19.1,1.0000000000040807,0.18596669326892432,0.7763563174460173,0.0009099899489655353,0.037676989289139325,0.0058241015184264736,0.18596669326816542,0.7763563174428492,-9.736703559917062,-1.0145240000674345,0.005024095736169624,0.023194341000782662,0.0009152158935710253,0.0022784480554565475
B_mem,1,19.150000000000002,1.0000000000040954,0.18590205579507577,0.7767456931089232,0.0008981466111428019,0.037352251100096635,0.0061399611450970205,0.18590205579431443,0.776745693105742,-9.796021870524724,-1.0155908742897541,0.004955040834107276,0.02293624139277216,0.0009036588617982895,0.0022440642487124088
B_mem,1,19.2,1.0000000000041105,0.18583306738472855,0.7771365028551653,0.0008865669479713009,0.0370304297642165,0.006468545009246577,0.18583306738396468,0.7771365028519709,-9.855916605181704,-1.0166432339635825,0.004886921517562344,0.022671090495950535,0.0008922232397541975,0.0022102517982997504
B_mem,1,19.25,1.000000000004125,0.1857595287873233,0.7775289752784933,0.0008752620006214174,0.03671149593830836,0.0068100768359350364,0.18575952878655705,0.7775289752752861,-9.916413318237643,-1.0176811375190027,0.004819670674034782,0.022395858037853468,0.0008808907374376239,0.00217699846172191
B_mem,1,19.3,1.0000000000041398,0.18568122513744742,0.7779233600002721,0.0008642349078435488,0.03639541486642011,0.007164753804166126,0.18568122513667873,0.7779233599970516,-9.977538585953628,-1.0187046623216336,0.004753232706801631,0.022108181400906226,0.0008696468760893932,0.002144292078533451
B_mem,1,19.35,1.000000000004155,0.1855979267186987,0.7783199376323707,0.0008534809431228213,0.03608213565308534,0.007532751867645947,0.18559792671792757,0.7783199376291369,-10.039319681294144,-1.019713927468397,0.004687568185788501,0.021806754417496674,0.0008584824778308303,0.00211212075229601
B_mem,1,19.400000000000002,1.0000000000041698,0.18550939047744414,0.7787190164326203,0.0008429891296916923,0.035771593094105415,0.007914231918600663,0.18550939047667062,0.7787190164293732,-10.101784225802394,-1.0207091176266159,0.00462266062920804,0.021491646436315952,0.0008473958404988931,0.00208047310771136
B_mem,1,19.45,1.0000000000041847,0.18541536266776784,0.7791209139667896,0.0008327418187319584,0.03546372336962743,0.008309345585003233,0.18541536266699193,0.7791209139635292,-10.16495986802828,-1.021690499627605,0.004558521543024643,0.021164461851481665,0.0008363943267129978,0.00204933856288565
B_mem,1,19.5,1.0000000000042,0.18531558257179342,0.779525940125157,0.0008227126415592482,0.03515847730724967,0.008718239695893922,0.1853155825710151,0.779525940121883,-10.22887403042268,-1.0226584273697437,0.0044951888308263155,0.02082829464253881,0.0008254937760997116,0.002018707502527181
B_mem,1,19.55,1.0000000000042153,0.1852097864624624,0.7799343948355706,0.0008128672375737124,0.03485581870618224,0.009141058878962298,0.18520978646168168,0.7799343948322829,-10.293553750055938,-1.023613337304756,0.004432719073989033,0.02048749420054389,0.0008147159221721091,0.0019885713074727063
B_mem,1,19.6,1.0000000000042306,0.1850977109547282,0.7803465726552032,0.0008031689242296568,0.034555716394299316,0.009577946182128587,0.18509771095394514,0.7803465726519019,-10.359025617520368,-1.0245557375396384,0.004371179032597628,0.02014727606968543,0.0008040855769272124,0.001958922301815991
B_mem,1,19.650000000000002,1.0000000000042464,0.1849790957146863,0.7807627560173205,0.0007935854903012636,0.03425814827223951,0.010029041896755804,0.1849790957139008,0.780762756014005,-10.425315798471615,-1.0254861883350952,0.004310639458914994,0.019813195467495524,0.0007936285931252641,0.001929753679539201
B_mem,1,19.7,1.0000000000042615,0.18485368602687605,0.7811831949841844,0.0007840917771275584,0.03396311899320101,0.010494480878540956,0.1848536860260883,0.7811831949808554,-10.492450108306896,-1.0264052698625001,0.00425116835365397,0.019490518477355945,0.0007833696594008434,0.0019010593754514391
B_mem,1,19.75,1.0000000000042768,0.1847212352330897,0.7816080934865188,0.0007746681422315359,0.03367067128466827,0.010974388687944188,0.1847212352322997,0.7816080934831761,-10.560454105051937,-1.027313540008105,0.004192820164752474,0.01918359350326368,0.0007733287865069524,0.0018728338052316175
B_mem,1,19.8,1.0000000000042921,0.1845815063447557,0.7820376195895248,0.0007653000517255236,0.033380874070011675,0.011468876909743776,0.18458150634396345,0.7820376195861681,-10.62935316809076,-1.0282114937682825,0.004135623938347381,0.018895373915402608,0.0007635174789692927,0.0018450715014395028
B_mem,1,19.85,1.0000000000043074,0.1844342723810247,0.782471930971693,0.0007559816343379797,0.033093796651589756,0.011978038123581967,0.18443427238023025,0.7824719309683226,-10.699172537902117,-1.0290995354184154,0.004079578336959308,0.018627200717986132,0.0007539371794840345,0.0018177667985072037
B_mem,1,19.900000000000002,1.000000000004323,0.18427931599703762,0.782911189685904,0.0007467190198748284,0.03280949432138116,0.012501941169607442,0.18427931599624098,0.7829111896825195,-10.76993730102284,-1.0299779650900576,0.00402465704657593,0.018378848436610324,0.0007445811166473806,0.0017909136966337879
B_mem,1,19.95,1.0000000000043383,0.18411642935156958,0.7833555555113062,0.0007375274362982679,0.032528015141462696,0.013040627503983965,0.18411642935077083,0.7833555555079078,-10.841672313243816,-1.030846974178476,0.003970818842825819,0.01814876622187383,0.000735437656686376,0.0017645058727666892
B_mem,1,20.0,1.0000000000043539,0.183945414326447,0.7838051764755535,0.0007284227263611323,0.03224940920235315,0.01359410946491342,0.18394541432564615,0.7838051764721409,-10.914402062730485,-1.0317066472290242,0.0039180140022400355,0.017934455868541064,0.0007264924331022055,0.0017385367029334195
B_mem,1,20.05,1.000000000004369,0.1837660823066536,0.7842602004277627,0.000719414961782728,0.03197371726995283,0.014162371095470017,0.18376608230585073,0.7842602004243363,-10.988150483868075,-1.0325569753653547,0.00386618620644115,0.01773295832725701,0.0007177289879358843,0.0017129992426334975
B_mem,1,20.1,1.0000000000043845,0.18357825312022275,0.7847208039163907,0.0007105097363257414,0.03170094296777097,0.014745371782792822,0.18357825311941786,0.7847208039129501,-11.062940741323429,-1.033397885432668,0.0038152767093157965,0.017541390340116148,0.0007091301485173035,0.0016878862637638862
B_mem,1,20.150000000000002,1.0000000000043996,0.18338175402385076,0.7851872076888602,0.0007017135146387484,0.03143103829168856,0.015343052447103642,0.18338175402304396,0.7851872076854057,-11.138795009673586,-1.0342292780852507,0.003765234735719264,0.017357400096260935,0.0007006814287762819,0.0016631904493904172
B_mem,1,20.2,1.0000000000044147,0.1831764200531302,0.7856596574005605,0.0006930346684691616,0.031163922550724175,0.0159553434975452,0.18317642005232154,0.7856596573970921,-11.215734274392663,-1.0350510595002989,0.003716027869639622,0.017179396729133014,0.0006923743990138689,0.001638904672598016
B_mem,1,20.25,1.00000000000443,0.18296209587938092,0.786138385653714,0.0006844779742565713,0.03089951847133519,0.016582173435946337,0.1829620958785704,0.7861383856502314,-11.29377817418479,-1.0358631565464302,0.003667642134081589,0.017006507042032614,0.0006842066618178052,0.0016150221486281732
B_mem,1,20.3,1.0000000000044453,0.18273863789619715,0.7866235929810437,0.0006760399042488918,0.030637769127204454,0.01722347695330081,0.18273863789538483,0.7866235929775469,-11.372944894264208,-1.036665519306677,0.003620070319426808,0.016838348464103585,0.0006761779918683646,0.001591536343821714
B_mem,1,20.35,1.0000000000044607,0.1825059153770596,0.7871154632399151,0.0006677125628467154,0.030378621387485705,0.01787920163390412,0.1825059153762455,0.787115463236404,-11.453251108494308,-1.0374581219768393,0.003573299225882487,0.016674754174121075,0.0006682861543543719,0.0015684407628193714
B_mem,1,20.400000000000002,1.0000000000044755,0.1822638110287912,0.7876141873782442,0.0006594940376663189,0.030122001597440096,0.018549312844359095,0.18226381102797545,0.7876141873747192,-11.534711958716539,-1.0382409657338603,0.0035273069708789857,0.016515517064216695,0.0006605260445047205,0.0015457288373648243
B_mem,1,20.45,1.0000000000044906,0.18201222213718868,0.7881199581409787,0.0006513943175638814,0.02986781972632325,0.019233796867830867,0.18201222213637133,0.7881199581374395,-11.617341054340256,-1.0390140756513886,0.0034820690058252426,0.01636013735838536,0.0006528916762935152,0.0015233939769446977
B_mem,1,20.5,1.000000000004506,0.18175106253618184,0.7886329329007635,0.0006434299625430101,0.029616004567560694,0.019932662710077872,0.18175106253536288,0.78863293289721,-11.70115047460943,-1.039777484102277,0.0034375608334205458,0.016207571720838462,0.0006453770750324867,0.0015014296083230862
B_mem,1,20.55,1.0000000000045217,0.18148026402217282,0.7891532035709324,0.0006356134737001261,0.02936653241141634,0.020645943192315705,0.18148026402135223,0.7891532035673641,-11.786150758581407,-1.0405312068088646,0.0033937500320173936,0.016056067614349356,0.0006379736701140076,0.0014798290216753716
B_mem,1,20.6,1.000000000004537,0.18119977573709473,0.7896808112800456,0.0006279496919228347,0.029119412987396547,0.02137369596646039,0.1811997757362726,0.7896808112764628,-11.872350871745718,-1.041275228904476,0.0033505851772460326,0.01590319979099686,0.0006306666970036642,0.0014585850862350398
B_mem,1,20.650000000000002,1.0000000000045524,0.1809095617971627,0.7902157967095818,0.0006204432694558243,0.028874641497807923,0.022116004986079532,0.18090956179633913,0.7902157967059844,-11.959758141819451,-1.0420095123879392,0.0033079963485982593,0.015746133627340616,0.0006234354128482331,0.0014376901100535597
B_mem,1,20.7,1.0000000000045677,0.1806095990205416,0.7907582359096901,0.0006131074486349864,0.028632165074335997,0.022872982778475548,0.18060959901971663,0.7907582359060782,-12.048378159675295,-1.042734017939956,0.0032659112801999126,0.015582001566660165,0.0006162584183671357,0.0014171360250985047
B_mem,1,20.75,1.0000000000045828,0.18029987607812153,0.7913082242768481,0.0006059615198376007,0.02839189964961314,0.023644773606889172,0.18029987607729525,0.7913082242732217,-12.138214646331994,-1.04344872312194,0.003224274133072183,0.01540824072041281,0.0006091197907138999,0.0013969147609304833
B_mem,1,20.8,1.0000000000045979,0.1799803933806782,0.7918658274194066,0.0005990167555222414,0.028153779204513237,0.02443155731734712,0.17998039337985067,0.7918658274157657,-12.229269294941705,-1.044153627863357,0.003183050421418474,0.015222843222546783,0.0006020106446328865,0.001377018487519815
B_mem,1,20.85,1.0000000000046132,0.17965116202581294,0.7924310558697848,0.0005922646241321046,0.02791778210901557,0.02523355339426016,0.17965116202498418,0.7924310558661292,-12.321541606978615,-1.044848756748834,0.0031422170379109293,0.015024595507943078,0.0005949258174834495,0.0013574395854605808
B_mem,1,20.900000000000002,1.0000000000046283,0.17931220148343052,0.7930038963497755,0.000585680153335442,0.02768390217142229,0.0260510245718817,0.1793122014826006,0.7930038963461052,-12.41502875095037,-1.0455341740175979,0.0031017536671103293,0.014813377589262473,0.0005878610384337144,0.0013381705518091865
B_mem,1,20.95,1.0000000000046434,0.1789635378306685,0.7935843686153727,0.0005792373843936959,0.02745209355860206,0.026884279312418605,0.1789635378298375,0.7935843686116878,-12.50972547508992,-1.0462100125692115,0.003061650686755164,0.014590453259562763,0.0005808155070784344,0.0013192041655198602
B_mem,1,21.0,1.0000000000046585,0.17860520458674553,0.7941725426573004,0.0005729203496117719,0.027222252760612575,0.02773367256768872,0.1786052045859135,0.7941725426536008,-12.605624099169422,-1.046876497883725,0.0030219288001656804,0.014358563192336676,0.0005737982812287651,0.0013005339564793855
B_mem,1,21.05,1.0000000000046738,0.17823724600080212,0.7947684869259687,0.0005667176175015099,0.02699426707790313,0.028599604432566466,0.17823724599996907,0.7947684869222541,-12.702714595176555,-1.0475339448462966,0.002982648856916804,0.014121684265728417,0.0005668314070013743,0.0012821546359126812
B_mem,1,21.1,1.000000000004689,0.1778597203905686,0.7953721902974807,0.0005606070771809572,0.026768089316639748,0.029482516497240232,0.17785972038973463,0.7953721902937513,-12.80098474596562,-1.0481827253181957,0.002943896547125483,0.013884512628769625,0.0005599448185213018,0.0012640620915615776
B_mem,1,21.150000000000002,1.0000000000047042,0.17747270143867264,0.7959835328668516,0.0005545499569211626,0.02654376569917984,0.03038288587828826,0.17747270143783778,0.7959835328631072,-12.900420350415658,-1.0488232273218143,0.0029057510838911248,0.01365188147015985,0.0005531660528922619,0.0012462529252143392
B_mem,1,21.2,1.0000000000047191,0.1770762779993954,0.7966023354679328,0.0005485046237922737,0.0263213865373911,0.03130121706939236,0.17707627799855977,0.7966023354641736,-13.001005428343081,-1.0494558288461517,0.0028682638833189954,0.013428291286718661,0.0005465133157097487,0.0012287239361897496
B_mem,1,21.25,1.0000000000047344,0.17667055500892542,0.7972284379274498,0.0005424493897799044,0.02610100706835911,0.032238031917618294,0.17667055500808898,0.7972284379236754,-13.102722372371199,-1.0500808882057748,0.0028314634911953142,0.013217560639262707,0.0005399971726845925,0.0012114719731415372
B_mem,1,21.3,1.0000000000047495,0.17625565716606056,0.7978617237743165,0.0005363920690631493,0.02588261906437241,0.033193858209969986,0.17625565716522343,0.797861723770527,-13.205551998631986,-1.0506987314414455,0.002795375676782622,0.013022492916729187,0.0005336271758523231,0.0011944941492256528
B_mem,1,21.35,1.0000000000047644,0.1758317341037417,0.7985020614139194,0.0005303557503694939,0.025666204487103363,0.03416921754605235,0.17583173410290395,0.798502061410115,-13.309473462857452,-1.0513096196026277,0.0027600315642734427,0.012844527516812726,0.0005274145250693384,0.0011777879890654277
B_mem,1,21.400000000000002,1.0000000000047795,0.17539896407914143,0.7991492192384594,0.0005243541381919271,0.025451816687178615,0.03516461333612084,0.1753989640783031,0.7991492192346399,-13.414464030627483,-1.0519137041293296,0.0027254500399113333,0.012683520254884176,0.0005213663064223223,0.001161351120644366
B_mem,1,21.45,1.0000000000047946,0.17495755473460808,0.7998028459429309,0.0005183811151215769,0.025239599327255724,0.03618051983789536,0.17495755473376923,0.7998028459390962,-13.520498715599702,-1.0525110006651346,0.002691610615508373,0.012537865984711719,0.0005154766632714904,0.0011451806256939023
B_mem,1,21.5,1.00000000000481,0.17450774262072566,0.800462548742171,0.0005124251719935779,0.02502970864191315,0.03721737309635752,0.1745077426198863,0.8004625487383209,-13.62754982183705,-1.053101405359232,0.002658447798333453,0.012405020002860694,0.0005097250643185097,0.0011292726053779246
B_mem,1,21.55,1.0000000000048253,0.17404979444284915,0.8011280047191879,0.0005064934076588922,0.024822200842788446,0.03827556446052182,0.17404979444200933,0.8011280047153222,-13.735586441952009,-1.0536847458894518,0.0026258802386615577,0.012282208534282874,0.0005040859416229263,0.0011136224137927788
B_mem,1,21.6,1.000000000004841,0.17358401086930011,0.8017990002299238,0.000500618505468519,0.024616988905616907,0.03935543700294632,0.1735840108684598,0.8017990002260422,-13.84457397000573,-1.0542608317421445,0.002593853526679129,0.012166987234048337,0.0004985427039330487,0.0010982254148799823
B_mem,1,21.650000000000002,1.000000000004856,0.17311073043437447,0.8024753544271371,0.0004948381313401226,0.02441391514334426,0.04045728470980227,0.17311073043353387,0.8024753544232404,-13.954473686605812,-1.0548294722769533,0.002562359231106939,0.012057442851735625,0.0004930938752190104,0.0010830776054499077
B_mem,1,21.7,1.0000000000048714,0.17263033022680388,0.8031567916133746,0.0004891645896594174,0.02421287816469292,0.04158135388017478,0.1726303302259629,0.8031567916094621,-14.06524246478929,-1.0553904640720067,0.0025314129493607894,0.011952117930879004,0.0004877458000389142,0.0010681755492440463
B_mem,1,21.75,1.0000000000048868,0.172143222798703,0.8038428798214845,0.0004835748061519019,0.024013897384699206,0.042727845906246335,0.1721432227978618,0.8038428798175563,-14.17683263155108,-1.0559435793091376,0.002501012866208675,0.011849909104943105,0.00048249904817430694,0.0010535157216857542
B_mem,1,21.8,1.0000000000049014,0.17164985231703567,0.8045330955583895,0.00047803316186275784,0.02381705212947639,0.04389692055108879,0.17164985231619434,0.8045330955544461,-14.289192003213435,-1.0564885843332252,0.0024711197646958066,0.011750094604023925,0.0004773419391054993,0.0010390939473793083
B_mem,1,21.85,1.0000000000049167,0.17115069356336474,0.8052269565708998,0.0004725280880210647,0.023622349870652218,0.045088698969027535,0.17115069356252324,0.8052269565669408,-14.402264095313235,-1.0570252834683993,0.002441679070895151,0.01165239602133241,0.00047225784477526576,0.001024905536569354
B_mem,1,21.900000000000002,1.000000000004932,0.17064625407782033,0.8059240956979544,0.0004670882958319121,0.02342965022915719,0.04630326591470188,0.1706462540769787,0.8059240956939796,-14.515988492845,-1.057553550755131,0.0024126635340064907,0.011556840179383996,0.00046723916682019106,0.0010109460335459178
B_mem,1,21.95,1.0000000000049472,0.17013707571978248,0.8066241974161457,0.0004617619277883181,0.023238726869018848,0.04754067069958841,0.1701370757189408,0.8066241974121552,-14.630301356816348,-1.0580733149249086,0.0023840921824175,0.011463320679177385,0.0004622934486231281,0.0009972118365481166
B_mem,1,22.0,1.0000000000049618,0.16962373132833458,0.8073268449903469,0.00045657664486207724,0.023049423686280497,0.04880092641231034,0.16962373132749295,0.8073268449863411,-14.74513603650172,-1.0585845015682485,0.0023560012353691954,0.011371055596006381,0.0004574337485833424,0.000983699989619168
B_mem,1,22.05,1.000000000004977,0.16910681587615406,0.8080314160417703,0.0004515180048082825,0.02286176808705249,0.05008400684476318,0.16910681587531243,0.8080314160377489,-14.860423750515867,-1.0590869767328095,0.0023283887095319517,0.011278311637417403,0.0004526605057445343,0.0009704071922983487
B_mem,1,22.1,1.0000000000049918,0.168586936064135,0.808737132235173,0.00044654801271001214,0.022675931705684133,0.05138984064076703,0.16858693606329345,0.808737132231136,-14.976094292818862,-1.0595805396138414,0.0023011832008311226,0.011182624809248616,0.0004479514513413061,0.000957328846807204
B_mem,1,22.150000000000002,1.0000000000050069,0.16806470324909853,0.8094432372966155,0.0004416483938854103,0.02249205945929294,0.05271830246127592,0.16806470324825704,0.8094432372925627,-15.092076712882344,-1.0600649723977293,0.0022742696546936207,0.011081389007265918,0.00044327021173339883,0.0009444590194934236
B_mem,1,22.2,1.0000000000050222,0.16754073091557656,0.810149160741672,0.0004368482439538584,0.022310108347773503,0.05406920136139436,0.16754073091473515,0.8101491607376032,-15.208299915843124,-1.0605401064236515,0.0022475545611593123,0.010972415985933136,0.00043858771091170065,0.0009317914284242105
B_mem,1,22.25,1.0000000000050373,0.16701563313679108,0.8108545282237835,0.00043220740238326765,0.022129838644462694,0.05544226696947013,0.16701563313594978,0.810854528219699,-15.324693134637407,-1.0610058498470485,0.002221015429295127,0.010854136834491709,0.00043389826052289454,0.0009193206477264434
B_mem,1,22.3,1.000000000005052,0.16649001938043143,0.8115590059780935,0.0004277662536742168,0.021950974646526955,0.056837134294529336,0.16649001937959032,0.8115590059739936,-15.441186245142795,-1.0614621572446912,0.0021946905881946185,0.010725465843764562,0.00042921603253935663,0.0009070424905765482
B_mem,1,22.35,1.000000000005067,0.16596448494154153,0.8122621105273514,0.0004235047321332127,0.021773404536174035,0.058253327974115546,0.1659644849407006,0.8122621105232356,-15.55770992191686,-1.0619089760304974,0.0021686178040161634,0.010585670580928673,0.00042455485196555225,0.0008949532481195064
B_mem,1,22.400000000000002,1.0000000000050817,0.16543960167078603,0.8129631508226678,0.0004193482548212626,0.021597247511627834,0.059690246628081256,0.1654396016699453,0.8129631508185365,-15.674195655954248,-1.0623462291211663,0.002142777885338497,0.010434587498377189,0.00041990978989735607,0.0008830485156464293
B_mem,1,22.45,1.0000000000050964,0.1649159152788332,0.8136613625355459,0.00041521875797791337,0.02142272219071736,0.0611471479706243,0.16491591527799274,0.8136613625313992,-15.79057566973062,-1.062773863574414,0.0021170983819218062,0.010273175820118167,0.0004152585329700081,0.0008713227830117823
B_mem,1,22.5,1.0000000000051112,0.16439395140862081,0.8143561297557057,0.0004110888195947632,0.0212499188407847,0.06262313557703417,0.16439395140778057,0.8143561297515434,-15.906782766191004,-1.0631919342506184,0.00209152078231844,0.010104010109784392,0.00041058347440518263,0.000859770359102892
B_mem,1,22.55,1.000000000005126,0.1638742262634223,0.8150471059694222,0.00040699186626604565,0.02107866777228143,0.0641171485698143,0.1638742262625823,0.8150471059652443,-16.022750138756617,-1.063600652446322,0.0020660760046424913,0.009931230289887474,0.00040589632786608063,0.0008483870210442494
B_mem,1,22.6,1.0000000000051406,0.16335725459631478,0.8157341181393543,0.00040297777950582464,0.02090862726947154,0.06562795577784802,0.16335725459547504,0.815734118135161,-16.138411155707384,-1.064000348504651,0.0020408996040631425,0.009759800296862178,0.0004012428527226463,0.0008371710458952034
B_mem,1,22.650000000000002,1.000000000005155,0.16284355114191812,0.8164169115508915,0.0003990508315762855,0.020739537312345565,0.06715415599183178,0.16284355114107865,0.8164169115466828,-16.253699123284665,-1.0643913623937116,0.0020161646870303965,0.009594421114308454,0.000396680670894442,0.0008261226743470704
B_mem,1,22.7,1.0000000000051696,0.16233362833267553,0.8170949289588678,0.0003951447298181717,0.020571442713626265,0.0686941856642917,0.16233362833183632,0.8170949289546438,-16.368547029777535,-1.0647739344414264,0.001991979814067016,0.009438696593778582,0.00039224583742832834,0.0008152423017820314
B_mem,1,22.75,1.000000000005184,0.1618279973373622,0.8177673021616014,0.0003911607267210701,0.0204047005062206,0.07024633473525534,0.16182799733652325,0.817767302157362,-16.48288727297675,-1.0651481701505945,0.001968332393434154,0.009294945096488844,0.00038793454194483145,0.0008045287675996602
B_mem,1,22.8,1.0000000000051985,0.16132717710183653,0.818433073683767,0.0003870417998082535,0.020239749219594795,0.07180877038975951,0.16132717710099787,0.8184330736795125,-16.59665137336922,-1.0655140941442878,0.0019451247375080701,0.009164547039703732,0.0003837152152812899,0.0007939790916642013
B_mem,1,22.85,1.0000000000052132,0.1608317089116968,0.8190914841511019,0.0003828228256531676,0.020076806942414288,0.07337956777144579,0.16083170891085835,0.8190914841468319,-16.709769678157553,-1.065871735529753,0.0019222750396191567,0.009048329428049855,0.0003795617293728531,0.0007835898515005974
B_mem,1,22.900000000000002,1.0000000000052276,0.160342168203468,0.8197421015355956,0.000378612413048637,0.01991573026616417,0.07495674610251195,0.1603421682026298,0.8197421015313103,-16.822171067940104,-1.0662211606301892,0.0018998002633149732,0.008946536604714835,0.00037548041285535085,0.0007733590247489206
B_mem,1,22.95,1.0000000000052425,0.15985916619913124,0.8203846831442747,0.0003745158055510177,0.01975615066183662,0.07653830821785335,0.15985916619829318,0.8203846831399738,-16.933782687157635,-1.0665624132013052,0.0018778095591497266,0.00885838423490726,0.00037150762796082004,0.0007632866752672659
B_mem,1,23.0,1.0000000000052571,0.1593833410928733,0.8210188663259163,0.0003705572422680128,0.019597792586467804,0.07812228119651704,0.15938334109203542,0.8210188663216,-17.04452973181711,-1.0668954034009397,0.0018564086746236826,0.008781664883209524,0.0003676783071419294,0.000753373753197895
B_mem,1,23.05,1.0000000000052724,0.15891534612893393,0.8216439230773156,0.0003666639483040991,0.019440730799022757,0.07970675563899582,0.15891534612809605,0.8216439230729835,-17.154335343327617,-1.0672198391285095,0.0018355910652490537,0.008712957367188067,0.00036399041040361107,0.0007436198340382207
B_mem,1,23.1,1.000000000005287,0.15845584351370526,0.8222587772252385,0.0003627274906723776,0.01928537926634331,0.08128992115318429,0.15845584351286748,0.8222587772208911,-17.263120667203207,-1.0675352714053898,0.001815208129427019,0.008648582699565293,0.0003603955131068821,0.0007340215901063726
B_mem,1,23.150000000000002,1.0000000000053022,0.15800550713917125,0.8228622921225623,0.0003586969792762198,0.019132200743568372,0.08287009566925052,0.15800550713833347,0.8228622921181994,-17.370805128979654,-1.067841241914518,0.0017950525504893276,0.00858584710928886,0.00035682640201111583,0.0007245733444559803
B_mem,1,23.2,1.000000000005317,0.15756502834671957,0.8234536308782304,0.0003546309627525594,0.01898134078036702,0.08444574641314234,0.1575650283458818,0.823453630873852,-17.47730695599482,-1.068137438856324,0.0017749987647867687,0.008523797424097208,0.00035324309387911996,0.0007152694831494089
B_mem,1,23.25,1.0000000000053317,0.15713511476121067,0.8240324244983005,0.0003506641182551648,0.018832460745820737,0.08601550102347805,0.15713511476037287,0.824032424493907,-17.582543940695462,-1.0684237523636948,0.0017550939039305568,0.00846296724066684,0.00034966230198732706,0.0007061069979685755
B_mem,1,23.3,1.0000000000053466,0.15671647643586276,0.8245986110909782,0.00034691005184863397,0.018684912478505556,0.08757814846734271,0.15671647643502484,0.8245986110865694,-17.686434405603208,-1.0687001888888723,0.001735523656546682,0.008404262510420604,0.00034614581977905075,0.0006970861972095295
B_mem,1,23.35,1.0000000000053613,0.1563098031967478,0.8251520446546186,0.000343372984925361,0.01853815215399506,0.08913263076240587,0.15630980319590979,0.8251520446501946,-17.788898298158095,-1.068966707188729,0.0017164700121261901,0.008347737461801839,0.000342753700922045,0.0006882089093600546
B_mem,1,23.400000000000002,1.0000000000053764,0.1559157444977238,0.8256921468054648,0.0003399382509376272,0.018392108702187663,0.09067802763310293,0.15591574449688553,0.8256921468010255,-17.889858326755732,-1.0692230993491336,0.0016979625408755038,0.00829208954040823,0.0003394957171962226,0.0006794753892868362
B_mem,1,23.45,1.0000000000053908,0.1555349020511734,0.8262178598643295,0.00033645447332103615,0.018247238089888023,0.0922135369426162,0.15553490205033493,0.8262178598598755,-17.989241055132712,-1.069469010338832,0.0016798358150238622,0.008235178089755435,0.00033631787325822933,0.0006708821952491744
B_mem,1,23.5,1.0000000000054057,0.1551678363405022,0.8267279582250439,0.0003328506288454484,0.018104205439859494,0.09373845399352343,0.15516783633966344,0.8267279582205749,-18.086977891517314,-1.0697040875960966,0.0016618310362869432,0.008175118984890274,0.00033313611528588147,0.000662422690429299
B_mem,1,23.55,1.0000000000054197,0.15481507773003114,0.8272215230947652,0.0003292013336692106,0.01796339918062345,0.09525215248407234,0.1548150777291921,0.8272215230902819,-18.18300592354877,-1.069928152114782,0.0016437728658608049,0.008111081600858577,0.00032989431308630906,0.0006540899266018776
B_mem,1,23.6,1.0000000000054339,0.1544771293714686,0.8276982595327131,0.0003256876338039488,0.017824611101252198,0.09675406915365514,0.15447712937062918,0.8276982595282155,-18.277268554027852,-1.0701412598861848,0.0016256922952076391,0.008043141639941874,0.0003266041442725485,0.0006458798623899935
B_mem,1,23.650000000000002,1.0000000000054483,0.1541544554794125,0.828158427618937,0.000322475420917468,0.01768711690709895,0.098243693427833,0.15415445547857262,0.8281584276144249,-18.36971589446975,-1.070343597982801,0.001607800164531709,0.007971272059118061,0.00032333588540344127,0.0006377925083213854
B_mem,1,23.7,1.000000000005463,0.1538474603160903,0.8286024155079221,0.00031959548556480217,0.017550124181450424,0.09972056302985156,0.15384746031524985,0.8286024155033955,-18.46030488000657,-1.0705352815617142,0.0015903223531682751,0.007894255692243463,0.00032016411599085446,0.0006298300051957115
B_mem,1,23.75,1.000000000005477,0.15355647162345643,0.8290302307413168,0.0003169123156796669,0.01741329764070399,0.10118426623438764,0.1535564716226154,0.8290302307367762,-18.548999081675625,-1.0707161984680618,0.0015733110913401555,0.0078094505457501065,0.00031710607556404986,0.000621992864648006
B_mem,1,23.8,1.0000000000054914,0.1532817407311851,0.8294412567709506,0.0003142087487652151,0.017277002503355874,0.10263445060431191,0.1532817407303434,0.8294412567663958,-18.635768215228225,-1.0708860254024353,0.0015565713132247856,0.007713793553159831,0.00031409809122185886,0.0006142770395592091
B_mem,1,23.85,1.0000000000055058,0.1530234608441952,0.8298344588698169,0.00031133162943290047,0.01714208029149374,0.10407083672540093,0.1530234608433527,0.829834458865248,-18.72058738331472,-1.0710444245454227,0.0015397654246915049,0.0076055520375621355,0.0003110304523419126,0.0006066740676657673
B_mem,1,23.900000000000002,1.0000000000055203,0.15278179272658746,0.8302089276938157,0.0003082976290034022,0.017009279585117047,0.10549323434385825,0.15278179272574408,0.8302089276892327,-18.803436128410237,-1.071191299926336,0.0015226346810355389,0.00748573952750833,0.00030782007117243496,0.0005991744675182341
B_mem,1,23.95,1.0000000000055345,0.15255688221749003,0.8305644125585202,0.0003052821722380126,0.016878705229524324,0.10690155786508793,0.1525568822166457,0.8305644125539234,-18.884297394837212,-1.07132694033299,0.0015051880769363923,0.007358241055908976,0.0003044719380735973,0.0005917722627156002
B_mem,1,24.0,1.0000000000055491,0.1523488604475557,0.830901480176608,0.0003024934523454608,0.016749659381385434,0.1082958382514229,0.15234886044671028,0.8309014801719973,-18.963156492704744,-1.0714519413160872,0.0014877236675954963,0.007228487183625684,0.0003010853606226108,0.0005844675857276639
B_mem,1,24.05,1.0000000000055638,0.15215783078405787,0.8312211591372362,0.0003000142742933526,0.016621010084269812,0.10967622889368502,0.1521578307832113,0.8312211591326114,-19.040000139358156,-1.0715669428313888,0.001470656701173667,0.007101453214052552,0.00029779707668905483,0.0005772654711065027
B_mem,1,24.1,1.0000000000055786,0.15198385696998967,0.8315242596172228,0.0002977209463063,0.016491883418366157,0.11104300426326867,0.1519838569691418,0.831524259612584,-19.11481563761603,-1.0716723452593202,0.0014542612216912783,0.006980202488881817,0.0002946965845665224,0.0005701714679917109
B_mem,1,24.150000000000002,1.0000000000055937,0.1518269670343954,0.8318107820556859,0.000295340676493782,0.0163622509155125,0.11239655185789398,0.15182696703354612,0.831810782051033,-19.18759022993035,-1.0717681875450265,0.0014384963402804488,0.006865824882960414,0.0002917698133348397,0.0005631869002759299
B_mem,1,24.2,1.0000000000056086,0.1516871769572873,0.8320797977987638,0.0002926171953269263,0.01623302524955754,0.11373735917212055,0.15168717695643655,0.832079797794097,-19.258310638744437,-1.0718542684564578,0.001423038516399743,0.0067586745498621386,0.0002889105169585511,0.0005563069655240895
B_mem,1,24.25,1.0000000000056235,0.1515645239132921,0.8323299066979393,0.0002894793735571066,0.016105569394392148,0.11506599751487896,0.15156452391243977,0.8323299066932587,-19.326962776980906,-1.0719304302596786,0.0014075068952303412,0.006659915977284558,0.00028599460548386327,0.0005495230787787515
B_mem,1,24.3,1.0000000000056386,0.15145909101414654,0.8325600167608278,0.0002861003073294664,0.015980892230664314,0.11638310402048581,0.15145909101329252,0.8325600167561333,-19.393531601280976,-1.0719968101956412,0.0013917378496364759,0.006572156065190133,0.00028296992936449866,0.00054282806154298
B_mem,1,24.35,1.000000000005654,0.15137100959996608,0.8327699729796572,0.00028280162867397893,0.01585901742603061,0.11768936310027442,0.15137100959911023,0.8327699729749487,-19.45800107905668,-1.0720538774881716,0.0013759252701231975,0.006498550448020652,0.0002799014928586497,0.0005362207915472487
B_mem,1,24.400000000000002,1.000000000005669,0.15130043890505665,0.8329606300579715,0.00027985746993014726,0.01573893104264085,0.11898548888201871,0.15130043890419892,0.8329606300532494,-19.52035423795729,-1.0721022093942123,0.0013605242586786728,0.006440840067217934,0.0002769390481885508,0.0005297071141130203
B_mem,1,24.45,1.0000000000056841,0.15124753719969564,0.8331332882421104,0.0002773202458929745,0.0156191745638783,0.12027221018913048,0.15124753719883594,0.8331332882373748,-19.58057326948512,-1.072142134232981,0.0013459681311847513,0.006397595044689782,0.0002742240013429338,0.0005232961271559502
B_mem,1,24.5,1.0000000000056994,0.15121244356830163,0.8332888036782652,0.00027498133937128123,0.015498752759132576,0.12155025914191099,0.1512124435674398,0.8332888036735159,-19.63863968072417,-1.07217346898683,0.0013323744895912227,0.0063639522545071905,0.00027179351231949666,0.0005169939526327331
B_mem,1,24.55,1.0000000000057143,0.15119528174893715,0.8334269058889022,0.0002724976590976389,0.01537781236787492,0.12282036405098747,0.15119528174807317,0.8334269058841398,-19.694534520708554,-1.0721955352385961,0.0013194327050721568,0.006333279796579373,0.0002695446109175508,0.0005107988723195046
B_mem,1,24.6,1.0000000000057294,0.15119618195472037,0.833546161118394,0.000269610466585612,0.015257656932614966,0.12408324710735386,0.1511961819538541,0.8335461611136182,-19.748238722704524,-1.0722074715053833,0.0013065579993209626,0.006299996433204443,0.0002672856493485428,0.0005047010512753343
B_mem,1,24.650000000000002,1.0000000000057443,0.15121530353347323,0.8336446532353787,0.00026632160532472717,0.015140043236892541,0.1253396268609436,0.1512153035326046,0.83364465323059,-19.7997335888996,-1.0722086728533358,0.0012932308676025723,0.006261975452438532,0.0002648478469222135,0.0004986873268359318
B_mem,1,24.7,1.0000000000057592,0.15125283934404413,0.833721022539491,0.0002629139516118734,0.015026138122224291,0.12659022421936067,0.15125283934317305,0.8337210225346895,-19.849001417715442,-1.0721990978055986,0.0012793186198860665,0.006221099537030721,0.00026219008417642596,0.0004927483673567888
B_mem,1,24.75,1.0000000000057743,0.15130899339110881,0.8337752636700264,0.00025979600348166327,0.014915742944639043,0.12783576935000884,0.15130899339023512,0.8337752636652119,-19.896026254108804,-1.0721792496211693,0.0012651766695756135,0.006181565289173502,0.00025943092955545957,0.0004868838809092349
B_mem,1,24.8,1.0000000000057896,0.15138394005504194,0.8338087893483078,0.00025725899692285087,0.014807270602439544,0.12907700652826268,0.1513839400541655,0.8338087893434805,-19.940794724496044,-1.0721498291476228,0.0012514543801620934,0.00614686293355572,0.00025678394496345656,0.00048110254527172395
B_mem,1,24.85,1.0000000000058042,0.15147778559752512,0.8338236712690353,0.00025529236110534084,0.014698543139243774,0.13031469487871356,0.1514777855966459,0.8338236712641957,-19.983296892857663,-1.072111256996608,0.0012387090608614972,0.006117176900541956,0.0002544308821728138,0.0004754164143430555
B_mem,1,24.900000000000002,1.000000000005819,0.15159055243725966,0.8338214492670355,0.00025357339071195464,0.01458799830152369,0.1315496042559802,0.15159055243637756,0.8338214492621836,-20.02352705976303,-1.0720633510806998,0.0012270538641844307,0.006088751507459039,0.000252406983420322,0.0004698329139234648
B_mem,1,24.95,1.0000000000058336,0.1517221936330869,0.8338021776321782,0.00025164581853950917,0.014475628740568491,0.13278250633197933,0.15172219363220182,0.8338021776273142,-20.06148444308534,-1.0720053639244846,0.0012160547275606923,0.006055634409602306,0.0002505685287736621,0.00046434914123970566
B_mem,1,25.0,1.0000000000058484,0.15187262697024612,0.8337642815957963,0.00024918875001227116,0.014363091439806075,0.13401416132255034,0.1518726269693579,0.8337642815909201,-20.09717371583634,-1.071936376019521,0.0012049506266440014,0.006012803303585871,0.0002486662062717255,0.00045895200782882444
B_mem,1,25.05,1.000000000005863,0.15204176626062915,0.8337053646065993,0.00024621950125631336,0.014252869138634503,0.13524530128807244,0.15204176625973773,0.8337053646017112,-20.13060539354836,-1.0718558271136123,0.0011930810370787952,0.005958832335057063,0.0002464855349048418,0.0004536244323642698
B_mem,1,25.1,1.0000000000058775,0.15222952936015058,0.8336235699512351,0.00024310684729630008,0.014146900694491942,0.1364766117011496,0.15222952935925585,0.8336235699463355,-20.161796044981696,-1.07176387431253,0.001180276557257884,0.005896482251857621,0.0002439741149627572,0.0004483542123696125
B_mem,1,25.150000000000002,1.0000000000058922,0.15243581689187424,0.833518759966118,0.00024037773229632818,0.014045423147899706,0.1377087133352433,0.15243581689097607,0.8335187599612067,-20.19076827482334,-1.0716613540274844,0.0011669804093242663,0.005830793725115626,0.00024127997582431505,0.0004431404818513211
B_mem,1,25.2,1.0000000000059068,0.15266047397469742,0.8333928347325298,0.00023842015672126385,0.013946691298679509,0.1389421459354097,0.15266047397379567,0.8333928347276071,-20.217550430562834,-1.0715493487069894,0.0011540168724361371,0.005765745455748529,0.00023867433863184264,0.00043799385654060913
B_mem,1,25.25,1.0000000000059215,0.1529032584298937,0.833248955129421,0.00023724882004223693,0.01384778644660664,0.14017735400630538,0.15290325842898828,0.8332489551244869,-20.24217601637811,-1.0714285921261,0.0011421249133831454,0.005701444691240682,0.00023639834769772727,0.0004329298702899636
B_mem,1,25.3,1.0000000000059357,0.1531638363081575,0.8330900321119005,0.00023647032276559855,0.013746131585877626,0.14141467436472788,0.15316383630724836,0.8330900321069555,-20.264682830268473,-1.0712990533194586,0.0011315159637767826,0.005633601231465807,0.00023451893343441878,0.00042795916347352595
B_mem,1,25.35,1.0000000000059501,0.15344181054203299,0.8329172705482801,0.00023547631601262555,0.013640918915637157,0.14265432510027065,0.15344181054112,0.8329172705433242,-20.285111870691672,-1.0711599535038443,0.0011217116642682939,0.005555787005514595,0.00023287725448554105,0.0004230799008116707
B_mem,1,25.400000000000002,1.000000000005965,0.15373676970650815,0.8327295694430008,0.00023376557088606795,0.013533660856456242,0.1438963954782101,0.1537367697055911,0.8327295694380336,-20.303506097835864,-1.0710102349818773,0.0011117684965563778,0.005463386461039419,0.00023116387397328894,0.0004182768746365107
B_mem,1,25.45,1.0000000000059797,0.15404833225026074,0.8325241556942222,0.00023122054433798712,0.013427512061496557,0.14514083555972765,0.1540483322493396,0.832524155689244,-20.319909174106844,-1.0708492438747077,0.0011007818908320953,0.005357097502957842,0.0002290845705042135,0.0004135281793194547
B_mem,1,25.5,1.0000000000059943,0.15437616413069338,0.8322981778924858,0.0002281835495298622,0.013325657982815271,0.1463874437220833,0.154376164129768,0.8322981778874968,-20.334364311445327,-1.0706772535006055,0.0010884010758535018,0.005243958536074997,0.00022652830968673048,0.00040881614679331036
B_mem,1,25.55,1.000000000006009,0.15471996326470733,0.8320504522626639,0.00022528308804572658,0.013229584478637601,0.14763585112474722,0.15471996326377763,0.8320504522576642,-20.34691330148983,-1.070495522915246,0.0010750686824886248,0.005135129160081964,0.00022364398728295077,0.0004041367206397726
B_mem,1,25.6,1.0000000000060234,0.1550794236145813,0.8317824268977612,0.00022309609801496967,0.01313814949368109,0.14888550432577585,0.15507942361364718,0.831782426892751,-20.357595735369276,-1.070305825698264,0.001061839053101877,0.005041383869849,0.00022077900252920574,0.00039950204551426004
B_mem,1,25.650000000000002,1.0000000000060378,0.1554542037261099,0.8314977972078268,0.0002218238597439219,0.013047999072101208,0.15013564888618078,0.1554542037251713,0.8314977972028064,-20.366448389256686,-1.0701096704472763,0.0010498536247919733,0.004968554163093256,0.00021830636918066535,0.00039493451724997733
B_mem,1,25.7,1.0000000000060525,0.15584392221569832,0.8312008903464249,0.0002211576550957613,0.012955187443929244,0.15138531654863077,0.15584392221475507,0.831200890341394,-20.37350476814596,-1.069907611342081,0.0010397407955572576,0.004915267917427379,0.00021642857340802016,0.0003904550753331971
B_mem,1,25.75,1.0000000000060667,0.15624818749774091,0.8308945909713823,0.00022041420835845592,0.01285722153694359,0.15263331724809026,0.156248187496793,0.8308945909663416,-20.378794817937585,-1.0696990162299997,0.0010312586247057686,0.004874195072483942,0.00021506230336645709,0.00038607171460639704
B_mem,1,25.8,1.0000000000060816,0.15666664955612963,0.8305788615490352,0.00021887986639225444,0.012754488900916882,0.15387823667099346,0.15666664955517684,0.830578861543984,-20.382344799502693,-1.0694824321404033,0.0010233811325298951,0.004836197550453853,0.0002138689407691096,0.0003817743102225665
B_mem,1,25.85,1.0000000000060965,0.15709904850511353,0.8302506576942482,0.00021619007776331838,0.012650293806734601,0.15511844075251532,0.1570990485041558,0.8302506576891866,-20.384177288602732,-1.0692563786036298,0.0010148014641232432,0.00479524876097092,0.00021242090425362044,0.00037753875136238156
B_mem,1,25.900000000000002,1.0000000000061111,0.1575452351268437,0.8299053631504137,0.00021254638058291933,0.012549401728853571,0.15635208890521662,0.15754523512588092,0.8299053631453421,-20.384311263420493,-1.0690201677448334,0.001004605158876849,0.004751549191537528,0.00021042218161560606,0.00037333861403003084
B_mem,1,25.95,1.0000000000061255,0.15800515241767576,0.8295391001088795,0.00020865098749254138,0.012455747479570166,0.1575771566836552,0.1580051524167079,0.8295391001037982,-20.382762265824258,-1.0687743211513503,0.0009927693505789054,0.004711168486576493,0.00020787024543475732,0.0003691586142746337
B_mem,1,26.0,1.00000000000614,0.15847878723584707,0.8291507957988098,0.00020538074673674602,0.012370416971483136,0.15879146679206185,0.15847878723487402,0.8291507957937189,-20.37954263298464,-1.0685203490419823,0.0009802219985404984,0.004682340035102676,0.00020507301589303258,0.0003650029508614007
B_mem,2,0.05,0.1868251936426951,0.1862861641883188,4.161316184089181e-06,0.00018483291490421224,0.000534868138192205,7.79608230149964e-05,0.9971147924759699,2.2273849168585565e-05,28.136050706488792,-3.0492579691332935,0.008966433844242451,0.03699226596163018,0.0012539824147766168,0.005204486599912601
B_mem,2,0.1,0.186825193642698,0.18626572945670608,1.0323498874698566e-05,0.00015168916441473586,0.0005491406871172061,6.950601798146004e-05,0.9970054135896581,5.5257530707781266e-05,27.983394855377167,-3.048926701341432,0.007543630981058838,0.02993281630430288,0.0008212193608340501,0.005079972898556687
B_mem,2,0.15,0.18682519364270095,0.18624582414654145,1.6310374299844562e-05,0.00012925971899105927,0.0005630591218596703,6.207321909227363e-05,0.9968988684830831,8.730286307658158e-05,27.830772170860186,-3.048606198228941,0.006606429855037018,0.02549186920060413,0.0005495207095587106,0.004957867726360888
B_mem,2,0.2,0.18682519364270392,0.18623821589765072,2.2137866625612074e-05,0.00011382991023201137,0.0005648398784275715,5.5292679347433504e-05,0.9968581445916991,0.00011849508192107058,27.67816966122212,-3.0483215384695757,0.005973590804167258,0.022630244624574934,0.0003784210844292691,0.0048383275508794505
B_mem,2,0.25,0.18682519364270686,0.18620512241416104,2.7924545928061718e-05,0.00010249304932374218,0.0005921466826177571,4.9182155434092536e-05,0.9966810085061029,0.0001494688450930548,27.52557895900037,-3.0480610365342216,0.005531752052584297,0.02072276407294427,0.00027011024631309145,0.004721421313645023
B_mem,2,0.3,0.18682519364270989,0.1861849345916916,3.3590168798643996e-05,9.29774585830659e-05,0.0006066688822195954,4.3738923415673e-05,0.9965729512249685,0.0001797946419522136,27.37299464518706,-3.0478098847907726,0.005209407970356853,0.019393221941411392,0.0002007519102478563,0.004607152239613283
B_mem,2,0.35000000000000003,0.18682519364271286,0.18617726273659546,3.910247531180854e-05,8.431762294160216e-05,0.0006088284308056015,3.872509563776601e-05,0.9965318868751903,0.00020929979811282128,27.220411971247454,-3.0475617803146826,0.004961606454568436,0.01841627188779936,0.00015537361903884665,0.004495485597451895
B_mem,2,0.4,0.1868251936427158,0.18617019094726528,4.455816097648018e-05,7.625305462955818e-05,0.0006104445344740523,3.4310127080788386e-05,0.9964940344357242,0.00023850188568086346,27.06782439601488,-3.0473157479935957,0.004760567350866075,0.01765670462700832,0.00012473117414922547,0.0043863738284184
B_mem,2,0.45,0.1868251936427188,0.18615828454872782,4.994283019014171e-05,6.8839152453559e-05,0.0006169662638008389,3.054806136067398e-05,0.9964303042807687,0.00026732385079525996,26.915223685105172,-3.0470728911391807,0.004589435192583287,0.017033038111426885,0.00010322214303180074,0.004279768763487886
B_mem,2,0.5,0.18682519364272177,0.18614148123982205,5.5189516326389084e-05,6.222621217637786e-05,0.0006285228865732983,2.6881608765904246e-05,0.9963403629373069,0.0002954072480820315,26.762600682289825,-3.0468344048447675,0.004438161035734698,0.016495963450878004,8.751160942232986e-05,0.004175626207467709
B_mem,2,0.55,0.18682519364272476,0.18612118759379173,6.0230170925299336e-05,5.6539971538033524e-05,0.0006437758780077054,2.448885392419459e-05,0.9962317392252817,0.0003223878415481829,26.60994483714001,-3.0466010397653407,0.0043008266885807825,0.01601555407280453,7.564010073203658e-05,0.004073906386384674
B_mem,2,0.6,0.18682519364272773,0.18609858407842977,6.50245825326106e-05,5.1826130975378e-05,0.0006615849817653502,2.180957818246657e-05,0.9961107517132434,0.0003480503954780283,26.457250041643913,-3.0463728201968547,0.004173951143211094,0.015573608652750997,6.645947970703464e-05,0.00397457270408999
B_mem,2,0.65,0.18682519364273073,0.18607423550118218,6.960567506081533e-05,4.810456524193811e-05,0.0006813524664877231,1.9640195675005596e-05,0.9959804235879203,0.00037257113831191073,26.304478940216814,-3.0461492868664575,0.00405545058900353,0.015158994961175783,5.928681448141229e-05,0.003877590145559293
B_mem,2,0.7000000000000001,0.1868251936427337,0.18604857027517077,7.389588919053977e-05,4.5313800662580694e-05,0.0007027274783723907,1.7866641457642077e-05,0.9958430479721698,0.000395534926257596,26.15167814911626,-3.0459294314031484,0.003944027065202583,0.014764908570183454,5.370100697713704e-05,0.0037829240442711727
B_mem,2,0.75,0.18682519364273664,0.1860216160898844,7.80084728697219e-05,4.324649319143083e-05,0.0007255690799825316,1.7321422661715393e-05,0.9956987730766713,0.0004175479299590422,25.998693225750355,-3.0457106085296366,0.0038388205903002203,0.014387368586218348,4.94270983321654e-05,0.003690539295303725
B_mem,2,0.8,0.1868251936427397,0.18599668268766217,7.904623735324062e-05,4.215573101471972e-05,0.0007494647177242823,1.643722386731858e-05,0.9955653146188524,0.00042310266518121964,25.84721308606618,-3.045486638008799,0.0037391216980313573,0.01402290529428475,4.624115817031937e-05,0.003600398223520399
B_mem,2,0.85,0.18682519364274272,0.18597236151586435,7.843946619394721e-05,4.169817873489379e-05,0.0007743926606843982,1.5389043959840692e-05,0.9954351331838617,0.00041985486360015997,25.6963849171566,-3.04526454542405,0.0036444811517739903,0.013669862921301016,4.4005844775721716e-05,0.003512463617446825
B_mem,2,0.9,0.18682519364274572,0.1859473444737753,7.769104913195297e-05,4.1764612050308935e-05,0.0008001581198384569,1.3236936846163855e-05,0.99530122703553,0.00041584888856326715,25.5455274572597,-3.045044224483878,0.0035544846126099932,0.013327587401903908,4.259591930853551e-05,0.003426696854684387
B_mem,2,0.9500000000000001,0.1868251936427487,0.1859218177605144,7.677840754569647e-05,4.2279075946137406e-05,0.000826597474688607,1.155578530667016e-05,0.9951645928227338,0.00041096388580500473,25.394655793426367,-3.0448246316491354,0.0034686945469872416,0.012995189486453106,4.1879300747952824e-05,0.0033430566447433833
B_mem,2,1.0,0.18682519364275166,0.1858958950060759,7.578760151692333e-05,4.31458299711178e-05,0.000853511035158855,1.0229186171311167e-05,0.9950258387610572,0.0004056605002740951,25.24372022217766,-3.0446045525406795,0.003386723306712137,0.012672023072867815,4.174093382027365e-05,0.0032615005052513166
B_mem,2,1.05,0.1868251936427546,0.18586963658283537,7.471348424920027e-05,4.434944344340703e-05,0.0008808435756700277,9.138817270964731e-06,0.9948852879995059,0.0003999111832425915,25.092723196800566,-3.0443828841219815,0.0033082149152048514,0.012357558720235187,4.2076694192503863e-05,0.0031819848326273387
B_mem,2,1.1,0.18682519364275757,0.18584313083393553,7.354129065176419e-05,4.5764103645852085e-05,0.0009085215181702966,8.21777263119353e-06,0.994743413403334,0.00039363690312767984,24.94166779597184,-3.044158398221586,0.003232853778389505,0.012051381072111619,4.279613871272026e-05,0.003104465362251344
B_mem,2,1.1500000000000001,0.18682519364276054,0.1858161913473651,7.226567001794195e-05,4.729639885657664e-05,0.0009367366253774699,7.445746859782295e-06,0.9945992171841406,0.0003868090197520437,24.790521300293946,-3.0439295299202027,0.0031604109150283662,0.011753141316540455,4.38375110915016e-05,0.0030288983817538606
B_mem,2,1.2,0.18682519364276357,0.1857891758760011,7.101064734442034e-05,4.900001641615683e-05,0.0009650071194180066,6.765657432895869e-06,0.9944546142489569,0.0003800913889601144,24.639300749162643,-3.0436962536629335,0.0030905494605127227,0.011462566056794857,4.5103894274457436e-05,0.0029552377776893503
B_mem,2,1.25,0.1868251936427666,0.18576178908889784,6.97366507867823e-05,5.0459957974595246e-05,0.000993667903081921,6.161514432935619e-06,0.9943080238102036,0.0003732721986100419,24.487988537471125,-3.043456516524939,0.003023069968265872,0.011179279037748511,4.654372243610549e-05,0.0028834388009575554
B_mem,2,1.3,0.18682519364276953,0.18573419067869382,6.839315190294425e-05,5.238304651608757e-05,0.001022609812172781,5.65386082996054e-06,0.9941603006382435,0.0003660809903064762,24.336606473055568,-3.0432085280682095,0.0029578065603824712,0.01090322245571897,4.8116450864578776e-05,0.0028134572077887342
B_mem,2,1.35,0.1868251936427726,0.18570633882246873,6.700580183385891e-05,5.434880271088642e-05,0.001051849018470083,5.182791377847789e-06,0.9940112208718315,0.00035865506427350653,24.185145923665637,-3.04295224716232,0.0028946067810968284,0.01063406756451789,4.978587683318442e-05,0.002745249150597276
B_mem,2,1.4000000000000001,0.18682519364277567,0.1856778170361296,6.559093375070908e-05,5.604070596199476e-05,0.0010817856728953953,4.826586830698648e-06,0.9938585552393969,0.0003510818453967405,24.03362898361193,-3.042685761847052,0.0028333584855814256,0.010371821661242465,5.152890352151811e-05,0.0026787717750168714
B_mem,2,1.45,0.1868251936427788,0.18564906120117233,6.41733001593896e-05,5.81349109031286e-05,0.0011119591414470718,4.3361192833756155e-06,0.9937046368389945,0.0003434938238688133,23.882064401580116,-3.042407361837755,0.0027739555037606303,0.010116215359865654,5.332421036351047e-05,0.0026139828726700993
B_mem,2,1.5,0.18682519364278194,0.18561965840797093,6.2675185643239e-05,5.9839214343868224e-05,0.001142860049167786,3.79462546345279e-06,0.993547255531735,0.0003354750203715926,23.730462381207712,-3.042116923610892,0.0027164043105638892,0.00986749720047397,5.5187190214291596e-05,0.002550842739921014
B_mem,2,1.55,0.18682519364278513,0.1855868037261289,6.299120180504855e-05,6.234054778236965e-05,0.001175398714851183,3.2571915524835594e-06,0.9933713976551575,0.00033716652758026546,23.57828907728963,-3.0418036948721,0.0026609332309280352,0.009624019005074173,5.720535643108733e-05,0.002489317161634773
B_mem,2,1.6,0.18682519364278824,0.1855523918776959,6.555017415073209e-05,6.413059118323664e-05,0.001207251590941639,2.9767652664721896e-06,0.9931872048931155,0.00035086367567783565,23.426007689379492,-3.041478445762106,0.0026070644861497646,0.00938573128320109,5.9233885567617975e-05,0.0024293628294469113
B_mem,2,1.6500000000000001,0.1868251936427914,0.18551750451603602,6.828598667364089e-05,6.61308938734172e-05,0.0012394031400816984,2.955808036355375e-06,0.9930004669003278,0.00036550737800493475,23.273762763185623,-3.0411483865315314,0.0025547561571744567,0.009154215503919849,6.127198061759634e-05,0.0023709402153216674
B_mem,2,1.7,0.18682519364279454,0.1854823541421392,7.07900301193679e-05,6.850138868061788e-05,0.0012720494705359554,3.060514886770122e-06,0.9928123211089891,0.0003789105138288619,23.121553891729686,-3.040813301404059,0.00250400684902253,0.008928798247292627,6.333149683872418e-05,0.0023140123585063577
B_mem,2,1.75,0.18682519364279762,0.1854464443920902,7.326365808731542e-05,7.057686417725177e-05,0.0013054855926201083,3.18402975586294e-06,0.9926201106830189,0.0003921508478529541,22.969363006851943,-3.040472346032988,0.00245477642220715,0.008709496262385241,6.541120593229898e-05,0.0022585428044102525
B_mem,2,1.8,0.18682519364280073,0.18541055448603613,7.562491115722184e-05,7.295066430672027e-05,0.0013390142456073768,3.1727937629552676e-06,0.9924280064739592,0.00040478968431748247,22.817193244771545,-3.040126542779319,0.0024070787413963306,0.008495941732389253,6.75272146764355e-05,0.0022044970973670234
B_mem,2,1.85,0.18682519364280387,0.1853739397435841,7.791256841086634e-05,7.522470150323949e-05,0.0013733413308088898,3.2423377817590915e-06,0.9922320225076579,0.000417034592025257,22.665040604616646,-3.0397744084979124,0.0023609093523327567,0.008287930822098347,6.968928498287735e-05,0.0021518414973841246
B_mem,2,1.9000000000000001,0.18682519364280697,0.18533682649597544,8.018206538092218e-05,7.748741828630689e-05,0.0014081850814505552,3.3399913153932894e-06,0.9920333702440733,0.000429182295050758,22.51287632445705,-3.0394151224304076,0.0023162274122490384,0.008085278696684703,7.189491211590753e-05,0.0021005426759013158
B_mem,2,1.95,0.18682519364280997,0.18529937649542427,8.23317513513114e-05,7.999102068326882e-05,0.0014434853960343832,3.5182669070541645e-06,0.9918329154776475,0.00044068869806028954,22.36071273461013,-3.0390478381312747,0.0022730422513616306,0.007887966985610756,7.415773361334324e-05,0.0020505690505216007
B_mem,2,2.0,0.18682519364281305,0.18526146606243715,8.439267007893273e-05,8.286687956284299e-05,0.0014793349102969833,3.7096811857326383e-06,0.9916299962018744,0.0004517199657787119,22.208522686505372,-3.0386713096806406,0.002231323279292823,0.007695503852477861,7.64779989664961e-05,0.002001889282393335
B_mem,2,2.05,0.18682519364281616,0.18522303161993142,8.64544361009131e-05,8.546855313306296e-05,0.0015157075867838444,4.021461770289229e-06,0.9914242721142426,0.00046275576872250955,22.056313639981827,-3.0382846264946815,0.0021910614852049537,0.007507896319501862,7.886273849458599e-05,0.001954473269721196
B_mem,2,2.1,0.18682519364281924,0.1851842459992777,8.84385153567344e-05,8.798360526458672e-05,0.0015525091281848008,4.336125141796366e-06,0.991216668311455,0.0004733757457027723,21.90404938873552,-3.0378865691853436,0.002152233619487349,0.007324964935469516,8.131402784949727e-05,0.0019082915359388568
B_mem,2,2.15,0.18682519364282235,0.18514468456173527,9.042565812807952e-05,9.08715995647835e-05,0.0015900834229589835,4.5677983333232704e-06,0.9910049118733958,0.0004840121204475122,21.751768007219727,-3.037476339654912,0.002114838620790015,0.007146690297386007,8.38409360753319e-05,0.0018633158125640193
B_mem,2,2.2,0.1868251936428254,0.1851049621798467,9.249769403556987e-05,9.370702145206655e-05,0.0016277337689431309,5.045032973863081e-06,0.9907922939650877,0.0004951028939512732,21.599390326336394,-3.0370533932244497,0.0020788563089862654,0.006972794668975197,8.644599271686673e-05,0.0018195183308356649
B_mem,2,2.25,0.18682519364282854,0.185064340724915,9.457187882457618e-05,9.68989845275111e-05,0.0016662810390889137,6.477338783567658e-06,0.9905748636809663,0.0005062051695521227,21.446934199050354,-3.0366168445299646,0.002044317007181151,0.006803288206829653,8.914800741335822e-05,0.0017768729849410767
B_mem,2,2.3000000000000003,0.18682519364283157,0.18502496930650428,9.493911944075575e-05,9.992696874843486e-05,0.0017052852168865525,7.869117289728347e-06,0.9903641243387714,0.000508170860629527,21.295229096175945,-3.03614343990001,0.0020110355356443496,0.006638231126177139,9.189499165386698e-05,0.0017353505606827488
B_mem,2,2.35,0.1868251936428347,0.18498781972414904,9.26543499108918e-05,0.000103509077047066,0.0017447195687747667,9.035060053654617e-06,0.9901652775899257,0.0004959414097438318,21.144964368506407,-3.03564329107738,0.001979068699280358,0.006476309601700651,9.471423829357423e-05,0.0016949259843996355
B_mem,2,2.4,0.18682519364283784,0.1849496381428586,9.052900630021778e-05,0.00010644677112280064,0.0017850264936790053,9.179729112441581e-06,0.9899609069665154,0.0004845653015796476,20.994625544259893,-3.0351304577013307,0.0019486094467692286,0.006318480256562172,9.767698975917825e-05,0.001655578477491694
B_mem,2,2.45,0.18682519364284095,0.1849112340275191,8.848828947684314e-05,0.00010986371909553254,0.0018254713258449577,9.17548075986371e-06,0.9897553452079872,0.00047364216651641066,20.844252077569713,-3.0346046328012686,0.0019195416378069438,0.006164259028031948,0.00010075285242796197,0.0016172830805230582
B_mem,2,2.5,0.18682519364284408,0.1848718420664416,8.655055997560801e-05,0.0001131427365416012,0.0018668010164268535,8.894390952533744e-06,0.989544495909172,0.00046327028110067285,20.693852884151088,-3.0340653797485553,0.0018918386406968487,0.006013919690450114,0.00010394069231519372,0.0015800165637512675
B_mem,2,2.5500000000000003,0.18682519364284728,0.18483219607992793,8.479526549952483e-05,0.00011664558273037481,0.0019082022974198404,8.662123517778777e-06,0.9893322869145296,0.0004538748968815603,20.54340323009618,-3.033512715319519,0.0018654945979012468,0.0058670406023283534,0.0001072460084930987,0.0015437565724219504
B_mem,2,2.6,0.18682519364285047,0.18479145666032323,8.306091199197514e-05,0.00012075907013764168,0.0019506760705352518,8.311076999730443e-06,0.9891142252130348,0.00044459160123104605,20.39293311024118,-3.03294573310515,0.0018404846931490415,0.005723558789715943,0.00011066789866715243,0.0015084809971475837
B_mem,2,2.65,0.1868251936428536,0.18475026901110608,8.142951780801363e-05,0.00012445398577552486,0.00199349511393957,7.92526815462492e-06,0.9888937643189918,0.0004358594053630649,20.242399273016584,-3.0323663571743564,0.0018167567012598576,0.005583550459915631,0.00011419628686589779,0.0014741678406621644
B_mem,2,2.7,0.1868251936428568,0.18470856343012723,7.997985236733821e-05,0.00012864097172470522,0.0020366503603621994,7.580422318138051e-06,0.9886705311448744,0.00042809993024940304,20.091813775736878,-3.031771396881061,0.001794346678014475,0.005446848897919287,0.00011784984519295724,0.001440797142435603
B_mem,2,2.75,0.18682519364285996,0.18466562168595999,7.854281620635329e-05,0.0001325856365085411,0.002081029140693652,7.208394683073256e-06,0.9884406812871915,0.0004204080545822842,19.94117208996445,-3.031160794155256,0.0017732302525593619,0.005313537054859188,0.00012162721371011003,0.001408348611429032
B_mem,2,2.8000000000000003,0.1868251936428631,0.18462279905610604,7.716961923692165e-05,0.00013705727904778604,0.0021252249675201805,6.969761613181775e-06,0.9882114690004434,0.0004130578843902598,19.790468555249827,-3.030536401496929,0.00175343036684667,0.005182990985520846,0.00012554233981040193,0.0013768033474154642
B_mem,2,2.85,0.1868251936428663,0.18457896968294984,7.591277962460697e-05,0.00014088632568439176,0.0021703111802918625,6.711969335412135e-06,0.9879768680223594,0.00040633052825691856,19.63970901072504,-3.0298943045540114,0.0017349203483903097,0.005055808263576615,0.00012959269698374976,0.0013461422574390606
B_mem,2,2.9,0.18682519364286948,0.18453468362128445,7.470406631163661e-05,0.00014534901124103755,0.002215805955273392,6.461514607717063e-06,0.9877398225746603,0.0003998607728165351,19.488910762789008,-3.0292333725867295,0.0017177063063926173,0.004931619776499429,0.00013378630121173646,0.0013163474027574078
B_mem,2,2.95,0.18682519364287262,0.18448982737591646,7.35454543283826e-05,0.00015076260408168908,0.0022618208126277475,6.139205551570943e-06,0.9874997251632971,0.00039365918961106007,19.338080609415524,-3.0285527294568615,0.001701787961283564,0.004810300273447823,0.000138128863141051,0.001287401371860411
B_mem,2,3.0,0.18682519364287567,0.18444427971229607,7.220312273552373e-05,0.0001548476637511635,0.002308710807844075,5.581096186634232e-06,0.9872559268685634,0.00038647422934587225,19.187253642975975,-3.027851262737381,0.0016872433526359302,0.0046921714940685475,0.00014265156275825874,0.0012592886643611539
B_mem,2,3.0500000000000003,0.18682519364287872,0.18439605841887205,7.259981723302739e-05,0.00016017505801407445,0.0023565354067736828,5.074857558081395e-06,0.9869978177105491,0.0003885975751846608,19.0359773613807,-3.027093128395703,0.001673964913336213,0.004578337616831225,0.00014732453793089048,0.0012319912995435417
B_mem,2,3.1,0.18682519364288186,0.1843450460495853,7.488171209771187e-05,0.0001656396699629805,0.002405265881198821,4.698794840965371e-06,0.9867247690478117,0.0004008116391456763,18.884399152650282,-3.026267916113243,0.001662125202615038,0.004465713810304572,0.00015220932082278714,0.0012054972401466767
B_mem,2,3.15,0.18682519364288488,0.1842934961771499,7.798660797181884e-05,0.00017169425993468767,0.0024537108577631825,4.625666203630773e-06,0.9864488433472506,0.0004174308959683977,18.732921391737495,-3.025414671743522,0.0016516736609136038,0.004356755938928353,0.0001572945404918179,0.00117979003943815
B_mem,2,3.2,0.18682519364288794,0.1842419403372056,8.093643844261145e-05,0.00017691492099665236,0.0025023168672397536,4.562388711154358e-06,0.986172885705018,0.0004332201501544786,18.581488410156524,-3.0245395554766903,0.0016424943607002305,0.004250358596926869,0.00016254690209405455,0.0011548536544180668
B_mem,2,3.25,0.186825193642891,0.1841888445796572,8.381513492003434e-05,0.00018280259233646352,0.002552533928313742,4.5387689583074305e-06,0.9858886855041988,0.00044862865273001496,18.430127622478995,-3.023641022403545,0.001634707398796999,0.004146869238197538,0.00016801047363070604,0.0011306759779048808
B_mem,2,3.3000000000000003,0.18682519364289402,0.18413577904124925,8.657367140950072e-05,0.0001886432141922009,0.002602840930235287,4.592741810926279e-06,0.9856046470542649,0.00046339398729585416,18.278820595601378,-3.022718245195263,0.0016282766049289417,0.004046509207837079,0.00017367785822874101,0.0011072430302427193
B_mem,2,3.35,0.18682519364289701,0.18408196438372662,8.938212341299374e-05,0.00019494359332452693,0.002653847135757404,4.636524220577411e-06,0.985316598871489,0.00047842649950006886,18.1275508073719,-3.021774367743191,0.001623192236576988,0.0039489507284547,0.00017955021016868018,0.0010845416060709474
B_mem,2,3.4,0.18682519364290004,0.18402756976357348,9.212729813834934e-05,0.0002017023333223026,0.0027054965811882173,4.743538884059857e-06,0.9850254463823869,0.0004931203139253403,17.97632875575446,-3.0208070249415853,0.0016194720045571006,0.0038543937284791305,0.00018563754148546766,0.0010625593801006977
B_mem,2,3.45,0.18682519364290306,0.1839728342077946,9.480078755854963e-05,0.00020855243101505815,0.002757558647549941,4.864971345122011e-06,0.9847324690022242,0.0005074304257901719,17.825131223220843,-3.019814255708071,0.0016171538460957352,0.0037626763753220082,0.00019195633534023422,0.0010412848400750327
B_mem,2,3.5,0.18682519364290615,0.1839163895864298,9.734256027991929e-05,0.00021559610061965174,0.002811461496196429,5.111623316578577e-06,0.9844303436824684,0.0005210355112275589,17.673976282154406,-3.018796589991471,0.0016162425005286278,0.003673500618368705,0.00019851214291233415,0.0010207060717916255
B_mem,2,3.5500000000000003,0.1868251936429092,0.18386008405915832,9.98582932669089e-05,0.00022399113901125123,0.00286525129048396,5.3158728024187845e-06,0.9841289628773607,0.0005345012164567825,17.522814446646173,-3.0177544781524017,0.0016166068038275068,0.003586821518126675,0.00020526579799406172,0.0010008094098453218
B_mem,2,3.6,0.18682519364291225,0.18380230033948988,0.0001023908192995391,0.00023061321678326466,0.002920502484122853,5.646586845886842e-06,0.9838196699038344,0.0005480568080943273,17.37165586056766,-3.0166842209762885,0.0016183478721606829,0.0035032461165280114,0.000212254144936152,0.0009815854373522268
B_mem,2,3.65,0.18682519364291536,0.18374339438632534,0.00010495028771647848,0.00023869301150706266,0.0029768489688735736,5.907982780963534e-06,0.9835043700664892,0.0005617566114614774,17.22049943838186,-3.015586571872826,0.0016214315027723318,0.0035404803534624585,0.00021946955056277608,0.0009630228510840037
B_mem,2,3.7,0.18682519364291844,0.18368367842214084,0.00010763227442435823,0.0002465057930207954,0.0030338829463532205,6.514860516689631e-06,0.9831847345664632,0.0005761122058841661,17.06928321876348,-3.0144574613126562,0.0016258901947405746,0.0036367012496025127,0.0002269260979295645,0.0009451119009518812
B_mem,2,3.75,0.1868251936429215,0.1836229771288968,0.00011025465652166053,0.0002553254423469823,0.0030919618575030597,7.056375011801161e-06,0.9828598249969163,0.0005901487608378448,16.91805675946977,-3.013300835301212,0.0016317684813917832,0.003734042305090295,0.00023464164592832166,0.0009278435436068183
B_mem,2,3.8000000000000003,0.1868251936429245,0.1835621814998338,0.00011220262289854646,0.0002641963730669503,0.0031508095201921876,8.701625033609845e-06,0.9825344104857334,0.0006005754401250468,16.767217456181015,-3.0120972696744976,0.0016387693106257872,0.0038335238604873135,0.00024252222912456552,0.0009112026232520908
B_mem,2,3.85,0.18682519364292752,0.18350312694517512,0.00011093458480229821,0.0002730177877631355,0.00321113211295012,9.930349554941709e-06,0.9822183152444539,0.0005937881430184604,16.618003751583018,-3.0108304428439525,0.0016471032440299564,0.003935335553642719,0.000250640531943957,0.0008951816481980854
B_mem,2,3.9,0.18682519364293054,0.18344237335001226,0.00010976774123127933,0.0002822255400094018,0.003273052551687013,1.0951708968569874e-05,0.9818931257238053,0.0005875424994397319,16.46879555308383,-3.009528991523367,0.0016571754531231476,0.004046461545795374,0.00025913188450361934,0.0008797797996122893
B_mem,2,3.95,0.18682519364293348,0.18337957403256105,0.00010863562863175058,0.00029335584759513126,0.0033369839817407394,1.0640807079266892e-05,0.9815569862758563,0.000581482756760197,16.31961981508119,-3.008183704369543,0.001668715165594058,0.004160269522128289,0.00026790988933787427,0.0008649854975804354
B_mem,2,4.0,0.18682519364293648,0.1833156083738966,0.00010783886188123846,0.00030268795174271935,0.003401746407158627,1.0454955197800515e-05,0.9812146038732471,0.0005772179853180934,16.170491357875942,-3.006796954889331,0.001681735048579981,0.004277142359521506,0.0002769810143390235,0.0008507920055629104
B_mem,2,4.05,0.18682519364293942,0.18324994890352708,0.00010690317202628977,0.0003136326555159297,0.003468341567386076,1.0189983902808116e-05,0.9808631551789243,0.000572209614462401,16.021407286463024,-3.0053672191843863,0.001696574966840095,0.004398850821026332,0.00028645895930459335,0.000837198088926315
B_mem,2,4.1,0.1868251936429423,0.18318219939730265,0.00010628657019716548,0.00032339675836732694,0.0035367076754424993,1.0027922521011914e-05,0.9805005193646308,0.0005689091932659729,15.872296645022976,-3.00389500864646,0.0017127642255371509,0.004518996406790423,0.000296191476558299,0.0008241897958622539
B_mem,2,4.15,0.1868251936429452,0.18311290507495145,0.00010588181250677003,0.0003363539249543005,0.003606406755487002,9.72609823986719e-06,0.9801296147719318,0.0005667426884038361,15.723215118297317,-3.002375623804987,0.0017308437263053758,0.0046473042225803176,0.0003063579660032005,0.0008117698282957743
B_mem,2,4.2,0.18682519364294814,0.1830409139434624,0.00010544381258368018,0.0003466790148315008,0.003678835886902113,9.313252899095751e-06,0.9797442752463135,0.0005643982512615489,15.574138254812292,-3.000809496832413,0.001750545802483657,0.004780061758701064,0.00031687246386854383,0.0007999284108780257
B_mem,2,4.25,0.18682519364295105,0.18296719823656135,0.00010502832186164587,0.0003583319754224225,0.0037529670845280138,9.080622167694554e-06,0.9793497047632512,0.000562174296804796,15.42505985600358,-2.9992011824862788,0.0017717748792745412,0.004912536111036779,0.0003277053160799386,0.000788658931034725
B_mem,2,4.3,0.18682519364295389,0.18289085801088673,0.00010503551974995813,0.0003708127390622583,0.0038293001123172305,8.711010289341331e-06,0.9789410862884683,0.0005622128242012907,15.275960538831493,-2.997548499790886,0.0017947915619199388,0.005046816192136108,0.0003389434714827791,0.0007779611474716014
B_mem,2,4.3500000000000005,0.1868251936429568,0.18281171046755423,0.00010512757904878375,0.0003839444381780928,0.003908355596353841,8.442436879219216e-06,0.978517441373176,0.0005627055805422792,15.126888828234762,-2.99584837920019,0.001819824719511665,0.005190722534815233,0.0003506633698334153,0.0007678346100114191
B_mem,2,4.4,0.1868251936429597,0.1827295698578927,0.00010534337948556778,0.00039752267442208695,0.003990280405581434,8.229238367707876e-06,0.9780777757795658,0.0005638606733462766,14.977830399699586,-2.9940978250810013,0.0018466549791397462,0.005342223746321097,0.000362794306342307,0.0007582720601128249
B_mem,2,4.45,0.1868251936429626,0.18264533634313218,0.00010566815833959037,0.00041172607357852636,0.004074189141490784,8.022815147531221e-06,0.9776269077080768,0.0005655990837163558,14.828785076516949,-2.992301324800137,0.00187523285842661,0.005497732267313656,0.0003753208983946127,0.0007492701632427717
B_mem,2,4.5,0.18682519364296538,0.18255761604664286,0.00010544190106624474,0.00042526123169670384,0.004162135695256245,7.4327721818641295e-06,0.9771573762986264,0.0005643880196787099,14.679867958049925,-2.990450627894787,0.001906079683940816,0.005666236471753284,0.00038841482899493245,0.0007408351969560187
B_mem,2,4.55,0.18682519364296815,0.18246745658882024,0.00010687719084038966,0.0004409096326701643,0.004250859863307513,7.023262957961226e-06,0.9766747890411624,0.0005720705476405771,14.53061424917602,-2.9885593670568924,0.0019387759752347883,0.005831320773967503,0.0004019394000775496,0.0007329577750021393
B_mem,2,4.6000000000000005,0.18682519364297095,0.18237024006937344,0.00011008094284673924,0.00045748413971503004,0.004344872630750802,6.592768778477793e-06,0.9761544281757252,0.0005892189415154977,14.38100609727228,-2.9865461958141246,0.0019729858668814707,0.005995837553363892,0.00041578579579681127,0.0007256284794910367
B_mem,2,4.65,0.18682519364297376,0.18226768048512312,0.00011495773853987027,0.0004736647588353482,0.004442555419310752,6.6093336118981595e-06,0.975605468036821,0.0006153224642686925,14.231503696744715,-2.984468557369898,0.0020100800419891847,0.006191182155711904,0.000430403128519809,0.0007188706564297574
B_mem,2,4.7,0.18682519364297648,0.18216386229878975,0.00011958438887398657,0.0004898109352606319,0.004541746955312765,6.456672845587498e-06,0.975049771107988,0.0006400870596848555,14.082122733418588,-2.982309586737044,0.002049447927143188,0.0063992064156290695,0.0004455911987317168,0.0007126743309480377
B_mem,2,4.75,0.18682519364297925,0.18205561613946625,0.00012431176472018827,0.0005078067138290974,0.004645265738792814,6.4833839516712325e-06,0.9744703730235248,0.0006653907981904549,13.932860340237513,-2.980074668965493,0.0020911222585986594,0.006619004010468546,0.00046135992895033,0.0007070424717476688
B_mem,2,4.8,0.186825193642982,0.18194256809801146,0.00012894500439375518,0.0005247486985234122,0.004753680540576739,6.521869859894734e-06,0.9738652723984266,0.0006901906636862139,13.783745557510523,-2.9777492382869486,0.0021356026792608194,0.006857901873831288,0.00047787240361397715,0.000701985468418888
B_mem,2,4.8500000000000005,0.18682519364298467,0.18182748207129712,0.0001334492991602121,0.0005452966252587815,0.004864262272527322,6.5912309932697755e-06,0.9732492632592263,0.0007143003390390071,13.634729811867139,-2.9753487870848168,0.002182899507689002,0.007102325475743296,0.000495131533120943,0.0006975049083261731
B_mem,2,4.9,0.18682519364298747,0.1817043064279543,0.0001382619325163167,0.000562786704090843,0.004982625282516868,6.611002690608711e-06,0.9725899536610736,0.0007400604266495638,13.485827783585506,-2.97286091385291,0.0022325319287255538,0.007356110855134467,0.0005129774460589574,0.0006935995905486816
B_mem,2,4.95,0.18682519364299022,0.18158089649659825,0.0001429010204060036,0.0005865117717052136,0.00510139612598602,6.756285120750066e-06,0.9719293900135683,0.0007648915952902871,13.33705850756542,-2.9702863083243023,0.002285841863996051,0.0076235802668305685,0.0005318496579621349,0.0006902928901096469
B_mem,2,5.0,0.186825193642993,0.1814495104800764,0.00014751349463383112,0.000606232181182908,0.005228169668282761,6.977149457290251e-06,0.9712261335952952,0.0007895803117202535,13.188397430077508,-2.9676271060336568,0.0023417037826262495,0.007896462482073329,0.0005513763654420681,0.0006875746863000453
B_mem,2,5.05,0.18682519364299566,0.1813152162320262,0.00015209526901240606,0.0006276542732283491,0.0053578821419570915,7.235140286609915e-06,0.9705073105852176,0.0008141047042244473,13.039843535097834,-2.9648756641383898,0.002401392137415033,0.00818344294530723,0.000571973738997087,0.0006854709204237715
B_mem,2,5.1000000000000005,0.1868251936429984,0.18117305326856092,0.00015709653717487664,0.000652040404031409,0.005495043837262574,7.4529721858006315e-06,0.9697463695113943,0.0008408744779629142,12.891392593479557,-2.962034741548209,0.0024633747248114877,0.008472897846036866,0.0005931371351497582,0.0006839633193622126
B_mem,2,5.15,0.18682519364300101,0.18102539684422225,0.00016214736460508263,0.0006784937136210725,0.005637649434173706,7.715397504617992e-06,0.968956024154529,0.0008679095224968719,12.74302441616034,-2.9590952539407294,0.002530175723416784,0.008779451244582669,0.0006156910138852855,0.0006831026817609274
B_mem,2,5.2,0.18682519364300368,0.18087197513255504,0.00016719033026979857,0.0007066155786992878,0.005786028180178824,8.289474782395532e-06,0.9681348195371102,0.0008949024861672322,12.594764917547893,-2.9560581467112037,0.0025997492069697653,0.00909451372151536,0.0006389624219073799,0.0006828619412476251
B_mem,2,5.25,0.18682519364300632,0.1807135995862995,0.00017218334861838474,0.000731944857046917,0.005939410708088443,8.520882046391592e-06,0.9672870990387672,0.0009216281019753693,12.446579193788413,-2.9529103272710886,0.002674148473435195,0.009429187737987423,0.0006636202771724917,0.0006832876419177198
B_mem,2,5.3,0.18682519364300895,0.1805489633604329,0.0001771481185610651,0.0007602302853335541,0.006099082164014952,1.0354465932044038e-05,0.9664058676445488,0.0009482025154464173,12.298733068901969,-2.949695541766352,0.002751310840528358,0.009755468521175517,0.0006889860192077659,0.00068435278290506
B_mem,2,5.3500000000000005,0.1868251936430116,0.18038100714505664,0.00017967288382183166,0.0007895294265928473,0.006264513614133116,1.1225336785903705e-05,0.965506865683926,0.0009617165667985514,12.15206293063473,-2.9464055804238187,0.0028335986461967004,0.010090938103671367,0.0007158294956157165,0.0006861101593495505
B_mem,2,5.4,0.18682519364301425,0.18020518961804716,0.00018150075952127933,0.0008211485391522595,0.006438503265445771,1.2483070171888376e-05,0.9645657852890194,0.0009715004490673306,12.006301588938415,-2.9430175256276065,0.0029191845495430088,0.010445241098668885,0.0007435482851338469,0.0006885396941414679
B_mem,2,5.45,0.1868251936430169,0.18002365900423728,0.0001834673664510453,0.000852783627299855,0.006618067272328577,1.2130118679454782e-05,0.9635941250419583,0.0009820269037248387,11.860491575702,-2.939496531657558,0.0030102736600551593,0.01081822904623186,0.0007728601657783282,0.0006916931627201745
B_mem,2,5.5,0.18682519364301955,0.17983321774796915,0.00018609057067332568,0.0008865128062672224,0.006805885324377095,1.1938140750438168e-05,0.9625747697154245,0.0009960678591823245,11.714877581398932,-2.935853749367554,0.003104522032826406,0.01119649930779032,0.000802993035013921,0.0006955429277846433
B_mem,2,5.55,0.18682519364302216,0.17963137309221008,0.00018907257614688298,0.0009216775818729959,0.007004747974665225,1.1665044232967459e-05,0.9614943765852172,0.0010120293331966513,11.569333084140405,-2.9320599279759545,0.0032052245556824393,0.011606311054434063,0.000835021795189314,0.0007001591701144971
B_mem,2,5.6000000000000005,0.18682519364302475,0.17942307818430658,0.00019246070683998472,0.0009568424178515806,0.007209654751878197,1.138197017218589e-05,0.9603794578537319,0.0010301646319057375,11.423891344671999,-2.928129356119868,0.0033097126015383146,0.012023124817011344,0.000868065626263624,0.0007055157227474433
B_mem,2,5.65,0.18682519364302733,0.1792056034272127,0.00019599987002098443,0.0009961436047592601,0.007423590345793664,1.097035083841127e-05,0.9592154030875857,0.001049108346679878,11.278598285090785,-2.924026480678352,0.0034210085832775644,0.012483724329786313,0.000903110992504476,0.0007116756057641365
B_mem,2,5.7,0.18682519364302994,0.178983121782811,0.00020007101737550096,0.0010360340055325216,0.007642000842843423,1.0671767917976092e-05,0.9580245484706794,0.001070899558427757,11.133421101388343,-2.9197840020247767,0.003536984463608408,0.012938797182261865,0.000939451429703777,0.000718630174497077
B_mem,2,5.75,0.1868251936430325,0.1787454832122886,0.0002046693862525229,0.001080543208728535,0.007875041044491394,1.0392935341921913e-05,0.9567525649341393,0.001095512774597121,10.988410553841943,-2.915375389171568,0.0036586875078636776,0.013408844325229156,0.0009774265696594845,0.0007264077988852234
B_mem,2,5.8,0.18682519364303501,0.1785037919687454,0.00020888698674030132,0.0011239303946235782,0.008112514687549265,1.000299841261319e-05,0.9554588890715178,0.0011180878909694564,10.843498319863356,-2.9107900768909967,0.003787475052924455,0.01390073124467434,0.0010174710413793277,0.0007350619287864714
B_mem,2,5.8500000000000005,0.18682519364303757,0.17824806958224976,0.00021415447500751676,0.0011717236692376566,0.008362969585780318,9.7165447814696e-06,0.9540901101530455,0.0011462826336832096,10.698758297264183,-2.9060202612675083,0.003921293392980962,0.014419347682190477,0.0010589061935732265,0.0007445748122612822
B_mem,2,5.9,0.18682519364304,0.17797844149839936,0.00022014655609555435,0.001221741189652785,0.008626605588545114,9.418740808469537e-06,0.9526468996384727,0.001178355829868322,10.55419323211141,-2.901066867475894,0.004063611556522133,0.014950758823838336,0.0011028606779565208,0.0007550295226525709
B_mem,2,5.95,0.18682519364304254,0.17770789042420324,0.0002256967779793889,0.0012719442387936386,0.008891606440859885,9.312886115206154e-06,0.9511987487284008,0.0012080639317340483,10.409796909326083,-2.8959278398226513,0.004211616509816242,0.015490495849944698,0.0011484018161205924,0.0007664110614544645
B_mem,2,6.0,0.18682519364304492,0.1774128781909542,0.00023159267566365965,0.0013251987641334031,0.00918072277642706,8.798553690344705e-06,0.9496196670879719,0.0012396222969057863,10.265707418539934,-2.890574711328511,0.004367050939168848,0.01606869648674935,0.0011960952113322168,0.0007787653051721974
B_mem,2,6.05,0.18682519364304742,0.17711458564205015,0.00023919458076314073,0.0013825199904853366,0.009471413420234113,8.480707576277601e-06,0.9480230272392995,0.0012803122325148045,10.121598588450254,-2.8850493837187554,0.004531797360213921,0.01664467222925423,0.0012465446445262278,0.000792163426635237
B_mem,2,6.1000000000000005,0.1868251936430498,0.17679290657213903,0.00024815620723717374,0.0014382252368674666,0.009784130863673603,8.087335921861285e-06,0.9463012087648169,0.0013282802088850159,9.977380929379063,-2.8794395414459983,0.004702568849958113,0.017226003796057043,0.0012986633659300244,0.0008065787521680405
B_mem,2,6.15,0.18682519364305217,0.17646558283274832,0.00025953984867332105,0.0015032049865974903,0.010100070961630526,8.208773283216905e-06,0.9445491766485365,0.001389212255651116,9.833320825579928,-2.873700165348044,0.004885147465267864,0.017866940657661284,0.0013543354133199771,0.0008221412253079332
B_mem,2,6.2,0.1868251936430546,0.17611676390760145,0.00027216094703597527,0.0015635279156874177,0.010436268788417177,8.125242266224879e-06,0.9426820894621283,0.0014567679108416281,9.689593048018088,-2.8677152984343066,0.005074224694867002,0.018519855964383655,0.0014118060030529702,0.0008388066857080912
B_mem,2,6.25,0.18682519364305689,0.17575843835024724,0.00028429494145816104,0.0016340804145468298,0.010782460351351483,8.125893126201394e-06,0.9407641171032132,0.0015217162948661367,9.546201945926313,-2.861536339011231,0.005271674017763805,0.019166117843180324,0.001471682517149769,0.000856626466314498
B_mem,2,6.3,0.18682519364305925,0.1753882628127835,0.00029758380409425296,0.001702004616688755,0.011139347026181521,8.165961798020615e-06,0.938782716574475,0.0015928462232069444,9.403107220710892,-2.855073586416299,0.005479298290182612,0.019904553171639687,0.00153454366719648,0.0008756672885931731
B_mem,2,6.3500000000000005,0.18682519364306163,0.17498844912902167,0.00031180894929539317,0.0017802553831568846,0.011524935564744536,8.317965342580216e-06,0.9366426749881784,0.001668987694941823,9.260334299879176,-2.848393530853566,0.005697497868807264,0.020631200755924586,0.001600505064817748,0.0008959826743540206
B_mem,2,6.4,0.186825193643064,0.17458876462113376,0.00032458494555757863,0.0018507623726891091,0.011911844076372623,8.464412089815336e-06,0.9345033248282972,0.001737372456188695,9.117890807881961,-2.84144659116634,0.005924595054152166,0.021399039601553885,0.001669005320377067,0.0009175790930209664
B_mem,2,6.45,0.18682519364306632,0.1741647430631822,0.0003403526540051785,0.0019358634795773725,0.012320097925878964,8.709672815845378e-06,0.9322337082434813,0.0018217706475681743,8.975774865441103,-2.8341939511730563,0.006163317929509142,0.02223495964951253,0.0017409248311271897,0.0009405434361275736
B_mem,2,6.5,0.1868251936430686,0.17371167927085882,0.00035533608390524434,0.002022677565079488,0.012758178288304528,8.961154341593157e-06,0.9298086402775887,0.001901970911825294,8.834017909869784,-2.8266786399092156,0.006415861922354316,0.023079342230563238,0.0018169634871860367,0.0009649714607962049
B_mem,2,6.55,0.18682519364307087,0.17325921840305453,0.00037090797227160754,0.0021045654446065027,0.013195067267744751,9.150334541669649e-06,0.9273867995237617,0.001985320957195026,8.69257095486567,-2.8188627336675514,0.006677572019188834,0.023961294687366165,0.0018955808658789347,0.0009908294215520306
B_mem,2,6.6000000000000005,0.1868251936430731,0.17277656558450527,0.00038761572473799846,0.0022019534175967727,0.013661012333829802,9.402153450271203e-06,0.9248033534202698,0.0020747508255151755,8.551493872952086,-2.8107041354527733,0.0069526860846947855,0.02491504032068178,0.0019781507204973165,0.0010182339232028348
B_mem,2,6.65,0.18682519364307526,0.17226651080264527,0.00040516673663781145,0.00230250536634978,0.01415351610379216,9.696015810601622e-06,0.9220732356459163,0.002168694321879693,8.410736680228565,-2.8022351103857086,0.007244683612116994,0.025896810236333376,0.0020657899644888635,0.001047313718650404
B_mem,2,6.7,0.18682519364307745,0.1717399453821792,0.0004239157399668834,0.002398797834250553,0.014661332520931379,1.0436420214973867e-05,0.9192547430743305,0.0022690501837603263,8.27036992035941,-2.7934433981719375,0.007548776492812506,0.026906561783310377,0.0021569092596911968,0.0010780487137389161
B_mem,2,6.75,0.18682519364307973,0.17119170873610637,0.0004429089719103074,0.002503012702091686,0.01519057593506306,1.0640967621367846e-05,0.9163202531622134,0.002370713303027337,8.130366751500521,-2.784284801549965,0.007866000795541773,0.027967980368690446,0.00225183098034727,0.0011105078544999618
B_mem,2,6.8,0.18682519364308195,0.17061977103549478,0.00046203015067689744,0.0026227653716834683,0.01574339245691023,1.1962288692993507e-05,0.9132589010529991,0.0024730612700960323,7.990888709283286,-2.774695359582104,0.008201978468446513,0.029113570474989536,0.0023523725081037866,0.0011448609441351545
B_mem,2,6.8500000000000005,0.1868251936430841,0.170020519432345,0.0004805738762772723,0.00274476473288015,0.016324100334461814,1.3499618771012312e-05,0.910051348626764,0.002572318362990024,7.852817927497844,-2.764734631365926,0.008556045018095345,0.03029441139573786,0.002458288823358152,0.001181178548020889
B_mem,2,6.9,0.18682519364308628,0.16939502368219844,0.0004994948229054588,0.002864417389179111,0.016930675137982402,1.5018302746013833e-05,0.9067033218539748,0.0026735945680843314,7.716653940998395,-2.754330232848405,0.008925971924559233,0.03152773771698493,0.0025688271977210232,0.0012194903313961622
B_mem,2,6.95,0.18682519364308842,0.16873730513288404,0.0005191940735597536,0.0029921670273873767,0.017568694436644657,1.5396034777147782e-05,0.9031828194180301,0.002779036721094608,7.580571914254768,-2.7435101843443257,0.009315002974813314,0.032829871752954966,0.002685025553020609,0.0012599263157514879
B_mem,2,7.0,0.18682519364309066,0.16804958165365855,0.0005380791878099608,0.0031300027769578477,0.018237532801622165,1.4804258216438917e-05,0.8995017126796031,0.0028801211299044763,7.445166006428853,-2.7322967075124343,0.009723980700564355,0.034136089889562585,0.0028071262975662135,0.001302601807865713
B_mem,2,7.05,0.18682519364309277,0.16732924143214226,0.000559675773318354,0.003271143848679254,0.01893627643763214,1.4643858064963384e-05,0.8956460216591815,0.002995718952057118,7.310169833023548,-2.72066771431717,0.01015231898877789,0.035485991167503825,0.002934907618743496,0.0013475961325474003
B_mem,2,7.1000000000000005,0.18682519364309483,0.16658549131416273,0.0005832617872516555,0.0034308242947771847,0.01965644054168041,1.446935962028863e-05,0.8916650268935494,0.00312196538313725,7.175785699856053,-2.7085604333333433,0.010602150037704308,0.03693171051282093,0.003069041474917771,0.0013950256129509932
B_mem,2,7.15,0.18682519364309688,0.1658062474436227,0.0006082495759811617,0.0035939780410886237,0.020410696623493044,1.4121247882403457e-05,0.8874940483689373,0.0032557149500036728,7.041903375465351,-2.6959709586909417,0.011077727880809043,0.03845600364096232,0.0032108870474439146,0.0014450667384773002
B_mem,2,7.2,0.18682519364309894,0.1649905302910022,0.0006350009599180705,0.003764520181618535,0.02119966239217868,1.3798120555009354e-05,0.8831278430584232,0.003398904331560031,6.908624592510353,-2.682919549330481,0.01157953143825723,0.04002433970736011,0.0033605596445953887,0.001497852504471061
B_mem,2,7.25,0.186825193643101,0.1641278977404699,0.0006635303751951421,0.003937245428011799,0.022033765527435932,1.3537195064111615e-05,0.8785105185225149,0.003551610798609466,6.775842736977286,-2.6693802212630415,0.01210452799501941,0.04164157822234051,0.003517028117228522,0.0015534436433338433
B_mem,2,7.3,0.18682519364310302,0.16322225372191396,0.0006945308553931784,0.004120464429942258,0.022908409065795898,1.3089631632542478e-05,0.8736629709252256,0.0037175438807249875,6.643699566921987,-2.6552965777696937,0.012654963289869103,0.043362028312379265,0.0036809946088551975,0.0016119794633035105
B_mem,2,7.3500000000000005,0.18682519364310507,0.16227674564361858,0.0007256080641594311,0.004316280832049574,0.023822839935327106,1.285873623637023e-05,0.8686020470751833,0.003883887659956456,6.512190163124692,-2.6406466060795477,0.013236500281498193,0.04518363011123354,0.003854271825096808,0.001673684806207768
B_mem,2,7.4,0.1868251936431071,0.1612947472506705,0.000760026775490521,0.00452120274051891,0.024770419616946066,1.2549582022947308e-05,0.8633458052707415,0.004068117156310316,6.381331967176332,-2.625453866642872,0.013850313891103663,0.04704812306149029,0.0040371923666878895,0.0017387367910399944
B_mem,2,7.45,0.18682519364310918,0.1602630561724464,0.000797346987148893,0.004735605162371013,0.02576479048351387,1.2402691900811482e-05,0.8578235785404605,0.004267877215061579,6.251143455150547,-2.609683967744635,0.014494306232145438,0.048977092043990623,0.004229019575452636,0.0018072475057875313
B_mem,2,7.5,0.1868251936431112,0.15917945303889447,0.0008366682992059476,0.0049601550772184816,0.02680907230501075,1.1753792827893046e-05,0.8520234874905154,0.004478348358113949,6.121801927699185,-2.593266046220161,0.015169488353846378,0.0510300253837983,0.004430041103276097,0.0018793650440180863
B_mem,2,7.55,0.18682519364311323,0.15804906555627946,0.000878510991584852,0.005201865159866714,0.027897617095248912,1.1270364224903807e-05,0.8459729786668709,0.004702315434304038,5.993032369897612,-2.576194764483091,0.015881893737439128,0.05318950273587034,0.00464218307352376,0.001955344516867848
B_mem,2,7.6000000000000005,0.18682519364311523,0.15687821132150756,0.0009250852020980899,0.005459649386878996,0.029021897119509553,1.0659626987916329e-05,0.8397058676207546,0.0049516084209993835,5.864695838719951,-2.5582330855358886,0.016635868033427415,0.055480852662670985,0.004866805148207103,0.002035452588806108
B_mem,2,7.65,0.1868251936431172,0.15565024222494023,0.0009772352639830482,0.005730521901055093,0.03019771615419391,1.0619615888488862e-05,0.8331330437278769,0.005230746693884401,5.736986387660325,-2.5393747080296856,0.017429267042131963,0.05780143849691006,0.0051031380955137845,0.002119852755590605
B_mem,2,7.7,0.18682519364311917,0.15436326704253814,0.0010330303462222292,0.00600835247249289,0.031428896254358796,1.0630449666423456e-05,0.8262443840278251,0.005529395292347799,5.610300535387677,-2.5197944431588244,0.018262020594506823,0.060232293519859696,0.005351101357660446,0.002208716521525487
B_mem,2,7.75,0.18682519364312117,0.15301160424445545,0.0010904034036889436,0.00630306444784876,0.032723185994976804,1.0568675305320557e-05,0.8190094775801094,0.0058364901565249455,5.484630743497913,-2.4993902279040916,0.019138548962254892,0.06279088880316765,0.005612080669323676,0.0023023069542838677
B_mem,2,7.8,0.18682519364312322,0.15162098211645422,0.0011517155978138106,0.006625351635233053,0.03405249592885517,1.0540726530735434e-05,0.8115660375339061,0.006164669632372163,5.3600318286997135,-2.47816245043475,0.020067135867940546,0.06545639637839482,0.005888714508589359,0.002400992342172469
B_mem,2,7.8500000000000005,0.18682519364312528,0.15018475287656444,0.0012179237396985143,0.006954645593813859,0.0354225170268623,1.0592029028862459e-05,0.8038784809903547,0.006519055144270319,5.23649308445299,-2.456116268163578,0.021050713820002113,0.06820432810588203,0.006181873531540905,0.002505093225379392
B_mem,2,7.9,0.18682519364312716,0.14868923706193476,0.0012881579247041855,0.007296268971509629,0.036847798656488205,1.0665616387797647e-05,0.7958735872955145,0.006894990443124176,5.114110506521022,-2.433207554952142,0.022086741964252594,0.07104221209669422,0.006490637700226899,0.002614828863571901
B_mem,2,7.95,0.18682519364312913,0.14711846803919912,0.0013614466508985712,0.00766212045636915,0.03834527895303144,1.0686687295846238e-05,0.7874658934930518,0.007287275470454951,4.9929199479796145,-2.409357681319119,0.023174514168480313,0.07404381586259387,0.006814699103458304,0.0027304168581053986
B_mem,2,8.0,0.18682519364313105,0.14548014406356197,0.0014386538134782208,0.008046952978629602,0.03990639576609093,1.0801677359143297e-05,0.7786966052418745,0.007700534309234023,4.872928536931697,-2.3845256783157374,0.024320201043149282,0.07721736985518685,0.007155999399062275,0.002852202845962458
B_mem,2,8.05,0.18682519364313302,0.14378507258103942,0.0015239334769572134,0.008460953116842333,0.041516187585136394,1.1013538565561852e-05,0.7696235704467818,0.008157001993361656,4.754160007087646,-2.358693855406146,0.025535379803806175,0.08054871927982399,0.007518231767829321,0.0029806845003182117
B_mem,2,8.1,0.186825193643135,0.14204299379893887,0.0016137686965501136,0.00890151440803831,0.04316843114764604,1.1316590329082378e-05,0.7602989245136978,0.008637853734184594,4.636653887515974,-2.331881605637164,0.026821945160537247,0.08395563512434137,0.0079018982777549,0.003116250327272547
B_mem,2,8.15,0.1868251936431369,0.14025348333410492,0.0017087833865052947,0.00935752997625888,0.044862926922526705,1.1535445475742805e-05,0.7507203958905527,0.009146429093333727,4.520537838185784,-2.304075908476285,0.02817736505731344,0.08742397337842416,0.008306054012712893,0.0032592030191747642
B_mem,2,8.2,0.1868251936431388,0.13839116016368924,0.0018077406065235453,0.009830905610636766,0.04662629287292601,1.2209084006774797e-05,0.7407521301866543,0.009676107227682432,4.405780819898388,-2.275208158576526,0.029597659770157866,0.09100559350454512,0.008729293436406337,0.0034097794609388513
B_mem,2,8.25,0.18682519364314068,0.13646685829275543,0.0019147640229628814,0.010337283136701928,0.04844357132742235,1.2447144194251189e-05,0.7304521174666843,0.01024896046204731,4.292441918185385,-2.2451548365749825,0.031090908130500836,0.09480720480798953,0.009174164658149563,0.0035684141560521515
B_mem,2,8.3,0.18682519364314257,0.13447117515815304,0.002032534924478791,0.010870314515501356,0.05032148356051072,1.2913209943066764e-05,0.7197700295978728,0.010879340654457796,4.18061136749356,-2.2139245258613762,0.032669423620950724,0.09883210357439459,0.009644581003128148,0.0037356806115662776
B_mem,2,8.35,0.18682519364314445,0.13245053255516362,0.0021605619639645814,0.011435211858692151,0.052214099124016235,1.4593354984813186e-05,0.7089543437495797,0.011564617821788423,4.07084148818479,-2.181626076597929,0.03434075419208235,0.1029584056355649,0.010142869653680709,0.003912145231040234
B_mem,2,8.4,0.18682519364314623,0.13038349940068727,0.0022904666562210147,0.01202876309727242,0.05415122758623796,1.5537107849231326e-05,0.6978903479673736,0.012259945307997499,3.9636272501922605,-2.148304765162872,0.03610511375322848,0.10713773310706486,0.010668949085313585,0.0040982664972877185
B_mem,2,8.45,0.18682519364314806,0.12825512185860427,0.002425007548607438,0.012648945374023793,0.056145064235936334,1.6631951521385674e-05,0.6864980003905812,0.012980088505832932,3.85829994198571,-2.1137990147896963,0.037955024133225275,0.11140026215941172,0.011220231941497677,0.004294328308732251
B_mem,2,8.5,0.1868251936431499,0.12607320555841375,0.002572089990815232,0.013292086901104202,0.05817989809392086,1.5875770905251323e-05,0.6748190814094539,0.013767361567563079,3.7546030002443174,-2.0779550237443196,0.03988694933610209,0.11588312931474122,0.011795442606278243,0.004500621517267361
B_mem,2,8.55,0.18682519364315173,0.12387130410076916,0.002737085991400166,0.013966816107773086,0.060216803550982384,1.580918901969056e-05,0.6630331899313934,0.014650518690900857,3.6525892080178064,-2.040678658976168,0.04191060932753339,0.12063768060659588,0.012397641241449538,0.004717685603184773
B_mem,2,8.6,0.18682519364315364,0.12164277224888227,0.002914009169865305,0.01467721959366564,0.06226841222440603,1.532300622996688e-05,0.6511047566808716,0.01559751719262886,3.5524956278056647,-2.0020839261729533,0.044044256659518756,0.12550802791706475,0.013032659049271178,0.004946279511705224
B_mem,2,8.65,0.18682519364315542,0.11934329572411592,0.003098927670480877,0.015434940638760164,0.06438297024855864,1.5118916112780755e-05,0.6387965851761247,0.016587311432953573,3.4542063691233675,-1.9622137432784397,0.04629534032547627,0.13038954781487982,0.013702764109638265,0.005187047996561481
B_mem,2,8.700000000000001,0.1868251936431572,0.11701977077627429,0.0032969997356435007,0.016228004138538546,0.06650842313123939,1.4828932467005888e-05,0.6263596921504401,0.017647511405452565,3.35792957825194,-1.9209541763755238,0.048651852833762506,0.13539093163587723,0.014403846230317104,0.005440314142811196
B_mem,2,8.75,0.18682519364315894,0.11472606130179144,0.003513574264618521,0.017020585185098053,0.06858555807674897,1.4536230870229199e-05,0.6140823893426347,0.018806747613116574,3.2636557114473406,-1.8782642346195213,0.051102930258735545,0.14058562639969405,0.015132193963548288,0.00570634836809068
B_mem,2,8.8,0.18682519364316066,0.11242019823121292,0.0037463872565813567,0.017836845031360616,0.07065860815536638,1.4281563971597353e-05,0.6017400332309434,0.02005290177157274,3.171439421776714,-1.8343054704220292,0.0536518861429865,0.14578049917652638,0.015888779639282518,0.005985547225138954
B_mem,2,8.85,0.18682519364316233,0.11008866680611502,0.004000536659848265,0.018713177128405513,0.07273599017719906,1.4032784614640424e-05,0.5892602847578753,0.02141326114447564,3.081369406427203,-1.7890586240053226,0.05629859304800599,0.150996371310496,0.016673459639197006,0.006278214130414965
B_mem,2,8.9,0.186825193643164,0.10778840470585979,0.0042727955908542815,0.01962118958218057,0.0747639933464499,1.3852909959294476e-05,0.576947908384003,0.022870553524035515,2.993551161032663,-1.7423093471369318,0.05904300111454337,0.1564648431727843,0.017486085006102083,0.006584746096237135
B_mem,2,8.950000000000001,0.18682519364316558,0.10549315631633878,0.004564020488053858,0.020537715226001216,0.07676801683877295,1.3702809689153727e-05,0.5646623683839437,0.02442936308028721,2.9080198092145486,-1.6942987733499075,0.06190668949539491,0.1619105513134677,0.018333576036271067,0.006905961386581712
B_mem,2,9.0,0.18682519364316724,0.10321200644345299,0.004878146411699133,0.021511850630049976,0.07873504078801513,1.342608680785548e-05,0.5524522920639175,0.026110752605541545,2.8249181593011805,-1.6452171092277874,0.06488912456549183,0.16715062235266365,0.019215620992708904,0.007242261587365138
B_mem,2,9.05,0.18682519364316888,0.10099030483216717,0.005215004880531512,0.022494913752638363,0.08061988393047019,1.2967164292448067e-05,0.5405604183398088,0.027913820287493087,2.7441772001138016,-1.5947151319759763,0.0679481255199312,0.17251431445898363,0.020118273058948293,0.0075933063430863035
B_mem,2,9.1,0.18682519364317052,0.09882261345409675,0.005578676359567146,0.023440631712997664,0.08242390382950662,1.2633690430567386e-05,0.5289576396363567,0.02986040721157886,2.665754070211081,-1.5430825960844925,0.07108081215584937,0.17780751823530117,0.021040518102912964,0.007959257847110485
B_mem,2,9.15,0.18682519364317218,0.09673607720177492,0.005986228079956457,0.024435346212653693,0.08410288836144081,1.2638887354903801e-05,0.5177892516281103,0.03204186739070046,2.5898808936893567,-1.4906199297044829,0.07428299397816727,0.18287740023569185,0.021980991096374643,0.008340020689043336
B_mem,2,9.200000000000001,0.18682519364317374,0.09471951697058685,0.006421888570679295,0.025453297270236663,0.0856837881019076,1.2813978225980746e-05,0.506995417071512,0.034373782493943315,2.5166323603664837,-1.4368970317923722,0.07750994938875504,0.18782617991933084,0.022925043372815517,0.008734819270308483
B_mem,2,9.25,0.18682519364317532,0.09276857918617154,0.0068820136956760265,0.026426032202675077,0.08717460076132773,1.2625374943908725e-05,0.49655283303682185,0.03683664692900172,2.4461431777949745,-1.3824758125599204,0.0807979181775546,0.19262303571996364,0.02388457067476409,0.009144206153262334
B_mem,2,9.3,0.18682519364317698,0.09093646460499806,0.007392152473985499,0.027464509068578474,0.08849657656419341,1.2614257392709895e-05,0.4867462617417666,0.03956721430249922,2.3783954070598874,-1.3274284862084453,0.08414483724956388,0.19705079827290714,0.024858942393666313,0.009568010068564945
B_mem,2,9.35,0.18682519364317865,0.08917502687248773,0.007930144481244754,0.028476011825220637,0.08972002228944617,1.2836041726016887e-05,0.4773179951457991,0.0424468687900343,2.3133933738189283,-1.2717651083439432,0.08749907301375585,0.20126719224805886,0.025831244412253495,0.010005339776995375
B_mem,2,9.4,0.18682519364318034,0.08752817914564333,0.008509676175904694,0.029425799458938764,0.0907873383216323,1.293208708015359e-05,0.4685030826881648,0.04554886849017497,2.251187564104968,-1.215918914937999,0.09088613536429709,0.20502483812319583,0.026809932055787602,0.010456339196934276
B_mem,2,9.450000000000001,0.18682519364318204,0.0860199994373691,0.009159937139764568,0.030412408087996064,0.09164525706604838,1.311085059504642e-05,0.4604304042722361,0.049029453475419156,2.1917940931465165,-1.1599729415221545,0.09422425055718435,0.208272472890906,0.027768397207510575,0.010919058934652642
B_mem,2,9.5,0.18682519364318384,0.08460319783921781,0.009836515048499899,0.03125187816072734,0.09238548075546608,1.3361997947386169e-05,0.4528468360685919,0.05265090246493517,2.135155416714274,-1.1041350712016302,0.09748016492897445,0.21109001503198319,0.028695965226083846,0.011392269250722897
B_mem,2,9.55,0.18682519364318556,0.08335744330329974,0.010593250145951133,0.032117667813032075,0.0928745001939347,1.3777142578937225e-05,0.4461788138836499,0.05670140059473463,2.0812862416207514,-1.0487606730158134,0.10066286951924268,0.21327321867434376,0.029595975574476865,0.011874942795812082
B_mem,2,9.6,0.18682519364318734,0.0822152762552752,0.011398270229534399,0.03289388172272298,0.09321164715837778,1.4155158886387414e-05,0.4400652537917132,0.06101034880393949,2.03015062060288,-0.9937312382894323,0.10368119652949928,0.2150663826793216,0.030438913101053133,0.012364457226339864
B_mem,2,9.65,0.18682519364318917,0.08122710296462488,0.012255114708137317,0.03360309681036326,0.09334297597042698,1.4599623342622807e-05,0.43477596024740456,0.06559669212249247,1.9817031456166987,-0.9395727656858776,0.10660787267660868,0.21623460430869254,0.031249042930194256,0.0128607438860259
B_mem,2,9.700000000000001,0.18682519364319097,0.08035694750605417,0.013191573040827407,0.03430343687799153,0.09327667309630938,1.5325026767356418e-05,0.43011836861533936,0.0706091763299408,1.9358411609618618,-0.886173323682914,0.10935649613168989,0.21688164048763003,0.03199850853537998,0.01336097052554994
B_mem,2,9.75,0.1868251936431929,0.07962168194404445,0.014179829348803887,0.034841506407362055,0.09302368235034454,1.551138494625739e-05,0.4261827882598613,0.07589891423254809,1.8926607422340844,-0.8340030684609497,0.11194718271252788,0.21686957744356355,0.03269432153231307,0.013864218115588663
B_mem,2,9.8,0.18682519364319472,0.07899865002800566,0.015262873429825382,0.035383887491885736,0.0925636701853637,1.545279222400128e-05,0.42284794939851655,0.08169601289949657,1.8518071174184572,-0.7833138848426472,0.11434079307976344,0.2160983893942503,0.033324242778106965,0.014368064745442553
B_mem,2,9.85,0.1868251936431966,0.07850191471753461,0.016421164751352413,0.03570133959808773,0.0919021141743096,1.6042108580879473e-05,0.42018912538883546,0.08789587973190575,1.8136469313397345,-0.7345584213299121,0.11645621968618121,0.2144876155938396,0.03386222441889887,0.014869546429484586
B_mem,2,9.9,0.1868251936431985,0.07809673292875176,0.017664879006733383,0.03600136949969722,0.09106358170771336,1.6576398655392377e-05,0.41802035049888425,0.09455298111704372,1.7786051836472576,-0.687978618413784,0.11831146204683987,0.2120879681739094,0.03431494324343098,0.015366632316546967
B_mem,2,9.950000000000001,0.18682519364320044,0.07781226367704348,0.019003649845363207,0.036069279356619,0.09000928012079368,1.743025822332475e-05,0.41649770119146606,0.10171888209925509,1.7462501461911828,-0.6437383202659606,0.11977872577364794,0.2089176415714555,0.03464125583799326,0.01585495825966816
B_mem,2,10.0,0.1868251936432023,0.07760836606265147,0.02042005837909137,0.036041626484983255,0.08879676920145943,1.7133774320933774e-05,0.41540631940073075,0.10930034638738008,1.7155897678314544,-0.6018547228526376,0.120922903743234,0.2050239496233755,0.034863344694772626,0.01633286965891615
B_mem,2,10.05,0.18682519364320418,0.07750962377998762,0.021926896039673557,0.03586966948704275,0.08738867382354301,1.671692963987078e-05,0.41487779173944966,0.11736584136264405,1.6869712853922971,-0.5624474753984324,0.1216190645683936,0.2004041859007738,0.03494114475356935,0.016795630307685532
B_mem,2,10.1,0.18682519364320616,0.07748924567348155,0.02351417429487639,0.0355732258327311,0.08582177367484818,1.6476653280870283e-05,0.41476871594453407,0.1258619024358307,1.660275159688181,-0.5257530570071238,0.12197390011310996,0.19522280417972337,0.03491054788230837,0.017242256466184828
B_mem,2,10.15,0.18682519364320802,0.07755948135857914,0.025203707112656366,0.03515921368896929,0.08406200517197253,1.6046230881247218e-05,0.41514465927277144,0.13490529098976603,1.6351819738970543,-0.4917442182327082,0.12187425175700213,0.18986688792705692,0.03473535490657228,0.017668187037285316
B_mem,2,10.200000000000001,0.1868251936432099,0.07769653667420381,0.026993620752389744,0.03458842349454694,0.08213503621661636,1.5785783737975945e-05,0.41587826116527443,0.1444859776457179,1.6117083385805566,-0.4606765411097792,0.1214291369191225,0.18428820949073105,0.03445214939132024,0.018072688745161762
B_mem,2,10.25,0.1868251936432118,0.07790540300419264,0.028874483683053093,0.03391120750644858,0.08004530695596605,1.549435458032734e-05,0.41699623848896944,0.1545534792175618,1.5895899438949157,-0.4325110853359983,0.1205258726749889,0.17901457093418138,0.03402485231860096,0.01845131571918603
B_mem,2,10.3,0.18682519364321365,0.07816825882335869,0.030865780005232706,0.03306905601044344,0.07779115481462226,1.5285124548214302e-05,0.41840319979884105,0.16521208624666608,1.568744230113739,-0.407495695746002,0.11926381522773516,0.17392872603381523,0.03348683623447487,0.01880330652431058
B_mem,2,10.35,0.18682519364321554,0.07848487634475025,0.03293787880499363,0.032124808285390084,0.07540243849347161,1.5143103035532833e-05,0.4200979258430994,0.17630319638739875,1.548958342011056,-0.385524467119838,0.11752619594092005,0.16813366722521364,0.032800669144805485,0.019124188506503582
B_mem,2,10.4,0.18682519364321742,0.07884558200511278,0.035120296078305475,0.031021805287752717,0.07285931555979913,1.5008579983985676e-05,0.42202863793458845,0.18798479687581737,1.530133373814283,-0.3667725511744722,0.11541211626429206,0.1629163065448881,0.0319996402715893,0.01941319544952415
B_mem,2,10.450000000000001,0.18682519364321928,0.07924489943872576,0.03735971031627602,0.029788658197058636,0.07022058388821747,1.5036753479948236e-05,0.4241660232937321,0.19997147915511856,1.512135016786109,-0.35111520506209437,0.11281273192119785,0.1567775604179416,0.031048887927543203,0.01966606813856821
B_mem,2,10.5,0.18682519364322106,0.0796735838142795,0.03969779442896497,0.028449459593567344,0.06745381539997661,1.4899679383381328e-05,0.42646059806276265,0.21248630152513373,1.4947890221557742,-0.3384308953103646,0.10984460350758231,0.15042641372127574,0.02998739630739719,0.019882414585390727
B_mem,2,10.55,0.1868251936432229,0.08012551961703124,0.042084718111607376,0.026977750909507818,0.06461495591458429,1.4945494537912669e-05,0.42887962835486565,0.22526254243833888,1.4780630699445108,-0.3287420608240737,0.10642481165363159,0.1439203090700521,0.028788679191283893,0.02005877407977992
B_mem,2,10.6,0.18682519364322484,0.08061531279866137,0.044538102015696045,0.02546795250660785,0.06167177882886738,1.5203463702310023e-05,0.43150129394545317,0.23839451814378573,1.4618261422953727,-0.3213694535645477,0.10268637979331342,0.13751898517851752,0.02749699191175843,0.020195404058038116
B_mem,2,10.65,0.1868251936432266,0.08109749378523169,0.04704553904662449,0.02383719287425673,0.058682160811370454,1.5683223117579586e-05,0.4340822145224197,0.2518158184621806,1.4460493289375893,-0.31624426166347125,0.09858781916582118,0.13083193722295597,0.02609918459300149,0.0202902653868167
B_mem,2,10.700000000000001,0.18682519364322844,0.08163509884271353,0.04959094565467399,0.022239750361121212,0.05559914914584094,1.6074023783799293e-05,0.4369597978236723,0.26544035463105453,1.4307564855250225,-0.31295328420467194,0.0942509530208779,0.12390308122476365,0.02463561246525673,0.020344115625107708
B_mem,2,10.75,0.1868251936432303,0.08214543634616425,0.05220433437304757,0.020539694002497912,0.05247542292401848,1.6004554413887478e-05,0.4396914288927907,0.27942877165024804,1.4154518770959739,-0.3119507524489562,0.08968694666759502,0.11745248007258308,0.023110074057602258,0.020356724494788248
B_mem,2,10.8,0.1868251936432322,0.08270737916329132,0.05480627088046702,0.018914247977695243,0.04931154359947385,1.614479619241237e-05,0.44269928241708223,0.2933558895976683,1.400214975860649,-0.3124087392319242,0.08497191643265811,0.11073527818063779,0.02154765257971337,0.02032895869351801
B_mem,2,10.85,0.18682519364323408,0.08323989312743767,0.05748064593052765,0.017239692067396253,0.04610465458526873,1.624929214962219e-05,0.44554961514663055,0.30767074188235066,1.384923675816783,-0.31454346134765304,0.08016841428805131,0.10405327298485345,0.01996870093950804,0.020262311469527207
B_mem,2,10.9,0.18682519364323588,0.08379164445762091,0.06009350996203491,0.01564051447641173,0.042940039223580063,1.6334560065655992e-05,0.44850291774690015,0.32165635046411545,1.3695145969383822,-0.31774567735320053,0.07529367362809,0.09731307843797496,0.018378710700199367,0.020157541527491888
B_mem,2,10.950000000000001,0.1868251936432377,0.08434563246651874,0.06275108188031142,0.014061955592281147,0.039728479296407555,1.6412041028443346e-05,0.45146819238729424,0.33588126235341254,1.353892946205182,-0.32202504215059524,0.07044605048055444,0.09075714999779566,0.016809562882265948,0.020017361833756582
B_mem,2,11.0,0.1868251936432396,0.08486700640829609,0.06533278128068348,0.012526741390608385,0.03662540595426004,1.6451976015911394e-05,0.45425889706480205,0.34970005921922187,1.338053401105791,-0.32706293272957576,0.06561095790823838,0.0845690021785526,0.01525604799306043,0.019842813929057092
B_mem,2,11.05,0.1868251936432414,0.08542080014009405,0.06789263759527003,0.011089293303334736,0.03351175590787733,1.6556654293893586e-05,0.45722313181814406,0.3634019388461965,1.321963188050426,-0.3325367274946132,0.060881553518859405,0.07806558290533552,0.013748199297878207,0.019636955625224776
B_mem,2,11.1,0.18682519364324332,0.08591724872433995,0.07037556189921365,0.009684743753527576,0.03053238301968972,1.672486195484358e-05,0.45988042109783844,0.37669203241186544,1.3055407302574584,-0.3384641450844555,0.05626138255669764,0.072007245641891,0.012286533517599627,0.019401782003898766
B_mem,2,11.15,0.18682519364324515,0.08643018805518815,0.07276831049059936,0.00839977723114548,0.027626695097457635,1.6878969974884003e-05,0.46262597870088235,0.3894994517150357,1.2888018121463516,-0.34429704571278197,0.051798356042313795,0.06591532006724299,0.010886116201208012,0.019140007438689752
B_mem,2,11.200000000000001,0.186825193643247,0.08689359698980968,0.07509882774361074,0.0071860532928703135,0.024832768909826625,1.7436819034957745e-05,0.4651064200459912,0.4019737717334637,1.2717249628300333,-0.35017947915194914,0.04753750494701376,0.06011071173768834,0.00956092556254959,0.01885472825936499
B_mem,2,11.25,0.18682519364324893,0.08732933013578792,0.07729537950903269,0.006078876394136999,0.02220048399842831,1.7817415425080497e-05,0.4674387240435419,0.41373102846413573,1.2543347012048196,-0.3557292251600312,0.0434848825382215,0.05475203331571265,0.008312155862084657,0.018548414951967514
B_mem,2,11.3,0.18682519364325073,0.08774487169414999,0.07941502428832442,0.005088558153390114,0.019665297660776338,1.7268657997365194e-05,0.46966295060666124,0.42507663307963806,1.2366308074965349,-0.36086469470691485,0.039694182431809194,0.04959366473166093,0.007156556054585849,0.018224514268051648
B_mem,2,11.35,0.18682519364325265,0.08810625832586874,0.081401304337157,0.004190259842959494,0.01731763098022691,1.6717420837035287e-05,0.47159730766349334,0.4357083900182907,1.2183649194373376,-0.36557902785583973,0.03616767973696999,0.04502618469701657,0.006093967838664466,0.017885776220976597
B_mem,2,11.4,0.18682519364325445,0.08844652602345499,0.08327265340505575,0.0034123970324884205,0.015106014214743752,1.6985733676014802e-05,0.47341862357356884,0.4457249677153615,1.2000512343281078,-0.3695743772346365,0.03292876601992088,0.040734072918000436,0.005131170220833447,0.017535255357420548
B_mem,2,11.450000000000001,0.1868251936432564,0.08873728896927222,0.08500925032391016,0.0027360098238434615,0.013078654350074034,1.7479761112803774e-05,0.4749749604901601,0.4550202714428105,1.1819628167256198,-0.37308647240012427,0.029990912359589426,0.03679105748719069,0.004271653925756244,0.01717595058232069
B_mem,2,11.5,0.18682519364325834,0.08899877391445343,0.08660440165761503,0.0021615535251602574,0.011222018071189891,1.785937373528681e-05,0.47637458406383937,0.46355847393358335,1.1634212394505357,-0.37604884048698123,0.027344517839299254,0.03336966819784576,0.0035113814499432815,0.01681037348946941
B_mem,2,11.55,0.18682519364326028,0.08922782010695554,0.08808149998228545,0.001681189184744621,0.009515873554019259,1.7472639732101882e-05,0.4776005760622127,0.47146478622404464,1.1449121725346039,-0.3784427301554589,0.024995134428749708,0.030196148999527137,0.00285131259729486,0.016441196636865125
B_mem,2,11.6,0.18682519364326228,0.08942165368373729,0.08939219982715409,0.001284381114364424,0.008011340132370884,1.77234819592376e-05,0.47863808911385664,0.478480434484902,1.1262140394809645,-0.38046019040191725,0.022926441942439764,0.027509015074401746,0.0022852760419622116,0.016070613816553128
B_mem,2,11.65,0.18682519364326414,0.08959596738362678,0.0905769476499824,0.0009692027162365108,0.0066522786096549725,1.7547711320731087e-05,0.4795711201279791,0.48482191231090477,1.1073517639537012,-0.3819868662719989,0.021121325582834593,0.025296540648898497,0.0018069128598556421,0.01570058700326767
B_mem,2,11.700000000000001,0.18682519364326608,0.08974022009803541,0.09162388158928825,0.0007144384899956427,0.0054610919559423985,1.7351361466886256e-05,0.4803432467967363,0.49042572793602845,1.0884593202148298,-0.3831737587660108,0.01956172268290104,0.023495152993980698,0.0014096161563005424,0.01533287421399941
B_mem,2,11.75,0.18682519364326805,0.08986980544602116,0.09251558927014296,0.0005181115505673861,0.004439798927103892,1.7158464550486387e-05,0.4810368649617052,0.4951986799317663,1.069495574398599,-0.3841073128756873,0.01822068020593817,0.022239263546127045,0.0010839474258472473,0.014968837928396424
B_mem,2,11.8,0.18682519364326997,0.08997876551496756,0.09330146229837964,0.00036964372119823374,0.003544965829922752,1.7143572593983013e-05,0.4816200843167646,0.4994051416669877,1.0504961414969038,-0.38473955324191955,0.01707515934705349,0.021699149023555613,0.0008218321840691146,0.014609662794846148
B_mem,2,11.85,0.18682519364327194,0.09007079101841212,0.09394811197919534,0.00025621222280221935,0.002806290645664495,1.7153473195370166e-05,0.48211265976469553,0.5028663969088767,1.0314275129346875,-0.38521686544097017,0.01609834234888555,0.021163268046101854,0.0006140357746491791,0.014256235024938014
B_mem,2,11.9,0.18682519364327385,0.09015299676002121,0.09448540809564379,0.00017578594670689327,0.0021867887876088686,1.7029878650955443e-05,0.48255267398336205,0.5057423265732314,1.012318082888078,-0.38556959354545434,0.015264566548678134,0.020653460067395383,0.00045178515035134684,0.013909211097624092
B_mem,2,11.950000000000001,0.18682519364327574,0.09021993206508774,0.09493662024437423,0.0001175219678146215,0.0016686413338137696,1.6917412294862043e-05,0.48291095170683346,0.5081574834368769,0.9930963176793898,-0.38577701031723255,0.01455271309052589,0.020155108591340058,0.00032786524326547953,0.013569117360729454
B_mem,2,12.0,0.18682519364327763,0.09027766895043861,0.09528210317349793,7.660026026472209e-05,0.0012654215193410746,1.672185180306184e-05,0.4832199939951032,0.5100067143804424,0.9737955872086741,-0.3859398200986557,0.013938749826880143,0.019647863329658306,0.00023417302172044625,0.013236230761718804
B_mem,2,12.05,0.18682519364327943,0.09032610049696758,0.09555994919477365,4.933074808786238e-05,0.0009391439515382189,1.6718978415082482e-05,0.48347922855326764,0.5114939122034796,0.9545793105979948,-0.38605842503876164,0.013405408847530977,0.019158675426892965,0.00016488316949240224,0.012910759339053769
B_mem,2,12.1,0.18682519364328126,0.09036545786883425,0.09578227722487988,3.142145286656559e-05,0.000677458549567157,1.6645612392528652e-05,0.4836898927099495,0.5126839445849249,0.9353184665328655,-0.38610829958452453,0.012936742605120143,0.018680520949995495,0.00011464917960140178,0.012592795066315934
B_mem,2,12.15,0.18682519364328304,0.09039817669458634,0.0959373833198357,1.884935064069405e-05,0.0004896336288610037,1.703060529114539e-05,0.48386502340358445,0.5135141650275226,0.9160337878429616,-0.38614874926159604,0.01251803994628328,0.018195188805237416,7.857311562681525e-05,0.012282320599402836
B_mem,2,12.200000000000001,0.18682519364328487,0.09042409527096237,0.09605787824297117,1.2750797910388117e-05,0.0003432201293513469,1.7662302341479646e-05,0.4840037551017548,0.514159125810299,0.8969532602728009,-0.38616899955756373,0.012139238088537507,0.017731988138605423,5.3315089305041315e-05,0.011979292820622385
B_mem,2,12.25,0.18682519364328667,0.09044281252593028,0.0961490690380141,8.20741047434548e-06,0.00023331207934232536,1.788089720851823e-05,0.4841039410274431,0.514647233400414,0.8779344652066278,-0.38617581417495195,0.01179198174892397,0.017282957866040626,3.61183055143014e-05,0.011683626832381066
B_mem,2,12.3,0.1868251936432885,0.09046024996363912,0.09620666375106662,5.592575036234042e-06,0.00015827992858274221,1.7583201779846837e-05,0.48419727660691125,0.5149555146976439,0.8589216934192601,-0.38619068830946496,0.011468262178404494,0.01683522193205778,2.4361791788640945e-05,0.011395176803038571
B_mem,2,12.35,0.1868251936432903,0.09047160177008993,0.09624740095585461,4.42940601290667e-06,0.00010619091734578736,1.7862353947289368e-05,0.4842580382538207,0.5151735645440947,0.8399577426548478,-0.38620977547791707,0.011163381829384644,0.016406273784721013,1.652567452417948e-05,0.011113804805812106
B_mem,2,12.4,0.1868251936432922,0.09047925052985085,0.09627838136265335,3.288178148615606e-06,6.756175078802402e-05,1.8210796610230265e-05,0.4842989789835523,0.5153393901813849,0.8209551416825699,-0.38622944863513714,0.010873582580012506,0.015994140487102265,1.1408042823205436e-05,0.01083935845154289
B_mem,2,12.450000000000001,0.18682519364329406,0.09048667262029027,0.09629537961150875,2.8908330399462455e-06,4.314141149507967e-05,1.8504296377161448e-05,0.4843387064437185,0.5154303749598452,0.8019671291767908,-0.38625289829144255,0.010595897357870844,0.0155881904300594,8.073798457967428e-06,0.010571675962496946
B_mem,2,12.5,0.18682519364329594,0.09049150128737218,0.09630472190193512,2.532747242202202e-06,2.8970453988661408e-05,1.8649948596733733e-05,0.4843645523533993,0.5154803804769985,0.7830297871942012,-0.3862793032184916,0.01032832360399667,0.015194032886275818,5.909116826984007e-06,0.010310596253515722
B_mem,2,12.55,0.1868251936432978,0.0904937552601058,0.09631296998557824,1.964798974888797e-06,1.846839761380316e-05,1.8900703581097956e-05,0.48437661696143613,0.5155245291460367,0.7640774276395315,-0.3863083593159277,0.01006929197007352,0.014815761805776534,4.445270606309042e-06,0.010055956158254597
B_mem,2,12.6,0.18682519364329972,0.09049684263813765,0.09631636775658042,2.079116032244666e-06,1.1983248581653243e-05,1.9148582591374777e-05,0.48439314245230125,0.5155427160454316,0.7450773803940175,-0.38633682660626084,0.009818018264123478,0.014446661466802478,3.472610309056193e-06,0.009807600433196308
B_mem,2,12.65,0.18682519364330166,0.09049893551096572,0.09631720179069027,1.8411903881348842e-06,9.056341645655122e-06,1.9384467918238525e-05,0.48440434475744176,0.5155471802940298,0.7260922795860014,-0.3863644492503251,0.0095739394676327,0.014085453509088141,2.8539198074925834e-06,0.009565377708210223
B_mem,2,12.700000000000001,0.18682519364330358,0.0904997894318509,0.09631821926606525,1.4420445078218309e-06,7.184945387458533e-06,1.9781064939373685e-05,0.48440891545193754,0.515552626429822,0.7071401772672444,-0.3863947341166396,0.009336269309095173,0.013735326500118305,2.3789708686493856e-06,0.009329132396489224
B_mem,2,12.75,0.18682519364330563,0.0905006993414261,0.0963185341762681,1.5368515086093713e-06,5.960125611396285e-06,2.0376165109967845e-05,0.4844137858313358,0.5155543120172722,0.6880659613196882,-0.38642336633708163,0.009104679913357153,0.01339633735539924,1.9879434456749684e-06,0.009098716083020127
B_mem,2,12.8,0.18682519364330763,0.09050192194290983,0.09631838461877514,1.3756916860577636e-06,4.88708162262217e-06,1.987689984836653e-05,0.4844203299245543,0.5155535114962554,0.6690034847126272,-0.3864505393723116,0.00887919447896221,0.013065287970508817,1.734700827177299e-06,0.008873990376480676
B_mem,2,12.85,0.18682519364330952,0.09050211630818066,0.0963184812317244,1.2151168695410801e-06,4.596103404509301e-06,1.9212900637198248e-05,0.4844213702835451,0.5155540286264475,0.6496709378069064,-0.38647965719200467,0.008659420048093263,0.012740879078037419,1.53562480111514e-06,0.00865481317368992
B_mem,2,12.9,0.18682519364331152,0.09050185637884452,0.09631860766211077,1.0610677495101553e-06,4.72960235624901e-06,1.9315626743183736e-05,0.4844199789865148,0.5155547053573685,0.6303162888457877,-0.3865098316658592,0.00844505813930499,0.012425339694892176,1.337613191485162e-06,0.008441045299730535
B_mem,2,12.950000000000001,0.18682519364331354,0.09050202764933502,0.09631860282154028,1.1655413447799896e-06,4.563172438216094e-06,1.9680090175334747e-05,0.4844208957284497,0.515554679447739,0.6112897996743442,-0.3865425514025566,0.008236182198991514,0.012119632179452689,1.2083919266238786e-06,0.00823255702321164
B_mem,2,13.0,0.1868251936433155,0.09050252643372911,0.09631875117230193,9.928636855724813e-07,3.916037284452973e-06,2.0639192330206784e-05,0.48442356552037347,0.5155554735095983,0.5923683581591331,-0.38657460087881657,0.00803260666510871,0.01182097446634263,1.1292331173640976e-06,0.008029218965756618
B_mem,2,13.05,0.18682519364331743,0.09050235639943524,0.09631872520156703,1.0376590805651449e-06,4.112042315173006e-06,2.037045102841323e-05,0.48442265539529084,0.5155553344987114,0.5732714775103566,-0.38660642214504776,0.007834083809955532,0.01152780317301245,1.0604381989547344e-06,0.007830902495358666
B_mem,2,13.1,0.1868251936433194,0.09050220761503304,0.09631910648030796,9.735129871522964e-07,3.879547978386598e-06,2.0091067121127922e-05,0.48442185901231777,0.5155573753302098,0.5541297158322473,-0.3866403973310421,0.007640409349288088,0.01124280647837417,9.75701050537435e-07,0.007637482246136475
B_mem,2,13.15,0.18682519364332123,0.09050217716306012,0.09631947128157961,9.044111562332302e-07,3.5451986815232175e-06,2.010622809963769e-05,0.48442169601516943,0.5155593279644537,0.5351083672767292,-0.38667453516163547,0.007451538898138916,0.010967179508193177,9.002073241852002e-07,0.00744883827616636
B_mem,2,13.200000000000001,0.18682519364332317,0.09050211701204326,0.09631956269076741,8.897633196697898e-07,3.5139405124740305e-06,2.0158763283229328e-05,0.48442137405100266,0.5155598172410069,0.5160787887592415,-0.38670674049612236,0.00726749090443976,0.010696558370481878,8.783988636096585e-07,0.007264855707848932
B_mem,2,13.25,0.18682519364332498,0.09050193392059039,0.0963197882135098,9.18345850971786e-07,3.471509224787622e-06,1.9819230319732834e-05,0.48442039403620824,0.5155610243733912,0.4969058324776479,-0.38673997342264,0.007088015007415352,0.010430810931498136,8.656690347522678e-07,0.007085418000311094
B_mem,2,13.3,0.1868251936433269,0.09050166317788404,0.09632007711876686,7.498002376233327e-07,3.45334667600188e-06,2.0137411038004008e-05,0.4844189448595635,0.515562570766843,0.4777873552329622,-0.3867756373938943,0.006912907747892256,0.010173323835156756,8.32153810308183e-07,0.006910411286461331
B_mem,2,13.35,0.1868251936433288,0.0905012503868943,0.09632049103259595,7.775934105345367e-07,3.4522238385856996e-06,1.995660711804018e-05,0.4844167353556812,0.5155647862808217,0.45862636100411386,-0.38681004638891603,0.006742146394483789,0.009923354738892219,8.06369027213363e-07,0.006739727287402149
B_mem,2,13.4,0.18682519364333067,0.09050097452273849,0.09632089152037848,8.99660792279279e-07,3.3276002136781006e-06,1.968011245791387e-05,0.48441525876598074,0.5155669299305821,0.43937083705622826,-0.3868426328827177,0.00657565368944731,0.009677973844112158,7.979179257830926e-07,0.0065732599356699605
B_mem,2,13.450000000000001,0.18682519364333258,0.09050089389243407,0.0963209662472171,9.123215265082669e-07,3.3335036813719034e-06,1.98336930647972e-05,0.48441482718443774,0.5155673299132405,0.42019545523048474,-0.38687735070453405,0.0064133944532656344,0.009437533521157825,8.291769033053348e-07,0.006410906922555718
B_mem,2,13.5,0.18682519364333441,0.09050027837189067,0.09632140191394142,8.919174898597504e-07,3.5133575023707886e-06,1.979145200694148e-05,0.4844115325509235,0.5155696618617047,0.4008660183830125,-0.38691252757446093,0.006254998910792361,0.009204613272267688,8.121621520548126e-07,0.006252562424336198
B_mem,2,13.55,0.18682519364333636,0.09049971673074503,0.09632175473601487,9.105417029765668e-07,3.722176576446067e-06,1.9829398805111293e-05,0.48440852631212006,0.5155715503761259,0.38153700271103874,-0.386944716223045,0.0061006454662161525,0.008977984830089443,8.37945548227539e-07,0.00609813162957147
B_mem,2,13.6,0.1868251936433383,0.09050047633597529,0.09632201431736595,7.39016258522803e-07,2.7029899970890797e-06,1.9614620364391888e-05,0.48441259217290955,0.5155729398105219,0.3623164716836459,-0.3869766647382733,0.005949932691038762,0.008755981859185412,8.06592815716181e-07,0.005947512912591613
B_mem,2,13.65,0.18682519364334021,0.09050057797970705,0.09632213056941052,6.731061166002159e-07,2.4850942226418627e-06,2.019342421739393e-05,0.484413136230854,0.5155735620608797,0.3429118511081642,-0.3870110040658975,0.005802852027499682,0.008539330297537694,7.466499266167023e-07,0.0058006120777198324
B_mem,2,13.700000000000001,0.1868251936433421,0.0905001145767812,0.09632189452744497,7.919454524696865e-07,3.1845391159139586e-06,2.0570246372540504e-05,0.48441065582166654,0.5155722986233211,0.323731186854953,-0.3870466398787504,0.005659590585980899,0.00832783671449193,7.494486169323421e-07,0.0056573422401301025
B_mem,2,13.75,0.18682519364334407,0.09050016296297483,0.09632187124774762,6.800503060357343e-07,3.159432621613668e-06,2.0895070899098996e-05,0.4844109148134639,0.5155721740164738,0.30472607820024916,-0.38708523158386515,0.005519976214531522,0.008122217454655037,7.874298937482866e-07,0.005517613924850276
B_mem,2,13.8,0.18682519364334596,0.09050018249208651,0.09632207501041233,6.726778625992006e-07,2.9361408471168865e-06,2.1237076158408014e-05,0.48441101934492653,0.5155732646759281,0.28558411415444346,-0.38712037446377123,0.005383551124353582,0.007922620390669724,7.394886982059067e-07,0.005381332658258964
B_mem,2,13.85,0.1868251936433479,0.09050049440480003,0.0963217902732687,7.163539134613469e-07,2.9089652791471893e-06,2.112127597801938e-05,0.4844126888880245,0.5155717405926978,0.2666310048006888,-0.3871539792861865,0.005250711069344507,0.007727096875466414,7.632965584163314e-07,0.005248421179669257
B_mem,2,13.9,0.1868251936433499,0.09050049834331941,0.0963217305585522,7.122151573428521e-07,2.964741478277029e-06,2.158045482052039e-05,0.484412709969327,0.5155714209638707,0.247499813774519,-0.3871895188748889,0.005121114674013944,0.0075354301492221035,7.740449089833623e-07,0.005118792539286993
B_mem,2,13.950000000000001,0.18682519364335193,0.0905005429609611,0.09632170596597756,7.292332739177968e-07,2.944716413274064e-06,2.1764134232449778e-05,0.48441294878958374,0.51557128932972,0.22844104312357202,-0.3872262726991322,0.0049945853038270965,0.0073492493037013735,7.405576384236208e-07,0.004992363630911825
B_mem,2,14.0,0.18682519364335406,0.0905008151306766,0.09632156556236973,7.126919089890535e-07,2.812950307687359e-06,2.2214869465438053e-05,0.4844144056044231,0.5155705378057622,0.20945855102108832,-0.38726101982337174,0.004871175399881082,0.0071687805081148874,7.061290161706332e-07,0.0048690570128325705
B_mem,2,14.05,0.1868251936433561,0.09050101842736989,0.09632143727894643,7.31518266773095e-07,2.7379370397620635e-06,2.25087496760026e-05,0.48441549376972,0.5155698511562701,0.19039767628678353,-0.3872946562127068,0.004750836802104755,0.006992005945743549,6.802575726000316e-07,0.004748796029386953
B_mem,2,14.1,0.18682519364335823,0.09050151171478443,0.09632098299910545,7.430277604997536e-07,2.698929468340029e-06,2.2692142377826328e-05,0.4844181341385262,0.5155674195792797,0.17144090958263264,-0.38733055385373544,0.004633576300613121,0.0068185521064551575,6.896262838310954e-07,0.0046315074217616265
B_mem,2,14.15,0.18682519364336037,0.09050167539076362,0.09632104531888196,5.401556984998075e-07,2.472933714812427e-06,2.3136440127056962e-05,0.4844190102301012,0.5155677531519323,0.1522268699712258,-0.38736725621955587,0.004519182478360256,0.006649688622531664,6.888788868891443e-07,0.00451711584169959
B_mem,2,14.200000000000001,0.18682519364336256,0.09050229443502443,0.0963205780090937,4.5503882998877323e-07,2.3211992444058424e-06,2.3386119812162852e-05,0.48442232372464483,0.515565251830883,0.13330474865129519,-0.38740190834971355,0.004407537472100546,0.006486274767616522,6.630847060881995e-07,0.00440554821798228
B_mem,2,14.25,0.1868251936433648,0.09050246162569733,0.09632022253111416,5.816236917066328e-07,2.509486553278235e-06,2.4185350469088903e-05,0.4844232186289591,0.5155633491004549,0.11415467707023878,-0.3874366276172909,0.00429862919190173,0.006326653781715147,6.313040912493001e-07,0.0042967352796279825
B_mem,2,14.3,0.18682519364336697,0.09050304914672785,0.09631959279271425,7.24262180501327e-07,2.5517039248517144e-06,2.391510001566336e-05,0.48442636339235007,0.515559978364481,0.09516212633838428,-0.38747266421225685,0.004192529007023269,0.0061700023901067064,6.389901909165824e-07,0.004190612036450518
B_mem,2,14.35,0.18682519364336914,0.0905030943426283,0.09631974685259477,6.992426657713128e-07,2.3524481460506336e-06,2.3298562488442864e-05,0.48442660530779263,0.5155608029849532,0.07575329530018644,-0.38750896361381265,0.004088990145847511,0.006016848373620117,6.269247915948717e-07,0.004087109371472725
B_mem,2,14.4,0.1868251936433713,0.09050293909206948,0.09631992337885832,5.517958289128414e-07,2.3311724435232333e-06,2.2966965338609335e-05,0.4844257743140875,0.5155617478589233,0.0562772433927149,-0.3875448561353612,0.003987990338947382,0.005868056131857333,6.091404196821021e-07,0.003986162917688335
B_mem,2,14.450000000000001,0.18682519364337344,0.09050293436044107,0.09631960676344223,5.65156753333533e-07,2.652519490127837e-06,2.378685899739999e-05,0.48442574898758123,0.515560053144142,0.03715876111669872,-0.387581957012588,0.003889539302152636,0.005723803018342523,6.095187254671295e-07,0.0038877107459762347
B_mem,2,14.5,0.18682519364337563,0.09050310722423814,0.09631953085393703,5.882739662880754e-07,2.555565200467405e-06,2.43081389389524e-05,0.4844266742578439,0.5155596468311344,0.018119851164011186,-0.3876181896694119,0.003793577244332174,0.005583281683970777,6.285301806535079e-07,0.0037916916537902136
B_mem,2,14.55,0.18682519364337774,0.09050306231042765,0.09631940931390301,7.516777931528935e-07,2.7220190470633213e-06,2.4628553011565504e-05,0.4844264338523042,0.5155589962762882,-0.0009931065678897627,-0.38765342228876504,0.0036999693875896847,0.00544517184319005,6.416604891512688e-07,0.0036980444061222315
B_mem,2,14.6,0.1868251936433798,0.09050279541450847,0.09631953366873038,8.387666241284409e-07,2.8645601409823785e-06,2.3847322112919092e-05,0.48442500526596116,0.5155596618975777,-0.02025378583619044,-0.3876894821115132,0.003608732357893762,0.005309873156741113,6.734483739238462e-07,0.0036067120127719907
B_mem,2,14.65,0.18682519364338185,0.09050296648679193,0.09631946045622956,6.489940437719702e-07,2.766700360372209e-06,2.441483287413952e-05,0.4844259209469736,0.5155592700205485,-0.039248269478912974,-0.38772674344464286,0.003519678018023749,0.0051787341701697515,6.809660878485562e-07,0.0035176351197602038
B_mem,2,14.700000000000001,0.18682519364338399,0.09050270535768516,0.09631983739731868,6.183508564471028e-07,2.6508883801430377e-06,2.4118954041651115e-05,0.48442452322805407,0.5155612876343438,-0.058521933428722944,-0.3877631566000181,0.003432776731110066,0.005051944118169708,6.729326044238495e-07,0.003430757933296794
B_mem,2,14.75,0.186825193643386,0.09050265593972583,0.09631978805787875,6.074141744698911e-07,2.749645781479334e-06,2.4387981557430172e-05,0.48442425871362027,0.5155610235401924,-0.07759889878415957,-0.38779838326513916,0.003348034379880828,0.0049276826927052535,6.691847708864631e-07,0.0033460268255681683
B_mem,2,14.8,0.18682519364338812,0.0905021955049273,0.09632002951771315,7.594767962689123e-07,2.9686207476543794e-06,2.4205410362878633e-05,0.48442179419162207,0.5155623159774093,-0.09688128149211704,-0.38783324591675,0.0032654632844537883,0.004805388574315246,6.910906291190698e-07,0.0032633900125664315
B_mem,2,14.85,0.1868251936433901,0.09050191094839925,0.0963201875105199,7.88175169339074e-07,3.0951844709252546e-06,2.4321001500453268e-05,0.48442027107515445,0.5155631616492519,-0.11609913077827683,-0.38787005413280884,0.003184976040700383,0.004686066207074192,7.266621605087408e-07,0.0031827960542188567
B_mem,2,14.9,0.18682519364339206,0.09050169453848785,0.09632060517146877,7.321572875502347e-07,2.893933435423171e-06,2.3882359959475407e-05,0.4844191127200732,0.5155653972200531,-0.13540135226104705,-0.3879074361336021,0.0031064198170795104,0.004570613152348031,7.423202377226195e-07,0.0031041928563663424
B_mem,2,14.950000000000001,0.18682519364339398,0.09050137325331474,0.09632081078549083,7.218466862421576e-07,3.0096045884061215e-06,2.4245416584825422e-05,0.4844173930099647,0.5155664977890774,-0.1546810113775493,-0.38794249517105434,0.0030297588739629628,0.004458614100823535,7.427526032559902e-07,0.0030275306161531945
B_mem,2,15.0,0.18682519364339592,0.09050087343573592,0.09632118710798128,7.543736761100349e-07,3.133099678710757e-06,2.4153841480121125e-05,0.4844147176878092,0.5155685120917638,-0.17404565360672317,-0.387976652285037,0.0029549124485562885,0.004348367060554794,7.173292474753508e-07,0.0029527604608138623
B_mem,2,15.05,0.18682519364339784,0.09050027406169217,0.09632123974084093,1.0422490105543783e-06,3.6798408647317745e-06,2.4307688501286436e-05,0.48441150948000283,0.5155687938142534,-0.19339920467233138,-0.38801069563564883,0.0028821933663698814,0.004240355613785981,7.837633819197008e-07,0.0028798420762241226
B_mem,2,15.1,0.18682519364339972,0.09050063704991088,0.09632166481540583,8.426249189880518e-07,2.891778082996081e-06,2.4118397266202748e-05,0.4844134524097047,0.5155710690671549,-0.21279759611084342,-0.3880475106098372,0.002811137881065295,0.004135288860231885,8.045337130822757e-07,0.0028087242799260483
B_mem,2,15.15,0.18682519364340164,0.0905009228012493,0.09632189063457389,5.899878998134013e-07,2.380207578448469e-06,2.458449086299947e-05,0.48441498192150084,0.5155722777861862,-0.23224676453439108,-0.38808452002801247,0.0027416073872695186,0.004033369253103895,7.494299283506758e-07,0.0027393590974844665
B_mem,2,15.200000000000001,0.18682519364340347,0.09050057893848376,0.09632173420476427,6.430781268877826e-07,2.880500155412861e-06,2.5025353451503178e-05,0.4844131413626355,0.5155714404804271,-0.25155351278589666,-0.3881217585842106,0.0026737916643838253,0.0039337124258471716,6.953024559468357e-07,0.002671705757015985
B_mem,2,15.25,0.1868251936434053,0.09050021677911577,0.09632147118828079,9.22018922565715e-07,3.5056760087576315e-06,2.5553522460008583e-05,0.48441120286942796,0.5155700326591408,-0.270657508593651,-0.3881607259481896,0.0026079066258406914,0.0038367456194458843,7.264302790162657e-07,0.0026057273350036424
B_mem,2,15.3,0.18682519364340716,0.0905005435106459,0.09632177638450236,7.514120789029173e-07,2.8737482589120796e-06,2.5698648058651566e-05,0.4844129517316818,0.515571666251563,-0.28982395339610356,-0.3881984068747736,0.0025435840118837013,0.003742090468215577,7.351237149446209e-07,0.002541378640738868
B_mem,2,15.35,0.18682519364340897,0.09050055717675949,0.09632148412950602,8.558062938102448e-07,3.152337143501059e-06,2.58036605797164e-05,0.48441302488087784,0.5155701019282961,-0.3089486156902754,-0.3882351704862009,0.0024809137039993887,0.003649950094117542,7.643597073878092e-07,0.002478620624877225
B_mem,2,15.4,0.18682519364341074,0.09050052708171778,0.0963216323601101,7.94488302975624e-07,3.034201582864428e-06,2.6209813497190972e-05,0.48441286379423865,0.515570895347001,-0.32815119167390755,-0.3882726781803896,0.002419720081323014,0.0035595622882477543,7.692891285034658e-07,0.0024174122139375034
B_mem,2,15.450000000000001,0.18682519364341257,0.09050069428836627,0.09632156640583552,8.075743678515288e-07,2.932949210792465e-06,2.6330184829024563e-05,0.4844137587840649,0.5155705423203334,-0.3472476795207721,-0.38831173559586457,0.0023599570394982525,0.0034712838651631147,7.475627740346429e-07,0.002357714351176149
B_mem,2,15.5,0.18682519364341432,0.09050079694724603,0.09632158590650666,6.785762492361976e-07,2.810789661612897e-06,2.682015497168413e-05,0.4844143082756881,0.5155706466995654,-0.3664175707254675,-0.3883504770631195,0.0023016508663799267,0.003385921469571135,7.201587432070676e-07,0.0022994903901503057
B_mem,2,15.55,0.18682519364341615,0.09050114680777997,0.0963212670713216,6.37765005411654e-07,2.779764314532518e-06,2.682015217554128e-05,0.484416180938182,0.5155689401032558,-0.3854341600301645,-0.3883885490771698,0.002244808324910199,0.0033030297238860317,7.012958686442068e-07,0.002242704437304267
B_mem,2,15.6,0.18682519364341799,0.09050111616423925,0.09632118373106577,7.208858537102875e-07,2.893748112961601e-06,2.7576432677753074e-05,0.4844160169156484,0.5155684940164346,-0.40466682204003535,-0.38842687390388975,0.0021894260941454466,0.0032216450233828334,7.014784682855279e-07,0.0021873216587405897
B_mem,2,15.65,0.1868251936434199,0.0905016882898191,0.09632067397957805,7.8259305095771e-07,2.831374022730962e-06,2.744396775281041e-05,0.48441907927339445,0.5155657655220662,-0.42361994075517445,-0.3884670622389284,0.0021354500754630513,0.003141385894435692,7.140575748104013e-07,0.0021333079027386205
B_mem,2,15.700000000000001,0.18682519364342168,0.0905017701445408,0.0963207445306789,6.01289516810035e-07,2.6789682020166376e-06,2.8234929905207027e-05,0.4844195174087404,0.5155661431536831,-0.4429778994339334,-0.38850794282384654,0.0020827777127301905,0.003063531278849885,7.164747153208924e-07,0.0020806282885842283
B_mem,2,15.75,0.18682519364342354,0.09050234778539351,0.09632020272100712,7.027362895692617e-07,2.6431370229304555e-06,2.8552548250716927e-05,0.48442260928752046,0.5155632430647702,-0.4620187887115434,-0.38854796224018506,0.0020313119216922226,0.0029883549562470806,6.880026348246182e-07,0.002029247913787749
B_mem,2,15.8,0.18682519364342548,0.09050261359047986,0.09631993325211816,6.562460528030501e-07,2.6468008274475548e-06,2.904365591559864e-05,0.4844240320350644,0.5155618007063564,-0.4812481043596703,-0.3885875954767887,0.0019811343734571383,0.0029147878135316312,6.659541353119197e-07,0.0019791365110512016
B_mem,2,15.85,0.18682519364342734,0.0905029665958198,0.0963197467406261,5.825458384996417e-07,2.4803069814809872e-06,2.8066817707480502e-05,0.4844259215304379,0.5155608023854694,-0.5004781851289655,-0.38862741676432244,0.001932191235801304,0.0028430026430619005,6.42908509773449e-07,0.001930262510271983
B_mem,2,15.9,0.18682519364342925,0.09050256056664206,0.09632004610383771,6.818093968598824e-07,2.586972949446466e-06,2.758012741078544e-05,0.48442374821981127,0.5155624047561389,-0.520144978056506,-0.3886681299309313,0.0018845415712217305,0.002772855322146426,6.482791796511318e-07,0.0018825967336827776
B_mem,2,15.950000000000001,0.18682519364343114,0.09050234348770109,0.09631993559601852,8.807225138753087e-07,2.914559711571631e-06,2.83326523860811e-05,0.4844225862836845,0.5155618132522951,-0.5395393822475497,-0.38870948033846064,0.0018381379396314398,0.0027041424329027753,6.760555962393311e-07,0.0018361097728427217
B_mem,2,16.0,0.1868251936434331,0.09050256353667929,0.09631964830617783,7.70888876750816e-07,2.9818005759903654e-06,2.8962853258086634e-05,0.4844237641172141,0.5155602755055056,-0.5585798997273609,-0.3887501797447871,0.001792928564007361,0.0026369710015246984,7.185010297670312e-07,0.0017907730609180597
B_mem,2,16.05,0.18682519364343506,0.09050246471805443,0.09631991640580977,5.77069073536265e-07,2.8125195708337127e-06,2.9559690856417652e-05,0.48442323518091873,0.5155617105348276,-0.5778574041801677,-0.3887909220522537,0.0017486791264576123,0.002571943343387345,7.08336275522613e-07,0.0017465541176310444
B_mem,2,16.1,0.18682519364343692,0.09050240566784806,0.09631987387894685,7.236017703956256e-07,2.9140966420112855e-06,2.904372676323988e-05,0.48442291910894736,0.515561482905657,-0.597019856819996,-0.38883246777046127,0.0017054919756715559,0.0025085252932324125,6.885415588709264e-07,0.0017034263509949433
B_mem,2,16.15,0.18682519364343877,0.09050200973675088,0.09632010258042037,7.28953718685369e-07,3.0813262675305405e-06,2.928262607578609e-05,0.4844207998492781,0.5155627070525084,-0.6163833993404667,-0.38887361811247084,0.0016634520195947806,0.0024470126612701026,6.955684890876086e-07,0.0016613653141275176
B_mem,2,16.2,0.1868251936434407,0.09050219433478915,0.09631997097284493,8.322937235400994e-07,3.028335806599569e-06,2.9062978413641973e-05,0.4844217879282076,0.5155620026101692,-0.6354317453086255,-0.38891406020915703,0.0016225672365328197,0.0023871052564134717,7.404930960633247e-07,0.0016203457572446294
B_mem,2,16.25,0.18682519364344258,0.09050165874259658,0.09632053743952974,8.895883197552248e-07,2.997461316257458e-06,2.917938478133442e-05,0.48441892111895646,0.5155650346781295,-0.6549100486990553,-0.38895413631258763,0.0015826151477433125,0.002327613891224896,7.587540413531383e-07,0.0015803388856192534
B_mem,2,16.3,0.18682519364344438,0.0905014550481034,0.09632053021388076,7.705382422969513e-07,3.2083814601888025e-06,2.9169073735578164e-05,0.4844178308243871,0.5155649960021365,-0.6741126846478621,-0.38899379846240423,0.0015436348795031202,0.002269720267741353,7.714199575277439e-07,0.0015413206196305369
B_mem,2,16.35,0.18682519364344624,0.09050109677765611,0.09632090966509546,7.484825757654501e-07,3.187200694714081e-06,2.9034242331721093e-05,0.48441591314700533,0.5155670270516236,-0.693474042417771,-0.3890322687620292,0.0015056045720700701,0.0022141457845656063,7.795186467324843e-07,0.0015032660161298725
B_mem,2,16.4,0.18682519364344816,0.09050087474623782,0.09632126903469056,7.509481418521681e-07,3.049862519773538e-06,2.903488065325848e-05,0.4844147247022625,0.5155689506122907,-0.7127963823510233,-0.3890699042314425,0.0014684873038316925,0.0021596633876210846,7.787336315303073e-07,0.0014661511029371017
B_mem,2,16.45,0.18682519364345004,0.09050040072970976,0.09632136488800631,8.049035343910422e-07,3.4280257339865923e-06,2.900589411617223e-05,0.484412187482738,0.5155694636764706,-0.7321716531643767,-0.3891055610719717,0.0014323095224541191,0.0021067269346491738,7.853757133645425e-07,0.0014299533953140257
B_mem,2,16.5,0.1868251936434519,0.09049987328981707,0.09632204699450833,8.549554450811403e-07,3.2733591265080754e-06,2.908353770361807e-05,0.4844093643094641,0.5155731147177877,-0.7517276374058408,-0.38914018041345244,0.0013970477135601597,0.0020549129004978576,7.990843591939374e-07,0.0013946504604825777
B_mem,2,16.55,0.18682519364345385,0.09049933414984791,0.09632194954884513,1.1660789695752232e-06,3.909944760761893e-06,2.9136162912365588e-05,0.4844064785103939,0.5155725931304027,-0.7710418064710448,-0.389174249718149,0.001362849757944096,0.002003536045873973,8.753755552810667e-07,0.0013602236312782528
B_mem,2,16.6,0.18682519364345568,0.09049909029506818,0.09632280966309312,8.321891019818845e-07,3.293685294375069e-06,2.8797061881967912e-05,0.48440517325398896,0.5155771969754745,-0.7907557360481516,-0.3892065676167564,0.0013293992460548948,0.0019539674498581234,9.172480157534857e-07,0.0013266475020076343
B_mem,2,16.65,0.18682519364345754,0.09049956896392872,0.09632309527891389,6.563967635289033e-07,2.52940061494539e-06,2.9088341165122008e-05,0.48440773537556525,0.5155787257618991,-0.8102260710668807,-0.3892377801237724,0.0012964079055695626,0.0019060375358985104,8.379525245508551e-07,0.00129389404799591
B_mem,2,16.7,0.18682519364345943,0.09049935055941617,0.09632293373491596,7.006481569620106e-07,2.909349127296116e-06,2.982501036939015e-05,0.4844065663441879,0.5155778610819501,-0.8296603888573203,-0.3892671953014344,0.0012642131291382063,0.001859259130478206,7.552296003368359e-07,0.001261947440337196
B_mem,2,16.75,0.18682519364346134,0.09049864537423809,0.0963227324456815,9.577505050598468e-07,3.8158235417236614e-06,3.018900374657583e-05,0.48440279177200485,0.5155767836617612,-0.8489673141188242,-0.3892946020160075,0.0012331488472110508,0.0018133938814925176,7.847250474163687e-07,0.0012307946720688016
B_mem,2,16.8,0.1868251936434632,0.09049911581828367,0.0963227893248231,8.928931440354325e-07,3.28850035642045e-06,3.066492998678872e-05,0.48440530986946007,0.5155770881128875,-0.8680095982550062,-0.3893219948530028,0.00120294706903972,0.001768098675422601,8.442265957708305e-07,0.0012004143892524071
B_mem,2,16.85,0.186825193643465,0.09049854653861136,0.09632309761965753,8.691488955494446e-07,3.549485196108431e-06,2.998468327364343e-05,0.48440226274470094,0.5155787382909363,-0.8875516947864962,-0.38934785377584546,0.001173307886104074,0.001724262930891459,8.419182023469959e-07,0.0011707821314970333
B_mem,2,16.9,0.1868251936434668,0.09049897002163604,0.09632316020129254,8.84704720485544e-07,3.063420538239477e-06,3.0828718645899364e-05,0.48440452947872936,0.5155790732652128,-0.9066548412004918,-0.389372140776827,0.0011445075923183594,0.0016818919818343662,8.745391323650331e-07,0.001141883974921264
B_mem,2,16.95,0.18682519364346867,0.09049890640865858,0.09632303470358061,8.419886507702215e-07,3.252531229490075e-06,3.098548467328615e-05,0.4844041889840824,0.5155784015265118,-0.9258982438426103,-0.3893936195168652,0.0011163195699856812,0.0016405205469035079,8.7372921597447e-07,0.001113698382337758
B_mem,2,17.0,0.18682519364347044,0.09049886370971504,0.09632314960576076,7.618541365658755e-07,3.180327994659786e-06,3.125342218518229e-05,0.484403960433834,0.5155790165515894,-0.9451947262779764,-0.38941257183697886,0.0010887513540500178,0.0016003232843987004,8.479631293612173e-07,0.0010862074646619338
B_mem,2,17.05,0.1868251936434723,0.09049930718557724,0.09632289432574097,7.424052907468088e-07,2.9921321540973356e-06,3.171295444436792e-05,0.48440633418146756,0.5155776501404766,-0.9642302335314463,-0.38943088011558863,0.0010617929754271384,0.0015605314838971049,7.998132153265592e-07,0.0010593935357811584
B_mem,2,17.1,0.18682519364347408,0.09049893332845003,0.09632297031061135,7.582049776921858e-07,3.2900044127126937e-06,3.1319264367691166e-05,0.48440433307486747,0.5155780568568727,-0.983667624598575,-0.38944765759193467,0.0010355974883905744,0.0015217129495207118,7.848582917680376e-07,0.0010332429135152703
B_mem,2,17.150000000000002,0.1868251936434759,0.09049962398044775,0.0963227050176554,8.636306845983537e-07,2.8646453727531465e-06,3.21969654536279e-05,0.4844080298567809,0.5155766368505464,-1.0027315969134274,-0.38946308502026905,0.0010101311341869455,0.0014840753130789313,7.971960245773329e-07,0.0010077395461132136
B_mem,2,17.2,0.18682519364347766,0.09049982842977337,0.09632225107790729,8.134638016735801e-07,3.114135797032034e-06,3.2179683337370824e-05,0.48440912419165505,0.5155742070939373,-1.0219021926215353,-0.3894762892564917,0.0009852936169161804,0.001447380413345002,8.090219542548735e-07,0.000982866551053416
B_mem,2,17.25,0.18682519364347944,0.09049978458717557,0.09632245848504871,8.459356304771608e-07,2.950571255185057e-06,3.2749948365297156e-05,0.4844088895198862,0.5155753172608075,-1.0413898560593633,-0.3894874200962832,0.0009610465584070645,0.0014118242539216124,8.129655353356108e-07,0.0009586076618010578
B_mem,2,17.3,0.1868251936434812,0.09050046711533989,0.09632178179116452,8.254559622518592e-07,2.9447369767972717e-06,3.3102189545622005e-05,0.4844125428181922,0.5155716951910432,-1.060415964163225,-0.38949712546944465,0.0009373475721803113,0.001376991944318743,8.001460410181331e-07,0.000934947134057257
B_mem,2,17.35,0.18682519364348293,0.09050035072037052,0.09632211784994835,6.855234808888179e-07,2.725073164158906e-06,3.25881469523476e-05,0.4844119198028058,0.5155734939783287,-1.080029035766676,-0.38950431645816497,0.0009141839378615209,0.0013433795936690811,7.713477753511225e-07,0.0009118698945354676
B_mem,2,17.400000000000002,0.1868251936434847,0.09050024941300452,0.09632236584768208,6.59545511083021e-07,2.5783827981099167e-06,3.185883005727922e-05,0.4844113775452822,0.5155748214102879,-1.099630193321324,-0.3895101646821553,0.0008915454810973038,0.0013101401397176112,7.281727529717915e-07,0.0008893609628383884
B_mem,2,17.45,0.18682519364348646,0.09049997759062647,0.09632215295105848,7.425259712049847e-07,3.0631018014925196e-06,3.1981432103861085e-05,0.4844099225895902,0.5155736818604212,-1.1190858608758445,-0.38951433628449683,0.0008695532479943588,0.0012776056175947052,7.14802942619057e-07,0.0008674088391665017
B_mem,2,17.5,0.18682519364348818,0.09049964029602174,0.09632234371645879,1.026489751982597e-06,3.209631007665878e-06,3.26842924635624e-05,0.48440811718744403,0.5155747029507555,-1.1385361871449338,-0.3895166346967025,0.0008483161655641288,0.0012459783948531966,7.711380892153042e-07,0.0008460027512964828
B_mem,2,17.55,0.18682519364349007,0.09050001372302606,0.09632211893796272,8.727832573365406e-07,3.060982501260388e-06,3.330539912608284e-05,0.4844101159917601,0.5155734998020117,-1.157521942973341,-0.38951776279008593,0.0008275940031297523,0.0012150022233691172,8.223644341496382e-07,0.0008251269098273033
B_mem,2,17.6,0.18682519364349182,0.09049948797853463,0.09632253961622182,9.300697712072425e-07,3.1660487354079947e-06,3.306767388872957e-05,0.4844073018932864,0.5155757515232597,-1.1770217689966063,-0.38951690010490847,0.0008073523710000938,0.0011852138426246828,8.617789329027746e-07,0.0008047670342013856
B_mem,2,17.650000000000002,0.1868251936434937,0.09049925736462337,0.09632286804719796,8.715415909422157e-07,3.068231672339139e-06,3.300707980294451e-05,0.48440606750991616,0.515577509481963,-1.1964010592558232,-0.38951435907552906,0.0007874561234922726,0.0011561986700195765,8.493340120139357e-07,0.000784908121456231
B_mem,2,17.7,0.18682519364349554,0.09049925585823183,0.0963226780499214,8.000104866985103e-07,3.259735342296572e-06,3.296184985960073e-05,0.48440605944680437,0.515576492503076,-1.2155249328049387,-0.3895101826196856,0.0007681000935957989,0.0011283088894207536,8.53249124923585e-07,0.0007655403462210283
B_mem,2,17.75,0.1868251936434974,0.09049878514346675,0.09632315371744145,8.081908746050257e-07,3.2547825891821824e-06,3.309682174396761e-05,0.48440353990028706,0.5155790385596855,-1.2350031543505338,-0.38950530684725426,0.0007491390302915795,0.0011004004716733016,8.299138011945002e-07,0.0007466492888879959
B_mem,2,17.8,0.18682519364349925,0.09049850900399699,0.09632328337801696,9.18082212105264e-07,3.4012614852981512e-06,3.265034017167905e-05,0.484402061836942,0.5155797325805079,-1.254290530223729,-0.38949834244340137,0.0007307626147373888,0.0010731893987914014,8.452683506014151e-07,0.0007282268096855845
B_mem,2,17.85,0.18682519364350106,0.0904984037803165,0.09632346463286712,9.242902374141773e-07,3.3252303174276887e-06,3.230234047879924e-05,0.48440149861696447,0.5155807027646983,-1.2735313915655362,-0.38948999608048146,0.0007128766304905154,0.0010463372036954538,8.720577398791592e-07,0.0007102604572708778
B_mem,2,17.900000000000002,0.18682519364350297,0.09049749597628624,0.09632415100898425,8.751417997670707e-07,3.5466582324976767e-06,3.267394565736908e-05,0.48439663950768974,0.5155843766595449,-1.293175636363216,-0.38947939633979134,0.0006954932172120005,0.0010203344545434963,9.177751422112975e-07,0.0006927398917853665
B_mem,2,17.95,0.18682519364350483,0.09049707185087477,0.09632447482632293,1.1506349790873428e-06,3.646966307118449e-06,3.226281564058333e-05,0.48439436933521407,0.5155861099233056,-1.3126129796707724,-0.38946684323583003,0.0006785133529069805,0.0009950558817876359,9.537211898263151e-07,0.0006756521893375016
B_mem,2,18.0,0.18682519364350683,0.09049658195559475,0.09632505760435878,9.285424348832848e-07,3.5540835533197943e-06,3.251942740595832e-05,0.48439174712312677,0.5155892292993568,-1.3321142271230983,-0.3894532942191925,0.0006618739933683424,0.0009707450852663199,9.625266340848055e-07,0.0006589864134660879
B_mem,2,18.05,0.18682519364350875,0.0904954747468332,0.09632569694311158,1.1491010803486064e-06,4.021953563982754e-06,3.291767622431179e-05,0.4843858206806546,0.5155926514221408,-1.3518472599847746,-0.38943896844300324,0.0006457449080186223,0.000947210214904989,1.00363439271382e-06,0.0006427340048404806
B_mem,2,18.1,0.1868251936435107,0.09049568698527484,0.09632587941765874,8.704117058863289e-07,3.6272405770577053e-06,3.216122839218492e-05,0.4843869567075285,0.5155936281348775,-1.3711776193220424,-0.38942317991092157,0.0006298841676502991,0.0009234889947247462,1.0007649497943198e-06,0.000626881872800916
B_mem,2,18.150000000000002,0.18682519364351263,0.09049598714867192,0.09632624070875459,8.038391073423554e-07,2.965786086119589e-06,3.238631856939061e-05,0.48438856336126873,0.515595561980564,-1.3907221355246948,-0.38940714105594965,0.0006142101053671566,0.0009004944053055699,9.310504961442443e-07,0.0006114169538787241
B_mem,2,18.2,0.18682519364351452,0.09049563743837376,0.09632647819613435,8.419441118211795e-07,3.0780090064008463e-06,3.337363088545282e-05,0.4843866915029168,0.5155968331548321,-1.4104021143286871,-0.38938955719782287,0.0005989504876444074,0.0008779996210814686,8.725235886448948e-07,0.0005963329168784728
B_mem,2,18.25,0.18682519364351638,0.09049531364660814,0.09632606889859312,1.1208034253889804e-06,3.8110983151545113e-06,3.329314611753024e-05,0.48438495837602846,0.5155946423499721,-1.4295769973867785,-0.3893708666695239,0.0005843578603477455,0.0008564179001366753,9.107053965668933e-07,0.0005816257441580448
B_mem,2,18.3,0.18682519364351838,0.09049508255827257,0.09632606413613073,1.1315429988749063e-06,4.046949115016766e-06,3.3821557641562355e-05,0.48438372145325576,0.515594616858424,-1.4487962771972998,-0.3893517581863439,0.0005702747211164389,0.0008352556379432914,9.96213445944484e-07,0.0005672860807786052
B_mem,2,18.35,0.18682519364352032,0.09049482793880975,0.09632702755371297,9.518905092710346e-07,3.3381509976223487e-06,3.394390387892895e-05,0.4843823585778384,0.5155997736446285,-1.4684124937850571,-0.3893319886445325,0.0005562990709627058,0.0008146568027780401,1.0004141923724916e-06,0.0005532978283855882
B_mem,2,18.400000000000002,0.18682519364352218,0.09049504106691487,0.09632656612636202,9.964235752576426e-07,3.586450245248915e-06,3.381677246342517e-05,0.4843834993667227,0.5155973038098974,-1.4874551463110781,-0.38931178797630694,0.0005426204949233218,0.0007944140214238218,9.888248373392875e-07,0.0005396540204113038
B_mem,2,18.45,0.18682519364352404,0.09049480610927418,0.09632690175758576,9.957390756629088e-07,3.485776664051358e-06,3.423616041356062e-05,0.4843822417331188,0.5155991003086257,-1.5068530100519264,-0.38929003145172386,0.0005292365615518647,0.00077478359910284,9.634695602241324e-07,0.0005263461528711923
B_mem,2,18.5,0.1868251936435259,0.09049453132655919,0.09632721834649563,9.126442489481328e-07,3.443970471125596e-06,3.4842016886834185e-05,0.4843807709319354,0.5156007948815188,-1.526241823657209,-0.3892675553137877,0.0005161915327800356,0.0007555828620861087,9.41568061400408e-07,0.0005133668285958344
B_mem,2,18.55,0.1868251936435279,0.09049500815806143,0.09632680525955192,9.266159607698067e-07,3.380225914550565e-06,3.473519866284677e-05,0.48438332321887256,0.5155985837935136,-1.5452024187107183,-0.38924414871138324,0.0005034927283775718,0.0007368696247596543,9.282200736383925e-07,0.0005007080681566566
B_mem,2,18.6,0.18682519364352987,0.09049503519202444,0.09632675211196237,9.504931263969651e-07,3.4063395430433616e-06,3.4969365598869995e-05,0.48438346792078096,0.5155982993158715,-1.5644979500456908,-0.3892201787853147,0.0004910764854478317,0.0007187069823416531,9.051444902543592e-07,0.0004883610519770687
B_mem,2,18.650000000000002,0.18682519364353178,0.09049495393477883,0.09632702260153131,1.0165139063249235e-06,3.2171072216276462e-06,3.546315057644325e-05,0.4843830329834743,0.5155997471375634,-1.5839229923205085,-0.38919643877529236,0.00047911515546667297,0.0007009995188267502,9.31278470020047e-07,0.00047632132005661276
B_mem,2,18.7,0.18682519364353373,0.09049547667885106,0.09632642261088757,9.448047703025702e-07,3.294353795077056e-06,3.5262652784744325e-05,0.48438583102190313,0.5155965356293453,-1.60292607054828,-0.38917237831166485,0.00046741241415497556,0.0006836100311574876,9.444945140099217e-07,0.00046457893061294586
B_mem,2,18.75,0.18682519364353564,0.09049546511125439,0.0963265745554832,1.0122764789401408e-06,3.1539767980043517e-06,3.601741206688204e-05,0.48438576910521314,0.5155973489275503,-1.622347372985529,-0.3891478147087393,0.0004559915246376161,0.000666732405451911,9.549275731700848e-07,0.0004531267419181058
B_mem,2,18.8,0.18682519364353756,0.09049533615127511,0.09632648654404911,8.46355636928574e-07,3.370948213327218e-06,3.63315040984209e-05,0.48438507883438997,0.5155968778377933,-1.6417836869956999,-0.3891229642702208,0.0004447478871410334,0.0006502018879522255,9.307419377970879e-07,0.0004419556613276421
B_mem,2,18.85,0.1868251936435396,0.09049583868021374,0.09632633432450101,8.390137070665421e-07,3.020638824876051e-06,3.5904354139721665e-05,0.4843877686693519,0.5155960630678675,-1.6609946701070926,-0.38909770693828194,0.0004337800520459672,0.0006342071260715403,9.067140630127555e-07,0.00043105990985692886
B_mem,2,18.900000000000002,0.18682519364354164,0.09049559561505319,0.09632658589882767,7.835048207087021e-07,3.0121296607609197e-06,3.4671571291880096e-05,0.48438646763945975,0.5155974096438871,-1.6806387328899601,-0.389072168596415,0.00042297711771746474,0.0006185850667154359,8.488274198397361e-07,0.0004204306354579455
B_mem,2,18.95,0.18682519364354366,0.09049485209806503,0.09632717843103861,9.156720716422145e-07,3.1631144400522625e-06,3.465910147366068e-05,0.4843824878925389,0.5156005812301081,-1.7004905292361672,-0.3890467349547019,0.0004125990710997454,0.0006033796310853522,8.445001090253226e-07,0.0004100655707726694
B_mem,2,19.0,0.18682519364354558,0.0904949115107537,0.09632669281023241,9.913220971668229e-07,3.589322559480021e-06,3.5617956779159665e-05,0.4843828059047223,0.5155979818975571,-1.7196268035347348,-0.3890216998957763,0.0004026122977744694,0.0005884370975823085,8.843303487619346e-07,0.0003999593067281836
B_mem,2,19.05,0.1868251936435476,0.09049504458627805,0.09632671321261597,1.1185277063186621e-06,3.4358446535720736e-06,3.60336025810527e-05,0.48438351820439013,0.5155980911032917,-1.7387276940197103,-0.3889961785899183,0.00039296634632485423,0.0005739321235487697,9.536359779147204e-07,0.0003901054383911101
B_mem,2,19.1,0.18682519364354974,0.0904942298956645,0.0963274336355149,9.321780626488965e-07,3.5301123703138326e-06,3.611283047476608e-05,0.4843791574937242,0.515601947236845,-1.7584207049147926,-0.3889704717051551,0.000383362631052074,0.0005597613356356019,9.565762318081973e-07,0.0003804929023566494
B_mem,2,19.150000000000002,0.18682519364355174,0.09049414370862367,0.09632748588130348,1.1633774020400834e-06,3.5640536246270587e-06,3.562592361693419e-05,0.4843786961692095,0.5156022268874989,-1.7775969537248602,-0.38894484696322884,0.0003740836830088216,0.0005459352999932004,9.88155165993396e-07,0.0003711192175108414
B_mem,2,19.2,0.1868251936435539,0.09049393500018815,0.0963275810990032,9.589700787372572e-07,3.6775443625628654e-06,3.578630709909683e-05,0.48437757903702566,0.5156027365494815,-1.7968153109941551,-0.3889196369455432,0.00036497869886009687,0.000532550182724126,1.000568232151614e-06,0.000361976994163642
B_mem,2,19.25,0.186825193643556,0.0904933028140194,0.09632826183871934,1.03815366961994e-06,3.628990817200075e-06,3.535570339598565e-05,0.4843741951991319,0.5156063802749438,-1.8163557061953106,-0.3888952794430774,0.00035604981064336883,0.000519493324001739,9.966527922141964e-07,0.0003530598522667262
B_mem,2,19.3,0.186825193643558,0.09049303491957444,0.09632845661914881,9.89202050754909e-07,3.702104834774627e-06,3.542845760837342e-05,0.4843727612680827,0.5156074228561108,-1.835644825305365,-0.3888713753276904,0.0003473249969423906,0.0005067103787350143,9.874232651528264e-07,0.00034436272714693215
B_mem,2,19.35,0.18682519364356004,0.09049298175810147,0.09632850978816605,9.757036977187333e-07,3.702097292558152e-06,3.534574987500701e-05,0.48437247671612843,0.5156077074484356,-1.854778556382913,-0.38884732398543315,0.0003387796288506406,0.0004942335894644434,9.667746173238924e-07,0.0003358793049986689
B_mem,2,19.400000000000002,0.18682519364356215,0.09049227149228342,0.09632920975402882,1.0460599404303435e-06,3.712397249900845e-06,3.499592285979893e-05,0.4843686749493259,0.5156114540837157,-1.8743693491923763,-0.3888235249121461,0.00033061296306766103,0.0004820500441438383,1.001560534242322e-06,0.00032760828146493395
B_mem,2,19.45,0.1868251936435642,0.09049152457706545,0.09632957831236755,1.178216248735261e-06,4.090754131215347e-06,3.468463012780738e-05,0.48436467701304975,0.5156134268280252,-1.893843218387114,-0.3887988040992119,0.000322624569439594,0.00047011168610238253,1.0275981407768748e-06,0.0003195417750172633
B_mem,2,19.5,0.18682519364356634,0.09049139893204436,0.09632999254003366,1.1354801152424513e-06,3.8021714883160086e-06,3.502938566995496e-05,0.48436400448586175,0.5156156440218466,-1.9131547470062702,-0.38877495834254133,0.00031488879594607385,0.0004583378934684151,1.0707446155431604e-06,0.0003116765620994444
B_mem,2,19.55,0.18682519364356848,0.0904903138091636,0.0963303877462817,1.3103367909037962e-06,4.49208812317069e-06,3.486525762063639e-05,0.4843581962602117,0.5156177594016796,-1.932727704656029,-0.3887506996494048,0.0003073361979323926,0.00044698539218140064,1.1100168695053266e-06,0.0003040061473238766
B_mem,2,19.6,0.18682519364357061,0.09048943978589617,0.09633155778918849,1.261072208749965e-06,4.196068485971683e-06,3.4268457342699496e-05,0.48435351796575143,0.515624022170008,-1.9525899068301285,-0.388726484392772,0.00030008109472465656,0.0004358093986039161,1.1841946462952133e-06,0.00029652851078577083
B_mem,2,19.650000000000002,0.1868251936435727,0.09048975732232752,0.09633199888549729,8.929681524514263e-07,3.4374357479109827e-06,3.443455293431742e-05,0.4843552176103451,0.5156263831808499,-1.9720995722299908,-0.38870302711691207,0.00029257857938558214,0.0004249548152043256,1.1165481424770112e-06,0.0002892289349581512
B_mem,2,19.7,0.18682519364357478,0.09048983647281522,0.09633212714276468,9.347625138079454e-07,3.23002799486229e-06,3.490962337005844e-05,0.48435564127101505,0.5156270696903287,-1.9915876394920944,-0.38868045373574944,0.0002851800229555863,0.00041447987870663045,1.0246189010051198e-06,0.000282106166252571
B_mem,2,19.75,0.18682519364357691,0.09048895440148075,0.09633238442841188,1.0589392379758885e-06,3.854813684276237e-06,3.4655959865347896e-05,0.484350919898494,0.515628446836746,-2.011216386143887,-0.38865821440716486,0.00027815519766809905,0.0004042556626205547,9.98049875666819e-07,0.00027516104804109856
B_mem,2,19.8,0.18682519364357908,0.09048851470261578,0.09633223471288105,1.2264573525502528e-06,4.444228082230083e-06,3.5322175258023715e-05,0.4843485663675946,0.5156276454698157,-2.0303408615804237,-0.38863560591964447,0.00027156804796265704,0.000394245622133131,1.058625712946775e-06,0.00026839217082381674
B_mem,2,19.85,0.18682519364358122,0.09048903869210374,0.09633239577315503,9.976845225380923e-07,3.7591783224104657e-06,3.577126757414677e-05,0.4843513710722317,0.515628507560574,-2.0493921428096478,-0.3886144408062325,0.0002650251357360776,0.00038446907172431217,1.0784142334857406e-06,0.0002617898930356204
B_mem,2,19.900000000000002,0.18682519364358333,0.090488582851659,0.09633255629199682,1.1372491984075519e-06,4.054499927520487e-06,3.547144667843759e-05,0.4843489311419585,0.5156293667532641,-2.068786197685038,-0.38859350971917644,0.0002584672206430666,0.00037494901530739247,1.0400309728312541e-06,0.00025534712772457284
B_mem,2,19.95,0.1868251936435855,0.09048824755921973,0.09633319220713417,1.1112689771729786e-06,3.7538772315817e-06,3.549405689479917e-05,0.4843471364565963,0.5156327705508132,-2.088265659629065,-0.38857499943951157,0.00025231811427901916,0.00036574550025121166,1.0833907165009798e-06,0.0002490679421295163
B_mem,2,20.0,0.18682519364358763,0.09048826619183914,0.09633311564027522,1.175235087456929e-06,3.811811473295602e-06,3.6114008311554665e-05,0.48434723618949643,0.515632360719256,-2.1074092819098165,-0.38855633481725177,0.00024625208078718513,0.0003567954201350874,1.1029104609746021e-06,0.00024294334940426127
B_mem,2,20.05,0.18682519364358977,0.09048820727206862,0.09633326030124298,1.2629910996420906e-06,3.726070278178444e-06,3.619701255864687e-05,0.4843469208156948,0.5156331350311345,-2.1266659112427884,-0.3885385806916558,0.00024033059677168605,0.0003480367599401127,1.120109176462084e-06,0.00023697026924229982
B_mem,2,20.1,0.1868251936435919,0.09048783364404439,0.09633378867654833,1.038210154244909e-06,3.5713229991406063e-06,3.5691560937955855e-05,0.4843449209353897,0.5156359632112849,-2.1461339299007958,-0.38851999557305655,0.00023441525805253144,0.00033947031717184735,1.0908821078666e-06,0.00023114261172893166
B_mem,2,20.150000000000002,0.1868251936435939,0.0904879948200006,0.09633364948341949,1.0022277409249525e-06,3.5493401738502093e-06,3.657066367263649e-05,0.4843457836453492,0.5156352181665339,-2.1652998340274117,-0.38850092661032354,0.00022861098823237776,0.0003311592127953306,1.051240475027722e-06,0.0002254572668072946
B_mem,2,20.2,0.18682519364359595,0.09048831098222451,0.09633319038997816,9.679078561219717e-07,3.692271393278582e-06,3.681353233102799e-05,0.48434747593436417,0.5156327608242802,-2.1843445221290847,-0.3884812923069446,0.0002229998915894834,0.0003230634243678364,1.0291247525190442e-06,0.00021991251733192627
B_mem,2,20.25,0.18682519364359798,0.09048824011372664,0.096333524780188,9.589101609096728e-07,3.428749683339849e-06,3.684913847965714e-05,0.4843470966038388,0.5156345506803606,-2.2038038985414747,-0.38846241450634894,0.00021744730071415763,0.0003150632179150666,9.815486476336353e-07,0.0002145026547712567
B_mem,2,20.3,0.18682519364360012,0.09048824586800244,0.0963332296428071,1.0776123148247505e-06,3.7181327905514864e-06,3.705715340393546e-05,0.48434712740415353,0.5156329709288493,-2.2231056767384025,-0.38844492336352016,0.0002122515684952957,0.00030733035619722365,1.0073069728537588e-06,0.00020922964757673446
B_mem,2,20.35,0.1868251936436021,0.09048877574095007,0.09633301663861898,1.009933533522876e-06,3.4012640329927903e-06,3.7471137812238e-05,0.48434996360058047,0.5156318308032325,-2.2422167672102216,-0.38842779559202806,0.0002071279517994042,0.00029974264624148413,1.0137813312627575e-06,0.00020408660780561595
B_mem,2,20.400000000000002,0.18682519364360403,0.09048870577460105,0.09633314998033439,1.0586248423673176e-06,3.337888668591682e-06,3.6281861788360306e-05,0.48434958909889475,0.5156325445277137,-2.2616814934318583,-0.3884112870903979,0.00020210460369774854,0.0002924258861500924,1.0115137506593464e-06,0.0001990700624457705
B_mem,2,20.45,0.18682519364360595,0.09048795876259952,0.09633384556309385,9.88837126532569e-07,3.389317912604483e-06,3.5444490048068796e-05,0.4843455906445755,0.5156362677020079,-2.281517647717329,-0.38839560013924534,0.0001971856132029108,0.0002853169364321692,1.0028154010595096e-06,0.00019417716699973223
B_mem,2,20.5,0.18682519364360783,0.090487156130243,0.09633424279490801,1.22231160779085e-06,3.7947184568206118e-06,3.6486707376545756e-05,0.4843412944769025,0.515638393923881,-2.3011942207902467,-0.38837915326927036,0.00019238681559102813,0.000278346398119538,9.940666234596904e-07,0.00018940461572064903
B_mem,2,20.55,0.1868251936436097,0.09048732512346463,0.09633402472041688,1.2194671585062002e-06,3.843799728185616e-06,3.6988466387301885e-05,0.48434219902953507,0.515637226658975,-2.320205268323097,-0.3883634084013157,0.00018793694979279965,0.00027137114726787765,1.0607822328392527e-06,0.00018475460309428184
B_mem,2,20.6,0.18682519364361158,0.09048713187274,0.09633459541003912,1.1067724634348761e-06,3.466360832462096e-06,3.720523590833204e-05,0.48434116463625126,0.5156402813306183,-2.3395303618734267,-0.3883486770860481,0.00018340207961031795,0.00026476120164965874,1.0616538467834794e-06,0.00018021711806996758
B_mem,2,20.650000000000002,0.1868251936436135,0.09048595157290465,0.09633531339901444,1.0862822793499577e-06,3.9286716944109365e-06,3.6469658956815335e-05,0.4843348469667054,0.5156441244363598,-2.359284301908428,-0.38833483899083693,0.00017896858916550975,0.00025830340387411366,1.0590934044185935e-06,0.000175791308952254
B_mem,2,20.7,0.18682519364361538,0.09048608630225533,0.09633545392773035,9.412430924501643e-07,3.653413629669749e-06,3.6794703952059236e-05,0.48433556811863965,0.5156448766299595,-2.378360005865188,-0.3883224625232838,0.00017459452125282034,0.00025214810254502905,1.0401674798809493e-06,0.0001714740188131775
B_mem,2,20.75,0.18682519364361722,0.09048615186797643,0.09633516660982237,1.0320357027730437e-06,3.8751658184441376e-06,3.672379216206073e-05,0.48433591906552714,0.5156433387329376,-2.39736511882144,-0.3883097970504072,0.0001703256452408764,0.0002461960865507239,1.0210010783365359e-06,0.00016726264200586682
B_mem,2,20.8,0.18682519364361913,0.09048540744750126,0.09633577843373321,1.185781305584131e-06,4.007762384659285e-06,3.686465652850147e-05,0.48433193448260464,0.5156466135798569,-2.416869550976319,-0.38829807769198643,0.0001663005153076228,0.00024080202301253884,1.047623776406691e-06,0.00016315764397840273
B_mem,2,20.85,0.18682519364362105,0.09048466697318351,0.09633667130258941,1.109380018041613e-06,3.855367848110961e-06,3.6593245448872185e-05,0.484327971021873,0.5156513927471512,-2.436429615004852,-0.38828449027817435,0.00016238251373721125,0.00023483693463206574,1.075853372364369e-06,0.00015915495362011815
B_mem,2,20.900000000000002,0.1868251936436229,0.09048422347956896,0.09633682037119891,1.2417171314128065e-06,4.14979285506881e-06,3.626169336637765e-05,0.48432559717920864,0.5156521906513611,-2.455718801613127,-0.3882726057426901,0.0001586514501541058,0.00022914197822754512,1.1326834565466542e-06,0.00015525339978446584
B_mem,2,20.95,0.18682519364362482,0.09048409526354104,0.09633692572132489,1.272182641336879e-06,4.172658758865327e-06,3.587930239557818e-05,0.48432491089045737,0.5156527545481405,-2.474846668930954,-0.38825939726555003,0.00015494930064029696,0.0002233303569847033,1.1669925478339797e-06,0.00015144832299679505
B_mem,2,21.0,0.1868251936436267,0.09048320424443505,0.09633803042304531,1.1478637931513884e-06,3.958976146382436e-06,3.631047227571696e-05,0.4843201416241207,0.5156586675714213,-2.4945750997136686,-0.38824703538564936,0.00015124626358500783,0.0002176185661433158,1.1699678889967513e-06,0.00014773635991801757
B_mem,2,21.05,0.18682519364362865,0.09048179266114087,0.09633886029374664,1.361792648067062e-06,4.54068874114098e-06,3.614512208199807e-05,0.48431258598739096,0.515663109534971,-2.514377521066056,-0.3882345349474217,0.0001477018099626288,0.00021283908015883268,1.1948648854499318e-06,0.000144117215306279
B_mem,2,21.1,0.18682519364363057,0.09048124786314259,0.09633953495850595,1.2517149791033563e-06,4.410821982064812e-06,3.5343766059293925e-05,0.48430966990317026,0.515666720743637,-2.533879192872436,-0.3882222208122392,0.00014423515044385262,0.00020730560237739527,1.2156875882031892e-06,0.00014058808767924305
B_mem,2,21.150000000000002,0.1868251936436325,0.09048150374358142,0.09633978851150307,1.0945950405999982e-06,3.901388548015579e-06,3.5166715104258274e-05,0.4843110395280742,0.5156680779106827,-2.5532859984276524,-0.38821004458794833,0.000140672904305032,0.00020248522529304837,1.1766378225066236e-06,0.00013714299083751212
B_mem,2,21.2,0.1868251936436345,0.09048136077059146,0.09634044967154143,9.931510735663016e-07,3.3832015016171388e-06,3.596949093923066e-05,0.48431027425124973,0.5156716168340175,-2.572998901588415,-0.388199383675618,0.0001370974220533537,0.0001971860903920343,1.1058200318254662e-06,0.0001337799619578773
B_mem,2,21.25,0.18682519364363637,0.09048079566358916,0.0963405791650504,1.0428565408422103e-06,3.818814996830362e-06,3.668637372531397e-05,0.48430724946111203,0.5156723099606002,-2.592519324165488,-0.3881882786407204,0.00013369652805663186,0.00019198942184013899,1.0655038489321276e-06,0.00013050001650983546
B_mem,2,21.3,0.18682519364363837,0.09048027426335596,0.0963401647339694,1.2794908265218008e-06,4.7546463129788495e-06,3.633803289955769e-05,0.484304458615702,0.5156700916779695,-2.611618166099117,-0.3881770587305113,0.00013062348813832836,0.0001877791027103441,1.1061554728666932e-06,0.00012730502171972829
B_mem,2,21.35,0.1868251936436403,0.09048067822358673,0.0963403862215934,1.090053091420915e-06,4.129198460174642e-06,3.673787752236239e-05,0.4843066208520789,0.5156712772119902,-2.630636812686023,-0.38816630317128265,0.0001276417355423182,0.00018318999330204258,1.1504056709834538e-06,0.00012419051852936784
B_mem,2,21.400000000000002,0.18682519364364222,0.09048027814141162,0.09634084462274625,1.1471442888138495e-06,4.070879484345218e-06,3.7595131168837465e-05,0.48430447937336163,0.5156737308486916,-2.6500865868121517,-0.38815610119660193,0.000124485368514048,0.00017824504870780943,1.1122072352490588e-06,0.00012114874680830083
B_mem,2,21.45,0.1868251936436441,0.0904798199451782,0.09634138839216284,1.2823614814663955e-06,3.985306303068636e-06,3.757291763498521e-05,0.48430202683350126,0.5156766414273187,-2.6695424329420305,-0.388148995634364,0.00012170296281069057,0.0001750074163890107,1.171923787545465e-06,0.00011818719144805421
B_mem,2,21.5,0.18682519364364597,0.09047979026686462,0.09634157267150907,1.2688276091561113e-06,3.830705272304551e-06,3.7184026354145024e-05,0.48430186797743957,0.5156776278004179,-2.688733474443196,-0.3881409742224639,0.00011881752703500319,0.00017057197675163167,1.1735981491900291e-06,0.0001152967325874331
B_mem,2,21.55,0.18682519364364789,0.09047968007861426,0.09634151920764326,1.238991577313264e-06,3.994357390336442e-06,3.731456260066123e-05,0.4843012781841192,0.5156773416298767,-2.707874113966238,-0.3881343861443482,0.00011604200202846512,0.0001667057324446482,1.1877936352304253e-06,0.00011247862112277384
B_mem,2,21.6,0.18682519364364977,0.09047938605814328,0.09634200355393971,1.0794597488208479e-06,3.8040315667844146e-06,3.8007671661386066e-05,0.4842997044109778,0.5156799341404799,-2.727304199613765,-0.3881284825966709,0.00011323807755833213,0.00016268493482317407,1.1698130438458884e-06,0.00010972863842679447
B_mem,2,21.650000000000002,0.18682519364365155,0.09047906951246479,0.09634239132484357,9.824943372026988e-07,3.7328063431716935e-06,3.806333167552855e-05,0.4842980100694751,0.5156820097219118,-2.746759563888196,-0.3881205873873521,0.00011039458825237986,0.00015785498139730646,1.1169245683663583e-06,0.00010704381454728079
B_mem,2,21.7,0.18682519364365335,0.09047926341700399,0.09634197703562315,1.0714005841990392e-06,3.9531910262308825e-06,3.766825066015149e-05,0.4842990479623553,0.5156797921986042,-2.7658408525849603,-0.38811323740308706,0.00010767809454260352,0.0001540108111308971,1.084328880996226e-06,0.00010442510789961484
B_mem,2,21.75,0.1868251936436552,0.09047989096261938,0.09634192973539259,9.652368575574977e-07,3.3729456432583324e-06,3.847721953854978e-05,0.4843024069612261,0.5156795390195195,-2.7849454350702474,-0.38810427405527986,0.00010500717667740898,0.00015038254546698678,1.0456959193815925e-06,0.0001018700889192642
B_mem,2,21.8,0.18682519364365702,0.09047980358281156,0.096341648865811,1.0465257116461805e-06,3.741195034479141e-06,3.9573379000582866e-05,0.4843019392523107,0.5156780356377911,-2.8042275015124862,-0.3880952366651464,0.0001024869190980579,0.0001464155086698156,1.036065961767731e-06,9.937872121275469e-05
B_mem,2,21.85,0.18682519364365888,0.09047977952800107,0.09634177960204826,1.127594687423634e-06,3.634513609536974e-06,3.945226743449487e-05,0.48430181049659565,0.5156787354161977,-2.8236177707507957,-0.3880866486384952,0.00010011799230398482,0.00014409906410998635,1.0557899588885536e-06,9.695062242731916e-05
B_mem,2,21.900000000000002,0.1868251936436607,0.09048003140064854,0.09634198219207572,1.031224053082116e-06,3.180050936414139e-06,3.8133728954311446e-05,0.48430315866940726,0.5156798197989972,-2.8429782310577676,-0.38807877216594433,9.775380061908662e-05,0.00013986243568016155,1.0572735770789757e-06,9.458197988784969e-05
B_mem,2,21.95,0.18682519364366248,0.09047999877667544,0.09634163919742028,1.0832598916167464e-06,3.555669566789862e-06,3.717516027031563e-05,0.484302984046417,0.5156779838867754,-2.8622374767987715,-0.38807252876265735,9.543607904459763e-05,0.00013644578973086126,1.0548715901448957e-06,9.227146427416295e-05
B_mem,2,22.0,0.1868251936436643,0.0904791642969306,0.0963422287005598,1.0686516800532984e-06,3.800646173871007e-06,3.813293645100883e-05,0.4842985174125041,0.515681139259598,-2.881994527018313,-0.3880679367346144,9.326291091564787e-05,0.0001337047517898374,1.0810260374794423e-06,9.001983280320954e-05
B_mem,2,22.05,0.18682519364366612,0.09047851215250724,0.09634294492182889,1.16059127073351e-06,3.736569329978469e-06,3.99205214853683e-05,0.48429502674611413,0.5156849729035202,-2.9016076175981174,-0.38806125887196663,9.106743389692311e-05,0.0001300170038880776,1.0815469199163505e-06,8.782279313717406e-05
B_mem,2,22.1,0.18682519364366787,0.0904782455562794,0.09634299493501781,1.185233865724562e-06,3.9531523706630205e-06,3.972412689001138e-05,0.4842935997638989,0.5156852406039681,-2.920777340607994,-0.38805450866684676,8.899051497922462e-05,0.0001273068654714561,1.103064743345465e-06,8.568132074918822e-05
B_mem,2,22.150000000000002,0.18682519364366973,0.0904779610689704,0.09634343035708826,1.1891446673399413e-06,3.8022176110756026e-06,3.9264737167841494e-05,0.48429207701793325,0.5156875712428985,-2.94010494087874,-0.3880483648631971,8.692717331492121e-05,0.00012502780387587198,1.1115296348149696e-06,8.35925844104763e-05
B_mem,2,22.2,0.1868251936436716,0.09047766577306889,0.09634381817465754,1.1867588059761347e-06,3.7096959451661085e-06,3.912250497571159e-05,0.4842904964179261,0.5156896470741115,-2.9593988572201457,-0.3880420190650991,8.49441652057326e-05,0.00012116388730402899,1.1293007418817284e-06,8.155626298008742e-05
B_mem,2,22.25,0.1868251936436734,0.09047637453185499,0.09634452052982255,1.0152679361284606e-06,4.298581995868108e-06,3.988847700478883e-05,0.48428358492387336,0.5156934064983646,-2.9790875546932556,-0.3880355964073535,8.293872568715167e-05,0.00011861342835605618,1.1231606176499198e-06,7.956924383420194e-05
B_mem,2,22.3,0.1868251936436752,0.09047644963639534,0.09634477340161825,1.1138759536238147e-06,3.9706056616233305e-06,3.895126389233863e-05,0.4842839869282177,0.5156947600192139,-2.9982028738616178,-0.3880297683524484,8.094914064359932e-05,0.00011556564364520957,1.1062338399359847e-06,7.763043912379137e-05
B_mem,2,22.35,0.18682519364367706,0.09047646456778982,0.09634465229937145,1.0751263323645603e-06,4.076776515801159e-06,3.848768417125778e-05,0.4842840668499525,0.5156941118076671,-3.0172049165435,-0.38802386227788516,7.897693256621145e-05,0.00011184709395822807,1.0794589582390462e-06,7.573855569149431e-05
B_mem,2,22.400000000000002,0.18682519364367892,0.09047590743577015,0.09634506459305273,1.0862881252307175e-06,4.221614856029359e-06,3.8383249670019354e-05,0.4842810847466842,0.5156963186496474,-3.0365722037844107,-0.38801980561625615,7.7145235552408e-05,0.00010936875522130391,1.083571728477511e-06,7.389452036697547e-05
B_mem,2,22.45,0.18682519364368075,0.09047528088108808,0.09634567459673887,1.2280795849286742e-06,4.2381658537548995e-06,3.824501947157986e-05,0.48427773105187066,0.5156995837536374,-3.056037469742659,-0.3880172392793066,7.543903596241234e-05,0.00010791054742424408,1.1138067951624235e-06,7.209761557692504e-05
B_mem,2,22.5,0.1868251936436825,0.09047455892768781,0.09634666652777656,1.1853054405289881e-06,3.968188218148019e-06,3.8620184144405304e-05,0.48427386672614975,0.515704893160883,-3.0756756356669936,-0.38801384501925307,7.382600919444515e-05,0.00010485150500245557,1.159611264449928e-06,7.034717540109538e-05
B_mem,2,22.55,0.18682519364368427,0.09047355841421109,0.09634696995218221,1.4417322544712133e-06,4.665277290972171e-06,3.8806579333134546e-05,0.484268511380556,0.5157065172694886,-3.095118400358746,-0.38801301862045007,7.223342476888254e-05,0.00010445579906218922,1.19774721626708e-06,6.864018312008127e-05
B_mem,2,22.6,0.186825193643686,0.0904735285878852,0.09634710125923958,1.4039200961597632e-06,4.5637965612165854e-06,3.92804009318686e-05,0.48426835173224436,0.5157072201032655,-3.114273590541215,-0.388011719022453,7.085122538663704e-05,0.00010284394087695041,1.2904113922952507e-06,6.697999120975126e-05
B_mem,2,22.650000000000002,0.18682519364368777,0.09047305087734753,0.0963481958725931,1.217901176734541e-06,3.946893747158372e-06,4.005397421061764e-05,0.4842657947401749,0.5157130791275827,-3.1340626886675467,-0.3880092242261884,6.924001668417842e-05,9.964196515235442e-05,1.2940944576686668e-06,6.535773331117241e-05
B_mem,2,22.7,0.1868251936436895,0.09047224517559471,0.09634911359350791,1.1042183760849958e-06,3.83487458691581e-06,4.146670518739998e-05,0.4842614821432604,0.5157179913179357,-3.1540499078066095,-0.388008265366261,6.741291248830873e-05,9.715275330286207e-05,1.214139664771355e-06,6.377049349399467e-05
B_mem,2,22.75,0.1868251936436912,0.0904722038914262,0.09634937648840572,1.015185246956102e-06,3.613263859325082e-06,4.3374287472887205e-05,0.48426126116573304,0.5157193984884131,-3.1735127930867284,-0.3880055441899456,6.561846430153542e-05,9.36191796933134e-05,1.1327447220525965e-06,6.222023013537764e-05
B_mem,2,22.8,0.1868251936436929,0.09047157867448151,0.09634913800128109,1.2499727288115796e-06,4.47696793027019e-06,4.6085438598339014e-05,0.4842579146312892,0.5157181219629036,-3.19275829591874,-0.38800219767859284,6.407213449047524e-05,9.087931757953336e-05,1.1206274090234377e-06,6.071025226340492e-05
B_mem,2,22.85,0.18682519364369457,0.090471054376631,0.09634933416096726,1.2820709265696893e-06,4.80510609633474e-06,5.156889274935747e-05,0.4842551082761018,0.5157191719266772,-3.2119983314259635,-0.3880031544435056,6.275526167081268e-05,9.056529393673918e-05,1.171324582426778e-06,5.9241287923532344e-05
B_mem,2,22.900000000000002,0.1868251936436962,0.09047134377929884,0.0963501171998807,1.1158593365084725e-06,3.732664516696153e-06,5.8045194024090784e-05,0.48425665733199413,0.515723363218533,-3.2313462804936814,-0.38800078416493256,6.133600989497157e-05,8.810268246300648e-05,1.1762421008485524e-06,5.780728359242593e-05
B_mem,2,22.95,0.18682519364369787,0.09047102711318598,0.0963499034116365,1.3197993462648185e-06,4.2631188753910995e-06,6.802089476643606e-05,0.484254962345855,0.5157222188961808,-3.250522799006646,-0.38799772898947194,6.000202407954493e-05,8.501509127787642e-05,1.1974962926328254e-06,5.640953520164645e-05
B_mem,2,23.0,0.18682519364369957,0.09047127462884538,0.09634974997568738,1.1234536327810316e-06,4.169039166780197e-06,7.962737298929409e-05,0.48425628719746494,0.5157213976153513,-3.2694857688101564,-0.38799608820188713,5.854805541808892e-05,8.233450845333868e-05,1.1679950055710902e-06,5.504407040137566e-05
B_mem,2,23.05,0.18682519364370112,0.09047219084603862,0.09634896680064571,1.1865548880088937e-06,4.0359970168140285e-06,9.145476435241298e-05,0.4842611913390029,0.515717205594847,-3.2881163660737713,-0.3879912928853737,5.717591156702382e-05,8.192407512491448e-05,1.1545189608674556e-06,5.3712354684421444e-05
B_mem,2,23.1,0.1868251936437028,0.09047198047909386,0.0963492324053346,1.1781731128005991e-06,3.980759274309765e-06,0.00011020185345868514,0.48426006532948845,0.5157186272697445,-3.3074488064267777,-0.38798637063185026,5.577985929293411e-05,7.928257811301878e-05,1.1226091645532824e-06,5.2412031799274266e-05
B_mem,2,23.150000000000002,0.18682519364370445,0.09047085964050482,0.09635005306807838,8.905240530317165e-07,4.280935121264227e-06,0.0001349308230030497,0.4842540659320412,0.5157230199468076,-3.327266153614894,-0.3879813806488686,5.4523082344841096e-05,7.895814018551642e-05,1.1259138921989434e-06,5.114534066824427e-05
B_mem,2,23.2,0.18682519364370603,0.09047113230541108,0.09635024214166815,1.3586261744828194e-06,3.8191966268086785e-06,0.00017131517844656211,0.48425552539743866,0.5157240319815619,-3.34646283488362,-0.38797753827899284,5.336943438293423e-05,7.78224975825198e-05,1.1527423737946508e-06,4.991120726155027e-05
B_mem,2,23.25,0.18682519364370753,0.0904711844089261,0.09635040517660816,1.2315765013026667e-06,3.6040581733119247e-06,0.00021502692324630772,0.484255804286561,0.5157249046419139,-3.36577519569896,-0.3879738553576043,5.221673155730497e-05,7.468415382103784e-05,1.1696326111047752e-06,4.870783372399064e-05
B_mem,2,23.3,0.18682519364370914,0.09047125282009087,0.09634995417824929,1.2599053509954004e-06,3.986645369011237e-06,0.00026510788624236714,0.4842561704639628,0.5157224906293768,-3.3849234944046596,-0.3879713236015605,5.108699104146481e-05,7.279308698659746e-05,1.184243815704706e-06,4.75342595943507e-05
B_mem,2,23.35,0.18682519364371075,0.09047133593100054,0.0963500224908633,1.1198771889309188e-06,3.835221846879863e-06,0.0003231834148010451,0.48425661532317726,0.5157228562792757,-3.4042324017650465,-0.38797104002693217,4.9868538535665394e-05,7.075155383300351e-05,1.1601850018997487e-06,4.638798352996615e-05
B_mem,2,23.400000000000002,0.1868251936437124,0.09047098764723166,0.09635074686699477,1.0132125440585182e-06,3.459129485914756e-06,0.0003909329908108235,0.48425475110046257,0.5157267335728918,-3.4239194852219126,-0.3879688354387915,4.8593705376731065e-05,6.798344789657706e-05,1.1086836274120054e-06,4.5267654494495044e-05
B_mem,2,23.45,0.18682519364371392,0.09047079495999728,0.09635065093892241,9.437119556703751e-07,3.747744794224883e-06,0.0004780693470871076,0.48425371972331605,0.5157262201085603,-3.4433137955228506,-0.3879673913663018,4.726855736420477e-05,6.61218289259429e-05,1.0321196398223341e-06,4.417219844473776e-05
B_mem,2,23.5,0.1868251936437155,0.09047086852901381,0.09635039244215526,1.0259477672811003e-06,3.932672546412313e-06,0.0005857023573296225,0.4842541135086205,0.5157248364794955,-3.462544974174795,-0.38796599128909975,4.6114910972205886e-05,6.532675186991923e-05,1.0034205491592535e-06,4.310464932472813e-05
B_mem,2,23.55,0.18682519364371702,0.09047071535129109,0.09635038525026929,1.1549084889128256e-06,4.0930421566660555e-06,0.0007181603537916315,0.48425329360997366,0.5157247979842229,-3.481804607460507,-0.3879628305816411,4.5136203477419324e-05,6.408298461985997e-05,1.0235044036425257e-06,4.2065690266491736e-05
B_mem,2,23.6,0.18682519364371858,0.09047083496461819,0.09635016727266098,1.1448478352808516e-06,4.191406439432939e-06,0.0008655896448733137,0.484253933851924,0.5157236312378924,-3.5007939653452547,-0.3879601238504141,4.426150619917565e-05,6.268005277020219e-05,1.0689674498796658e-06,4.105460384953664e-05
B_mem,2,23.650000000000002,0.18682519364372016,0.09047015566772214,0.09635103447505262,1.202565272102999e-06,4.0035009454185895e-06,0.0010349410180339703,0.48425029784928664,0.5157282730229426,-3.5203793626945727,-0.3879584312278804,4.3256105149682365e-05,6.257132721953397e-05,1.06319020691395e-06,4.006653452894051e-05
B_mem,2,23.7,0.1868251936437217,0.09047004427664103,0.09635106327157612,1.2680562980343856e-06,4.086095504555769e-06,0.0012190112989804295,0.4842497016176988,0.5157284271591281,-3.5394917603719533,-0.38795659352508605,4.249164587289795e-05,6.076557689033575e-05,1.1281819939868305e-06,3.910709989093746e-05
B_mem,2,23.75,0.1868251936437233,0.09047005995241254,0.09635095159330634,1.1308069821005201e-06,4.182098004431183e-06,0.0014423837026544498,0.48424978552378467,0.5157278293903346,-3.5585180587474574,-0.3879540746036915,4.165824454553668e-05,5.933761151528669e-05,1.1623263457363508e-06,3.817126550832763e-05
B_mem,2,23.8,0.18682519364372482,0.09046963019951397,0.09635125199380055,1.2793882582817197e-06,4.311450410302794e-06,0.0016934019787506588,0.4842474852296384,0.515729437313161,-3.5778239206046147,-0.3879531500834037,4.079371038508104e-05,5.83613384121253e-05,1.1785235711438754e-06,3.725813967164941e-05
B_mem,2,23.85,0.1868251936437264,0.090468903585645,0.09635209697286042,1.1801147101035681e-06,4.193085220989097e-06,0.0019866865511358293,0.48424359595830635,0.5157339601456686,-3.597314857738407,-0.38795375735372817,3.987016691073627e-05,5.673996109805923e-05,1.1679683373886745e-06,3.636626189857026e-05
B_mem,2,23.900000000000002,0.18682519364372788,0.09046815868372658,0.0963528141477378,1.1797307274215476e-06,4.220812263495985e-06,0.00231810923503356,0.4842396087984132,0.515737798893873,-3.6168718096586234,-0.38795311590428183,3.900635492427587e-05,5.5080834725520944e-05,1.169835645149833e-06,3.5496847988826355e-05
B_mem,2,23.95,0.18682519364372946,0.09046770625155633,0.0963529201106118,1.287996939036665e-06,4.567281561325917e-06,0.0026854070487876717,0.48423718711126174,0.5157383660704465,-3.6360778572016326,-0.3879547369516356,3.8143222982696005e-05,5.501168999302564e-05,1.164943055895092e-06,3.464839381501073e-05
B_mem,2,24.0,0.18682519364373096,0.09046822510843783,0.09635266018869396,1.0527667614860948e-06,4.30834659918087e-06,0.003094897904676392,0.48423996434312566,0.5157369748131244,-3.654857799071494,-0.38795769889652953,3.7451130598974585e-05,5.566436548262828e-05,1.2089881673657748e-06,3.382416609687726e-05
B_mem,2,24.05,0.18682519364373257,0.09046900782020952,0.09635168793593402,1.3365900460399754e-06,4.497887588995875e-06,0.0035309704859906007,0.4842441538839239,0.515731770735763,-3.673346867897137,-0.38795734444107205,3.673578821665177e-05,5.4115409966340165e-05,1.2385517623170506e-06,3.3020132929700625e-05
B_mem,2,24.1,0.1868251936437341,0.09047110958863461,0.09634901535134513,1.4299491420399383e-06,5.0687037543686e-06,0.004019457944416976,0.4842554038036128,0.5157174654670915,-3.690857446268493,-0.38795999849456136,3.6184406953727774e-05,5.342655173197688e-05,1.3149119173941291e-06,3.2239671201545394e-05
B_mem,2,24.150000000000002,0.18682519364373568,0.09047617930822022,0.09634449775286306,1.3132580151711522e-06,4.516582652393979e-06,0.004538454016817944,0.48428253997023984,0.5156932845823041,-3.7070161381938656,-0.3879642532609968,3.533040000885085e-05,5.252513425608687e-05,1.285423406882256e-06,3.147412978820408e-05
B_mem,2,24.2,0.18682519364373726,0.09048313110807885,0.09633810641949064,9.82415558767542e-07,3.956116167778694e-06,0.005132098543647707,0.4843197501543819,0.5156590743494732,-3.7221484886391765,-0.3879645092591908,3.434582970537108e-05,4.9957077139668943e-05,1.2073316300664085e-06,3.072383481517187e-05
B_mem,2,24.25,0.1868251936437388,0.09049273099401545,0.09632842101373856,8.917796867283979e-07,4.041635984826999e-06,0.005768411367842963,0.48437113447653146,0.5156072322741942,-3.735396467676222,-0.38796364174203196,3.3355449175086145e-05,4.75276368553209e-05,1.1220041156744796e-06,2.99894368280627e-05
B_mem,2,24.3,0.18682519364374042,0.09050101665768877,0.09631952089267347,1.1142817611073196e-06,4.656093378188344e-06,0.006465300540133903,0.4844154842963333,0.5155595935114967,-3.749089296810377,-0.3879649486073496,3.251494627109627e-05,4.7072786416013614e-05,1.0804754034117574e-06,2.927352006086099e-05
B_mem,2,24.35,0.186825193643742,0.09051202116677562,0.09630824537968916,1.497876844720078e-06,4.927097277228511e-06,0.007189896695714629,0.48447438700036083,0.5154992402327702,-3.760927954463315,-0.3879679478111124,3.201819350036777e-05,4.766954770279911e-05,1.1457830748206526e-06,2.8580844275905807e-05
B_mem,2,24.400000000000002,0.1868251936437435,0.09052332164453457,0.09629764370412357,1.3403068978329608e-06,4.2282950853663245e-06,0.007957043730836461,0.48453487390546085,0.5154424937342942,-3.77299215517829,-0.3879682390921846,3.164845383908268e-05,4.718136440714402e-05,1.2462961536686207e-06,2.7909565378076828e-05
B_mem,2,24.45,0.18682519364374506,0.09054033335901912,0.09628034820884059,1.298173284155528e-06,4.512075885332366e-06,0.008750904600619665,0.48462593076001037,0.515349917915442,-3.7811910220329126,-0.38796939916877377,3.092139825564364e-05,4.565945117001753e-05,1.2239163043677954e-06,2.7249649342540247e-05
B_mem,2,24.5,0.18682519364374656,0.09055957309065872,0.09626126211569551,1.2953665738472156e-06,4.35843739233393e-06,0.009610012468393813,0.4847289132928456,0.5152477577475675,-3.787953111116839,-0.3879699088097866,3.0426628042144e-05,4.51315360244819e-05,1.2722990322845982e-06,2.66097309452902e-05
B_mem,2,24.55,0.18682519364374814,0.09058632998414462,0.09623459803852327,1.4716029020360302e-06,4.265621080222055e-06,0.01052312380512714,0.4848721321647937,0.5151050356839474,-3.789875082655757,-0.38796741595424905,2.97681958734677e-05,4.272533141182474e-05,1.2617539669320867e-06,2.5982933972671442e-05
B_mem,2,24.6,0.1868251936437497,0.09061530082568922,0.09620567160704359,1.19136281462112e-06,4.221211016925832e-06,0.011507369074771021,0.4850272014088224,0.5149502041490975,-3.790451738850178,-0.38796637461516154,2.914164102333176e-05,4.0673241801565914e-05,1.2564767000665774e-06,2.537221092313203e-05
B_mem,2,24.650000000000002,0.1868251936437513,0.09065128205937324,0.09616957824330044,9.217588184590475e-07,4.3333410775974965e-06,0.012521741201962939,0.48521979445787256,0.5147570109130033,-3.7865293396231237,-0.38796430851104113,2.8368018360828588e-05,4.099260316687101e-05,1.1981939560087311e-06,2.4773436492802394e-05
B_mem,2,24.7,0.18682519364375286,0.09068945129975163,0.09613140891280757,1.168784888866066e-06,4.333431193630902e-06,0.013581686575252362,0.4854240990253305,0.5145527058631905,-3.7811655745836696,-0.38796225568892734,2.7717128804816594e-05,4.108074500943798e-05,1.1758561388607606e-06,2.418956038823431e-05
B_mem,2,24.75,0.1868251936437544,0.09073950275912351,0.09608159009829978,1.0710655294723697e-06,4.100786331109175e-06,0.014653881408850704,0.4856920043243694,0.514286045818381,-3.768377229726239,-0.3879604376071095,2.706219577531334e-05,3.9458407373445186e-05,1.1476339342098017e-06,2.361929397268393e-05
B_mem,2,24.8,0.18682519364375594,0.09079596751495506,0.09602485024950047,1.1351801663044863e-06,4.3758793003940065e-06,0.015784848230226516,0.4859942374157932,0.5139823402651124,-3.7513690995138855,-0.3879589737819788,2.637478392844968e-05,3.845332860191684e-05,1.1044092022916052e-06,2.3061556321574872e-05
B_mem,2,24.85,0.18682519364375744,0.09087179128360011,0.09594908618139586,1.086844055467462e-06,4.316178761477174e-06,0.01695407321269571,0.48640009150412833,0.5135768057297121,-3.7220326579909107,-0.38795797384093933,2.5826532413755173e-05,3.842530789760879e-05,1.1024363820520907e-06,2.2519223267598903e-05
B_mem,2,24.900000000000002,0.18682519364375902,0.09096153726882719,0.0958599171304894,1.2747571659934464e-06,3.7392444424183057e-06,0.018213797324085044,0.486880465609333,0.5130995197215023,-3.6838753908440265,-0.3879575906886056,2.538477002270928e-05,3.7010472322399426e-05,1.1310109801142807e-06,2.199173708236644e-05
B_mem,2,24.95,0.18682519364376057,0.09107362144264505,0.09574784943804776,1.181272204196192e-06,3.7227630677561824e-06,0.019508208112793475,0.487480407039239,0.5124996665097553,-3.631277028307848,-0.38795739593464,2.4961329738044717e-05,3.530793562586303e-05,1.1609891251813468e-06,2.1478362362500676e-05
B_mem,2,25.0,0.18682519364376207,0.09119554804869487,0.09562542659307226,9.528366327174633e-07,4.219001994945051e-06,0.020864194891362868,0.48813303104390926,0.5118443863380152,-3.5722155085791325,-0.3879589939888092,2.4260185207498892e-05,3.3735900982402185e-05,1.0958840343690388e-06,2.0972533104391772e-05
B_mem,2,25.05,0.18682519364376365,0.09133942042278002,0.09548127949469702,9.61492322284478e-07,4.493726286582641e-06,0.022237119505853248,0.4889031219041319,0.5110728249893306,-3.4989232953940643,-0.38795942429353214,2.373705613836938e-05,3.3748149202234114e-05,1.0853807599690542e-06,2.0480913858462215e-05
B_mem,2,25.1,0.18682519364376524,0.09149421619824503,0.0953265205931642,1.242620136969075e-06,4.456852355975059e-06,0.023655375249530878,0.4897316813315044,0.5102444629332541,-3.418558477018964,-0.38795810663494434,2.3377667993128266e-05,3.33008234788441e-05,1.1245289683247908e-06,2.0004081088153892e-05
B_mem,2,25.150000000000002,0.18682519364376682,0.09167604850557451,0.095144799416464,1.2719597702168729e-06,4.345721728287093e-06,0.025086780627594472,0.49070495642241857,0.5092717826798216,-3.320947986012664,-0.38795692054650005,2.2956406121022616e-05,3.303038873748386e-05,1.1392595944728983e-06,1.9538627337603918e-05
B_mem,2,25.2,0.18682519364376843,0.09187419067311837,0.09494643402599356,1.2937321570172982e-06,4.56894465650298e-06,0.02659371625928376,0.4917655316247164,0.5082100126551135,-3.212700526020737,-0.38795484038671657,2.240214281681534e-05,3.345766288661505e-05,1.1065813981626492e-06,1.908239862232739e-05
B_mem,2,25.25,0.18682519364377,0.09210925746944408,0.09471152881390285,1.3907265444930784e-06,4.407360423094842e-06,0.028149318355706762,0.4930237494899854,0.5069526596851525,-3.080791557596145,-0.3879528897059034,2.2223529552106478e-05,3.362799454870245e-05,1.1932837422985045e-06,1.8643678325210967e-05
B_mem,2,25.276,0.18682519364377081,0.09223611648750966,0.09458480332241734,1.4889142310872957e-06,4.273833843823573e-06,0.028981801633856427,0.49370277470918084,0.5062743491799454,-3.0092276269873017,-0.3879517819141675,2.208033337387593e-05,3.32475647325189e-05,1.2202233182108069e-06,1.841966341924352e-05
C_freeze,1,0.05,1.0000000000000018,1.0673268309547807e-29,1.0000000000000018,3.6041966236428173e-31,1.3074858500401108e-30,2.5839516447091226e-30,1.0673268309547787e-29,1.0,-19.89999933568879,2.0000506484155856,1.8378864690967713e-31,4.359806268790838e-31,6.013344681578528e-32,3.3883064623212506e-33
C_freeze,1,0.1,1.0000000000000036,3.4387022152250214e-29,1.0000000000000033,1.1559711375907343e-30,4.3689091197979604e-30,8.84293600619343e-30,3.438702215225009e-29,0.9999999999999998,-19.79999114743371,2.000322373194491,9.979314518389596e-31,2.2050437660183405e-30,3.2576563122086435e-31,2.0634558176366403e-32
C_freeze,1,0.15,1.000000000000005,6.96697896652131e-29,1.0000000000000053,2.377371953012839e-30,8.741199875523624e-30,1.8393810241324125e-29,6.966978966521274e-29,1.0000000000000002,-19.699962361909137,2.0008756118973836,2.802470942921428e-30,5.786691742850236e-30,9.1297191568512e-31,6.355519586606825e-32
C_freeze,1,0.2,1.0000000000000073,1.1941706241728687e-28,1.0000000000000073,4.193119731512487e-30,1.4417742565763087e-29,3.147704568560852e-29,1.19417062417286e-28,1.0,-19.599899207675143,2.001690598779433,5.598779095173404e-30,1.0867331909682551e-29,1.8198492536174614e-30,1.3923133432102187e-31
C_freeze,1,0.25,1.0000000000000089,1.8179854254798997e-28,1.0000000000000087,6.071831672277212e-30,2.0618245356640536e-29,4.94280602692768e-29,1.8179854254798835e-28,0.9999999999999998,-19.499789700930453,2.002721460016989,9.57198185930293e-30,1.8492060640550105e-29,3.1043083510682677e-30,2.590568060981253e-31
C_freeze,1,0.3,1.0000000000000104,2.610742030079474e-28,1.0000000000000107,7.932371179611273e-30,2.655574675922553e-29,7.195296672870203e-29,2.6107420300794466e-28,1.0000000000000002,-19.39962426722407,2.0039201051327207,1.4219815426936045e-29,2.7203540494317254e-29,4.5996769597900836e-30,4.207845475657992e-31
C_freeze,1,0.35000000000000003,1.0000000000000122,3.4829197437132007e-28,1.0000000000000122,9.062975808165726e-30,3.1464809864605827e-29,9.705734987847899e-29,3.482919743713158e-28,1.0,-19.29939558567114,2.00524524085326,1.9019236836723709e-29,3.570014995235433e-29,6.1335967426800146e-30,6.184466086836693e-31
C_freeze,1,0.4,1.0000000000000138,4.464101162707633e-28,1.0000000000000135,1.0522380043841664e-29,3.71089787304876e-29,1.2909662237665435e-28,4.464101162707571e-28,0.9999999999999998,-19.199098177764583,2.00666449962433,2.338096777543132e-29,3.911691388596988e-29,7.513787279776134e-30,8.396059361029176e-31
C_freeze,1,0.45,1.0000000000000153,5.6661255685733925e-28,1.0000000000000155,1.1012554632694822e-29,4.2304746748726047e-29,1.6558808299121304e-28,5.6661255685733055e-28,1.0000000000000002,-19.098727972439768,2.0081537169314427,2.7192634877954094e-29,4.216514081170744e-29,8.704759244793102e-30,1.078357143574786e-30
C_freeze,1,0.5,1.000000000000017,6.945630717678176e-28,1.000000000000017,1.2302872653929329e-29,4.806397334628458e-29,2.0308922060247007e-28,6.945630717678057e-28,1.0,-18.99828193538376,2.0096952944907733,3.071914846504653e-29,4.664402745625076e-29,9.79517843917058e-30,1.3336131475347976e-30
C_freeze,1,0.55,1.0000000000000182,8.291865895323783e-28,1.0000000000000182,1.3849463081561424e-29,5.501778315164331e-29,2.4584310799241813e-28,8.291865895323632e-28,1.0,-18.897757783787274,2.0112765056221984,3.458801133470448e-29,4.6981626933853435e-29,1.0990783598120718e-29,1.615660540342325e-30
C_freeze,1,0.6,1.0000000000000198,9.753250446123894e-28,1.0000000000000195,1.5060783422426884e-29,6.375243255782508e-29,2.917454226640614e-28,9.753250446123702e-28,0.9999999999999998,-18.797153779901965,2.01288806451119,3.869777756773522e-29,5.254816168086412e-29,1.225741342597681e-29,1.9255372898047877e-30
C_freeze,1,0.65,1.0000000000000209,1.1247961682894804e-27,1.0000000000000209,1.8376442260890843e-29,7.32958654629602e-29,3.382714364017205e-28,1.1247961682894569e-27,1.0,-18.696468587714033,2.0145230330167423,4.3714843526443606e-29,5.753083472300713e-29,1.3813388466540953e-29,2.274678126820736e-30
C_freeze,1,0.7000000000000001,1.000000000000022,1.2835226381829023e-27,1.0000000000000222,2.1206661398578214e-29,8.169131424747734e-29,3.8960687574472746e-28,1.2835226381828741e-27,1.0000000000000002,-18.59570117634301,2.0161760359004095,5.062671711299126e-29,6.54710856494101e-29,1.5978195108171326e-29,2.6921317884772838e-30
C_freeze,1,0.75,1.0000000000000235,1.4423997862299714e-27,1.0000000000000235,2.5079309766434485e-29,8.987893621793977e-29,4.363773975092805e-28,1.4423997862299375e-27,1.0,-18.49485075624168,2.0178427225291933,5.899707433312137e-29,7.18394564089328e-29,1.8605667599214565e-29,3.180071535477668e-30
C_freeze,1,0.8,1.0000000000000246,1.6153032668384853e-27,1.0000000000000249,2.6665797822142076e-29,9.631120333126316e-29,4.886587560872549e-28,1.6153032668384454e-27,1.0000000000000002,-18.39391673749438,2.0195194112679644,6.77544392049897e-29,7.697435836469554e-29,2.1341249814454654e-29,3.730689761625727e-30
C_freeze,1,0.85,1.0000000000000255,1.7837187395379194e-27,1.0000000000000258,2.7599224169383885e-29,1.037556689412085e-28,5.394155668733593e-28,1.783718739537874e-27,1.0000000000000002,-18.292898702479,2.021202862590436,7.482910670844699e-29,8.259821590979287e-29,2.3509810631233946e-29,4.299674814745138e-30
C_freeze,1,0.9,1.000000000000027,1.950484103305447e-27,1.0000000000000269,2.68399512589987e-29,1.238500380873947e-28,5.845722422154396e-28,1.9504841033053943e-27,0.9999999999999998,-18.19179638754559,2.0228901394138057,7.875175601103966e-29,8.710232494476302e-29,2.4635735427590638e-29,4.844549728267729e-30
C_freeze,1,0.9500000000000001,1.0000000000000284,2.1287502456608763e-27,1.0000000000000284,2.829583075272646e-29,1.7895337356502586e-28,6.314396749113729e-28,2.1287502456608157e-27,1.0,-18.090609670145405,2.024578524573658,8.185900866408692e-29,9.868509967107227e-29,2.549096601621555e-29,5.3861106154402595e-30
C_freeze,1,1.0,1.0000000000000295,2.2918117661555744e-27,1.0000000000000298,3.11510937202565e-29,3.468654079619419e-28,6.724854771157855e-28,2.2918117661555066e-27,1.0000000000000002,-17.989338559109747,2.0262654745116024,8.625424639342325e-29,1.1665315426402807e-28,2.6765106903115116e-29,5.9589256840778955e-30
C_freeze,1,1.05,1.0000000000000315,2.461600750568308e-27,1.0000000000000313,3.3515854502174614e-29,8.550445778971608e-28,7.169474804480777e-28,2.4616007505682307e-27,0.9999999999999998,-17.887983186644227,2.0279485950817966,9.257461247127963e-29,1.3852823140316897e-28,2.866181171330004e-29,6.589177331379528e-30
C_freeze,1,1.1,1.0000000000000329,2.6389618848533677e-27,1.0000000000000326,3.624515121136327e-29,2.4549507963469698e-27,7.616623148664741e-28,2.638961884853281e-27,0.9999999999999998,-17.78654380118007,2.029625630249108,9.977213490630198e-29,1.6179945448496499e-28,3.0835256337343465e-29,7.266365894271603e-30
C_freeze,1,1.1500000000000001,1.0000000000000344,2.802939354290988e-27,1.0000000000000344,3.6259790614760204e-29,7.404795321206582e-27,7.975512340388453e-28,2.8029393542908913e-27,1.0,-17.685020760595947,2.031294457802155,1.056591679134731e-28,1.8718078135328478e-28,3.256730236173971e-29,7.957260828253953e-30
C_freeze,1,1.2,1.000000000000036,2.9992409009487144e-27,1.0000000000000357,3.584631210100049e-29,2.2499984735166408e-26,8.466573636334536e-28,2.9992409009486065e-27,0.9999999999999998,-17.5834145255581,2.0329530884505953,1.101434241154679e-28,2.0049084678235674e-28,3.383327727759578e-29,8.643592282680537e-30
C_freeze,1,1.25,1.0000000000000382,3.1831929591488954e-27,1.0000000000000384,3.151815272261091e-29,6.820569314342257e-26,8.939028951718435e-28,3.183192959148774e-27,1.0000000000000002,-17.48172565286822,2.0345996661479298,1.1022352667242485e-28,1.9574598314765942e-28,3.365486059424648e-29,9.258944889685406e-30
C_freeze,1,1.3,1.0000000000000402,3.335663533862778e-27,1.00000000000004,2.6065457254778446e-29,2.0596519890582307e-25,9.35781892639196e-28,3.3356635338626436e-27,0.9999999999999998,-17.379954788791284,2.0362324684246578,1.043023740849586e-28,1.7224606594141172e-28,3.152239262963328e-29,9.735196196058768e-30
C_freeze,1,1.35,1.000000000000042,3.526358277296647e-27,1.000000000000042,1.6840525945085874e-29,6.1651013594494925e-25,9.852348851731701e-28,3.526358277296499e-27,1.0,-17.278102662380498,2.037849906107519,9.18626101814417e-29,1.327402521260236e-28,2.7281686734453383e-29,1.0017549978081558e-29
C_freeze,1,1.4000000000000001,1.0000000000000449,3.690947719312614e-27,1.0000000000000449,1.5807136865476235e-29,1.8346219269865415e-24,1.034118779809641e-27,3.6909477193124485e-27,1.0,-17.176170078837483,2.0394505221600565,7.692101463662744e-29,1.3648924411564725e-28,2.2262683724390142e-29,1.013296346345703e-29
C_freeze,1,1.45,1.0000000000000477,3.858842775992402e-27,1.0000000000000477,6.769566028839833e-29,5.422597481731835e-24,1.0875860548955143e-27,3.8588427759922174e-27,1.0,-17.07415791295403,2.041032989589738,9.202055643691719e-29,4.06316930423916e-28,2.7111332060503465e-29,1.0686560255406801e-29
C_freeze,1,1.5,1.0000000000000504,4.033088661778812e-27,1.0000000000000502,3.045499788651166e-28,1.5910407273459936e-23,1.1407736450293099e-27,4.033088661778609e-27,0.9999999999999998,-16.972067102680544,2.042596108482227,2.5810591977345994e-28,1.833533182403227e-27,8.1287315919799e-29,1.4243972014062896e-29
C_freeze,1,1.55,1.0000000000000533,4.220934224060488e-27,1.0000000000000533,1.1996200191694858e-27,4.6307841283214834e-23,1.1923786129129686e-27,4.220934224060263e-27,1.0,-16.8698986428624,2.0441388022797105,9.827917800530222e-28,7.450703285526467e-27,3.1767220174647133e-28,2.977517481360839e-29
C_freeze,1,1.6,1.0000000000000564,4.381663208814892e-27,1.0000000000000564,4.280993455851828e-27,1.3361022826152044e-22,1.2391490720631277e-27,4.3816632088146455e-27,1.0,-16.767653579178276,2.045660113441073,3.6309566212146236e-27,2.7472967963125667e-26,1.1810625760259376e-27,8.776889313681168e-29
C_freeze,1,1.6500000000000001,1.0000000000000593,4.5622787006576764e-27,1.0000000000000593,1.4686587523086185e-26,3.8185173121845198e-22,1.2931540396929501e-27,4.562278700657406e-27,1.0,-16.665333002308103,2.0471591986219955,1.2749205617646944e-26,9.534367028212026e-26,4.153033297285198e-27,2.9010572579135206e-28
C_freeze,1,1.7,1.0000000000000622,4.746148241225998e-27,1.0000000000000622,4.9039485675473875e-26,1.0805512590381379e-21,1.3446927599919122e-27,4.746148241225703e-27,1.0,-16.562938042351337,2.048635323502431,4.3239807072093186e-26,3.2118711038499655e-25,1.4089272643429894e-26,9.719891418035135e-28
C_freeze,1,1.75,1.0000000000000657,4.937634297987097e-27,1.0000000000000655,1.6068098618371198e-25,3.024972683046089e-21,1.4012784785076168e-27,4.9376342979867725e-27,0.9999999999999998,-16.460469863510262,2.0500878573732715,1.4345423990712336e-25,1.0545580877443162e-24,4.6743240622347934e-26,3.2245180400795776e-27
C_freeze,1,1.8,1.0000000000000693,5.1153451514831984e-27,1.0000000000000693,5.197508109064051e-25,8.383312933292908e-21,1.4514259522739484e-27,5.115345151482844e-27,1.0,-16.357929659048015,2.051516267576895,4.677886998735404e-25,3.401249315806523e-24,1.5241546412278757e-25,1.0542307505177706e-26
C_freeze,1,1.85,1.000000000000073,5.3245573806916955e-27,1.000000000000073,1.6506121741310928e-24,2.2935270199942617e-20,1.5057867109720099e-27,5.324557380691307e-27,1.0,-16.255318646526547,2.05292011387985,1.5012068652476631e-24,1.0784107897884928e-23,4.890860165038648e-25,3.394881573606846e-26
C_freeze,1,1.9000000000000001,1.0000000000000764,5.552552644459383e-27,1.0000000000000764,5.2276127992095366e-24,6.168891304906507e-20,1.5736734172528726e-27,5.552552644458959e-27,1.0,-16.152638063326297,2.054299042841108,4.767276559497664e-24,3.392603423432529e-23,1.5530650120753679e-24,1.0808152327155973e-25
C_freeze,1,1.95,1.0000000000000802,5.831214936266844e-27,1.0000000000000802,1.5890311693048052e-23,1.667738526156695e-19,1.622014536743551e-27,5.831214936266377e-27,1.0,-16.049889162446508,2.055652782226568,1.4854072669551463e-23,1.0361981765701977e-22,4.83858477404192e-24,3.3831834742570053e-25
C_freeze,1,2.0,1.000000000000084,6.32166951104109e-27,1.000000000000084,4.9178683728596464e-23,4.441893702653621e-19,1.6700320673297613e-27,6.321669511040559e-27,1.0,-15.94707320858279,2.0569811355099894,4.520738415251965e-23,3.175499733101122e-22,1.4724450073168633e-23,1.0340339330137614e-24
C_freeze,1,2.05,1.000000000000088,7.519428334316775e-27,1.000000000000088,1.619697895564851e-22,1.1035999149270364e-18,1.7304290124198047e-27,7.519428334316114e-27,1.0,-15.844191474476768,2.058283976491881,1.4637338110679836e-22,1.011527257189652e-21,4.7685313744774745e-23,3.317439872474099e-24
C_freeze,1,2.1,1.0000000000000924,1.064424100589162e-26,1.0000000000000924,3.951573666439085e-22,2.8211618303127523e-18,1.775488897763516e-27,1.0644241005890637e-26,1.0,-15.741245237531379,2.059561244061057,4.199743166287789e-22,2.6409429807864304e-21,1.367455479553886e-22,9.73767276261302e-24
C_freeze,1,2.15,1.0000000000000968,1.7897690388930374e-26,1.0000000000000968,1.1568800339224581e-21,7.965233964639954e-18,1.8263267132124526e-27,1.789769038892864e-26,1.0,-15.638235776684056,2.0608129371180866,1.073249945935833e-21,7.555582422022778e-21,3.492739882018945e-22,2.5427981330149623e-23
C_freeze,1,2.2,1.0000000000001015,4.603447972553318e-26,1.0000000000001013,5.8226943834506764e-21,1.9719646061658043e-17,1.8746811862395445e-27,4.603447972552851e-26,0.9999999999999998,-15.535164369529422,2.062039109675572,4.365085290727223e-21,3.202505936620216e-20,1.423074565196267e-21,9.586159513842262e-23
C_freeze,1,2.25,1.0000000000001064,1.8189117615076938e-25,1.000000000000106,1.473327822238526e-20,3.8740672298460236e-17,1.9210259045370896e-27,1.8189117615075002e-25,0.9999999999999996,-15.432032289682232,2.063239866146737,1.5518198928605117e-20,8.262897364341817e-20,5.0573587811047305e-21,3.4612258529092597e-22
C_freeze,1,2.3000000000000003,1.0000000000001115,5.507728230042189e-25,1.0000000000001115,1.5078878162187516e-20,9.973092699094943e-17,1.9708835043543694e-27,5.507728230041575e-25,1.0,-15.32884080437109,2.064415356831005,2.7265075019472723e-20,1.0310158493799041e-19,8.855000304266249e-21,7.00074106673975e-22
C_freeze,1,2.35,1.0000000000001168,2.6683883405497977e-24,1.000000000000116,1.4593682601515004e-19,3.9589921999133025e-16,2.023347373844046e-27,2.6683883405494862e-24,0.9999999999999991,-15.225591172252733,2.06556577360293,8.424872877185518e-20,6.663893892564307e-19,2.743577881668028e-20,1.941392321814327e-21
C_freeze,1,2.4,1.0000000000001221,2.149090412697667e-23,1.000000000000121,9.872045746109331e-19,1.2223419794282317e-15,2.0654823950844253e-27,2.1490904126974046e-23,0.9999999999999989,-15.122284641436746,2.0666913458088785,6.606588988026019e-19,4.187088407379796e-18,2.157225167205995e-19,1.3491348640803428e-20
C_freeze,1,2.45,1.0000000000001268,1.2344972393744703e-22,1.0000000000001248,2.6040819005978543e-18,2.182894689558315e-15,2.1239031019444985e-27,1.2344972393743138e-22,0.999999999999998,-15.018922447710162,2.0677923363741333,2.5926393776333762e-18,9.922379086487707e-18,8.455001344146472e-19,5.613897438943474e-20
C_freeze,1,2.5,1.0000000000001317,6.157820408628156e-22,1.0000000000001297,5.119449733161202e-18,2.2189042639606918e-15,2.189100878774368e-27,6.157820408627345e-22,0.999999999999998,-14.91550581295144,2.0688690381215684,5.875660108192497e-18,1.219696197399359e-17,1.9119197974402847e-18,1.3990071587164347e-19
C_freeze,1,2.5500000000000003,1.0000000000001374,3.253964645639274e-21,1.000000000000129,3.525442284124251e-17,8.359567849499456e-15,2.2965288963482742e-27,3.2539646456388266e-21,0.9999999999999916,-14.812035943723206,2.0699217703016535,2.238793153636086e-17,1.0401167584273571e-16,7.298688024420783e-18,4.918674630985069e-19
C_freeze,1,2.6,1.000000000000143,1.6259707666563097e-20,1.0000000000000797,2.360843689623984e-16,6.368091173983595e-14,2.547141428462195e-27,1.625970766656077e-20,0.9999999999999367,-14.708514030033255,2.0709508753322883,1.5347170717189623e-16,8.246884885948211e-16,5.011121545333123e-17,3.1380608119025675e-18
C_freeze,1,2.65,1.0000000000001485,7.249296870325943e-20,0.9999999999998653,9.925098406238928e-16,2.8356946174416424e-13,3.1439472666504154e-27,7.249296870324865e-20,0.9999999999997168,-14.604941244253341,2.0719567157458214,7.742564585839297e-16,3.5006109453126415e-15,2.5268629593225235e-16,1.6197570787172734e-17
C_freeze,1,2.7,1.0000000000001548,3.055969004822948e-19,0.9999999999993113,3.0896603393623647e-15,8.433439649818813e-13,5.0291077034629974e-27,3.0559690048224754e-19,0.9999999999991566,-14.50131874018554,2.0729396713395465,2.797085287532118e-15,1.0190547149740848e-14,9.119903024857011e-16,6.111438007501436e-17
C_freeze,1,2.75,1.0000000000001608,1.2613494922613374e-18,0.9999999999982883,8.849400595155352e-15,1.8723983827154915e-12,1.0440972351599625e-26,1.2613494922611346e-18,0.9999999999981275,-14.3976476522661,2.073900136525069,8.449442963167416e-15,2.673549015244537e-14,2.7526947499869638e-15,1.9135871320652505e-16
C_freeze,1,2.8000000000000003,1.000000000000167,5.0110660928238505e-18,0.9999999999967036,2.8036104903339277e-14,3.4633290178456282e-12,2.289380281300715e-26,5.011066092823014e-18,0.9999999999965367,-14.29392909489693,2.0748385178710302,2.5583386114888146e-14,8.454272483038e-14,8.333068395262984e-15,5.8418092909919e-16
C_freeze,1,2.85,1.000000000000173,1.8935768869223143e-17,0.9999999999935381,9.584466533318253e-14,6.634621464559201e-12,7.414628537529829e-26,1.8935768869219868e-17,0.9999999999933651,-14.19016416189526,2.075755231833045,8.423194461399615e-14,3.1001567772166353e-13,2.7443350521218664e-14,1.901893050340151e-15
C_freeze,1,2.9,1.000000000000179,6.866688940939887e-17,0.9999999999833058,3.096958058020912e-13,1.687317412866075e-11,2.7197116072591906e-25,6.866688940938658e-17,0.9999999999831268,-14.08635392605229,2.076650702663998,2.7970048438304995e-13,1.0594035087550376e-12,9.113448524108107e-14,6.297028659806735e-15
C_freeze,1,2.95,1.0000000000001852,2.403935840750297e-16,0.9999999999481194,8.852985476485191e-13,5.2065534445584426e-11,5.253643149125741e-25,2.403935840749852e-16,0.9999999999479342,-13.982499438791928,2.0775253604974115,8.550538930332479e-13,3.090014083941148e-12,2.7851261348855953e-13,1.951605256756949e-14
C_freeze,1,3.0,1.0000000000001918,8.061871784781374e-16,0.9999999998448881,2.2406822367277782e-12,1.553031819492928e-10,1.0826743905813052e-24,8.061871784779828e-16,0.9999999998446962,-13.878601729921225,2.0783796395961915,2.333124651105356e-12,7.748546864455169e-12,7.595140109869524e-13,5.4582618144498373e-14
C_freeze,1,3.0500000000000003,1.0000000000001987,2.5616474227575526e-15,0.9999999995897394,5.198764966650383e-12,4.1045657469356096e-10,8.429706811584138e-24,2.5616474227570434e-15,0.9999999995895407,-13.774661807464385,2.0792139767586626,5.7557242283772315e-12,1.7497626421338905e-11,1.8724085428722994e-12,1.3849859976033347e-13
C_freeze,1,3.1,1.0000000000002056,7.686434917492378e-15,0.9999999990425069,1.1637479660444718e-11,9.576912775926388e-10,3.470189634217182e-23,7.686434917490797e-15,0.9999999990423013,-13.670680657572738,2.080028809873475,1.3306510871884468e-11,3.813990490269302e-11,4.3261550347281874e-12,3.2804576769990197e-13
C_freeze,1,3.15,1.0000000000002134,2.188860714142178e-14,0.9999999979858792,2.634944042849216e-11,2.0143120958518424e-09,6.181178395014094e-23,2.188860714141711e-14,0.9999999979856659,-13.566659244503365,2.080824576614411,3.013645278338763e-11,8.594091399664013e-11,9.794340575714692e-12,7.534310562435545e-13
C_freeze,1,3.2,1.00000000000022,5.963367290471837e-14,0.9999999960669095,6.140380932948602e-11,3.933251417421402e-09,1.49837449334756e-22,5.963367290470524e-14,0.9999999960666894,-13.462598510659825,2.081601713265607,6.913618143515214e-11,2.048929186810362e-10,2.2467779855455748e-11,1.7328418687848967e-12
C_freeze,1,3.25,1.000000000000228,1.5636963716000538e-13,0.999999992614681,1.4469842838897504e-10,7.3853904996690715e-09,1.3455670033168678e-21,1.563696371599697e-13,0.9999999926144529,-13.358499376688355,2.082360653667262,1.6153395138784588e-10,5.002942449789678e-10,5.249919581162535e-11,4.036363952969815e-12
C_freeze,1,3.3000000000000003,1.0000000000002356,3.9549601225110507e-13,0.999999986166994,3.345040200245723e-10,1.3832846270479204e-08,7.510904339673905e-21,3.9549601225101187e-13,0.9999999861667584,-13.254362741624226,2.083101828272017,3.77179744174185e-10,1.1937565022251567e-09,1.2258715530638282e-10,9.418278255036547e-12
C_freeze,1,3.35,1.0000000000002438,9.645891914585962e-13,0.999999973444963,7.420656813692298e-10,2.655431590678865e-08,2.5717170754123788e-20,9.64589191458361e-13,0.9999999734447192,-13.150189483082475,2.083825663302321,8.591231622146194e-10,2.70367968786432e-09,2.791813793707492e-10,2.1579024102371986e-11
C_freeze,1,3.4,1.0000000000002516,2.268094338174141e-12,0.999999947437504,1.5663387338118322e-09,5.2560479568902915e-08,6.606701316628236e-20,2.26809433817357e-12,0.9999999474372524,-13.045980457488652,2.0845325799983536,1.87876180369728e-09,5.761913344785116e-09,6.103265452136477e-10,4.7782168056336454e-11
C_freeze,1,3.45,1.0000000000002596,5.149491566945995e-12,0.9999998942381743,3.151747744193532e-09,1.0575693613776507e-07,1.7007981124408972e-19,5.149491566944658e-12,0.9999998942379147,-12.941736500345073,2.085222993940997,3.9239611548840905e-09,1.160664552984605e-08,1.2741492915679272e-09,1.0151328018030989e-10
C_freeze,1,3.5,1.0000000000002678,1.13288517501186e-11,0.999999788351363,6.0954724486101374e-09,2.1163757595556569e-07,5.531405111640012e-19,1.1328851750115565e-11,0.9999997883510953,-12.837458426529668,2.0858973144205675,7.849611983912647e-09,2.2362935344923654e-08,2.5475414517647002e-09,2.069876286185457e-10
C_freeze,1,3.5500000000000003,1.0000000000002762,2.4263811580686136e-11,0.9999995863663874,1.1458580815596116e-08,4.136096245764539e-07,1.9664946720320147e-18,2.4263811580679434e-11,0.9999995863661112,-12.7331470306264,2.0865559437940373,1.5156627617452652e-08,4.185163430499406e-08,4.916461772458024e-09,4.072423000785792e-10
C_freeze,1,3.6,1.0000000000002842,5.08218610778251e-11,0.9999992191566691,2.1175763970454093e-08,7.807927930860304e-07,6.255693395436847e-18,5.082186107781066e-11,0.9999992191563849,-12.628803087290056,2.0871992767282137,2.8528998519210553e-08,7.725485174020736e-08,9.249905923170457e-09,7.792807496991891e-10
C_freeze,1,3.65,1.0000000000002922,1.0444113445484861e-10,0.9999985830123965,3.880656169739628e-08,1.4168834546505821e-06,1.6863098566968136e-17,1.044411344548181e-10,0.9999985830121043,-12.52442735165502,2.087827699165579,5.285118040652405e-08,1.4228371497610277e-07,1.7129556467279724e-08,1.4625110046848857e-09
C_freeze,1,3.7,1.0000000000003009,2.1089114432078302e-10,0.9999975302236187,7.081547794010902e-08,2.4695657907751853e-06,3.925018126825483e-17,2.1089114432071956e-10,0.9999975302233178,-12.420020559807368,2.0884415867830213,9.704113744793565e-08,2.6268052039174496e-07,3.1443523122561224e-08,2.710568080251954e-09
C_freeze,1,3.75,1.0000000000003082,4.183771215557031e-10,0.9999958594327611,1.2859295612688116e-07,4.14014917032256e-06,8.314467777222576e-17,4.1837712155557415e-10,0.999995859432453,-12.31558342935255,2.0890413026597416,1.771456826823977e-07,4.849553225094862e-07,5.738815024355304e-08,4.981231951738529e-09
C_freeze,1,3.8000000000000003,1.0000000000003164,8.14666351195869e-10,0.999993305418734,2.314169410175529e-07,6.693766915845389e-06,1.7365938837814005e-16,8.146663511956112e-10,0.9999933054184176,-12.21111666012567,2.089627193853153,3.21220634618439e-07,8.891182489163803e-07,1.0404559959033237e-07,9.083835847441873e-09
C_freeze,1,3.85,1.0000000000003242,1.5553609046568362e-09,0.9999895267692452,4.104951890054198e-07,1.0471675717544873e-05,3.8729824335825525e-16,1.555360904656332e-09,0.999989526768921,-12.106620935106017,2.0901995866225143,5.765214680117972e-07,1.6057724494529253e-06,1.86704732871355e-07,1.640726939773217e-08
C_freeze,1,3.9,1.0000000000003313,2.9097662287147763e-09,0.9999840881675924,7.141251401546695e-07,1.5908922972920772e-05,9.3995410224354e-16,2.9097662287138122e-09,0.9999840881672611,-12.002096921607531,2.0907587801499385,1.0194335429350795e-06,2.8373081082216674e-06,3.3006007804883187e-07,2.925330878858381e-08
C_freeze,1,3.95,1.0000000000003386,5.334560702413072e-09,0.9999764319405601,1.2138845096537804e-06,2.35627252179301e-05,2.3628687102472865e-15,5.3345607024112654e-09,0.9999764319402215,-11.89754527282091,2.0913050387744216,1.7683744935923776e-06,4.8822278067789526e-06,5.723585683047237e-07,5.129878867820678e-08
C_freeze,1,4.0,1.000000000000346,9.591350136016713e-09,0.9999658314230262,2.0116666591347532e-06,3.415898596962669e-05,5.8054516955704184e-15,9.591350136013395e-09,0.9999658314226803,-11.792966629777476,2.091838582932925,2.9996462345775658e-06,8.161098861161674e-06,9.704800276355307e-07,8.820615167097378e-08
C_freeze,1,4.05,1.0000000000003528,1.6932890907760552e-08,0.9999513170669826,3.247361618127001e-06,4.866600047927242e-05,1.350773486521122e-14,1.6932890907754577e-08,0.9999513170666298,-11.688361623791911,2.0923595791176757,4.965989770877555e-06,1.3242616363031475e-05,1.605864407255994e-06,1.483965491095735e-07
C_freeze,1,4.1,1.0000000000003597,2.939476188908651e-08,0.99993156560399,5.107122486654412e-06,6.840500160777212e-05,2.952577654405941e-14,2.9394761889075937e-08,0.9999315656036303,-11.583730879425833,2.0928681291110625,8.017534276470958e-06,2.086913217966252e-05,2.5911794814572033e-06,2.4399583209934774e-07
C_freeze,1,4.15,1.0000000000003664,5.0244538312227716e-08,0.9999047434799865,7.83250175122626e-06,9.520627584128259e-05,6.095719022282676e-14,5.0244538312209306e-08,0.9999047434796201,-11.47907501800776,2.093364258445059,1.2625085638827085e-05,3.198303061961986e-05,4.0777066176974754e-06,3.9196578573465417e-07
C_freeze,1,4.2,1.0000000000003726,8.465831820240043e-08,0.999868298597695,1.1731315145328817e-05,0.00013161674435968937,1.2035166056339317e-13,8.46583182023689e-08,0.9998682985973224,-11.374394661762455,2.0938479033693707,1.9406408217631953e-05,4.775857767001531e-05,6.263654075037552e-06,6.154459925192966e-07
C_freeze,1,4.25,1.0000000000003793,1.4071320151857383e-07,0.9998186992506778,1.7191865636881442e-05,0.00018116003650002501,2.3089824959949515e-13,1.4071320151852047e-07,0.9998186992502986,-11.26969043866309,2.094318894573359,2.915739957642629e-05,6.964810615300275e-05,9.404012931297041e-06,9.453607825351706e-07
C_freeze,1,4.3,1.000000000000386,2.308017826535579e-07,0.9997511258084494,2.4703050889329406e-05,0.0002486433901540604,4.3752568401154625e-13,2.3080178265346883e-07,0.9997511258080636,-11.164962988240289,2.094776934542872,4.289182421408065e-05,9.945604932449823e-05,1.3823143275590329e-05,1.4223943873096564e-06
C_freeze,1,4.3500000000000005,1.000000000000392,3.735884123906648e-07,0.9996591286453114,3.4883737923355096e-05,0.00034049776666841337,8.29252755771615e-13,3.7358841239051836e-07,0.9996591286449196,-11.060212968776208,2.0952215638927645,6.189540882916653e-05,0.00013945851027184585,1.9931967505643326e-05,2.0995063122365653e-06
C_freeze,1,4.4,1.0000000000003983,5.966348935523707e-07,0.9995342740973066,4.8525424141290334e-05,0.00046512926819849867,1.580719191404928e-12,5.96634893552133e-07,0.9995342740969084,-10.955441066582555,2.0956521105411103,8.780231224344561e-05,0.00019258865257173704,2.8252355890781516e-05,3.045244571101041e-06
C_freeze,1,4.45,1.0000000000004052,9.398246572502689e-07,0.9993658077462025,6.665239542903683e-05,0.0006332524295452712,3.023170993051407e-12,9.39824657249888e-07,0.9993658077457975,-10.850648008397823,2.096067614496866,0.00012270383879055459,0.0002627080762805704,3.9451876822625e-05,4.348208322679623e-06
C_freeze,1,4.5,1.0000000000004121,1.4597106332533962e-06,0.9991403698427126,9.06031300475443e-05,0.0008581704470660493,5.756288975324225e-12,1.4597106332527946e-06,0.9991403698423008,-10.745834578313152,2.096466720664862,0.00016930024553386903,0.0003549805337519765,5.439238180495029e-05,6.123100119018182e-06
C_freeze,1,4.55,1.0000000000004188,2.2349067785248074e-06,0.9988418000615519,0.00012213541994530734,0.0011559650320881255,1.0811118423842903e-11,2.2349067785238715e-06,0.9988418000611335,-10.641001641004166,2.0968475327534795,0.00023110606134873137,0.0004763562785536115,7.419572921404897e-05,8.518873706584414e-06
C_freeze,1,4.6000000000000005,1.000000000000426,3.3726427627852504e-06,0.9984510671786408,0.00016355551424059877,0.0015455601790221088,1.9870424515187913e-11,3.3726427627838134e-06,0.9984510671782154,-10.536150173348256,2.0972074233361453,0.00031271701842055074,0.0006361630708521493,0.00010032917082935897,1.1729505932473724e-05
C_freeze,1,4.65,1.000000000000433,5.016613480723725e-06,0.997946353277014,0.00021786857738313392,0.0020486301099383038,3.5546386776600163e-11,5.016613480721553e-06,0.9979463532765819,-10.431281306676622,2.097542798453131,0.00042014218780294244,0.0008467841507211046,0.00013471143569773636,1.6007880709733533e-05
C_freeze,1,4.7,1.0000000000004408,7.356287917776848e-06,0.997303311896158,0.0002889440805780653,0.0026893318163652424,6.170818854057619e-11,7.356287917773606e-06,0.9973033118957184,-10.32639638188106,2.0978488197306864,0.0005611981586540841,0.0011243858260869823,0.00017983833544266118,2.1683152326100496e-05
C_freeze,1,4.75,1.000000000000449,1.063790161962013e-05,0.9964955059307008,0.0003816857348896138,0.00349385616812855,1.0384689412677221e-10,1.0637901619615354e-05,0.9964955059302534,-10.22149701931177,2.0981190925075164,0.0007459533765154636,0.0014896398010740162,0.00023892387739420695,2.9181744332842897e-05
C_freeze,1,4.8,1.000000000000457,1.5177445544241568e-05,0.9954950154185783,0.0005021916773007225,0.004489807136334543,1.694667509445429e-10,1.5177445544234633e-05,0.9954950154181235,-10.116585204830885,2.098345334356667,0.000987200686165382,0.0019683704956355817,0.00031604961600289306,3.905183815670308e-05
C_freeze,1,4.8500000000000005,1.0000000000004656,2.1376076964166638e-05,0.994273189413424,0.0006578873711864141,0.005705434510077441,2.6850552308039996e-10,2.1376076964156683e-05,0.9942731894129611,-10.011663392524106,2.098517043976099,0.0013009256790772856,0.002592048010722055,0.0004163116184429914,5.199082374831131e-05
C_freeze,1,4.9,1.0000000000004743,2.97385030750537e-05,0.9928015018650185,0.0008576116419843763,0.0071687596323807366,4.1381414117192584e-10,2.9738503075039596e-05,0.9928015018645476,-9.906734623456162,2.098621194899378,0.0017067288722833745,0.003398045478087279,0.0005459513749563598,6.88747474142952e-05
C_freeze,1,4.95,1.0000000000004832,4.089500452505674e-05,0.9910524606681905,0.0011116359541917297,0.008906644327767506,6.217672670449506e-10,4.089500452503698e-05,0.9910524606677117,-9.801802658558886,2.098641981047875,0.002228152451414386,0.004429587044902433,0.0007124547049931517,9.078833643493141e-05
C_freeze,1,5.0,1.0000000000004918,5.56278460821752e-05,0.9890005131950091,0.0014315988375828157,0.010943858959400558,9.131295812742759e-10,5.562784608214784e-05,0.9890005131945228,-9.696872122378064,2.09856064111438,0.0028928586957781208,0.005735330343799934,0.000924601647513537,0.0001190537532375101
C_freeze,1,5.05,1.0000000000005012,7.49028314920728e-05,0.9866228914405315,0.0018303414716780105,0.013302205728477783,1.3143639662896837e-09,7.490283149203525e-05,0.986622891440037,-9.591948653118754,2.0983553856889534,0.0037326084631913925,0.007368554279548238,0.001192450858835958,0.0001552558866835173
C_freeze,1,5.1000000000000005,1.0000000000005107,9.990666403582814e-05,0.9839003453325311,0.0023216367470181645,0.015999748003943565,1.859623001462729e-09,9.990666403577712e-05,0.9839003453320286,-9.487039053376071,2.0980014448362443,0.004782995033070504,0.009385957180055549,0.0015272444186221186,0.00020126177720414801
C_freeze,1,5.15,1.0000000000005203,0.00013209054208378234,0.9808177229402497,0.002919812239205002,0.019050186518186418,2.5936834887006607e-09,0.00013209054208371363,0.9808177229397395,-9.382151435267891,2.097471244876942,0.006082901380880805,0.011846108403592466,0.0019412232130571715,0.00025923174170929117
C_freeze,1,5.2,1.0000000000005294,0.0001732200288194054,0.9773643698051311,0.0036392767561552407,0.02246241016657876,3.5760349379700444e-09,0.00017322002881931371,0.9773643698046137,-9.277295353516923,2.0967347122115156,0.007673667055340362,0.014807634033092565,0.002447349036885612,0.0003316199446835272
C_freeze,1,5.25,1.0000000000005382,0.00022543068145328412,0.9735343346014171,0.004493969510331459,0.02624023471766794,4.886222135036223e-09,0.0002254306814531628,0.9735343346008931,-9.172481920431137,2.0957596902942455,0.00959797295626135,0.01832724951859901,0.0030589367973120705,0.00042116256432513593
C_freeze,1,5.3,1.0000000000005478,0.00029128822099472817,0.9693263829884379,0.0054967594554561705,0.030382328791115187,6.6304111685616004e-09,0.0002912882209945686,0.9693263829879069,-9.06772389771193,2.0945124446785384,0.011898476476239626,0.022457774352097917,0.0037892080544614354,0.0005308523128553191
C_freeze,1,5.3500000000000005,1.0000000000005569,0.0003738512036862439,0.9647438342881633,0.006658828855557126,0.034882314508707275,8.949013191525069e-09,0.0003738512036860357,0.9647438342876261,-8.96303576152035,2.0929582218343934,0.014616253186796392,0.02724627220162068,0.004650784779473111,0.0006638988483770607
C_freeze,1,5.4,1.0000000000005655,0.0004767332765100294,0.9597942454467844,0.007989078840911192,0.03972902127727132,1.2024990711260691e-08,0.00047673327650975977,0.9597942454462416,-8.858433739120237,2.0910618214977794,0.01778912184212237,0.03273245214286419,0.00565514878096115,0.0008236754992389173
C_freeze,1,5.45,1.0000000000005749,0.0006041612401226131,0.9544889731292264,0.009493594988270357,0.044906865631225756,1.6092102403178722e-08,0.0006041612401222658,0.9544889731286778,-8.753935817498359,2.0887881406450606,0.021449944449763735,0.03894744275086213,0.006812096939257046,0.001013653631992593
C_freeze,1,5.5,1.0000000000005835,0.0007610243987749084,0.9488426478056692,0.011175207703928977,0.05039632779613954,2.1441901810323882e-08,0.0007610243987744643,0.9488426478051155,-8.649561726399167,2.086102650264366,0.025625000589987977,0.04591301346580607,0.008129224581504998,0.001237326845472985
C_freeze,1,5.55,1.000000000000592,0.000952910152383366,0.9428725937930225,0.013033175712096313,0.05617449605518614,2.8428117978064586e-08,0.0009529101523828019,0.9428725937924644,-8.54533289997201,2.082971773714652,0.030332533999566286,0.05364127170632264,0.009611468704671966,0.001498127885550393
C_freeze,1,5.6000000000000005,1.0000000000006006,0.001186120580834588,0.9365982271305865,0.015063012001419178,0.06221565228917938,3.7467407501447854e-08,0.0011861205808338757,0.9365982271300239,-8.441272422513533,2.0793631467135523,0.03558155966560093,0.06213481595812542,0.011260739327856725,0.0017993416820307492
C_freeze,1,5.65,1.0000000000006086,0.0014676649659278679,0.9300404596841358,0.017256461204007822,0.06849187535054502,4.90362360256281e-08,0.0014676649659269747,0.9300404596835699,-8.33740496445845,2.0752457523998564,0.041371002350898446,0.07138728103185789,0.013075661394095857,0.002144018168610868
C_freeze,1,5.7,1.0000000000006173,0.0018052238413749648,0.9232211336950944,0.01960162674904636,0.07497364246414755,6.366422823647555e-08,0.0018052238413738505,0.9232211336945245,-8.233756714758929,2.0705899386998596,0.047689214536079425,0.08138417744828129,0.01505144199729652,0.0025348885441898636
C_freeze,1,5.75,1.0000000000006248,0.002207081264497027,0.9161625066582022,0.02208323636698643,0.08163041207792554,8.19242707896856e-08,0.002207081264495648,0.9161625066576298,-8.130355315106147,2.065367337643052,0.054513895746952805,0.09210390630293824,0.01717986912137345,0.002974288382832467
C_freeze,1,5.8,1.0000000000006326,0.0026820235281219723,0.9088868022482216,0.02468302652453344,0.08843117422428932,1.0441929828441488e-07,0.0026820235281202758,0.9088868022476466,-8.027229800181093,2.059550715895637,0.061812408879905335,0.10351882569834919,0.019449439447186263,0.003464090538346549
C_freeze,1,5.8500000000000005,1.0000000000006408,0.0032392043955834188,0.9014158391483883,0.027380220728352656,0.09534495645666906,1.3176593636177378e-07,0.003239204395581343,0.9014158391478106,-7.9244105464450065,2.0531137916823856,0.0695424650051439,0.11559625453052266,0.021845604943921695,0.0040056501733788065
C_freeze,1,5.9,1.0000000000006484,0.0038879790207287097,0.8937707460301455,0.030152073572858654,0.10234127494977442,1.6457634428847394e-07,0.0038879790207261887,0.893770746029566,-7.821929230114111,2.0460310550680805,0.07765312827090977,0.12829932185192577,0.024351121578097545,0.004599763536617135
C_freeze,1,5.95,1.0000000000006564,0.004637710847600516,0.8859717674772082,0.03297445182099004,0.10939052167584759,2.0344058986830601e-07,0.004637710847597472,0.8859717674766266,-7.719818793143718,2.038277626388591,0.08608607827827813,0.14158760149687938,0.02694647896622105,0.005246641379615007
C_freeze,1,6.0,1.0000000000006641,0.005497557787167587,0.8780381622024305,0.03582242533531426,0.11646428001106585,2.4891085815185184e-07,0.005497557787163937,0.8780381622018474,-7.618113414482176,2.029829181981734,0.09477705916804464,0.1554175074682079,0.02961038732137209,0.005945897203928389
C_freeze,1,6.05,1.0000000000006712,0.006476245654270625,0.8699881913800179,0.03867084379713978,0.12353556296638286,3.0148510571153866e-07,0.006476245654266278,0.869988191379434,-7.516848482687224,2.020661968093447,0.10365744243399123,0.16974246078782287,0.0323202975099883,0.006696549904026352
C_freeze,1,6.1000000000000005,1.000000000000679,0.007581838051021863,0.8618391912941268,0.0414948792780858,0.13057897065553026,3.615833290906447e-07,0.007581838051016716,0.8618391912935416,-7.416060565279008,2.0107529139476656,0.11265583334282596,0.18451286865796415,0.03505293116390978,0.007497039851096638
C_freeze,1,6.15,1.0000000000006868,0.008821512481712026,0.8536077208669272,0.04427051930160919,0.13757076665204754,4.295079467114057e-07,0.008821512481705969,0.853607720866341,-7.315787369914458,2.0000798445850436,0.1216996576291647,0.19967597860071118,0.0377848001891139,0.008345257061822962
C_freeze,1,6.2,1.0000000000006948,0.010201352418130607,0.8453097711407812,0.04697499958124212,0.144488876441783,5.053833116948977e-07,0.010201352418123519,0.8453097711401939,-7.2160676925674725,1.988621784292451,0.13071667453434696,0.21517568205381754,0.04049269823943504,0.009238579816041865
C_freeze,1,6.25,1.0000000000007023,0.011726164309990177,0.836961020679849,0.0495871698040435,0.15131281501086338,5.890771292286214e-07,0.01172616430998194,0.8369610206792611,-7.116941348385966,1.9763593332201117,0.13963637301269313,0.23095234362111572,0.04315415036430149,0.010173921919788671
C_freeze,1,6.3,1.0000000000007103,0.013399327224080436,0.8285771183841812,0.0520877894330987,0.1580235543924488,6.8011455858182e-07,0.013399327224070917,0.8285771183835927,-7.018449081805276,1.963275093825492,0.14839121896571167,0.24694272506507547,0.04574781074147857,0.011147786741275947
C_freeze,1,6.3500000000000005,1.0000000000007183,0.015222681021844505,0.8201739736203513,0.0544597534439637,0.16460334535852264,7.775998436504885e-07,0.015222681021833571,0.8201739736197621,-6.920632453831123,1.9493541204688083,0.15691773186904442,0.2630800593353348,0.048253801903208736,0.012156326159418224
C_freeze,1,6.4,1.0000000000007263,0.017196456907826528,0.811768033062787,0.05668825019302491,0.17103551003011275,8.801591506065478e-07,0.017196456907814038,0.8117680330621974,-6.823533706038316,1.9345843648206105,0.16515737858793042,0.27929431197763444,0.05065399198273929,0.01319540263971252
C_freeze,1,6.45,1.0000000000007343,0.019319251976215458,0.8033765243242028,0.05876085530926936,0.17730422370031604,9.859143642083794e-07,0.01931925197620127,0.8033765243236128,-6.727195602480154,1.918957091394292,0.17305728024259878,0.29551264760753104,0.05293220915622857,0.014260652773913002
C_freeze,1,6.5,1.0000000000007427,0.021588047221099037,0.7950176483478973,0.060667566704912836,0.1833943044317465,1.092494947477379e-06,0.021588047221083,0.7950176483473068,-6.6316612520188265,1.9024672409138674,0.18057073459133569,0.3116600997903698,0.05507439460594603,0.01534755077349756
C_freeze,1,6.55,1.0000000000007512,0.023998266509194496,0.7867107055513354,0.06240078662029641,0.18929102794022112,1.1970956716097411e-06,0.02399826650917647,0.7867107055507444,-6.536973914343905,1.8851137237107076,0.18765756159146174,0.32766042509602455,0.05706869700367109,0.016451470580448473
C_freeze,1,6.6000000000000005,1.0000000000007596,0.02654387235999526,0.7784761446656492,0.06395525714643796,0.19497998297511523,1.2965900952050863e-06,0.026543872359975094,0.7784761446650579,-6.443176793203015,1.866899630312868,0.19428428370804673,0.34343710720293363,0.05890551275505177,0.017567745442891414
C_freeze,1,6.65,1.000000000000768,0.029217493115474866,0.7703355278473222,0.06532795597187188,0.2004469790379711,1.3877083401673261e-06,0.029217493115452426,0.7703355278467305,-6.350312820467357,1.8478323514054404,0.2004241553412066,0.3589144652643067,0.060577477116921886,0.01869172399044099
C_freeze,1,6.7,1.0000000000007774,0.03201057524542683,0.7623114106296776,0.066517959219051,0.20567801412567277,1.467279303357691e-06,0.03201057524540195,0.7623114106290849,-6.258424435003871,1.8279236041325004,0.20605705762361723,0.37401881277425525,0.062079411864736554,0.019818822029407622
C_freeze,1,6.75,1.000000000000786,0.03491355412179318,0.7544271402888558,0.06752627818845995,0.21065930559013724,1.532522952332305e-06,0.034913554121765736,0.7544271402882629,-6.167553361087235,1.807189366138808,0.2111692759825133,0.3886796094259266,0.06340823550829579,0.020944569457625982
C_freeze,1,6.8,1.0000000000007954,0.03791603657065193,0.7467065808802488,0.0683556766243668,0.2153773825498947,1.5813635851741012e-06,0.03791603657062177,0.7467065808796549,-6.077740391982671,1.785649722716137,0.2157531784255954,0.4028305495497097,0.06456284218518749,0.022064651870032932
C_freeze,1,6.8500000000000005,1.0000000000008045,0.041006988815996306,0.7391737772481397,0.06901047476517082,0.2198192339366687,1.6127267017509644e-06,0.04100698881596332,0.7391737772475451,-5.989025184766942,1.7633286358095444,0.21980681262510007,0.4164105370514452,0.06554395534588968,0.023174946587431005
C_freeze,1,6.9,1.000000000000814,0.04417492399371727,0.7318525734759014,0.0694963459633972,0.22397250253119558,1.6267833941302048e-06,0.044174923993681316,0.7318525734753056,-5.901446071903917,1.7402536462990312,0.22333343962497657,0.42936450806575477,0.06635396221147002,0.024271552990566513
C_freeze,1,6.95,1.0000000000008233,0.047408084160623754,0.7247662033604967,0.06982011108610264,0.22782571247970282,1.6251141785457394e-06,0.04740808416058472,0.7247662033598999,-5.815039893510861,1.7164555227449902,0.22634102142805645,0.4416440774923709,0.06699673474998613,0.025350817178098
C_freeze,1,7.0,1.0000000000008327,0.050694612576954304,0.7179368714882446,0.06998953527300067,0.2313685159356339,1.610773339407054e-06,0.050694612576912094,0.7179368714876467,-5.729841852192033,1.6919678705812924,0.22884167884777082,0.4532080018245017,0.06747744258645959,0.026409351088392055
C_freeze,1,7.05,1.000000000000842,0.05402271293469671,0.7113853433712731,0.07001313097344786,0.2345919436948721,1.5882416088713863e-06,0.054022712934651225,0.7113853433706742,-5.6458853906075674,1.6668267155934589,0.23085113483387407,0.46402246522732343,0.06780236283481728,0.027444046329422236
C_freeze,1,7.1000000000000005,1.0000000000008518,0.057380793084007,0.7051305619618293,0.06989997053286198,0.2374886449550156,1.5632606107866844e-06,0.057380793083958125,0.7051305619612287,-5.563202091158604,1.6410700746035896,0.23238815701415771,0.4740612059615926,0.06797869132249748,0.028452083046665372
C_freeze,1,7.15,1.0000000000008615,0.06075759163719516,0.6991893058369999,0.06965951097125118,0.2400531025266666,1.5425510835932186e-06,0.06075759163714281,0.6991893058363975,-5.481821597246136,1.6147375248618532,0.23347401147181407,0.4833055044388249,0.06801435908235025,0.029430934224763342
C_freeze,1,7.2,1.0000000000008715,0.06414228657951346,0.6935759016239655,0.06930143299936584,0.24228181179739247,1.5334309243384644e-06,0.06414228657945756,0.693575901623361,-5.401771555903002,1.5878697819960657,0.2341319378718655,0.4917440525831679,0.0679178573356781,0.030378365864831343
C_freeze,1,7.25,1.0000000000008809,0.0675245856739917,0.6883020000289691,0.06883549575499329,0.24417341429792033,1.5433663073868982e-06,0.06752458567393221,0.6883020000283628,-5.323077581539633,1.5605082947257636,0.2343866540565523,0.4993727184378266,0.06769807351661053,0.03129243350672073
C_freeze,1,7.3,1.0000000000008913,0.07089479900477268,0.6833764213691388,0.06827140821400225,0.24572877962697973,1.5795034413585833e-06,0.07089479900470949,0.6833764213685297,-5.245763239845649,1.5326948630492152,0.2342638962553671,0.5061942127281369,0.06736414022634826,0.03217147557632229
C_freeze,1,7.3500000000000005,1.000000000000901,0.07424389445355226,0.6788050730094473,0.06761871773779565,0.24695103253790168,1.6482337093249197e-06,0.07424389445348535,0.6788050730088356,-5.1698500498741,1.5044712853133722,0.23378999920097285,0.5122176582263098,0.06692529838871221,0.03301410403483624
C_freeze,1,7.4,1.000000000000911,0.0775635372446051,0.6745909377843294,0.06688671576271543,0.2478455249719765,1.7548380173766119e-06,0.07756353724453444,0.6745909377837148,-5.095357501586394,1.4758790384507374,0.2329915187875986,0.5174580604907306,0.06639077533157453,0.033819192792874986
C_freeze,1,7.45,1.0000000000009208,0.08084611492965144,0.6707341295128149,0.06608436022446884,0.24841975555845466,1.9032385273879857e-06,0.080846114929577,0.6707341295121972,-5.022303086031395,1.4469589946286816,0.23189489850178382,0.5219356807956442,0.0657696780571759,0.03458586433025618
C_freeze,1,7.5,1.0000000000009313,0.08408474932516759,0.6672320092362447,0.06522021395239233,0.24868324143951906,2.0958623105285282e-06,0.08408474932508929,0.6672320092356233,-4.950702335775537,1.4177511764961537,0.23052617970769873,0.5256753182039182,0.06507090159093709,0.03531347493488749
C_freeze,1,7.55,1.0000000000009412,0.08727329697598582,0.6640793539099513,0.06430239797347582,0.24864734911500422,2.333598158020923e-06,0.08727329697590368,0.6640793539093263,-4.880568873737798,1.3882945520398415,0.2289107549610648,0.5287055160566432,0.06430305200597787,0.036001598943131215
C_freeze,1,7.6000000000000005,1.0000000000009512,0.09040633971505514,0.6612685680051968,0.06333855843797098,0.24832509228069954,2.615810947728783e-06,0.09040633971496914,0.6612685680045678,-4.811914468767007,1.358626868753753,0.2270731628213397,0.5310577167056347,0.06347438349684542,0.03665001233080345
C_freeze,1,7.65,1.0000000000009617,0.09347916683459684,0.658789927818986,0.062335845714869456,0.2477309053473788,2.940371875741911e-06,0.09347916683450694,0.6587899278183525,-4.74474909601811,1.3287845254546264,0.22503692209450693,0.5327653955811764,0.06259274870834021,0.03725867596948636
C_freeze,1,7.7,1.0000000000009717,0.09648775029343491,0.6566318482022919,0.0613009041021006,0.24688040150524487,3.3036688076808072e-06,0.09648775029334115,0.6566318482016539,-4.6790809997297815,1.2988024787929004,0.22282440303760676,0.5338632107679041,0.06166556140324324,0.03782771882787702
C_freeze,1,7.75,1.0000000000009819,0.0994287142739737,0.6547811618277266,0.06023987054962483,0.24579012389928168,3.700577109014168e-06,0.09942871427387608,0.6547811618270837,-4.614916755863945,1.268714180490173,0.22045673276542932,0.53438620667121,0.06069977046745608,0.03835742136306105
C_freeze,1,7.8,1.0000000000009919,0.10229930028311708,0.6532234019321373,0.05915838080269228,0.24447729778573732,4.1243936609636085e-06,0.1022993002830156,0.6532234019314894,-4.552261332591649,1.2385515407034517,0.21795373189602513,0.534369109748802,0.05970184419457553,0.038848199312298465
C_freeze,1,7.8500000000000005,1.0000000000010012,0.10509732887305434,0.6519430805849378,0.05806158143783257,0.242959590543009,4.566761229438746e-06,0.10509732887294912,0.6519430805842851,-4.49111814777758,1.2083449126997254,0.21533387933185985,0.5338457503149908,0.058677763756497595,0.03930058806236711
C_freeze,1,7.9,1.0000000000010107,0.10782115894466908,0.6509239558456862,0.05695414638549234,0.2412548852106554,5.017633604503181e-06,0.1078211589445601,0.6509239558450283,-4.431489123999353,1.1781230941532994,0.21261430197606682,0.5328486367979708,0.05763302474509443,0.039715227740783586
C_freeze,1,7.95,1.00000000000102,0.11046964549091412,0.6501492825863351,0.05584029670654266,0.23938107192377098,5.465350386362538e-06,0.11046964549080143,0.6501492825856718,-4.373374742612433,1.1479133407436577,0.209810786110935,0.5314086974698881,0.05657264565655232,0.0400928491412781
C_freeze,1,8.0,1.00000000000103,0.11304209654303901,0.6496020431731545,0.05472382260363669,0.23735586028483638,5.896897930382882e-06,0.11304209654292258,0.6496020431724854,-4.316774098462864,1.1177413882453353,0.20693780710944396,0.5295551900449209,0.0555011821815727,0.040434260564725835
C_freeze,1,8.05,1.0000000000010396,0.11553823000236316,0.6492651555464082,0.053608106881500465,0.23519661445226825,6.298421204940649e-06,0.11553823000224304,0.6492651555457332,-4.261684956049357,1.0876314799296658,0.20400857411493487,0.5273157630128689,0.054422746162805,0.04074033562651986
C_freeze,1,8.1,1.0000000000010492,0.11795813097423058,0.6491216574293569,0.052496149293781436,0.23292021159746165,6.656013504081841e-06,0.11795813097410682,0.6491216574286759,-4.208103806784426,1.0576063968443505,0.20103508633114797,0.5247166365597286,0.053341028092823005,0.041012002052678985
C_freeze,1,8.15,1.0000000000010587,0.12030221016230581,0.6491548663885036,0.051390591397612546,0.23054292345024938,6.956749398019187e-06,0.12030221016217844,0.6491548663878164,-4.156025926346306,1.0276874893927543,0.19802819765249902,0.5217828586020639,0.05225932206387886,0.04125023146086247
C_freeze,1,8.2,1.0000000000010683,0.12257116381878808,0.6493485162288481,0.05029374165781045,0.22808031995343211,7.1898560527834e-06,0.12257116381865714,0.6493485162281545,-4.1054454315947515,0.9978947095385371,0.19499768657366712,0.5185385859372836,0.05118055215778775,0.04145603010030385
C_freeze,1,8.25,1.0000000000010782,0.12476593566890115,0.6496868707476381,0.04920760059378255,0.22554719358453884,7.347862796014449e-06,0.12476593566876662,0.6496868707469375,-4.056355338108601,0.9682466437899602,0.19195232867339748,0.515007343672052,0.05010729938851546,0.04163043050785112
C_freeze,1,8.3,1.0000000000010878,0.12688768113381502,0.6501548162206577,0.04813388575611874,0.22295750264661512,7.427549958299802e-06,0.126887681133677,0.6501548162199505,-4.0087476212603,0.938760547723557,0.18889996946005944,0.5112122276198792,0.049041828477803355,0.04177448402664936
C_freeze,1,8.35,1.0000000000010973,0.1289377340731986,0.6507379342044535,0.04707405628465174,0.2203243317234454,7.430543354842749e-06,0.12893773407305711,0.6507379342037394,-3.9626132846754243,0.9094523830743562,0.18584759594320818,0.5071760314544462,0.047986113937935795,0.04188925412940078
C_freeze,1,8.4,1.0000000000011071,0.13091757617128189,0.6514225563552495,0.046029336769855954,0.2176598674745757,7.363460025135923e-06,0.13091757617113695,0.6514225563545283,-3.9179424391253863,0.8803368583253126,0.1828014058699874,0.5029212984461564,0.046941865127211026,0.0419758104883543
C_freeze,1,8.45,1.0000000000011169,0.13282880901112104,0.6521958030299371,0.045000740143887025,0.21497538796005886,7.237581607373535e-06,0.1328288090109727,0.6521958030292087,-3.874724392517336,0.8514274733615386,0.1797668740433103,0.49847031159788946,0.04591055010205446,0.042035223737146896
C_freeze,1,8.5,1.0000000000011267,0.1346731288256682,0.6530456074686996,0.043989089380545264,0.21228126370675882,7.068092084695633e-06,0.13467312882551646,0.6530456074679638,-3.8329477487272063,0.8227365682929966,0.17674881544946888,0.49384504223823644,0.04489341819214665,0.04206856087302888
C_freeze,1,8.55,1.0000000000011369,0.13645230387828688,0.6539607273655985,0.04299503787944064,0.20958696875725133,6.872956282233583e-06,0.13645230387813176,0.653960727364855,-3.792600510850249,0.7942753761864115,0.1737514450440849,0.4890670745409265,0.04389152126469114,0.042076881250011466
C_freeze,1,8.6,1.000000000001147,0.13816815440240177,0.65493074560115,0.042019088525309764,0.20690109999759548,6.67153820160865e-06,0.13816815440224328,0.6549307456003988,-3.7536701837282576,0.7660540793101475,0.1707784340132049,0.4841575139802011,0.042905733633306846,0.04206123311328432
C_freeze,1,8.65,1.0000000000011575,0.1398225350128372,0.6559460618249363,0.04106161151659609,0.20423140316338387,6.483075052787769e-06,0.13982253501267536,0.655946061824177,-3.71614387114573,0.7380818685922652,0.16783296222287036,0.4791368757400999,0.04193677053318497,0.04202265062331547
C_freeze,1,8.700000000000001,1.0000000000011682,0.14141731948494773,0.6569978764313251,0.04012286111843022,0.20158480408489532,6.325140992520059e-06,0.14141731948478253,0.6569978764305576,-3.680008364072736,0.7103670062158721,0.16491776649391285,0.4740249397272671,0.04098520505936509,0.041962151315817535
C_freeze,1,8.75,1.0000000000011788,0.14295438777856567,0.6580781682771033,0.039202991494857155,0.1989674439455098,6.212250729440469e-06,0.14295438777839714,0.6580781682763276,-3.645250217081376,0.6829168914582296,0.16203518436939257,0.46884055634719185,0.040051483475430694,0.04188073394310046
C_freeze,1,8.8,1.00000000000119,0.14443561515967723,0.6591796672703442,0.038302071709392704,0.1963847175711685,6.154755024695234e-06,0.14443561515950537,0.6591796672695598,-3.611855810476562,0.6557381298572832,0.15918719321783728,0.46360139367767617,0.03913593885766825,0.041779376644832486
C_freeze,1,8.85,1.0000000000012008,0.14586286324299247,0.6602958227490743,0.03742009986641506,0.19384131400913435,6.158155169471302e-06,0.1458628632428173,0.6602958227482814,-3.5798113961834837,0.6288366054584859,0.15637544482081844,0.4583236313557493,0.03823880313937408,0.041659035402696186
C_freeze,1,8.9,1.0000000000012126,0.14723797274665976,0.6614207684007137,0.03655701623189895,0.1913412588538391,6.222907944431385e-06,0.1472379727464812,0.6614207683999117,-3.549103126469719,0.6022175552475847,0.1536012959627936,0.4530216257710443,0.03736021773977062,0.041520642743481724
C_freeze,1,8.950000000000001,1.0000000000012241,0.14856275772385608,0.6625492843697214,0.03571271506318294,0.1888879579076466,6.3447151774327245e-06,0.14856275772367422,0.6625492843689104,-3.519717066150485,0.5758856440063161,0.15086583587670138,0.4477075894421633,0.03650024306981378,0.04136510666726
C_freeze,1,9.0,1.0000000000012361,0.14983900102238176,0.6636767571611285,0.034887054829780086,0.1864842418177255,6.515211977768421e-06,0.14983900102219655,0.6636767571603082,-3.4916391905370743,0.5498450369250203,0.14816991160262002,0.4423913389682318,0.03565886727116999,0.041193309789110115
C_freeze,1,9.05,1.0000000000012477,0.15106845072519012,0.6647991379553522,0.03407986653781763,0.18413241132070537,6.722907568936905e-06,0.15106845072500164,0.6647991379545227,-3.4648553724216664,0.5240994666160309,0.14551415232559886,0.4370801666979965,0.034836014544503816,0.041006108692087415
C_freeze,1,9.1,1.0000000000012592,0.1522528173388332,0.6659128999859412,0.03329095997564034,0.1818342826764851,6.9542094024372345e-06,0.1522528173386415,0.6659128999851026,-3.439351361553764,0.49865229094363006,0.14289899356358707,0.43177888017404886,0.03403155335652731,0.04080433349400513
C_freeze,1,9.15,1.000000000001271,0.1533937715187928,0.6670149956830593,0.03252012785781826,0.17959123279941874,7.194379839197589e-06,0.15339377151859784,0.6670149956822116,-3.4151127595770876,0.4735065384909679,0.1403247017188989,0.4264900322983187,0.033245304696144146,0.04058878763046646
C_freeze,1,9.200000000000001,1.000000000001283,0.15449294214993928,0.6681028143402872,0.03176714803068572,0.17740424351105644,7.428326874901047e-06,0.15449294214974107,0.66810281433943,-3.392124992820966,0.4486649395353111,0.13779139905949028,0.4212143378572496,0.03247705040258962,0.0403602478517214
C_freeze,1,9.25,1.0000000000012945,0.15555191464017462,0.669174141103982,0.031031784083024035,0.1752739442571383,7.641198805867317e-06,0.15555191463997325,0.6691741411031157,-3.370373285186176,0.424129941926038,0.13529908874120575,0.41595124334567796,0.03172654143960278,0.04011946442239737
C_freeze,1,9.3,1.0000000000013067,0.15657222933817283,0.67022711808792,0.030313784851335072,0.17320065257521405,7.818817309735431e-06,0.15657222933796824,0.6702271180870442,-3.34984263376512,0.3999037129431,0.1328476790949312,0.4106995917965577,0.030993505864127784,0.03986716150254786
C_freeze,1,9.35,1.0000000000013187,0.15755538004866432,0.6712602083533904,0.029612883397652244,0.17118441159926398,7.948027533839677e-06,0.15755538004845654,0.6712602083525052,-3.330517790477072,0.3759881297240387,0.13043700614513404,0.40545830673500316,0.0302776561558308,0.03960403767764166
C_freeze,1,9.4,1.000000000001331,0.15850281268076744,0.672272163346201,0.02892879605455919,0.16922502397436273,8.017058497295244e-06,0.15850281268055647,0.6722721633453063,-3.312383253305557,0.3523847619512097,0.1280668532422432,0.40022701240343517,0.02957869554874139,0.03933076659601904
C_freeze,1,9.450000000000001,1.0000000000013434,0.15941592411358813,0.6732619941447687,0.028261222070673272,0.1673220817429863,8.01597166764795e-06,0.15941592411337396,0.6732619941438643,-3.2954232701785537,0.3290948511060716,0.12573696680287824,0.39500651255926145,0.02889632304536875,0.03904799766677199
C_freeze,1,9.5,1.0000000000013558,0.16029606138860505,0.6742289465691338,0.02760984425264581,0.16547499204361704,7.937234452325147e-06,0.16029606138838773,0.6742289465682196,-3.2796218569885127,0.3061192907568491,0.12344706745616398,0.38979906736880016,0.02823023689525891,0.03875635677038723
C_freeze,1,9.55,1.0000000000013682,0.1611445213360595,0.6751724798746713,0.026974330800988086,0.16368299879063739,7.776395694063358e-06,0.161144521335839,0.6751724798737475,-3.264962829095703,0.2834586121049008,0.12119685635842552,0.3846084354340373,0.027580136472948713,0.03845644693957937
C_freeze,1,9.6,1.0000000000013807,0.16196255071434423,0.6760922484677341,0.02635433830642016,0.16194520081930228,7.532773230383547e-06,0.1619625507141206,0.6760922484668006,-3.2514298436857456,0.26111297838405656,0.11898601699532413,0.3794396820632665,0.026945722672334225,0.03814884897832145
C_freeze,1,9.65,1.000000000001393,0.1627513468932476,0.6769880858938722,0.025749515654556878,0.16026056721427334,7.210006983343142e-06,0.16275134689302087,0.676988085892929,-3.239006449352275,0.23908219066097025,0.11681421334029639,0.37429878985219495,0.026326697112851388,0.037834122001742194
C_freeze,1,9.700000000000001,1.0000000000014055,0.16351205905318125,0.6778599903019178,0.025159508427481273,0.1586279506463064,6.816306912224634e-06,0.16351205905295144,0.677859990300965,-3.227676139576338,0.2173657061388243,0.11468108566373214,0.3691921365796588,0.02572276058932099,0.03751280389576919
C_freeze,1,9.75,1.0000000000014184,0.164245789815233,0.6787081106805123,0.02458396332732955,0.15704609950567322,6.364250470258316e-06,0.16424578981500002,0.6787081106795496,-3.217422407987202,0.19596266835853057,0.1125862454838819,0.3641259218962659,0.025133611257965566,0.0371854117099852
C_freeze,1,9.8,1.0000000000014306,0.16495359717412428,0.6795327333582459,0.02402253218928062,0.15551366946906056,5.870060633945375e-06,0.1649535971738883,0.6795327333572738,-3.2082288044656386,0.17487194699554162,0.11052927106297625,0.35910562448436484,0.024558943018595944,0.036852442007188395
C_freeze,1,9.85,1.0000000000014435,0.16563649658817067,0.6803342684884893,0.023474875276873537,0.15402923492478363,5.3524056488684145e-06,0.1656364965879316,0.6803342684875072,-3.2000789913332177,0.1540921836092587,0.10850970450296217,0.3541355558347514,0.02399844443536688,0.03651437119686155
C_freeze,1,9.9,1.0000000000014562,0.1662954630895883,0.68111323643888,0.022940663714097993,0.15259130047298794,4.8308740367332875e-06,0.16629546308934615,0.6811132364378882,-3.1929567977488316,0.13362183900294242,0.10652705098639023,0.3492185506751787,0.02345179836971469,0.03617165587724617
C_freeze,1,9.950000000000001,1.0000000000014693,0.16693143330746865,0.6818702541320603,0.02241958105177186,0.15119831256194038,4.324359325150278e-06,0.16693143330722338,0.6818702541310584,-3.186846268630258,0.11345923791161326,0.1045807801900422,0.34435580559120593,0.02291868232871321,0.035824733203902566
C_freeze,1,10.0,1.000000000001482,0.16754530733029363,0.6826060214336667,0.02191132404915051,0.14984867123752188,3.849613951511206e-06,0.16754530733004533,0.6826060214326551,-3.1817317031358097,0.09360260745043435,0.1026703295189095,0.33954685484316727,0.022398769408121258,0.035474021294545716
C_freeze,1,10.05,1.0000000000014952,0.16813795036151294,0.6833213076818752,0.021415602762502945,0.14854074195810707,3.420193840666329e-06,0.16813795036126153,0.6833213076808534,-3.1775976779863964,0.07405010684606773,0.10079510865588705,0.3347896612601361,0.021891729660767804,0.03511991967358363
C_freeze,1,10.1,1.0000000000015081,0.16871019413429325,0.6840169384398658,0.02093213998933067,0.14727286742734916,3.045926778767499e-06,0.16871019413403882,0.6840169384388342,-3.1744290528859826,0.05479984709893581,0.09895450499807819,0.33008080101198245,0.021397231747028966,0.03476280975699128
C_freeze,1,10.15,1.0000000000015212,0.16926283805325584,0.6846937825622735,0.02046067006051372,0.14604337938599204,2.73292611033482e-06,0.16926283805299835,0.6846937825612319,-3.172210958363023,0.03584990012601825,0.09714788976727487,0.3254157298350514,0.020914944796104312,0.03440305537896194
C_freeze,1,10.200000000000001,1.0000000000015348,0.16979665003140834,0.6853527397134018,0.020000936946397128,0.14485061025672463,2.4840678750093073e-06,0.16979665003114774,0.68535273971235,-3.1709287694549704,0.017198297527984237,0.0953746248048805,0.3207891278858829,0.02044454048012036,0.03404100336451944
C_freeze,1,10.25,1.0000000000015479,0.17031236700043687,0.6859947285519686,0.019552691676094164,0.14369290444914237,2.2997786415810874e-06,0.17031236700017324,0.6859947285509068,-3.1705680708805186,-0.00115698049113691,0.09363407016184541,0.3161953239137182,0.0199856953358351,0.0336769841543401
C_freeze,1,10.3,1.0000000000015612,0.17081069510006608,0.6866206758818617,0.019115689167881728,0.1425686290196337,2.178953907617862e-06,0.1708106950997994,0.6866206758807898,-3.1711146202411142,-0.019218025151251202,0.09192559249797144,0.31162879272388094,0.01953809333701449,0.03331131248692796
C_freeze,1,10.35,1.0000000000015752,0.17129230959940897,0.6872315071284325,0.01868968471168334,0.14147618327373349,2.1198403174385704e-06,0.17129230959913916,0.68723150712735,-3.172554315390923,-0.036987026630875094,0.09024857401793096,0.30708470307940106,0.019101428626781145,0.03294428813758754
C_freeze,1,10.4,1.0000000000015887,0.1717578546637377,0.6878281385009701,0.018274430489094152,0.140414006836881,2.1207564293881307e-06,0.17175785466346483,0.6878281384998773,-3.174873170730086,-0.054466306896520364,0.08860242127951602,0.3025594708416517,0.018675408191961007,0.03257619670363298
C_freeze,1,10.450000000000001,1.0000000000016027,0.1722079431381591,0.6884114711213001,0.01786967261102774,0.13938058574214332,2.180578763243189e-06,0.1722079431378831,0.6884114711201967,-3.1780573052087857,-0.071658354681342,0.08698657285379227,0.29805125197800036,0.018259754146913876,0.03220731041305063
C_freeze,1,10.5,1.0000000000016163,0.17264315655391996,0.688982387237972,0.017475149158976147,0.13837445620972427,2.298965735943535e-06,0.17264315655364093,0.6889823872368585,-3.182092942649972,-0.08856585856880485,0.08540050464429756,0.29356030017572643,0.017854205240524397,0.031837888922724364
C_freeze,1,10.55,1.00000000000163,0.17306404555497784,0.68954174843473,0.017090589620548425,0.13739420601192198,2.476321640704252e-06,0.17306404555469573,0.689541748433606,-3.1869664229456163,-0.10519173353895911,0.08384373178163074,0.2890891196878199,0.017458517238611287,0.031468180065796894
C_freeze,1,10.6,1.0000000000016438,0.1734711308858237,0.6900903955269097,0.016715715927826502,0.1364384735889104,2.7135152550944703e-06,0.17347113088553853,0.6900903955257753,-3.1926642210859564,-0.12153913631977012,0.08231580641347774,0.2846423666413818,0.017072461968419616,0.03109842050821889
C_freeze,1,10.65,1.0000000000016573,0.17386490498704998,0.6906291496655454,0.0163502450706296,0.13550594534906205,3.0113704913013886e-06,0.17386490498676183,0.6906291496644008,-3.19917297012213,-0.1376114656749402,0.08081631133342333,0.2802264876865612,0.016695825016898997,0.030728836282726345
C_freeze,1,10.700000000000001,1.000000000001671,0.1742458341377389,0.6911588140683712,0.01599389300693363,0.13459535179556117,3.3699510714885584e-06,0.1742458341374477,0.6911588140672162,-3.2064794841462123,-0.15341234541538928,0.07934485010076275,0.27584912664260935,0.01632840230583744,0.03035964318325043
C_freeze,1,10.75,1.0000000000016849,0.17461436099311883,0.6916801757829274,0.015646379372194118,0.1337054632256386,3.7876774440148587e-06,0.17461436099282462,0.691680175781762,-3.214570778025358,-0.16894559026963818,0.07790103494548428,0.27151836949081487,0.015969995974653633,0.029991047021523387
C_freeze,1,10.8,1.000000000001698,0.1749709073149536,0.6921940069558297,0.015307432337523736,0.13283508573091482,4.260346748006882e-06,0.1749709073146565,0.6921940069546544,-3.2234340815238633,-0.18421515737330524,0.0764844741937351,0.26724192794851154,0.01562041014223577,0.029623243767027775
C_freeze,1,10.85,1.000000000001712,0.17531587668834717,0.6927010652174284,0.014976792914029763,0.1319830580959366,4.780173209702324e-06,0.17531587668804705,0.6927010652162425,-3.2330568461106433,-0.19922508848608975,0.07509476109936271,0.26302637610721047,0.015279447163798683,0.029256419607966683
C_freeze,1,10.9,1.000000000001726,0.17564965705308697,0.6932020929689909,0.014654218063487852,0.13114824997964777,5.335016804246539e-06,0.1756496570527838,0.6932020929677944,-3.2434267429236776,-0.21397944959513523,0.07373146579300113,0.2588765501953181,0.014946904937118642,0.02889075098164522
C_freeze,1,10.950000000000001,1.0000000000017397,0.1759726229311757,0.6936978155534858,0.014339482151968896,0.13032956151707817,5.908004788021038e-06,0.17597262293086954,0.6936978155522789,-3.2545316501971913,-0.22848227498887796,0.07239413158562662,0.2547951985390905,0.014622575653353568,0.028526404625565924
C_freeze,1,11.0,1.0000000000017533,0.17628513728536002,0.6941889384734906,0.014032376549958845,0.12952592424290288,6.4777515309838535e-06,0.17628513728505094,0.6941889384722735,-3.2663596284652394,-0.24273752212796637,0.07108227616354373,0.25078293042695443,0.01430624615619739,0.028163537694951557
C_freeze,1,11.05,1.0000000000017673,0.1765875529843729,0.6946761439646632,0.013732707494873231,0.1287363030527312,7.019327088647259e-06,0.1765875529840608,0.6946761439634355,-3.2788988826497802,-0.2567490418919503,0.06979539740229622,0.24683846480046617,0.013997699807739976,0.027802297979076292
C_freeze,1,11.1,1.0000000000017815,0.17688021387700684,0.6951600873196598,0.01344029262737105,0.1279596988051146,7.506007513683624e-06,0.17688021387669173,0.6951600873184214,-3.292137712087261,-0.27052056639893024,0.0685329827520112,0.242959130734081,0.013696719507354904,0.027442824229946473
C_freeze,1,11.15,1.0000000000017952,0.17716345549300364,0.6956413933755888,0.013154956825017211,0.12719515113320265,7.91167613734058e-06,0.17716345549268558,0.69564139337434,-3.306064452523761,-0.28405571400629576,0.0672945205581871,0.2391415309535853,0.013403091320718567,0.02708524659603139
C_freeze,1,11.200000000000001,1.000000000001809,0.17743760539920445,0.6961206535330339,0.012876528035023826,0.1264417410695706,8.213574823392308e-06,0.17743760539888345,0.6961206535317745,-3.3206674174559976,-0.2973580087247625,0.06607951140857041,0.23538225587396394,0.013116608091165329,0.026729687135074415
C_freeze,1,11.25,1.0000000000018228,0.1777029832479338,0.6965984235846514,0.012604833736758227,0.12569859316923748,8.394979527766345e-06,0.17770298324760989,0.6965984235833816,-3.3359348488494263,-0.31043090947680235,0.06488747770476391,0.2316785342237624,0.012837072445798708,0.026376260367367788
C_freeze,1,11.3,1.0000000000018368,0.17795990056352953,0.6970752225202835,0.012339698473219796,0.12496487691802356,8.447339020995226e-06,0.17795990056320266,0.6970752225190032,-3.3518548880460473,-0.3232778436575158,0.0637179701190134,0.22802872718502043,0.012564298764123226,0.026025073826643718
C_freeze,1,11.35,1.0000000000018505,0.17820866032469693,0.6975515323640447,0.012080942642852545,0.12423980731310912,8.371486015212918e-06,0.17820866032436714,0.6975515323627538,-3.368415575739509,-0.3359022394071128,0.0625705702864719,0.22443260991971856,0.012298113905476858,0.025676228570041315
C_freeze,1,11.4,1.0000000000018645,0.1784495564168095,0.6980277989990424,0.011828382514390785,0.1235226445860127,8.177689829743846e-06,0.17844955641647678,0.6980277989977409,-3.385604885228104,-0.34830755178987566,0.06144488981062647,0.22089142675478948,0.012038356730468016,0.025329819619222444
C_freeze,1,11.450000000000001,1.0000000000018785,0.17868287304778827,0.6985044338517999,0.011581831276204022,0.12281269310229023,7.88452812189463e-06,0.17868287304745262,0.6985044338504878,-3.4034107868219396,-0.36049727944036514,0.06034056623270769,0.2174077427262393,0.011784876638280197,0.02498593631786711
C_freeze,1,11.5,1.0000000000018923,0.17890888423690632,0.6989818162421437,0.011341100878415646,0.12210929952284204,7.516761801364806e-06,0.17890888423656778,0.6989818162408211,-3.4218213351453484,-0.37247496984100587,0.059257256909896104,0.21398513646776368,0.01153753143576861,0.02464466260259027
C_freeze,1,11.55,1.0000000000019063,0.17912785348777396,0.6994602961566809,0.011106004449923112,0.12141185035745122,7.102556503612465e-06,0.1791278534874325,0.6994602961553475,-3.44082476701259,-0.3842442129125511,0.05819463174690016,0.21062778542230537,0.011296184851565869,0.02430607719220256
C_freeze,1,11.6,1.00000000000192,0.17934003373700777,0.6999401971777597,0.010876359124274423,0.12071976908715273,6.670475539225804e-06,0.17934003373666343,0.6999401971764158,-3.460409596558583,-0.3958086238177961,0.057152365523856004,0.20733998818373217,0.011060703940037926,0.023970253703742228
C_freeze,1,11.65,1.0000000000019342,0.17954566762780838,0.7004218192986031,0.010651989136153835,0.12003251307552266,6.246665103580471e-06,0.1795456676274611,0.7004218192972483,-3.4805646960884804,-0.40717181674015135,0.05613013031452611,0.20412565846580932,0.010830956536701974,0.02363726070442019
C_freeze,1,11.700000000000001,1.0000000000019484,0.17974498810021897,0.7009054413821413,0.010432729023041331,0.11934957051958821,5.85257855325642e-06,0.17974498809986875,0.7009054413807756,-3.5012793544473277,-0.41833737197916854,0.055127588336575065,0.20098781877187966,0.010606808875802688,0.023307161709167
C_freeze,1,11.75,1.000000000001963,0.17993821923012768,0.7013913230766478,0.010218426686043993,0.11867045769518741,5.503473630437692e-06,0.17993821922977443,0.7013913230752709,-3.522543308277718,-0.4293087991523584,0.05414438559259784,0.19792812377536173,0.010388123485484084,0.022980015136145587
C_freeze,1,11.8,1.0000000000019769,0.18012557720056158,0.7018797060819837,0.010008945961997202,0.11799471671943143,5.207794441549036e-06,0.1801255772002055,0.7018797060805961,-3.5443467446224335,-0.4400894997308362,0.05318014682083021,0.19494645292455093,0.010174757527531754,0.022655874238234952
C_freeze,1,11.85,1.000000000001991,0.1803072712612248,0.7023708147559977,0.00980416828702454,0.1173219139847688,4.967434852018083e-06,0.1803072712608658,0.7023708147545993,-3.5666802759982565,-0.45068273257784075,0.05223447246928207,0.1920406232691136,0.00996656181108641,0.022334787036022843
C_freeze,1,11.9,1.0000000000020053,0.18048350453036432,0.7028648561440543,0.009603993042069176,0.11665163932758676,4.778774610120306e-06,0.1804835045300024,0.7028648561426448,-3.5895348917008505,-0.4610915864704325,0.05130693849052738,0.18920627886244468,0.009763380735320173,0.022016796284566865
C_freeze,1,11.950000000000001,1.0000000000020197,0.18065447451785172,0.7033620195842729,0.009408336293775391,0.11598350589989496,4.6342852392534875e-06,0.18065447451748684,0.7033620195828523,-3.612901891798299,-0.4713189635340184,0.050397099605108214,0.18643700507221891,0.009565053365450762,0.02170193950875592
C_freeze,1,12.0,1.0000000000020342,0.18082037329734485,0.7038624760693032,0.009217127871405191,0.11531715063538592,4.524429929403955e-06,0.18082037329697703,0.7038624760678714,-3.636772812561846,-0.4813675768868278,0.04950449625851559,0.18372469166765706,0.009371415706872816,0.021390249137897152
C_freeze,1,12.05,1.0000000000020484,0.1809813873213784,0.7043663775280298,0.009030307006502323,0.11465223515264021,4.43954907322219e-06,0.1809813873210077,0.7043663775265869,-3.6611393531628167,-0.4912399644771026,0.04862866486511689,0.18106013052475997,0.0091823040355661,0.021081752758418597
C_freeze,1,12.1,1.0000000000020628,0.18113769694338264,0.7048738561395014,0.008847817040503227,0.11398844691917866,4.371446232560363e-06,0.181137696943009,0.7048738561380473,-3.6859933127485385,-0.5009385191798127,0.04776915024385045,0.17843379027733708,0.00899755891932656,0.020776473485870764
C_freeze,1,12.15,1.0000000000020772,0.1812894757686172,0.7053850237298829,0.008669599911108054,0.11332550050357704,4.314467988087637e-06,0.18128947576824062,0.7053850237284176,-3.7113265445499772,-0.5104655329595651,0.04692551858879336,0.17583667178062204,0.008817029383881863,0.020474430437147775
C_freeze,1,12.200000000000001,1.0000000000020917,0.18143688998712626,0.7058999712550553,0.008495591212618307,0.11266313875991002,4.265985822914305e-06,0.18143688998674676,0.7058999712535788,-3.7371309301627837,-0.5198232506851227,0.04609736903785935,0.17326112457675424,0.008640576590861286,0.02017563926527549
C_freeze,1,12.25,1.0000000000021063,0.18158009783860876,0.7064187683514541,0.008325716565882999,0.1120011338120433,4.226307123847922e-06,0.1815800978382263,0.7064187683499662,-3.7633983735582497,-0.5290139274237985,0.045284341989077374,0.17070150204350637,0.00846807642762925,0.01988011270618963
C_freeze,1,12.3,1.0000000000021203,0.18171924932389877,0.7069414629482893,0.008159889836065859,0.11133928772993242,4.19813397759532e-06,0.18171924932351347,0.7069414629467904,-3.7901208115595093,-0.538039882120996,0.044486122764768786,0.1681545532936844,0.008299420560773927,0.019587861082446995
C_freeze,1,12.35,1.000000000002135,0.18185448622124695,0.7074680809681515,0.007998013434378028,0.11067743281273654,4.185733178216726e-06,0.1818544862208587,0.707468080966641,-3.8172902359166088,-0.5469035407124295,0.04370243996057015,0.16561949009323093,0.008134515748886214,0.01929889271391151
C_freeze,1,12.4,1.000000000002149,0.1819859424023544,0.707998626188144,0.00783998058720094,0.11001543141165064,4.1939779799960555e-06,0.18198594240196334,0.7079986261866226,-3.844898721769227,-0.5556074629704002,0.04293305870384771,0.1630977200139206,0.007973281501464253,0.019013214199454957
C_freeze,1,12.450000000000001,1.0000000000021636,0.182113744386915,0.7085330803769808,0.007685679117865318,0.1093531752382678,4.2273883573025114e-06,0.18211374438652098,0.7085330803754478,-3.8729384579001356,-0.5641543496116315,0.0421777699213304,0.1605922931330421,0.007815646455683303,0.018730830554280486
C_freeze,1,12.5,1.0000000000021783,0.18223801203545528,0.709071403851218,0.00753499602838582,0.1086905841155049,4.289256765346268e-06,0.18223801203505832,0.7090714038496735,-3.9014017752501364,-0.57254702909086,0.04143637741444985,0.15810715842416717,0.007661544067815482,0.018451745211003404
C_freeze,1,12.55,1.0000000000021925,0.18235885926459622,0.7096135365915772,0.007387822045060562,0.10802760414601906,4.3809206095191e-06,0.1823588592641964,0.7096135365900215,-3.9302811711364507,-0.5807884266342228,0.04070868492335728,0.15564635804468474,0.007510908336195816,0.018175959914769824
C_freeze,1,12.6,1.0000000000022067,0.18247639467868826,0.7101594000157323,0.007244055333058841,0.10736420530778644,4.501236432780106e-06,0.18247639467828558,0.7101594000141652,-3.9595693271167556,-0.5888815208901682,0.03999448533746116,0.1532132961432812,0.007363670259447094,0.017903474559119878
C_freeze,1,12.65,1.0000000000022211,0.18259072204504295,0.7107088994136741,0.007103603784698489,0.10670037854350424,4.6463151331909556e-06,0.1825907220446374,0.7107088994120956,-3.9892591184632704,-0.5968292955282734,0.03929355376767771,0.15081020106685922,0.0072197555836963235,0.01763428701658874
C_freeze,1,12.700000000000001,1.0000000000022353,0.18270194058928646,0.7112619269290529,0.0069663855969820535,0.10603613248389587,4.809576789170497e-06,0.18270194058887806,0.7112619269274629,-4.019343613148425,-0.6046346937406518,0.03860564541323267,0.1484378591219836,0.007079084132867092,0.017368393014631396
C_freeze,1,12.75,1.0000000000022495,0.18281014513986962,0.7118183648457642,0.006832328197521109,0.10537149001661567,4.982166398539404e-06,0.1828101451394584,0.7118183648441629,-4.049816058674364,-0.6123005827057205,0.03793049820458513,0.14609564334265152,0.006941570703417442,0.017105786094332807
C_freeze,1,12.8,1.000000000002263,0.1829154261908501,0.7123780888534146,0.006701365867655013,0.10470648495799853,5.15373596093634e-06,0.18291542619043616,0.7123780888518024,-4.080669856413897,-0.6198297328416433,0.03726783930993393,0.14378180502220023,0.0068071272133159305,0.016846457669986138
C_freeze,1,12.85,1.0000000000022773,0.18301786996673444,0.7129409709503057,0.0065734365823190855,0.10404115908523708,5.313548983168383e-06,0.18301786996631766,0.7129409709486821,-4.111898525317911,-0.6272248136442231,0.036617393971705936,0.14149395235083534,0.006675665594899793,0.016590397187006556
C_freeze,1,12.9,1.0000000000022915,0.18311755855798498,0.7135068817072967,0.006448478616849708,0.10337555973700988,5.451807370829475e-06,0.18311755855756537,0.7135068817056617,-4.143495659334301,-0.6344884048113509,0.0359788949240949,0.13922961856453114,0.006547100855108313,0.016337592358769953
C_freeze,1,12.950000000000001,1.0000000000023055,0.18321457015763348,0.7140756917414549,0.006326427388126613,0.102709738103217,5.561043745271558e-06,0.18321457015721107,0.7140756917398087,-4.175454884884612,-0.6416230189073003,0.03535209083495631,0.13698682360471623,0.006421353793951291,0.016088029453102427
C_freeze,1,13.0,1.0000000000023195,0.1833089793837102,0.7146472723959013,0.00620721286001252,0.10204374822270798,5.6373729543388136e-06,0.18330897938328503,0.7146472723942437,-4.207769825628144,-0.6486311304561282,0.03473675268902469,0.13476455299377532,0.00629835303070774,0.015841693596901463
C_freeze,1,13.05,1.0000000000023332,0.18340085763598368,0.7152214957490872,0.006090757714009347,0.10137764661726255,5.681370025624519e-06,0.18340085763555578,0.7152214957474184,-4.2404340813205454,-0.6555152061337087,0.034132677585500544,0.1325631052561253,0.00617803617156635,0.01559856907080149
C_freeze,1,13.1,1.000000000002347,0.1834902734207328,0.7157982341524064,0.005976976405413289,0.10071149242920802,5.698357724611179e-06,0.18349027342030214,0.7157982341507264,-4.2734412260404735,-0.6622777313723863,0.03353968987333808,0.1303842842990648,0.006060350100584871,0.015358639571583458
C_freeze,1,13.15,1.0000000000023612,0.1835772925875295,0.7163773595093714,0.00586577519554864,0.10004534790546027,5.697959305512215e-06,0.18357729258709604,0.7163773595076799,-4.306784828668971,-0.66892122975954,0.032957639789743566,0.12823142928190379,0.005945250454874527,0.01512188842511999
C_freeze,1,13.200000000000001,1.0000000000023752,0.18366197845333657,0.7169587424721935,0.00575705324156381,0.09937927907684518,5.6928973638160155e-06,0.18366197845290033,0.7169587424704905,-4.340458495333013,-0.675448272720038,0.032386399816839884,0.12610928136395333,0.005832700360405472,0.014888298735623473
C_freeze,1,13.25,1.0000000000023892,0.18374439183263913,0.7175422516668215,0.005650704793029483,0.09871335650292863,5.697172269373498e-06,0.18374439183220012,0.7175422516651071,-4.374455929598322,-0.6818614779497045,0.03182585893708939,0.12402368930184357,0.005722668492870337,0.014657853458478384
C_freeze,1,13.3,1.000000000002403,0.18382459103598975,0.7181277529981323,0.005546622453734328,0.0980476559682809,5.723893754583753e-06,0.18382459103554802,0.7181277529964066,-4.408771001955173,-0.6881634959595732,0.03127591498819725,0.12198116123166682,0.005615126534020198,0.014430535386136655
C_freeze,1,13.35,1.000000000002417,0.18390263192989006,0.7187151090652717,0.0054447013084716065,0.09738225900725528,5.783128511786899e-06,0.1839026319294456,0.7187151090635346,-4.443397816707691,-0.6943569850569425,0.030736465489864546,0.11998828351570875,0.005510046149340211,0.014206327041843918
C_freeze,1,13.4,1.0000000000024312,0.18397856815565938,0.719304178749041,0.005344843514305509,0.096717253097731,5.880141393684162e-06,0.1839785681552121,0.7193041787472922,-4.478330763258135,-0.7004445762483368,0.030207397644771084,0.1180510500558978,0.005407395719700979,0.013985210485668146
C_freeze,1,13.450000000000001,1.0000000000024456,0.18405245157605826,0.7198948171057108,0.005246962771504481,0.09605273132067649,6.014343787859671e-06,0.18405245157560815,0.7198948171039502,-4.513564541043358,-0.7064288308808504,0.029688578610881734,0.1161741721570495,0.005307137186714437,0.013767167050738426
C_freeze,1,13.5,1.0000000000024596,0.18412433295805292,0.7204868757726796,0.005150987989455414,0.09538879127172734,6.179133188817146e-06,0.18412433295760006,0.7204868757709074,-4.549094152867329,-0.7123121951699308,0.029179847441674976,0.11436046087094594,0.005209223466561583,0.013552177041990224
C_freeze,1,13.55,1.0000000000024742,0.18419426282280857,0.7210802041068336,0.005056865498472153,0.09472553307283223,6.362639750810036e-06,0.18419426282235282,0.7210802041050495,-4.584914868474019,-0.7180969568260172,0.028681010135905093,0.11261038113678642,0.0051135968982880375,0.013340219441040989
C_freeze,1,13.6,1.000000000002489,0.18426229232426128,0.7216746511956578,0.0049645593428042385,0.09406305648256982,6.549225503026841e-06,0.18426229232380267,0.7216746511938615,-4.621022166477821,-0.7237852094998914,0.028191838941100618,0.11092186369305763,0.0050201890919309685,0.013131271665307708
C_freeze,1,13.65,1.0000000000025036,0.1843284739822678,0.7222700686971234,0.004874049493882132,0.09340145732311252,6.721450739106149e-06,0.18432847398180632,0.7222700686953152,-4.657411666071374,-0.7293788304658715,0.027712076436321596,0.10929042633696537,0.00492892233712832,0.01292530942493664
C_freeze,1,13.700000000000001,1.0000000000025187,0.1843928621140382,0.7228663142149663,0.004785328184796761,0.09274082367351401,6.862163255759944e-06,0.18439286211357375,0.7228663142131456,-4.694079059469694,-0.7348794757060931,0.02724144410224758,0.10770960644912514,0.004839712464867571,0.01272230670764486
C_freeze,1,13.75,1.000000000002533,0.18445551287927703,0.7234632546739141,0.00469839490919892,0.09208123244934219,6.9563916645335726e-06,0.1844555128788098,0.7234632546720815,-4.731020052739719,-0.7402885943830386,0.02677965425120038,0.10617165192568456,0.004752472783246766,0.01252223590146008
C_freeze,1,13.8,1.0000000000025477,0.1845164839595552,0.7240607690096549,0.0046132508761123955,0.09142274703333769,6.992816929406241e-06,0.1845164839590851,0.7240607690078101,-4.768230318563717,-0.7456074618693355,0.026326423521970836,0.10466836951112328,0.004667118493193427,0.012325068042390558
C_freeze,1,13.85,1.0000000000025626,0.18457583399384486,0.7246587494970432,0.0045298938125506545,0.09076541651167429,6.964717123334165e-06,0.18457583399337185,0.7246587494951862,-4.8057054616222015,-0.750837227546956,0.02588148579238603,0.10319199851470331,0.004583570879892662,0.012130773152708043
C_freeze,1,13.9,1.0000000000025775,0.1846336219507905,0.7252571012267771,0.004448313935907763,0.09010927682501006,6.8703867006673535e-06,0.1846336219503146,0.7252571012249077,-4.843440996570896,-0.7559789711018295,0.025444602408015868,0.1017359710101153,0.0045017605960185935,0.011939320619960083
C_freeze,1,13.950000000000001,1.0000000000025926,0.1846899066100641,0.72585573957507,0.004368491692268458,0.08945435381745843,6.713097980655449e-06,0.18468990660958526,0.7258557395731882,-4.881432339489069,-0.7610337595686214,0.02501556807355359,0.10029543896087777,0.00442162950444484,0.01175067956021907
C_freeze,1,14.0,1.0000000000026075,0.184744746253053,0.726454585917035,0.004290397518284077,0.08880066783251955,6.500697937548974e-06,0.18474474625257128,0.7264545859151408,-4.91967481475095,-0.7660026972520891,0.024594211531795782,0.09886749112114313,0.004343130806271641,0.011564819112980854
C_freeze,1,14.05,1.0000000000026226,0.1847981985567161,0.7270535622164797,0.0042139935013720065,0.08814823922942681,6.244932398178376e-06,0.18479819855623145,0.727053562214573,-4.958163679165368,-0.770886961914563,0.024180391122348238,0.0974510401564754,0.00426622749775775,0.011381708629074993
C_freeze,1,14.1,1.000000000002638,0.18485032058705822,0.727652585391777,0.004139236464232143,0.0874970940238025,5.960577604121008e-06,0.1848503205865706,0.7276525853898576,-4.996894163457755,-0.7756878230508976,0.02377398627784399,0.09604642184575737,0.004190889514497459,0.011201317734351618
C_freeze,1,14.15,1.0000000000026525,0.18490116873812273,0.7282515624390563,0.004066081759095358,0.0868472688254736,5.664442682706062e-06,0.18490116873763227,0.7282515624371246,-5.035861528271231,-0.7804066412284291,0.023374886769461048,0.09465480059517181,0.0041170901643862124,0.011023616276302408
C_freeze,1,14.200000000000001,1.0000000000026674,0.18495079847453183,0.7288503871684759,0.0039944869791212504,0.08619881435965979,5.374287153485546e-06,0.18495079847403847,0.7288503871665318,-5.075061128955663,-0.7850448507571416,0.022982981878561702,0.09327750726129241,0.004044802565267417,0.01084857418275945
C_freeze,1,14.25,1.0000000000026825,0.18499926380042991,0.7294489391026507,0.003924414888245326,0.08555179709960162,5.1076806616405274e-06,0.18499926379993364,0.729448939100694,-5.114488481489436,-0.789603930722127,0.022598151555687767,0.0919154393585474,0.003973996759751976,0.010676161276431837
C_freeze,1,14.3,1.0000000000026974,0.18504661646704457,0.7300470846687066,0.0038558351024200743,0.08490629886694628,4.880833022393288e-06,0.1850466164665454,0.7300470846667374,-5.154139321305113,-0.7940853710907069,0.022220261065895235,0.09056863009440129,0.0039046379908859938,0.01050634709323725
C_freeze,1,14.35,1.0000000000027123,0.18509290501335876,0.7306446803926105,0.0037887243521113295,0.08426241459674266,4.707458986174442e-06,0.18509290501285675,0.7306446803906288,-5.194009647301586,-0.7984906408761347,0.021849159775932405,0.08923604887879019,0.0038366863432638446,0.010339100746140872
C_freeze,1,14.4,1.0000000000027265,0.18513817378672584,0.7312415774694813,0.0037230654302492765,0.08362024874651933,4.597815072962008e-06,0.18513817378622108,0.7312415774674875,-5.234095744478585,-0.8028211642249464,0.021484683854322943,0.08791564484354775,0.003770097663979316,0.010174390862384997
C_freeze,1,14.450000000000001,1.000000000002741,0.18518246210208672,0.7318376269059932,0.0036588451211685747,0.082979910994661,4.558124710490959e-06,0.18518246210157915,0.7318376269039872,-5.274394180344786,-0.8070783081799455,0.021126661966704412,0.08660460025689982,0.003704825453813526,0.010012185605263835
C_freeze,1,14.5,1.0000000000027558,0.18522580367160196,0.732432684436082,0.0035960514872227897,0.08234151189507152,4.590634701724202e-06,0.1852258036710915,0.7324326844340636,-5.314901772954085,-0.8112633833510245,0.020774922703188335,0.08529973230186948,0.0036408233088370623,0.00985245277667715
C_freeze,1,14.55,1.0000000000027698,0.18526822638113216,0.7330266145585619,0.003534670880550556,0.08170515906307578,4.694464536888514e-06,0.18526822638061902,0.7330266145565315,-5.355615532610969,-0.8153776564031139,0.020429302477358184,0.08399797225036407,0.003578047496956925,0.009695159986487411
C_freeze,1,14.6,1.0000000000027838,0.18530975242196493,0.7336192932780599,0.003474685001256297,0.08107095430275896,4.8672062659673564e-06,0.18530975242144906,0.7336192932760176,-5.396532584781268,-0.8194223715658544,0.02008965287746481,0.08269685638124669,0.0035164593359168573,0.009540274869714238
C_freeze,1,14.65,1.0000000000027975,0.1853503987248954,0.7342106093762394,0.003416068279995939,0.08043899190166288,5.1069605859470905e-06,0.18535039872437686,0.7342106093741854,-5.43765008726742,-0.8233987774128795,0.019755846757611755,0.08139497477372226,0.003456027142152275,0.00938776533115493
C_freeze,1,14.700000000000001,1.0000000000028115,0.1853901776041352,0.7348004642296272,0.003358785850904516,0.07980935816904902,5.414265710955769e-06,0.18539017760361398,0.7348004642275613,-5.47896515817348,-0.8273081548411334,0.01942778258278045,0.08009233460086651,0.003396727595413895,0.009237599796538766
C_freeze,1,14.75,1.0000000000028253,0.1854290975077056,0.7353887703169967,0.003302792392871724,0.07918213217812299,5.793308410602663e-06,0.1854290975071817,0.735388770314919,-5.520474830690903,-0.8311518422721285,0.01910538663922021,0.07879060011713532,0.0033385463970378618,0.009089747448106623
C_freeze,1,14.8,1.000000000002839,0.18546716378619837,0.7359754486285968,0.0032480321075875752,0.07855738758804395,6.251963267756472e-06,0.18546716378567182,0.7359754486265073,-5.562176045625032,-0.8349312543879582,0.018788612734891397,0.07749317377987293,0.003281478104838952,0.008944178420374543
C_freeze,1,14.85,1.0000000000028524,0.1855043794221426,0.7365604252252911,0.0031944400404587702,0.07793519535541894,6.8005498523087e-06,0.18550437942161346,0.7365604252231901,-5.604065683931031,-0.8386478911604264,0.0184774390556175,0.0762050874644268,0.0032255250417547007,0.0088008639303534
C_freeze,1,14.9,1.0000000000028657,0.1855407456989679,0.7371436272640082,0.0031419448044785313,0.07731562703988985,7.449601892336739e-06,0.18554074569843618,0.7371436272618958,-5.646140631766805,-0.8423033346408586,0.01817186203457979,0.07493268575478543,0.0031706952387414986,0.008659776318355298
C_freeze,1,14.950000000000001,1.0000000000028795,0.18557626282519182,0.7377249789068644,0.003090472533267077,0.07669875827082329,8.207250846332048e-06,0.18557626282465747,0.7377249789047401,-5.688397862524541,-0.8458992321159546,0.017871887477935864,0.07368310807052472,0.003116999498398853,0.008520888982739304
C_freeze,1,15.0,1.0000000000028928,0.18561093055913183,0.7383043976322581,0.003039951632651169,0.07608467181150294,9.076926258351763e-06,0.1856109305585949,0.7383043976301223,-5.730834516176183,-0.8494372659018673,0.01757751972181328,0.07246361092583914,0.003064447838921084,0.008384176205050027
C_freeze,1,15.05,1.0000000000029061,0.18564474889483046,0.738881791554518,0.0029903176813897204,0.07547345955355773,1.0055947873096749e-05,0.18564474889429095,0.7388817915523708,-5.773447957003139,-0.852919112105458,0.01728875014395165,0.0712808082394347,0.0030130457548500295,0.008249612879401565
C_freeze,1,15.1,1.0000000000029197,0.18567771885725526,0.7394570583488621,0.0029415177129764264,0.07486522279680247,1.1135302190989765e-05,0.18567771885671314,0.7394570583467032,-5.8162357959185265,-0.856346392747551,0.017005546721070387,0.07013993563589432,0.002962790847780908,0.008117174177727664
C_freeze,1,15.15,1.0000000000029332,0.18570984340582192,0.7400300862191733,0.002893513161031694,0.07426007037793793,1.2300578626477655e-05,0.1857098434052772,0.7400300862170026,-5.859195871557726,-0.8597206272385801,0.01672784637068496,0.06904425456855562,0.0029136703914542186,0.007986835196322309
C_freeze,1,15.200000000000001,1.0000000000029468,0.1857411283722219,0.7406007570823724,0.0028462809531728406,0.0736581145483524,1.3533797266946417e-05,0.18574112837167456,0.74060075708019,-5.902326192979123,-0.8630431898522578,0.016455551492804515,0.06799469848214021,0.002865660285795104,0.007858570635419206
C_freeze,1,15.25,1.0000000000029603,0.18577158328962143,0.7411689517615481,0.002799812548068136,0.07305946495179097,1.4815749924947368e-05,0.18577158328907148,0.7411689517593539,-5.945624854138797,-0.8663152792986502,0.016188531456140756,0.06698982685344505,0.0028187256320276826,0.00773235456005771
C_freeze,1,15.3,1.000000000002974,0.18580122194440157,0.7417345565298985,0.002754111093607798,0.07246422152867399,1.6128494877995766e-05,0.185801221943849,0.7417345565276925,-5.989089934883368,-0.8695379048358203,0.015926628901726293,0.0660261006287699,0.0027728228747314226,0.007608160277532026
C_freeze,1,15.35,1.000000000002988,0.1858300625264858,0.742297470001781,0.0027091872296823075,0.07187246747472104,1.7457742768532196e-05,0.1858300625259305,0.742297469999563,-6.0327194045730606,-0.872711890887501,0.015669669856292104,0.06509843486369601,0.0027279031698072137,0.0074859603468704575
C_freeze,1,15.4,1.0000000000030018,0.18585812735752336,0.7428576091741438,0.0026650542868019897,0.07128426347133457,1.879498029529993e-05,0.18585812735696544,0.7428576091719139,-6.076511042952238,-0.8758378993290606,0.015417475915866535,0.06420093331350432,0.0026839164011707734,0.007365726712354216
C_freeze,1,15.450000000000001,1.0000000000030156,0.1858854422962283,0.743414913421138,0.002621723737535975,0.07069964428564922,2.0139249613286165e-05,0.18588544229566775,0.7434149134188961,-6.120462389304905,-0.878916466011428,0.015169876353040816,0.06332767646911527,0.0026408151407148494,0.007247430930896267
C_freeze,1,15.5,1.00000000000303,0.18591203600682757,0.7439693455699139,0.0025792016828401335,0.07011861842628841,2.1498520095885416e-05,0.18591203600626424,0.7439693455676597,-6.164570726075354,-0.8819480460892967,0.014926718029986555,0.062473426215798815,0.0025985578609778364,0.007131044447053046
C_freeze,1,15.55,1.0000000000030442,0.18593793928766217,0.7445208897360118,0.0025374869027562953,0.06954117097937026,2.2890574525103293e-05,0.18593793928709612,0.7445208897337453,-6.208833097710906,-0.884933061543554,0.014687871435275682,0.06163412899676983,0.0025571108576449863,0.0070165388623407215
C_freeze,1,15.6,1.0000000000030587,0.18596318459150146,0.7450695461785505,0.0024965706833834328,0.06896726923300658,2.4343319122266556e-05,0.18596318459093267,0.7450695461762715,-6.253246360302646,-0.8878719441448999,0.014453231951130777,0.06080714201462514,0.0025164486006182644,0.006903886149275982
C_freeze,1,15.65,1.000000000003073,0.18598780576245993,0.745615324045673,0.002456438276449719,0.0683968701949404,2.589444487557366e-05,0.18598780576188836,0.7456153240433816,-6.2978072537311585,-0.8907651680276777,0.014222716462598685,0.05999116455351309,0.002476552562523459,0.006793058775028306
C_freeze,1,15.700000000000001,1.000000000003088,0.18601183790423997,0.7461582333528257,0.0024170715052701003,0.06782992874602221,2.7590423662583787e-05,0.18601183790366557,0.7461582333505216,-6.342512486545469,-0.8936132679195297,0.013996256361463424,0.05918591588692847,0.0024374088802920197,0.006684029720587365
C_freeze,1,15.75,1.0000000000031026,0.186035317219676,0.7466982776129851,0.0023784518601903545,0.06726640517044159,2.9484901925297168e-05,0.1860353172190988,0.7466982776106684,-6.387358825074766,-0.8964168417242961,0.013773788664752368,0.058391649147694326,0.0023990054202941164,0.006576772403870017
C_freeze,1,15.8,1.0000000000031177,0.18605828064865576,0.7472354483506435,0.0023405634246759463,0.06670627100381836,3.1636632599291926e-05,0.18605828064807567,0.7472354483483138,-6.432343181280553,-0.8991765390960146,0.01355524724620269,0.057608615871143846,0.00236132890384676,0.00647126053466241
C_freeze,1,15.85,1.0000000000031326,0.18608076517312114,0.7477697223971107,0.002303395059085405,0.06614951243290094,3.4107144427783945e-05,0.18608076517253822,0.7477697223947682,-6.477462696407497,-0.90189304016385,0.013340555956802705,0.056836593477699066,0.0023243626721386273,0.006367467940386825
C_freeze,1,15.9,1.000000000003148,0.18610280674103785,0.7483010622482631,0.0022669414963328045,0.06559613101384701,3.695838313651211e-05,0.18610280674045201,0.7483010622459075,-6.522714817484417,-0.9045670301601877,0.013129624783375435,0.05607456164201865,0.002288085460339774,0.00626536840235611
C_freeze,1,15.950000000000001,1.0000000000031626,0.18612443887204305,0.7488294191097925,0.0022312032905004824,0.06504614202132701,4.025057744654536e-05,0.1861244388714544,0.7488294191074243,-6.568097360757057,-0.9071991760472914,0.012922349454992535,0.05532057349800436,0.0022524713065456025,0.006164935535355726
C_freeze,1,16.0,1.0000000000031777,0.1861456911053001,0.7493547379146077,0.002196185715026295,0.06449957098326975,4.404058791728806e-05,0.1861456911047086,0.7493547379122265,-6.613608552135804,-0.9097901102284658,0.012718614223236755,0.05457182587511948,0.002217490497118106,0.0060661427318824375
C_freeze,1,16.05,1.0000000000031926,0.18616658750239634,0.7498769633735038,0.0021618968015144997,0.06395644912729241,4.83809792635945e-05,0.18616658750180198,0.7498769633711099,-6.659247033064513,-0.9123404244986651,0.012518297033441914,0.05382490033180026,0.0021831112847798782,0.005968963179102277
C_freeze,1,16.1,1.0000000000032074,0.1861871454223281,0.7503960459406646,0.0021283448199332956,0.0634168086402148,5.331999806661285e-05,0.1861871454217309,0.7503960459382577,-6.705011823622424,-0.9148506752128368,0.012321276142468474,0.053076129233923894,0.0021493020653089454,0.0058733699465416365
C_freeze,1,16.15,1.0000000000032223,0.18620737473498106,0.7509119467859158,0.0020955354870033057,0.0628806784823253,5.890252173812668e-05,0.18620737473438104,0.7509119467834962,-6.750902243521262,-0.9173213986272486,0.012127437332432517,0.05232203585247143,0.002116033731883063,0.005779336136783326
C_freeze,1,16.2,1.0000000000032372,0.18622727754511972,0.7514246412536056,0.002063469129417225,0.06234808120451167,6.517187482101155e-05,0.18622727754451687,0.7514246412511731,-6.796917803401249,-0.9197531338105247,0.011936680958657424,0.051559798380876286,0.0020832819573372665,0.005686835086645626
C_freeze,1,16.25,1.0000000000032514,0.1862468484102114,0.7519341203932528,0.0020321381197542024,0.061819031199787385,7.217221794101024e-05,0.18624684840960584,0.751934120390808,-6.843058089051742,-0.9221464496778217,0.01174892814439089,0.050787689906634376,0.0020510291807824196,0.005595840602043631
C_freeze,1,16.3,1.0000000000032663,0.18626607497431635,0.7524403903039563,0.0020015249741418277,0.06129353472499369,7.995105949785858e-05,0.18626607497370795,0.7524403903014986,-6.88932266558628,-0.9245019723405262,0.011564125516392704,0.05000544582474499,0.0020192661033302155,0.005506327206402058
C_freeze,1,16.35,1.0000000000032807,0.1862849388973229,0.7529434694868189,0.001971601411185464,0.06077159161913888,8.85613797454873e-05,0.18628493889671174,0.7529434694843488,-6.935711024918319,-0.926820408748925,0.011382247820675208,0.04921450730589949,0.00198799248114159,0.005418270377250439
C_freeze,1,16.4,1.0000000000032951,0.18630341695235056,0.7534433845787104,0.0019423286357336362,0.060253198472234135,9.806292489513468e-05,0.18630341695173666,0.7534433845762277,-6.982222588891008,-0.9291025627088945,0.01120329769566924,0.048418090944057024,0.0019572169853025218,0.0053316467397616744
C_freeze,1,16.45,1.0000000000033096,0.18632148219737496,0.7539401647456185,0.0019136590819355916,0.05973835306031618,0.00010852241335153092,0.18632148219675831,0.7539401647431233,-7.028856765627091,-0.9313493399770116,0.011027302127961196,0.04762104711974338,0.0019269559806833357,0.0052464341859111896
C_freeze,1,16.5,1.0000000000033242,0.1863391051584004,0.7544338353407549,0.0018855395491496228,0.0592270595041687,0.00012001264188984233,0.186339105157781,0.754433835338247,-7.0756130428355615,-0.9335617401653458,0.010854305589192401,0.046829494266699564,0.00189723123154608,0.005162611894554163
C_freeze,1,16.55,1.0000000000033382,0.18635625498866615,0.7549244118737288,0.0018579153093288628,0.05871933314094314,0.0001326107134401601,0.18635625498804406,0.7549244118712087,-7.122491093003328,-0.9357408347381907,0.01068436034447393,0.046050251811759924,0.0018680667020468567,0.005080160238333363
C_freeze,1,16.6,1.0000000000033522,0.18637290061502512,0.7554118951473848,0.0018307346643014581,0.05821520424094243,0.00014639577340096627,0.18637290061440037,0.7554118951448525,-7.169490863578045,-0.9378877325963373,0.010517515041681589,0.045290135851696216,0.0018394848205506933,0.0049990605800295075
C_freeze,1,16.65,1.0000000000033662,0.18638901190533827,0.7558962681563932,0.001803953332922352,0.05771471994163479,0.00016144671872251603,0.18638901190471086,0.7558962681538487,-7.216612629957265,-0.9400035369981345,0.010353803321246696,0.04455521639625762,0.0018115027795469441,0.004919294982605862
C_freeze,1,16.7,1.0000000000033809,0.18640456085128354,0.7563774955770087,0.001777537861861558,0.05721794357508863,0.0001778403474166816,0.18640456085065332,0.7563774955744516,-7.263856998199137,-0.9420892991055014,0.010193234339333807,0.04385015141376826,0.0017841294884702475,0.004840845873923063
C_freeze,1,16.75,1.000000000003395,0.18641952270692996,0.7568555264943595,0.00175146741869287,0.05672495080210561,0.00019565036995604213,0.18641952270629705,0.7568555264917899,-7.311224855230087,-0.9441459742378918,0.010035786748410552,0.04317770738229308,0.0017573636780548125,0.004763695714246115
C_freeze,1,16.8,1.0000000000034095,0.18643387698060693,0.7573303000219636,0.001725733799064928,0.05623582300083901,0.0002149476198068398,0.18643387697997127,0.7573303000193814,-7.358717274727386,-0.9461743869266599,0.009881407202071344,0.04253854879626398,0.001731193495341059,0.004687826716048169
C_freeze,1,16.85,1.000000000003424,0.18644760812390826,0.7578017529099108,0.0017003397239780406,0.05575063896960483,0.00023580167105207903,0.18644760812326988,0.7578017529073161,-7.406335395239979,-0.9481752096251573,0.009730013755809955,0.041931331701109326,0.0017055976989532443,0.004613220658950223
C_freeze,1,16.9,1.0000000000034381,0.18646070575230816,0.7582698283778885,0.0016752956418186278,0.05526946587324149,0.00025828388476850097,0.1864607057516671,0.7582698283752815,-7.454080292428805,-0.9501489576787298,0.009581503466133024,0.041353078754126124,0.0016805482143889237,0.004539858822966252
C_freeze,1,16.95,1.0000000000034521,0.18647316433486671,0.7587344849635971,0.0016506156913461095,0.054792350704988564,0.00028247166713154083,0.18647316433422298,0.7587344849609778,-7.501952868845203,-0.9520960008236167,0.009435762593299587,0.04079976141270289,0.0016560135182557571,0.004467722038532315
C_freeze,1,17.0,1.0000000000034666,0.1864849824307289,0.7591957033918885,0.001626313788470888,0.05431931418084933,0.00030845346528264687,0.18648498243008244,0.7591957033892567,-7.549953782043676,-0.954016589265701,0.00929267752763823,0.04026697833754722,0.0016319622315682442,0.004396790832933496
C_freeze,1,17.05,1.000000000003481,0.1864961616303735,0.7596534900072266,0.0016024005049195187,0.05385034836588082,0.0003363338117216379,0.1864961616297243,0.7596534900045823,-7.598083425208112,-0.9559108900385936,0.00915214451227618,0.039750602207387103,0.0016083662916622746,0.004327045637289357
C_freeze,1,17.1,1.0000000000034952,0.18650670540893363,0.7601078766881237,0.0015788810718303044,0.05338541790643771,0.0003662376223288951,0.18650670540828176,0.760107876685467,-7.646341964916145,-0.9577790275708538,0.009014076285753878,0.03924727661310287,0.0015852030936951782,0.004258467004668344
C_freeze,1,17.150000000000002,1.0000000000035096,0.1865166181230343,0.7605589174683322,0.0015557548701696073,0.05292446441214336,0.0003983130089049456,0.18651661812237968,0.7605589174656628,-7.6947294303114635,-0.9596211221057841,0.008878404459027572,0.03875468239460514,0.0015624562231172055,0.004191035789675954
C_freeze,1,17.2,1.0000000000035243,0.18652590429207302,0.7610066819269633,0.0015330165285047893,0.052467413784487875,0.000432732096154077,0.18652590429141566,0.7610066819242813,-7.74324583962752,-0.9614373204173905,0.008745077676306562,0.03827154616950447,0.0015401148065770339,0.004124733256575461
C_freeze,1,17.25,1.0000000000035387,0.18653456812960634,0.7614512465749212,0.0015106580635190089,0.052014185299011355,0.00046968969176878524,0.18653456812894625,0.7614512465722267,-7.791891346199705,-0.9632278145578818,0.008614056467235287,0.037797416834197885,0.0015181717883781317,0.00405954110210089
C_freeze,1,17.3,1.0000000000035536,0.18654261318719775,0.7618926867304996,0.0014886712843030793,0.05156470008585619,0.000509400053226714,0.18654261318653487,0.7618926867277921,-7.8406663876799065,-0.9649928466540865,0.008485306020862022,0.03733228076505905,0.0014966215424566658,0.003995441393492024
C_freeze,1,17.35,1.0000000000035685,0.18655004195441638,0.7623310705060247,0.00146705011503994,0.05111888754312731,0.000552092315939055,0.1865500419537507,0.7623310705033043,-7.889571827576529,-0.9667327010484165,0.00835878852049689,0.03687611564786596,0.001475457360084863,0.003932416440242301
C_freeze,1,17.400000000000002,1.000000000003583,0.186556855224622,0.7627664549715836,0.0014457925827245591,0.05067668980737754,0.0005980053160182538,0.1865568552239536,0.7627664549688506,-7.938609084009886,-0.9684476877291357,0.008234456929771943,0.03642848458935845,0.0014546694312189308,0.0038704486361151513
C_freeze,1,17.45,1.000000000003598,0.18656305104391338,0.7631988849058162,0.0014249018749210288,0.050238064053868305,0.000647382544252767,0.1865630510432421,0.7631988849030702,-7.987780243233544,-0.9701381219396124,0.008112251440941567,0.03598824699002366,0.001434243710623651,0.003809520309070616
C_freeze,1,17.5,1.0000000000036124,0.186568623216216,0.7636283952547919,0.001404386130230254,0.04980298153260465,0.0007004678538790815,0.18656862321554205,0.7636283952520333,-8.03708815383108,-0.9718043049392228,0.007992098700604364,0.03555342838599515,0.0014141616991442565,0.0037496136031715944
C_freeze,1,17.55,1.0000000000036273,0.1865735595181974,0.7640550168025414,0.0013842573798213457,0.04937142368288842,0.0007575023821900571,0.18657355951752064,0.76405501679977,-8.086536493490918,-0.9734465106411919,0.007873913577847124,0.03512126156057621,0.001394401056256236,0.003690710409078415
C_freeze,1,17.6,1.000000000003642,0.18657783981620746,0.7644787826017203,0.0013645300644100043,0.04894337758571431,0.0008187229779208538,0.18657783981552795,0.7644787825989361,-8.136129797650304,-0.9750649813461016,0.007757603348428039,0.034688384629566305,0.001374936996278974,0.003632792359591118
C_freeze,1,17.650000000000002,1.0000000000036569,0.18658143426296436,0.764899733762559,0.0013452189271801064,0.04851883197813335,0.0008843622501593453,0.18658143426228208,0.764899733759762,-8.185873441207976,-0.9766599331103837,0.007643073713376271,0.03425116010029946,0.0013557442723050438,0.003575840896461141
C_freeze,1,17.7,1.0000000000036717,0.18658430181049346,0.7653179252031995,0.001326336219859862,0.0480977729899787,0.0009546501425286275,0.18658430180980837,0.7653179252003894,-8.235773571558775,-0.9782315694016173,0.007530235497535273,0.03380607140380785,0.0013367993665240165,0.0035198373979632245
C_freeze,1,17.75,1.0000000000036864,0.1865863892841672,0.7657334309337158,0.001307888949584277,0.04768017978580336,0.001029816680371235,0.18658638928347937,0.7657334309308931,-8.285837001295349,-0.9797801013169517,0.007419011246367398,0.0333501570604436,0.0013180826305965883,0.0034647633545776334
C_freeze,1,17.8,1.0000000000037015,0.18658763111329918,0.7661463463124352,0.0012898768296089442,0.04726602257796689,0.0011100952837020117,0.18658763111260854,0.7661463463095993,-8.336071078481735,-0.981305772082616,0.007309341591914491,0.03288144013515408,0.0012995803347472174,0.00341060058767284
C_freeze,1,17.85,1.000000000003716,0.18658794968402026,0.7665567861415997,0.0012722907632751555,0.046855264178096,0.0011957258760906557,0.18658794968332693,0.7665567861387512,-8.386483558235055,-0.9828088820936378,0.007201190829438794,0.03239929809288287,0.0012812864440221567,0.003357331497372326
C_freeze,1,17.900000000000002,1.0000000000037303,0.18658725630211928,0.7669648807312531,0.0012551117435060416,0.04644786297035808,0.0012869570372084987,0.18658725630142325,0.7669648807283921,-8.437082499934103,-0.9842898101718099,0.007094550278587664,0.03190471259232727,0.0012632036581933718,0.0033049393040075494
C_freeze,1,17.95,1.000000000003745,0.18658545273658664,0.7673707715615778,0.0012383109606922185,0.046043775705580645,0.0013840466680128454,0.18658545273588786,0.767370771558704,-8.487876209926146,-0.9857490278354645,0.006989438354951116,0.031400349462944545,0.001245343370554665,0.0032534082432871207
C_freeze,1,18.0,1.0000000000037599,0.18658243312754788,0.7677746049957778,0.001221851800757648,0.045642961880434166,0.0014872609941538398,0.18658243312684636,0.7677746049928911,-8.538873241291927,-0.9871871043065548,0.006885897438559666,0.03089043584611442,0.0012277245824248387,0.00320272369128515
C_freeze,1,18.05,1.0000000000037743,0.18657808591999922,0.7681765231103654,0.001205693101654567,0.04524539097340966,0.0015968720956264116,0.186578085919295,0.7681765231074661,-8.590082451534471,-0.9886046997963798,0.006783987852287623,0.030380420395384394,0.0012103718833605846,0.003152872202205869
C_freeze,1,18.1,1.0000000000037885,0.18657229561230013,0.7685766549986881,0.0011897926009492923,0.04485104939280044,0.001713154399816522,0.1865722956115933,0.7685766549957763,-8.641513107815658,-0.9900025454570154,0.0066837788417248075,0.029876436618028634,0.0011933124684750443,0.0031038414362996748
C_freeze,1,18.150000000000002,1.000000000003803,0.1865649442643871,0.7689751124344378,0.0011741105098954647,0.044459943304978024,0.0018363806667547073,0.18656494426367762,0.7689751124315135,-8.69317501991938,-0.9913814115698311,0.0065853372379927845,0.029384638899180665,0.0011765724226940194,0.0030556199699107245
C_freeze,1,18.2,1.0000000000038176,0.18655591268117833,0.7693719890157781,0.0011586134786937938,0.04407209830686117,0.001966817974387882,0.18655591268046612,0.7693719890128409,-8.745078675801564,-0.9927420685751829,0.006488716199604298,0.028910517633816593,0.0011601730599026005,0.0030081970198964983
C_freeze,1,18.25,1.000000000003832,0.1865450811596102,0.769767359830922,0.0011432779753102471,0.04368755901329992,0.0021047241681854765,0.18654508115889534,0.7697673598279723,-8.797235354658223,-0.9940852459765298,0.006393946645936658,0.02845830295339953,0.00114412816904445,0.0029615621388033087
C_freeze,1,18.3,1.0000000000038467,0.18653232985085344,0.7701612830054722,0.0011280914965526234,0.04330638714752119,0.002250345240153751,0.1865323298501359,0.7701612830025095,-8.849657197419155,-0.995411593566806,0.006301032323689497,0.028030548057517694,0.0011284424667286895,0.0029157049235034285
C_freeze,1,18.35,1.0000000000038614,0.18651753891158607,0.7705538072718879,0.0011130515304936999,0.04292865382038713,0.002403914142099497,0.18651753891086587,0.7705538072689125,-8.902357222539965,-0.9967216502188033,0.0062099483939706,0.027627960919836977,0.0011131112100089646,0.0028706147639437074
C_freeze,1,18.400000000000002,1.0000000000038758,0.18650058847140677,0.7709449846499604,0.0010981636608350953,0.04255442688250845,0.0025656515398714934,0.18650058847068393,0.7709449846469724,-8.955349283668822,-0.9980158260375388,0.006120644054976765,0.027249518118551162,0.001098121128699762,0.002826280668877479
C_freeze,1,18.45,1.0000000000038907,0.1864813582924885,0.7713348815955571,0.0010834394328590184,0.04218376011584475,0.0027357688778414787,0.18648135829176296,0.771334881592556,-9.008647973728726,-0.999294400930896,0.006033049716667855,0.026892834463672632,0.001083452835646379,0.0027826912097287174
C_freeze,1,18.5,1.000000000003905,0.18645972717294523,0.7717235849937782,0.0010688932336564028,0.04181668783718177,0.0029144737858602097,0.1864597271722171,0.7717235849907645,-9.06226848691171,-1.0005575379471559,0.005947087136442975,0.026554699558854308,0.0010690841837146198,0.002739834585299116
C_freeze,1,18.55,1.0000000000039195,0.18643557241723752,0.7721112064796246,0.0010545382417385747,0.04145322110705748,0.0031019773548013026,0.18643557241650677,0.7721112064765983,-9.116226456413058,-1.0018053073905293,0.005862679149826238,0.026231665199909455,0.0010549934632219636,0.002697698760160349
C_freeze,1,18.6,1.0000000000039342,0.1864087696255408,0.7724978878764651,0.0010403834000260752,0.04109334250192823,0.0032985022613422955,0.18640876962480743,0.772497887873426,-9.170537791336772,-1.0030377182885497,0.005779756780679748,0.025920577950050754,0.0010411617185076703,0.002656271625156737
C_freeze,1,18.650000000000002,1.0000000000039486,0.1863791927477627,0.7728838030151094,0.001026432980092345,0.04073700424107672,0.0035042903277625933,0.18637919274702677,0.7728838030120576,-9.225218539745944,-1.0042547533853485,0.0056982638372009686,0.025618969837650232,0.0010275742259723422,0.002615541159283941
C_freeze,1,18.7,1.0000000000039633,0.18634671427008015,0.7732691501957426,0.0010126877423061707,0.040384135538140443,0.0037196080317424968,0.1863467142693416,0.773269150192678,-9.280284804277493,-1.0054564012485974,0.005618159177296887,0.02532523829293849,0.0010142212000544316,0.002575495577133593
C_freeze,1,18.75,1.000000000003978,0.18631120554543074,0.7736541389076557,0.0009991457687109607,0.04003465555089161,0.003944748805173745,0.1863112055446896,0.7736541389045781,-9.33575273084334,-1.0066426784684555,0.005539415303461073,0.025038587865308874,0.0010010972953568714,0.002536123417390459
C_freeze,1,18.8,1.0000000000039928,0.1862725371940666,0.7740389806388377,0.0009858031039734285,0.039688482171088606,0.004180031596739224,0.18627253719332287,0.774038980635747,-9.39163858035895,-1.0078136391194132,0.005462012560995434,0.02475877483694847,0.000988199677455069,0.0024974135286302272
C_freeze,1,18.85,1.0000000000040075,0.18623057915980054,0.7744238866027939,0.0009726558357195371,0.039345534241412794,0.004425795909235477,0.18623057915905422,0.7744238865996904,-9.447958880489844,-1.0089693738181604,0.005385931332155432,0.024485749080791187,0.0009755254553171593,0.0024593549662039545
C_freeze,1,18.900000000000002,1.0000000000040221,0.1861851999610574,0.7748090652698999,0.0009597034035843129,0.03900573477306486,0.0046823941213098115,0.18618519996030855,0.7748090652667835,-9.50473064179945,-1.0101100016756361,0.005311145999377772,0.02421928802638468,0.0009630697121283128,0.002421936862992835
C_freeze,1,18.95,1.0000000000040365,0.18613626512647466,0.7751947153348977,0.0009469505075965639,0.038669019542664336,0.004950182219245057,0.18613626512572332,0.7751947153317685,-9.561971612461374,-1.011235656549898,0.005237621827075089,0.02395868577228627,0.0009508245041595882,0.0023851483145963235
C_freeze,1,19.0,1.0000000000040514,0.18608363518226964,0.7755810212868983,0.0009344061239917775,0.03833534353488335,0.005229510104323909,0.18608363518151574,0.7755810212837561,-9.619700538949195,-1.012346469694412,0.005165312993132855,0.023702542575241493,0.0009387782419095821,0.0023489782674041087
C_freeze,1,19.05,1.0000000000040659,0.18602716340323389,0.7759681604371305,0.0009220815484176274,0.038004676163701574,0.0055207125233690405,0.18602716340247752,0.7759681604339754,-9.677937397215041,-1.0134425545376413,0.0050941610089207875,0.023448699380690344,0.0009269152024343831,0.002313415401617637
C_freeze,1,19.1,1.0000000000040807,0.18596669326892432,0.7763563174460173,0.0009099899489655353,0.037676989289139325,0.0058241015184264736,0.18596669326816542,0.7763563174428492,-9.736703559917062,-1.0145240000674345,0.005024095736169624,0.023194341000782662,0.0009152158935710253,0.0022784480554565475
C_freeze,1,19.150000000000002,1.0000000000040954,0.18590205579507577,0.7767456931089232,0.0008981466111428019,0.037352251100096635,0.0061399611450970205,0.18590205579431443,0.776745693105742,-9.796021870524724,-1.0155908742897541,0.004955040834107276,0.02293624139277216,0.0009036588617982895,0.0022440642487124088
C_freeze,1,19.2,1.0000000000041105,0.18583306738472855,0.7771365028551653,0.0008865669479713009,0.0370304297642165,0.006468545009246577,0.18583306738396468,0.7771365028519709,-9.855916605181704,-1.0166432339635825,0.004886921517562344,0.022671090495950535,0.0008922232397541975,0.0022102517982997504
C_freeze,1,19.25,1.000000000004125,0.1857595287873233,0.7775289752784933,0.0008752620006214174,0.03671149593830836,0.0068100768359350364,0.18575952878655705,0.7775289752752861,-9.916413318237643,-1.0176811375190027,0.004819670674034782,0.022395858037853468,0.0008808907374376239,0.00217699846172191
C_freeze,1,19.3,1.0000000000041398,0.18568122513744742,0.7779233600002721,0.0008642349078435488,0.03639541486642011,0.007164753804166126,0.18568122513667873,0.7779233599970516,-9.977538585953628,-1.0187046623216336,0.004753232706801631,0.022108181400906226,0.0008696468760893932,0.002144292078533451
C_freeze,1,19.35,1.000000000004155,0.1855979267186987,0.7783199376323707,0.0008534809431228213,0.03608213565308534,0.007532751867645947,0.18559792671792757,0.7783199376291369,-10.039319681294144,-1.019713927468397,0.004687568185788501,0.021806754417496674,0.0008584824778308303,0.00211212075229601
C_freeze,1,19.400000000000002,1.0000000000041698,0.18550939047744414,0.7787190164326203,0.0008429891296916923,0.035771593094105415,0.007914231918600663,0.18550939047667062,0.7787190164293732,-10.101784225802394,-1.0207091176266159,0.00462266062920804,0.021491646436315952,0.0008473958404988931,0.00208047310771136
C_freeze,1,19.45,1.0000000000041847,0.18541536266776784,0.7791209139667896,0.0008327418187319584,0.03546372336962743,0.008309345585003233,0.18541536266699193,0.7791209139635292,-10.16495986802828,-1.021690499627605,0.004558521543024643,0.021164461851481665,0.0008363943267129978,0.00204933856288565
C_freeze,1,19.5,1.0000000000042,0.18531558257179342,0.779525940125157,0.0008227126415592482,0.03515847730724967,0.008718239695893922,0.1853155825710151,0.779525940121883,-10.22887403042268,-1.0226584273697437,0.0044951888308263155,0.02082829464253881,0.0008254937760997116,0.002018707502527181
C_freeze,1,19.55,1.0000000000042153,0.1852097864624624,0.7799343948355706,0.0008128672375737124,0.03485581870618224,0.009141058878962298,0.18520978646168168,0.7799343948322829,-10.293553750055938,-1.023613337304756,0.004432719073989033,0.02048749420054389,0.0008147159221721091,0.0019885713074727063
C_freeze,1,19.6,1.0000000000042306,0.1850977109547282,0.7803465726552032,0.0008031689242296568,0.034555716394299316,0.009577946182128587,0.18509771095394514,0.7803465726519019,-10.359025617520368,-1.0245557375396384,0.004371179032597628,0.02014727606968543,0.0008040855769272124,0.001958922301815991
C_freeze,1,19.650000000000002,1.0000000000042464,0.1849790957146863,0.7807627560173205,0.0007935854903012636,0.03425814827223951,0.010029041896755804,0.1849790957139008,0.780762756014005,-10.425315798471615,-1.0254861883350952,0.004310639458914994,0.019813195467495524,0.0007936285931252641,0.001929753679539201
C_freeze,1,19.7,1.0000000000042615,0.18485368602687605,0.7811831949841844,0.0007840917771275584,0.03396311899320101,0.010494480878540956,0.1848536860260883,0.7811831949808554,-10.492450108306896,-1.0264052698625001,0.00425116835365397,0.019490518477355945,0.0007833696594008434,0.0019010593754514391
C_freeze,1,19.75,1.0000000000042768,0.1847212352330897,0.7816080934865188,0.0007746681422315359,0.03367067128466827,0.010974388687944188,0.1847212352322997,0.7816080934831761,-10.560454105051937,-1.027313540008105,0.004192820164752474,0.01918359350326368,0.0007733287865069524,0.0018728338052316175
C_freeze,1,19.8,1.0000000000042921,0.1845815063447557,0.7820376195895248,0.0007653000517255236,0.033380874070011675,0.011468876909743776,0.18458150634396345,0.7820376195861681,-10.62935316809076,-1.0282114937682825,0.004135623938347381,0.018895373915402608,0.0007635174789692927,0.0018450715014395028
C_freeze,1,19.85,1.0000000000043074,0.1844342723810247,0.782471930971693,0.0007559816343379797,0.033093796651589756,0.011978038123581967,0.18443427238023025,0.7824719309683226,-10.699172537902117,-1.0290995354184154,0.004079578336959308,0.018627200717986132,0.0007539371794840345,0.0018177667985072037
C_freeze,1,19.900000000000002,1.000000000004323,0.18427931599703762,0.782911189685904,0.0007467190198748284,0.03280949432138116,0.012501941169607442,0.18427931599624098,0.7829111896825195,-10.76993730102284,-1.0299779650900576,0.00402465704657593,0.018378848436610324,0.0007445811166473806,0.0017909136966337879
C_freeze,1,19.95,1.0000000000043383,0.18411642935156958,0.7833555555113062,0.0007375274362982679,0.032528015141462696,0.013040627503983965,0.18411642935077083,0.7833555555079078,-10.841672313243816,-1.030846974178476,0.003970818842825819,0.01814876622187383,0.000735437656686376,0.0017645058727666892
C_freeze,1,20.0,1.0000000000043539,0.183945414326447,0.7838051764755535,0.0007284227263611323,0.03224940920235315,0.01359410946491342,0.18394541432564615,0.7838051764721409,-10.914402062730485,-1.0317066472290242,0.0039180140022400355,0.017934455868541064,0.0007264924331022055,0.0017385367029334195
C_freeze,1,20.05,1.000000000004369,0.1837660823066536,0.7842602004277627,0.000719414961782728,0.03197371726995283,0.014162371095470017,0.18376608230585073,0.7842602004243363,-10.988150483868075,-1.0325569753653547,0.00386618620644115,0.01773295832725701,0.0007177289879358843,0.0017129992426334975
C_freeze,1,20.1,1.0000000000043845,0.18357825312022275,0.7847208039163907,0.0007105097363257414,0.03170094296777097,0.014745371782792822,0.18357825311941786,0.7847208039129501,-11.062940741323429,-1.033397885432668,0.0038152767093157965,0.017541390340116148,0.0007091301485173035,0.0016878862637638862
C_freeze,1,20.150000000000002,1.0000000000043996,0.18338175402385076,0.7851872076888602,0.0007017135146387484,0.03143103829168856,0.015343052447103642,0.18338175402304396,0.7851872076854057,-11.138795009673586,-1.0342292780852507,0.003765234735719264,0.017357400096260935,0.0007006814287762819,0.0016631904493904172
C_freeze,1,20.2,1.0000000000044147,0.1831764200531302,0.7856596574005605,0.0006930346684691616,0.031163922550724175,0.0159553434975452,0.18317642005232154,0.7856596573970921,-11.215734274392663,-1.0350510595002989,0.003716027869639622,0.017179396729133014,0.0006923743990138689,0.001638904672598016
C_freeze,1,20.25,1.00000000000443,0.18296209587938092,0.786138385653714,0.0006844779742565713,0.03089951847133519,0.016582173435946337,0.1829620958785704,0.7861383856502314,-11.29377817418479,-1.0358631565464302,0.003667642134081589,0.017006507042032614,0.0006842066618178052,0.0016150221486281732
C_freeze,1,20.3,1.0000000000044453,0.18273863789619715,0.7866235929810437,0.0006760399042488918,0.030637769127204454,0.01722347695330081,0.18273863789538483,0.7866235929775469,-11.372944894264208,-1.036665519306677,0.003620070319426808,0.016838348464103585,0.0006761779918683646,0.001591536343821714
C_freeze,1,20.35,1.0000000000044607,0.1825059153770596,0.7871154632399151,0.0006677125628467154,0.030378621387485705,0.01787920163390412,0.1825059153762455,0.787115463236404,-11.453251108494308,-1.0374581219768393,0.003573299225882487,0.016674754174121075,0.0006682861543543719,0.0015684407628193714
C_freeze,1,20.400000000000002,1.0000000000044755,0.1822638110287912,0.7876141873782442,0.0006594940376663189,0.030122001597440096,0.018549312844359095,0.18226381102797545,0.7876141873747192,-11.534711958716539,-1.0382409657338603,0.0035273069708789857,0.016515517064216695,0.0006605260445047205,0.0015457288373648243
C_freeze,1,20.45,1.0000000000044906,0.18201222213718868,0.7881199581409787,0.0006513943175638814,0.02986781972632325,0.019233796867830867,0.18201222213637133,0.7881199581374395,-11.617341054340256,-1.0390140756513886,0.0034820690058252426,0.01636013735838536,0.0006528916762935152,0.0015233939769446977
C_freeze,1,20.5,1.000000000004506,0.18175106253618184,0.7886329329007635,0.0006434299625430101,0.029616004567560694,0.019932662710077872,0.18175106253536288,0.78863293289721,-11.70115047460943,-1.039777484102277,0.0034375608334205458,0.016207571720838462,0.0006453770750324867,0.0015014296083230862
C_freeze,1,20.55,1.0000000000045217,0.18148026402217282,0.7891532035709324,0.0006356134737001261,0.02936653241141634,0.020645943192315705,0.18148026402135223,0.7891532035673641,-11.786150758581407,-1.0405312068088646,0.0033937500320173936,0.016056067614349356,0.0006379736701140076,0.0014798290216753716
C_freeze,1,20.6,1.000000000004537,0.18119977573709473,0.7896808112800456,0.0006279496919228347,0.029119412987396547,0.02137369596646039,0.1811997757362726,0.7896808112764628,-11.872350871745718,-1.041275228904476,0.0033505851772460326,0.01590319979099686,0.0006306666970036642,0.0014585850862350398
C_freeze,1,20.650000000000002,1.0000000000045524,0.1809095617971627,0.7902157967095818,0.0006204432694558243,0.028874641497807923,0.022116004986079532,0.18090956179633913,0.7902157967059844,-11.959758141819451,-1.0420095123879392,0.0033079963485982593,0.015746133627340616,0.0006234354128482331,0.0014376901100535597
C_freeze,1,20.7,1.0000000000045677,0.1806095990205416,0.7907582359096901,0.0006131074486349864,0.028632165074335997,0.022872982778475548,0.18060959901971663,0.7907582359060782,-12.048378159675295,-1.042734017939956,0.0032659112801999126,0.015582001566660165,0.0006162584183671357,0.0014171360250985047
C_freeze,1,20.75,1.0000000000045828,0.18029987607812153,0.7913082242768481,0.0006059615198376007,0.02839189964961314,0.023644773606889172,0.18029987607729525,0.7913082242732217,-12.138214646331994,-1.04344872312194,0.003224274133072183,0.01540824072041281,0.0006091197907138999,0.0013969147609304833
C_freeze,1,20.8,1.0000000000045979,0.1799803933806782,0.7918658274194066,0.0005990167555222414,0.028153779204513237,0.02443155731734712,0.17998039337985067,0.7918658274157657,-12.229269294941705,-1.044153627863357,0.003183050421418474,0.015222843222546783,0.0006020106446328865,0.001377018487519815
C_freeze,1,20.85,1.0000000000046132,0.17965116202581294,0.7924310558697848,0.0005922646241321046,0.02791778210901557,0.02523355339426016,0.17965116202498418,0.7924310558661292,-12.321541606978615,-1.044848756748834,0.0031422170379109293,0.015024595507943078,0.0005949258174834495,0.0013574395854605808
C_freeze,1,20.900000000000002,1.0000000000046283,0.17931220148343052,0.7930038963497755,0.000585680153335442,0.02768390217142229,0.0260510245718817,0.1793122014826006,0.7930038963461052,-12.41502875095037,-1.0455341740175979,0.0031017536671103293,0.014813377589262473,0.0005878610384337144,0.0013381705518091865
C_freeze,1,20.95,1.0000000000046434,0.1789635378306685,0.7935843686153727,0.0005792373843936959,0.02745209355860206,0.026884279312418605,0.1789635378298375,0.7935843686116878,-12.50972547508992,-1.0462100125692115,0.003061650686755164,0.014590453259562763,0.0005808155070784344,0.0013192041655198602
C_freeze,1,21.0,1.0000000000046585,0.17860520458674553,0.7941725426573004,0.0005729203496117719,0.027222252760612575,0.02773367256768872,0.1786052045859135,0.7941725426536008,-12.605624099169422,-1.046876497883725,0.0030219288001656804,0.014358563192336676,0.0005737982812287651,0.0013005339564793855
C_freeze,1,21.05,1.0000000000046738,0.17823724600080212,0.7947684869259687,0.0005667176175015099,0.02699426707790313,0.028599604432566466,0.17823724599996907,0.7947684869222541,-12.702714595176555,-1.0475339448462966,0.002982648856916804,0.014121684265728417,0.0005668314070013743,0.0012821546359126812
C_freeze,1,21.1,1.000000000004689,0.1778597203905686,0.7953721902974807,0.0005606070771809572,0.026768089316639748,0.029482516497240232,0.17785972038973463,0.7953721902937513,-12.80098474596562,-1.0481827253181957,0.002943896547125483,0.013884512628769625,0.0005599448185213018,0.0012640620915615776
C_freeze,1,21.150000000000002,1.0000000000047042,0.17747270143867264,0.7959835328668516,0.0005545499569211626,0.02654376569917984,0.03038288587828826,0.17747270143783778,0.7959835328631072,-12.900420350415658,-1.0488232273218143,0.0029057510838911248,0.01365188147015985,0.0005531660528922619,0.0012462529252143392
C_freeze,1,21.2,1.0000000000047191,0.1770762779993954,0.7966023354679328,0.0005485046237922737,0.0263213865373911,0.03130121706939236,0.17707627799855977,0.7966023354641736,-13.001005428343081,-1.0494558288461517,0.0028682638833189954,0.013428291286718661,0.0005465133157097487,0.0012287239361897496
C_freeze,1,21.25,1.0000000000047344,0.17667055500892542,0.7972284379274498,0.0005424493897799044,0.02610100706835911,0.032238031917618294,0.17667055500808898,0.7972284379236754,-13.102722372371199,-1.0500808882057748,0.0028314634911953142,0.013217560639262707,0.0005399971726845925,0.0012114719731415372
C_freeze,1,21.3,1.0000000000047495,0.17625565716606056,0.7978617237743165,0.0005363920690631493,0.02588261906437241,0.033193858209969986,0.17625565716522343,0.797861723770527,-13.205551998631986,-1.0506987314414455,0.002795375676782622,0.013022492916729187,0.0005336271758523231,0.0011944941492256528
C_freeze,1,21.35,1.0000000000047644,0.1758317341037417,0.7985020614139194,0.0005303557503694939,0.025666204487103363,0.03416921754605235,0.17583173410290395,0.798502061410115,-13.309473462857452,-1.0513096196026277,0.0027600315642734427,0.012844527516812726,0.0005274145250693384,0.0011777879890654277
C_freeze,1,21.400000000000002,1.0000000000047795,0.17539896407914143,0.7991492192384594,0.0005243541381919271,0.025451816687178615,0.03516461333612084,0.1753989640783031,0.7991492192346399,-13.414464030627483,-1.0519137041293296,0.0027254500399113333,0.012683520254884176,0.0005213663064223223,0.001161351120644366
C_freeze,1,21.45,1.0000000000047946,0.17495755473460808,0.7998028459429309,0.0005183811151215769,0.025239599327255724,0.03618051983789536,0.17495755473376923,0.7998028459390962,-13.520498715599702,-1.0525110006651346,0.002691610615508373,0.012537865984711719,0.0005154766632714904,0.0011451806256939023
C_freeze,1,21.5,1.00000000000481,0.17450774262072566,0.800462548742171,0.0005124251719935779,0.02502970864191315,0.03721737309635752,0.1745077426198863,0.8004625487383209,-13.62754982183705,-1.053101405359232,0.002658447798333453,0.012405020002860694,0.0005097250643185097,0.0011292726053779246
C_freeze,1,21.55,1.0000000000048253,0.17404979444284915,0.8011280047191879,0.0005064934076588922,0.024822200842788446,0.03827556446052182,0.17404979444200933,0.8011280047153222,-13.735586441952009,-1.0536847458894518,0.0026258802386615577,0.012282208534282874,0.0005040859416229263,0.0011136224137927788
C_freeze,1,21.6,1.000000000004841,0.17358401086930011,0.8017990002299238,0.000500618505468519,0.024616988905616907,0.03935543700294632,0.1735840108684598,0.8017990002260422,-13.84457397000573,-1.0542608317421445,0.002593853526679129,0.012166987234048337,0.0004985427039330487,0.0010982254148799823
C_freeze,1,21.650000000000002,1.000000000004856,0.17311073043437447,0.8024753544271371,0.0004948381313401226,0.02441391514334426,0.04045728470980227,0.17311073043353387,0.8024753544232404,-13.954473686605812,-1.0548294722769533,0.002562359231106939,0.012057442851735625,0.0004930938752190104,0.0010830776054499077
C_freeze,1,21.7,1.0000000000048714,0.17263033022680388,0.8031567916133746,0.0004891645896594174,0.02421287816469292,0.04158135388017478,0.1726303302259629,0.8031567916094621,-14.06524246478929,-1.0553904640720067,0.0025314129493607894,0.011952117930879004,0.0004877458000389142,0.0010681755492440463
C_freeze,1,21.75,1.0000000000048868,0.172143222798703,0.8038428798214845,0.0004835748061519019,0.024013897384699206,0.042727845906246335,0.1721432227978618,0.8038428798175563,-14.17683263155108,-1.0559435793091376,0.002501012866208675,0.011849909104943105,0.00048249904817430694,0.0010535157216857542
C_freeze,1,21.8,1.0000000000049014,0.17164985231703567,0.8045330955583895,0.00047803316186275784,0.02381705212947639,0.04389692055108879,0.17164985231619434,0.8045330955544461,-14.289192003213435,-1.0564885843332252,0.0024711197646958066,0.011750094604023925,0.0004773419391054993,0.0010390939473793083
C_freeze,1,21.85,1.0000000000049167,0.17115069356336474,0.8052269565708998,0.0004725280880210647,0.023622349870652218,0.045088698969027535,0.17115069356252324,0.8052269565669408,-14.402264095313235,-1.0570252834683993,0.002441679070895151,0.01165239602133241,0.00047225784477526576,0.001024905536569354
C_freeze,1,21.900000000000002,1.000000000004932,0.17064625407782033,0.8059240956979544,0.0004670882958319121,0.02342965022915719,0.04630326591470188,0.1706462540769787,0.8059240956939796,-14.515988492845,-1.057553550755131,0.0024126635340064907,0.011556840179383996,0.00046723916682019106,0.0010109460335459178
C_freeze,1,21.95,1.0000000000049472,0.17013707571978248,0.8066241974161457,0.0004617619277883181,0.023238726869018848,0.04754067069958841,0.1701370757189408,0.8066241974121552,-14.630301356816348,-1.0580733149249086,0.0023840921824175,0.011463320679177385,0.0004622934486231281,0.0009972118365481166
C_freeze,1,22.0,1.0000000000049618,0.16962373132833458,0.8073268449903469,0.00045657664486207724,0.023049423686280497,0.04880092641231034,0.16962373132749295,0.8073268449863411,-14.74513603650172,-1.0585845015682485,0.0023560012353691954,0.011371055596006381,0.0004574337485833424,0.000983699989619168
C_freeze,1,22.05,1.000000000004977,0.16910681587615406,0.8080314160417703,0.0004515180048082825,0.02286176808705249,0.05008400684476318,0.16910681587531243,0.8080314160377489,-14.860423750515867,-1.0590869767328095,0.0023283887095319517,0.011278311637417403,0.0004526605057445343,0.0009704071922983487
C_freeze,1,22.1,1.0000000000049918,0.168586936064135,0.808737132235173,0.00044654801271001214,0.022675931705684133,0.05138984064076703,0.16858693606329345,0.808737132231136,-14.976094292818862,-1.0595805396138414,0.0023011832008311226,0.011182624809248616,0.0004479514513413061,0.000957328846807204
C_freeze,1,22.150000000000002,1.0000000000050069,0.16806470324909853,0.8094432372966155,0.0004416483938854103,0.02249205945929294,0.05271830246127592,0.16806470324825704,0.8094432372925627,-15.092076712882344,-1.0600649723977293,0.0022742696546936207,0.011081389007265918,0.00044327021173339883,0.0009444590194934236
C_freeze,1,22.2,1.0000000000050222,0.16754073091557656,0.810149160741672,0.0004368482439538584,0.022310108347773503,0.05406920136139436,0.16754073091473515,0.8101491607376032,-15.208299915843124,-1.0605401064236515,0.0022475545611593123,0.010972415985933136,0.00043858771091170065,0.0009317914284242105
C_freeze,1,22.25,1.0000000000050373,0.16701563313679108,0.8108545282237835,0.00043220740238326765,0.022129838644462694,0.05544226696947013,0.16701563313594978,0.810854528219699,-15.324693134637407,-1.0610058498470485,0.002221015429295127,0.010854136834491709,0.00043389826052289454,0.0009193206477264434
C_freeze,1,22.3,1.000000000005052,0.16649001938043143,0.8115590059780935,0.0004277662536742168,0.021950974646526955,0.056837134294529336,0.16649001937959032,0.8115590059739936,-15.441186245142795,-1.0614621572446912,0.0021946905881946185,0.010725465843764562,0.00042921603253935663,0.0009070424905765482
C_freeze,1,22.35,1.000000000005067,0.16596448494154153,0.8122621105273514,0.0004235047321332127,0.021773404536174035,0.058253327974115546,0.1659644849407006,0.8122621105232356,-15.55770992191686,-1.0619089760304974,0.0021686178040161634,0.010585670580928673,0.00042455485196555225,0.0008949532481195064
C_freeze,1,22.400000000000002,1.0000000000050817,0.16543960167078603,0.8129631508226678,0.0004193482548212626,0.021597247511627834,0.059690246628081256,0.1654396016699453,0.8129631508185365,-15.674195655954248,-1.0623462291211663,0.002142777885338497,0.010434587498377189,0.00041990978989735607,0.0008830485156464293
C_freeze,1,22.45,1.0000000000050964,0.1649159152788332,0.8136613625355459,0.00041521875797791337,0.02142272219071736,0.0611471479706243,0.16491591527799274,0.8136613625313992,-15.79057566973062,-1.062773863574414,0.0021170983819218062,0.010273175820118167,0.0004152585329700081,0.0008713227830117823
C_freeze,1,22.5,1.0000000000051112,0.16439395140862081,0.8143561297557057,0.0004110888195947632,0.0212499188407847,0.06262313557703417,0.16439395140778057,0.8143561297515434,-15.906782766191004,-1.0631919342506184,0.00209152078231844,0.010104010109784392,0.00041058347440518263,0.000859770359102892
C_freeze,1,22.55,1.000000000005126,0.1638742262634223,0.8150471059694222,0.00040699186626604565,0.02107866777228143,0.0641171485698143,0.1638742262625823,0.8150471059652443,-16.022750138756617,-1.063600652446322,0.0020660760046424913,0.009931230289887474,0.00040589632786608063,0.0008483870210442494
C_freeze,1,22.6,1.0000000000051406,0.16335725459631478,0.8157341181393543,0.00040297777950582464,0.02090862726947154,0.06562795577784802,0.16335725459547504,0.815734118135161,-16.138411155707384,-1.064000348504651,0.0020408996040631425,0.009759800296862178,0.0004012428527226463,0.0008371710458952034
C_freeze,1,22.650000000000002,1.000000000005155,0.16284355114191812,0.8164169115508915,0.0003990508315762855,0.020739537312345565,0.06715415599183178,0.16284355114107865,0.8164169115466828,-16.253699123284665,-1.0643913623937116,0.0020161646870303965,0.009594421114308454,0.000396680670894442,0.0008261226743470704
C_freeze,1,22.7,1.0000000000051696,0.16233362833267553,0.8170949289588678,0.0003951447298181717,0.020571442713626265,0.0686941856642917,0.16233362833183632,0.8170949289546438,-16.368547029777535,-1.0647739344414264,0.001991979814067016,0.009438696593778582,0.00039224583742832834,0.0008152423017820314
C_freeze,1,22.75,1.000000000005184,0.1618279973373622,0.8177673021616014,0.0003911607267210701,0.0204047005062206,0.07024633473525534,0.16182799733652325,0.817767302157362,-16.48288727297675,-1.0651481701505945,0.001968332393434154,0.009294945096488844,0.00038793454194483145,0.0008045287675996602
C_freeze,1,22.8,1.0000000000051985,0.16132717710183653,0.818433073683767,0.0003870417998082535,0.020239749219594795,0.07180877038975951,0.16132717710099787,0.8184330736795125,-16.59665137336922,-1.0655140941442878,0.0019451247375080701,0.009164547039703732,0.0003837152152812899,0.0007939790916642013
C_freeze,1,22.85,1.0000000000052132,0.1608317089116968,0.8190914841511019,0.0003828228256531676,0.020076806942414288,0.07337956777144579,0.16083170891085835,0.8190914841468319,-16.709769678157553,-1.065871735529753,0.0019222750396191567,0.009048329428049855,0.0003795617293728531,0.0007835898515005974
C_freeze,1,22.900000000000002,1.0000000000052276,0.160342168203468,0.8197421015355956,0.000378612413048637,0.01991573026616417,0.07495674610251195,0.1603421682026298,0.8197421015313103,-16.822171067940104,-1.0662211606301892,0.0018998002633149732,0.008946536604714835,0.00037548041285535085,0.0007733590247489206
C_freeze,1,22.95,1.0000000000052425,0.15985916619913124,0.8203846831442747,0.0003745158055510177,0.01975615066183662,0.07653830821785335,0.15985916619829318,0.8203846831399738,-16.933782687157635,-1.0665624132013052,0.0018778095591497266,0.00885838423490726,0.00037150762796082004,0.0007632866752672659
C_freeze,1,23.0,1.0000000000052571,0.1593833410928733,0.8210188663259163,0.0003705572422680128,0.019597792586467804,0.07812228119651704,0.15938334109203542,0.8210188663216,-17.04452973181711,-1.0668954034009397,0.0018564086746236826,0.008781664883209524,0.0003676783071419294,0.000753373753197895
C_freeze,1,23.05,1.0000000000052724,0.15891534612893393,0.8216439230773156,0.0003666639483040991,0.019440730799022757,0.07970675563899582,0.15891534612809605,0.8216439230729835,-17.154335343327617,-1.0672198391285095,0.0018355910652490537,0.008712957367188067,0.00036399041040361107,0.0007436198340382207
C_freeze,1,23.1,1.000000000005287,0.15845584351370526,0.8222587772252385,0.0003627274906723776,0.01928537926634331,0.08128992115318429,0.15845584351286748,0.8222587772208911,-17.263120667203207,-1.0675352714053898,0.001815208129427019,0.008648582699565293,0.0003603955131068821,0.0007340215901063726
C_freeze,1,23.150000000000002,1.0000000000053022,0.15800550713917125,0.8228622921225623,0.0003586969792762198,0.019132200743568372,0.08287009566925052,0.15800550713833347,0.8228622921181994,-17.370805128979654,-1.067841241914518,0.0017950525504893276,0.00858584710928886,0.00035682640201111583,0.0007245733444559803
C_freeze,1,23.2,1.000000000005317,0.15756502834671957,0.8234536308782304,0.0003546309627525594,0.01898134078036702,0.08444574641314234,0.1575650283458818,0.823453630873852,-17.47730695599482,-1.068137438856324,0.0017749987647867687,0.008523797424097208,0.00035324309387911996,0.0007152694831494089
C_freeze,1,23.25,1.0000000000053317,0.15713511476121067,0.8240324244983005,0.0003506641182551648,0.018832460745820737,0.08601550102347805,0.15713511476037287,0.824032424493907,-17.582543940695462,-1.0684237523636948,0.0017550939039305568,0.00846296724066684,0.00034966230198732706,0.0007061069979685755
C_freeze,1,23.3,1.0000000000053466,0.15671647643586276,0.8245986110909782,0.00034691005184863397,0.018684912478505556,0.08757814846734271,0.15671647643502484,0.8245986110865694,-17.686434405603208,-1.0687001888888723,0.001735523656546682,0.008404262510420604,0.00034614581977905075,0.0006970861972095295
C_freeze,1,23.35,1.0000000000053613,0.1563098031967478,0.8251520446546186,0.000343372984925361,0.01853815215399506,0.08913263076240587,0.15630980319590979,0.8251520446501946,-17.788898298158095,-1.068966707188729,0.0017164700121261901,0.008347737461801839,0.000342753700922045,0.0006882089093600546
C_freeze,1,23.400000000000002,1.0000000000053764,0.1559157444977238,0.8256921468054648,0.0003399382509376272,0.018392108702187663,0.09067802763310293,0.15591574449688553,0.8256921468010255,-17.889858326755732,-1.0692230993491336,0.0016979625408755038,0.00829208954040823,0.0003394957171962226,0.0006794753892868362
C_freeze,1,23.45,1.0000000000053908,0.1555349020511734,0.8262178598643295,0.00033645447332103615,0.018247238089888023,0.0922135369426162,0.15553490205033493,0.8262178598598755,-17.989241055132712,-1.069469010338832,0.0016798358150238622,0.008235178089755435,0.00033631787325822933,0.0006708821952491744
C_freeze,1,23.5,1.0000000000054057,0.1551678363405022,0.8267279582250439,0.0003328506288454484,0.018104205439859494,0.09373845399352343,0.15516783633966344,0.8267279582205749,-18.086977891517314,-1.0697040875960966,0.0016618310362869432,0.008175118984890274,0.00033313611528588147,0.000662422690429299
C_freeze,1,23.55,1.0000000000054197,0.15481507773003114,0.8272215230947652,0.0003292013336692106,0.01796339918062345,0.09525215248407234,0.1548150777291921,0.8272215230902819,-18.18300592354877,-1.069928152114782,0.0016437728658608049,0.008111081600858577,0.00032989431308630906,0.0006540899266018776
C_freeze,1,23.6,1.0000000000054339,0.1544771293714686,0.8276982595327131,0.0003256876338039488,0.017824611101252198,0.09675406915365514,0.15447712937062918,0.8276982595282155,-18.277268554027852,-1.0701412598861848,0.0016256922952076391,0.008043141639941874,0.0003266041442725485,0.0006458798623899935
C_freeze,1,23.650000000000002,1.0000000000054483,0.1541544554794125,0.828158427618937,0.000322475420917468,0.01768711690709895,0.098243693427833,0.15415445547857262,0.8281584276144249,-18.36971589446975,-1.070343597982801,0.001607800164531709,0.007971272059118061,0.00032333588540344127,0.0006377925083213854
C_freeze,1,23.7,1.000000000005463,0.1538474603160903,0.8286024155079221,0.00031959548556480217,0.017550124181450424,0.09972056302985156,0.15384746031524985,0.8286024155033955,-18.46030488000657,-1.0705352815617142,0.0015903223531682751,0.007894255692243463,0.00032016411599085446,0.0006298300051957115
C_freeze,1,23.75,1.000000000005477,0.15355647162345643,0.8290302307413168,0.0003169123156796669,0.01741329764070399,0.10118426623438764,0.1535564716226154,0.8290302307367762,-18.548999081675625,-1.0707161984680618,0.0015733110913401555,0.0078094505457501065,0.00031710607556404986,0.000621992864648006
C_freeze,1,23.8,1.0000000000054914,0.1532817407311851,0.8294412567709506,0.0003142087487652151,0.017277002503355874,0.10263445060431191,0.1532817407303434,0.8294412567663958,-18.635768215228225,-1.0708860254024353,0.0015565713132247856,0.007713793553159831,0.00031409809122185886,0.0006142770395592091
C_freeze,1,23.85,1.0000000000055058,0.1530234608441952,0.8298344588698169,0.00031133162943290047,0.01714208029149374,0.10407083672540093,0.1530234608433527,0.829834458865248,-18.72058738331472,-1.0710444245454227,0.0015397654246915049,0.0076055520375621355,0.0003110304523419126,0.0006066740676657673
C_freeze,1,23.900000000000002,1.0000000000055203,0.15278179272658746,0.8302089276938157,0.0003082976290034022,0.017009279585117047,0.10549323434385825,0.15278179272574408,0.8302089276892327,-18.803436128410237,-1.071191299926336,0.0015226346810355389,0.00748573952750833,0.00030782007117243496,0.0005991744675182341
C_freeze,1,23.95,1.0000000000055345,0.15255688221749003,0.8305644125585202,0.0003052821722380126,0.016878705229524324,0.10690155786508793,0.1525568822166457,0.8305644125539234,-18.884297394837212,-1.07132694033299,0.0015051880769363923,0.007358241055908976,0.0003044719380735973,0.0005917722627156002
C_freeze,1,24.0,1.0000000000055491,0.1523488604475557,0.830901480176608,0.0003024934523454608,0.016749659381385434,0.1082958382514229,0.15234886044671028,0.8309014801719973,-18.963156492704744,-1.0714519413160872,0.0014877236675954963,0.007228487183625684,0.0003010853606226108,0.0005844675857276639
C_freeze,1,24.05,1.0000000000055638,0.15215783078405787,0.8312211591372362,0.0003000142742933526,0.016621010084269812,0.10967622889368502,0.1521578307832113,0.8312211591326114,-19.040000139358156,-1.0715669428313888,0.001470656701173667,0.007101453214052552,0.00029779707668905483,0.0005772654711065027
C_freeze,1,24.1,1.0000000000055786,0.15198385696998967,0.8315242596172228,0.0002977209463063,0.016491883418366157,0.11104300426326867,0.1519838569691418,0.831524259612584,-19.11481563761603,-1.0716723452593202,0.0014542612216912783,0.006980202488881817,0.0002946965845665224,0.0005701714679917109
C_freeze,1,24.150000000000002,1.0000000000055937,0.1518269670343954,0.8318107820556859,0.000295340676493782,0.0163622509155125,0.11239655185789398,0.15182696703354612,0.831810782051033,-19.18759022993035,-1.0717681875450265,0.0014384963402804488,0.006865824882960414,0.0002917698133348397,0.0005631869002759299
C_freeze,1,24.2,1.0000000000056086,0.1516871769572873,0.8320797977987638,0.0002926171953269263,0.01623302524955754,0.11373735917212055,0.15168717695643655,0.832079797794097,-19.258310638744437,-1.0718542684564578,0.001423038516399743,0.0067586745498621386,0.0002889105169585511,0.0005563069655240895
C_freeze,1,24.25,1.0000000000056235,0.1515645239132921,0.8323299066979393,0.0002894793735571066,0.016105569394392148,0.11506599751487896,0.15156452391243977,0.8323299066932587,-19.326962776980906,-1.0719304302596786,0.0014075068952303412,0.006659915977284558,0.00028599460548386327,0.0005495230787787515
C_freeze,1,24.3,1.0000000000056386,0.15145909101414654,0.8325600167608278,0.0002861003073294664,0.015980892230664314,0.11638310402048581,0.15145909101329252,0.8325600167561333,-19.393531601280976,-1.0719968101956412,0.0013917378496364759,0.006572156065190133,0.00028296992936449866,0.00054282806154298
C_freeze,1,24.35,1.000000000005654,0.15137100959996608,0.8327699729796572,0.00028280162867397893,0.01585901742603061,0.11768936310027442,0.15137100959911023,0.8327699729749487,-19.45800107905668,-1.0720538774881716,0.0013759252701231975,0.006498550448020652,0.0002799014928586497,0.0005362207915472487
C_freeze,1,24.400000000000002,1.000000000005669,0.15130043890505665,0.8329606300579715,0.00027985746993014726,0.01573893104264085,0.11898548888201871,0.15130043890419892,0.8329606300532494,-19.52035423795729,-1.0721022093942123,0.0013605242586786728,0.006440840067217934,0.0002769390481885508,0.0005297071141130203
C_freeze,1,24.45,1.0000000000056841,0.15124753719969564,0.8331332882421104,0.0002773202458929745,0.0156191745638783,0.12027221018913048,0.15124753719883594,0.8331332882373748,-19.58057326948512,-1.072142134232981,0.0013459681311847513,0.006397595044689782,0.0002742240013429338,0.0005232961271559502
C_freeze,1,24.5,1.0000000000056994,0.15121244356830163,0.8332888036782652,0.00027498133937128123,0.015498752759132576,0.12155025914191099,0.1512124435674398,0.8332888036735159,-19.63863968072417,-1.07217346898683,0.0013323744895912227,0.0063639522545071905,0.00027179351231949666,0.0005169939526327331
C_freeze,1,24.55,1.0000000000057143,0.15119528174893715,0.8334269058889022,0.0002724976590976389,0.01537781236787492,0.12282036405098747,0.15119528174807317,0.8334269058841398,-19.694534520708554,-1.0721955352385961,0.0013194327050721568,0.006333279796579373,0.0002695446109175508,0.0005107988723195046
C_freeze,1,24.6,1.0000000000057294,0.15119618195472037,0.833546161118394,0.000269610466585612,0.015257656932614966,0.12408324710735386,0.1511961819538541,0.8335461611136182,-19.748238722704524,-1.0722074715053833,0.0013065579993209626,0.006299996433204443,0.0002672856493485428,0.0005047010512753343
C_freeze,1,24.650000000000002,1.0000000000057443,0.15121530353347323,0.8336446532353787,0.00026632160532472717,0.015140043236892541,0.1253396268609436,0.1512153035326046,0.83364465323059,-19.7997335888996,-1.0722086728533358,0.0012932308676025723,0.006261975452438532,0.0002648478469222135,0.0004986873268359318
C_freeze,1,24.7,1.0000000000057592,0.15125283934404413,0.833721022539491,0.0002629139516118734,0.015026138122224291,0.12659022421936067,0.15125283934317305,0.8337210225346895,-19.849001417715442,-1.0721990978055986,0.0012793186198860665,0.006221099537030721,0.00026219008417642596,0.0004927483673567888
C_freeze,1,24.75,1.0000000000057743,0.15130899339110881,0.8337752636700264,0.00025979600348166327,0.014915742944639043,0.12783576935000884,0.15130899339023512,0.8337752636652119,-19.896026254108804,-1.0721792496211693,0.0012651766695756135,0.006181565289173502,0.00025943092955545957,0.0004868838809092349
C_freeze,1,24.8,1.0000000000057896,0.15138394005504194,0.8338087893483078,0.00025725899692285087,0.014807270602439544,0.12907700652826268,0.1513839400541655,0.8338087893434805,-19.940794724496044,-1.0721498291476228,0.0012514543801620934,0.00614686293355572,0.00025678394496345656,0.00048110254527172395
C_freeze,1,24.85,1.0000000000058042,0.15147778559752512,0.8338236712690353,0.00025529236110534084,0.014698543139243774,0.13031469487871356,0.1514777855966459,0.8338236712641957,-19.983296892857663,-1.072111256996608,0.0012387090608614972,0.006117176900541956,0.0002544308821728138,0.0004754164143430555
C_freeze,1,24.900000000000002,1.000000000005819,0.15159055243725966,0.8338214492670355,0.00025357339071195464,0.01458799830152369,0.1315496042559802,0.15159055243637756,0.8338214492621836,-20.02352705976303,-1.0720633510806998,0.0012270538641844307,0.006088751507459039,0.000252406983420322,0.0004698329139234648
C_freeze,1,24.95,1.0000000000058336,0.1517221936330869,0.8338021776321782,0.00025164581853950917,0.014475628740568491,0.13278250633197933,0.15172219363220182,0.8338021776273142,-20.06148444308534,-1.0720053639244846,0.0012160547275606923,0.006055634409602306,0.0002505685287736621,0.00046434914123970566
C_freeze,1,25.0,1.0000000000058484,0.15187262697024612,0.8337642815957963,0.00024918875001227116,0.014363091439806075,0.13401416132255034,0.1518726269693579,0.8337642815909201,-20.09717371583634,-1.071936376019521,0.0012049506266440014,0.006012803303585871,0.0002486662062717255,0.00045895200782882444
C_freeze,1,25.05,1.000000000005863,0.15204176626062915,0.8337053646065993,0.00024621950125631336,0.014252869138634503,0.13524530128807244,0.15204176625973773,0.8337053646017112,-20.13060539354836,-1.0718558271136123,0.0011930810370787952,0.005958832335057063,0.0002464855349048418,0.0004536244323642698
C_freeze,1,25.1,1.0000000000058775,0.15222952936015058,0.8336235699512351,0.00024310684729630008,0.014146900694491942,0.1364766117011496,0.15222952935925585,0.8336235699463355,-20.161796044981696,-1.07176387431253,0.001180276557257884,0.005896482251857621,0.0002439741149627572,0.0004483542123696125
C_freeze,1,25.150000000000002,1.0000000000058922,0.15243581689187424,0.833518759966118,0.00024037773229632818,0.014045423147899706,0.1377087133352433,0.15243581689097607,0.8335187599612067,-20.19076827482334,-1.0716613540274844,0.0011669804093242663,0.005830793725115626,0.00024127997582431505,0.0004431404818513211
C_freeze,1,25.2,1.0000000000059068,0.15266047397469742,0.8333928347325298,0.00023842015672126385,0.013946691298679509,0.1389421459354097,0.15266047397379567,0.8333928347276071,-20.217550430562834,-1.0715493487069894,0.0011540168724361371,0.005765745455748529,0.00023867433863184264,0.00043799385654060913
C_freeze,1,25.25,1.0000000000059215,0.1529032584298937,0.833248955129421,0.00023724882004223693,0.01384778644660664,0.14017735400630538,0.15290325842898828,0.8332489551244869,-20.24217601637811,-1.0714285921261,0.0011421249133831454,0.005701444691240682,0.00023639834769772727,0.0004329298702899636
C_freeze,1,25.3,1.0000000000059357,0.1531638363081575,0.8330900321119005,0.00023647032276559855,0.013746131585877626,0.14141467436472788,0.15316383630724836,0.8330900321069555,-20.264682830268473,-1.0712990533194586,0.0011315159637767826,0.005633601231465807,0.00023451893343441878,0.00042795916347352595
C_freeze,1,25.35,1.0000000000059501,0.15344181054203299,0.8329172705482801,0.00023547631601262555,0.013640918915637157,0.14265432510027065,0.15344181054112,0.8329172705433242,-20.285111870691672,-1.0711599535038443,0.0011217116642682939,0.005555787005514595,0.00023287725448554105,0.0004230799008116707
C_freeze,1,25.400000000000002,1.000000000005965,0.15373676970650815,0.8327295694430008,0.00023376557088606795,0.013533660856456242,0.1438963954782101,0.1537367697055911,0.8327295694380336,-20.303506097835864,-1.0710102349818773,0.0011117684965563778,0.005463386461039419,0.00023116387397328894,0.0004182768746365107
C_freeze,1,25.45,1.0000000000059797,0.15404833225026074,0.8325241556942222,0.00023122054433798712,0.013427512061496557,0.14514083555972765,0.1540483322493396,0.832524155689244,-20.319909174106844,-1.0708492438747077,0.0011007818908320953,0.005357097502957842,0.0002290845705042135,0.0004135281793194547
C_freeze,1,25.5,1.0000000000059943,0.15437616413069338,0.8322981778924858,0.0002281835495298622,0.013325657982815271,0.1463874437220833,0.154376164129768,0.8322981778874968,-20.334364311445327,-1.0706772535006055,0.0010884010758535018,0.005243958536074997,0.00022652830968673048,0.00040881614679331036
C_freeze,1,25.55,1.000000000006009,0.15471996326470733,0.8320504522626639,0.00022528308804572658,0.013229584478637601,0.14763585112474722,0.15471996326377763,0.8320504522576642,-20.34691330148983,-1.070495522915246,0.0010750686824886248,0.005135129160081964,0.00022364398728295077,0.0004041367206397726
C_freeze,1,25.6,1.0000000000060234,0.1550794236145813,0.8317824268977612,0.00022309609801496967,0.01313814949368109,0.14888550432577585,0.15507942361364718,0.831782426892751,-20.357595735369276,-1.070305825698264,0.001061839053101877,0.005041383869849,0.00022077900252920574,0.00039950204551426004
C_freeze,1,25.650000000000002,1.0000000000060378,0.1554542037261099,0.8314977972078268,0.0002218238597439219,0.013047999072101208,0.15013564888618078,0.1554542037251713,0.8314977972028064,-20.366448389256686,-1.0701096704472763,0.0010498536247919733,0.004968554163093256,0.00021830636918066535,0.00039493451724997733
C_freeze,1,25.7,1.0000000000060525,0.15584392221569832,0.8312008903464249,0.0002211576550957613,0.012955187443929244,0.15138531654863077,0.15584392221475507,0.831200890341394,-20.37350476814596,-1.069907611342081,0.0010397407955572576,0.004915267917427379,0.00021642857340802016,0.0003904550753331971
C_freeze,1,25.75,1.0000000000060667,0.15624818749774091,0.8308945909713823,0.00022041420835845592,0.01285722153694359,0.15263331724809026,0.156248187496793,0.8308945909663416,-20.378794817937585,-1.0696990162299997,0.0010312586247057686,0.004874195072483942,0.00021506230336645709,0.00038607171460639704
C_freeze,1,25.8,1.0000000000060816,0.15666664955612963,0.8305788615490352,0.00021887986639225444,0.012754488900916882,0.15387823667099346,0.15666664955517684,0.830578861543984,-20.382344799502693,-1.0694824321404033,0.0010233811325298951,0.004836197550453853,0.0002138689407691096,0.0003817743102225665
C_freeze,1,25.85,1.0000000000060965,0.15709904850511353,0.8302506576942482,0.00021619007776331838,0.012650293806734601,0.15511844075251532,0.1570990485041558,0.8302506576891866,-20.384177288602732,-1.0692563786036298,0.0010148014641232432,0.00479524876097092,0.00021242090425362044,0.00037753875136238156
C_freeze,1,25.900000000000002,1.0000000000061111,0.1575452351268437,0.8299053631504137,0.00021254638058291933,0.012549401728853571,0.15635208890521662,0.15754523512588092,0.8299053631453421,-20.384311263420493,-1.0690201677448334,0.001004605158876849,0.004751549191537528,0.00021042218161560606,0.00037333861403003084
C_freeze,1,25.95,1.0000000000061255,0.15800515241767576,0.8295391001088795,0.00020865098749254138,0.012455747479570166,0.1575771566836552,0.1580051524167079,0.8295391001037982,-20.382762265824258,-1.0687743211513503,0.0009927693505789054,0.004711168486576493,0.00020787024543475732,0.0003691586142746337
C_freeze,1,26.0,1.00000000000614,0.15847878723584707,0.8291507957988098,0.00020538074673674602,0.012370416971483136,0.15879146679206185,0.15847878723487402,0.8291507957937189,-20.37954263298464,-1.0685203490419823,0.0009802219985404984,0.004682340035102676,0.00020507301589303258,0.0003650029508614007
C_freeze,2,0.05,0.18682519364269512,0.1862861641936242,4.161298211239947e-06,0.00018483314901824162,0.000534868150859674,7.796082305653069e-05,0.9971147925043674,2.227375296716388e-05,28.13605071431415,-3.049257500576108,0.01120329769566924,0.048418090944057024,0.0019572169853025218,0.0053316467397616744
C_freeze,2,0.1,0.186825193642698,0.1862657294720104,1.0323199487266887e-05,0.00015169134333805416,0.0005491409712003872,6.950601903697796e-05,0.9970054136715759,5.5255928207466176e-05,27.983394914701023,-3.048925016313182,0.01120329769566924,0.048418090944057024,0.0019572169853025218,0.0053316467397616744
C_freeze,2,0.15,0.18682519364270095,0.18624582414896473,1.6308663701662057e-05,0.00012926533782761394,0.0005630608300345649,6.207322507094974e-05,0.9968988684960539,8.729370693361633e-05,27.83077235224329,-3.0486029573763265,0.01120329769566924,0.048418090944057024,0.0019572169853025218,0.0053316467397616744
C_freeze,2,0.2,0.18682519364270397,0.186238215754946,2.213128136728775e-05,0.00011384065319836345,0.0005648466063906538,5.529269585531338e-05,0.996858143827858,0.00011845983368609791,27.67817004268531,-3.0483167445596386,0.01120329769566924,0.048418090944057024,0.0019572169853025218,0.0053316467397616744
C_freeze,2,0.25,0.18682519364270697,0.1862051226400682,2.7912546245243035e-05,0.00010250855956762421,0.0005921584563934797,4.9182189491424983e-05,0.9966810097152923,0.00014940461562493686,27.525579608484648,-3.0480550168178993,0.01120329769566924,0.048418090944057024,0.0019572169853025218,0.0053316467397616744
C_freeze,2,0.3,0.1868251936427099,0.18618493378504208,3.356835717516166e-05,9.299559825191671e-05,0.0006066915004926988,4.3738971544734115e-05,0.9965729469072984,0.0001796778931184131,27.372995603416364,-3.047803301563728,0.01120329769566924,0.048418090944057024,0.0019572169853025218,0.0053316467397616744
C_freeze,2,0.35000000000000003,0.1868251936427129,0.18617725992501336,3.906442331197489e-05,8.43362147062483e-05,0.0006088692943875654,3.87251194952606e-05,0.9965318718259237,0.0002090961210867643,27.220413238630595,-3.0475556950760496,0.01120329769566924,0.048418090944057024,0.0019572169853025218,0.0053316467397616744
C_freeze,2,0.4,0.1868251936427158,0.18617018596663043,4.449820298142632e-05,7.627078217089569e-05,0.0006105094731039762,3.431007237251771e-05,0.9964940077763923,0.0002381809546871104,27.06782592269887,-3.047311512827523,0.01120329769566924,0.048418090944057024,0.0019572169853025218,0.0053316467397616744
C_freeze,2,0.45,0.18682519364271882,0.18615827794720663,4.985718632181572e-05,6.88555634559357e-05,0.000617058509190403,3.0547874787946e-05,0.996430268945485,0.00026686543366930324,26.91522536501501,-3.0470718935870136,0.01120329769566924,0.048418090944057024,0.0019572169853025218,0.0053316467397616744
C_freeze,2,0.5,0.18682519364272177,0.18614147447046867,5.507643828263805e-05,6.224145749200556e-05,0.0006286427339704747,2.688124071278394e-05,0.9963403267036852,0.00029480198686674124,26.762602354412646,-3.04683784473912,0.01120329769566924,0.048418090944057024,0.0019572169853025218,0.0053316467397616744
C_freeze,2,0.55,0.1868251936427247,0.18612118246001885,6.008958050244284e-05,5.6554763785911946e-05,0.0006439216022034238,2.4488436851228186e-05,0.9962317117462639,0.0003216353176507618,26.609946236814924,-3.0466098876798813,0.01120329769566924,0.048418090944057024,0.0019572169853025218,0.0053316467397616744
C_freeze,2,0.6,0.18682519364272768,0.1860985822109101,6.485730194879402e-05,5.184174116239949e-05,0.0006617541298688009,2.180932634612828e-05,0.9961107417171632,0.0003471550099009821,26.457250919509622,-3.0463879781841947,0.01120329769566924,0.048418090944057024,0.0019572169853025218,0.0053316467397616744
C_freeze,2,0.65,0.1868251936427307,0.18607423776291576,6.941298711745224e-05,4.8121899366433095e-05,0.000681542892697503,1.9640088506470048e-05,0.9959804356940691,0.0003715397573744363,26.304479086155215,-3.04617167118645,0.01120329769566924,0.048418090944057024,0.0019572169853025218,0.0053316467397616744
C_freeze,2,0.7000000000000001,0.18682519364273373,0.18604857681918294,7.368020286033573e-05,4.533426824693421e-05,0.0007029366206904745,1.7867304928084634e-05,0.9958430829996305,0.0003943804442201439,26.15167690564117,-3.045960003973243,0.01120329769566924,0.048418090944057024,0.0019572169853025218,0.0053316467397616744
C_freeze,2,0.75,0.18682519364273673,0.18602162724660332,7.777294063155917e-05,4.327241018751588e-05,0.0007257934555018194,1.7322051707645416e-05,0.9956988327940928,0.00041628722077110923,25.998690289042635,-3.0457503625287483,0.01120329769566924,0.048418090944057024,0.0019572169853025218,0.0053316467397616744
C_freeze,2,0.8,0.18682519364273967,0.18599669549305223,7.879612715962067e-05,4.2186699956310393e-05,0.0007497020225277906,1.6437179201860354e-05,0.995565383160947,0.0004217639260703788,25.847207686731775,-3.0455368602100457,0.01120329769566924,0.048418090944057024,0.0019572169853025218,0.0053316467397616744
C_freeze,2,0.85,0.18682519364274258,0.1859723766545084,7.817458417570416e-05,4.1736012160578014e-05,0.0007746424040585001,1.5387348730468775e-05,0.9954352142149254,0.0004184370568628656,25.696376606244673,-3.045326290477853,0.01120329769566924,0.048418090944057024,0.0019572169853025218,0.0053316467397616744
C_freeze,2,0.9,0.1868251936427455,0.18594736262164618,7.741598683380829e-05,4.18093932281663e-05,0.0008004150342655133,1.3234942008985638e-05,0.9953013241737731,0.0004143765908887331,25.545515490739234,-3.045118422703558,0.01120329769566924,0.048418090944057024,0.0019572169853025218,0.0053316467397616744
C_freeze,2,0.9500000000000001,0.18682519364274847,0.18592183942853135,7.649682060710447e-05,4.2331320586332185e-05,0.0008268573936100065,1.155414520512985e-05,0.995164708802901,0.00040945666435857406,25.39463976798039,-3.0449121708250324,0.01120329769566924,0.048418090944057024,0.0019572169853025218,0.0053316467397616744
C_freeze,2,1.0,0.18682519364275144,0.18589591981762912,7.550277704397476e-05,4.320527487861821e-05,0.0008537710480783596,1.0228203234655202e-05,0.9950259715673075,0.00040413594961047784,25.243699354523052,-3.0447062609509876,0.01120329769566924,0.048418090944057024,0.0019572169853025218,0.0053316467397616744
C_freeze,2,1.05,0.18682519364275432,0.18586966580639377,7.442850574935452e-05,4.4416622695336154e-05,0.0008810993306112062,9.139236369351836e-06,0.994885444421443,0.0003983858081350427,25.09269700923138,-3.04449946337157,0.01120329769566924,0.048418090944057024,0.0019572169853025218,0.0053316467397616744
C_freeze,2,1.1,0.18682519364275726,0.18584316401392725,7.325960567137828e-05,4.584064437884803e-05,0.0009087700231586423,8.21887726387805e-06,0.994743591002465,0.00039212915690302227,24.94163524890258,-3.044290244323638,0.01120329769566924,0.048418090944057024,0.0019572169853025218,0.0053316467397616744
C_freeze,2,1.1500000000000001,0.1868251936427602,0.185816226222051,7.198698023269162e-05,4.737964558748854e-05,0.0009369804404765205,7.446650361148714e-06,0.9945994038542868,0.00038531730560034796,24.79048191403348,-3.04407700997634,0.01120329769566924,0.048418090944057024,0.0019572169853025218,0.0053316467397616744
C_freeze,2,1.2,0.18682519364276323,0.18578921581063998,7.073734500806806e-05,4.909538404559183e-05,0.0009652404871152274,6.768640077859245e-06,0.994454828002993,0.00037862851165206386,24.639254129247483,-3.0438605633379,0.01120329769566924,0.048418090944057024,0.0019572169853025218,0.0053316467397616744
C_freeze,2,1.25,0.18682519364276634,0.18576183527361445,6.947030976818782e-05,5.056139959764406e-05,0.0009938880593836651,6.1638117630161645e-06,0.9943082710183876,0.00037184658243161753,24.487933581981995,-3.0436398899461983,0.01120329769566924,0.048418090944057024,0.0019572169853025218,0.0053316467397616744
C_freeze,2,1.3,0.18682519364276937,0.1857342393383648,6.8130329282933e-05,5.249395262794382e-05,0.0010228239751216635,5.657203655667114e-06,0.9941605610938609,0.000364674206698299,24.33654259524241,-3.0434134036127585,0.01120329769566924,0.048418090944057024,0.0019572169853025218,0.0053316467397616744
C_freeze,2,1.35,0.18682519364277242,0.18570639120591015,6.674643581374897e-05,5.4471818812051284e-05,0.0010520560010485308,5.185726225400124e-06,0.994011501259292,0.0003572667824521275,24.18507187999486,-3.043180435429238,0.01120329769566924,0.048418090944057024,0.0019572169853025218,0.0053316467397616744
C_freeze,2,1.4000000000000001,0.18682519364277553,0.185677871406996,6.533331346518913e-05,5.617209809848938e-05,0.0010819889223143639,4.8286313264273994e-06,0.9938588462647425,0.00034970290778936144,24.033543733571104,-3.042938394108539,0.01120329769566924,0.048418090944057024,0.0019572169853025218,0.0053316467397616744
C_freeze,2,1.45,0.1868251936427786,0.18564912145743231,6.39177862450574e-05,5.8277844422056074e-05,0.0011121543991012,4.335890017065137e-06,0.9937049593664813,0.0003421261608178616,23.881966221725257,-3.042685242592892,0.01120329769566924,0.048418090944057024,0.0019572169853025218,0.0053316467397616744
C_freeze,2,1.5,0.18682519364278172,0.18561972733458557,6.242107583690156e-05,5.999044985316722e-05,0.001143045232359223,3.7930244018728135e-06,0.9935476244681375,0.0003341148729450991,23.730349699322993,-3.042420711879697,0.01120329769566924,0.048418090944057024,0.0019572169853025218,0.0053316467397616744
C_freeze,2,1.55,0.18682519364278485,0.1855868778998273,6.27342030468506e-05,6.249328076326085e-05,0.0011755815399106962,3.254574080553639e-06,0.993371794677086,0.0003357909167582623,23.578160972038784,-3.0421351215705434,0.01120329769566924,0.048418090944057024,0.0019572169853025218,0.0053316467397616744
C_freeze,2,1.6,0.18682519364278802,0.18555246815408033,6.529208189816376e-05,6.430057892811213e-05,0.001207433406809526,2.9742237294121373e-06,0.9931876131698749,0.0003494822118209763,23.425863051300908,-3.0418389623823887,0.01120329769566924,0.048418090944057024,0.0019572169853025218,0.0053316467397616744
C_freeze,2,1.6500000000000001,0.18682519364279113,0.18551758142375224,6.802200170621313e-05,6.63167518685256e-05,0.001239590217332668,2.9533246551933017e-06,0.9930008785563523,0.00036409437281928296,23.273599421246374,-3.041538732658055,0.01120329769566924,0.048418090944057024,0.0019572169853025218,0.0053316467397616744
C_freeze,2,1.7,0.18682519364279426,0.1854824392974865,7.052129503477708e-05,6.869376136584118e-05,0.0012722330502729483,3.0581684369262763e-06,0.9928127769112604,0.0003774720831795966,23.12137020183092,-3.0412342196811477,0.01120329769566924,0.048418090944057024,0.0019572169853025218,0.0053316467397616744
C_freeze,2,1.75,0.18682519364279737,0.18544653344108564,7.298756526247266e-05,7.078493360890231e-05,0.0013056726364492881,3.182638195876354e-06,0.9926205873264198,0.0003906730341841481,22.969158283763548,-3.040924555905042,0.01120329769566924,0.048418090944057024,0.0019572169853025218,0.0053316467397616744
C_freeze,2,1.8,0.18682519364280048,0.185410644926172,7.533734067070532e-05,7.3177213852037e-05,0.0013392113759577774,3.171847426789504e-06,0.9924284905635746,0.00040325043534945393,22.8169650657419,-3.0406109304915434,0.01120329769566924,0.048418090944057024,0.0019572169853025218,0.0053316467397616744
C_freeze,2,1.85,0.1868251936428036,0.18537404685412406,7.761504306825233e-05,7.545451258940519e-05,0.001373531745611225,3.240813890211897e-06,0.9922325958272308,0.0004154420587228013,22.664787476615604,-3.040292001745974,0.01120329769566924,0.048418090944057024,0.0019572169853025218,0.0053316467397616744
C_freeze,2,1.9000000000000001,0.18682519364280664,0.18533694117017258,7.987219346763088e-05,7.774005516878633e-05,0.0014083802791664244,3.3394652256427734e-06,0.9920339840488566,0.00042752367552921955,22.51259637918294,-3.0399668854946302,0.01120329769566924,0.048418090944057024,0.0019572169853025218,0.0053316467397616744
C_freeze,2,1.95,0.18682519364280975,0.18529949875055146,8.200598881114368e-05,8.025628301863216e-05,0.0014436889034472108,3.5181929489521598e-06,0.9918335698600946,0.0004389450224145388,22.360404066908455,-3.039634580877393,0.01120329769566924,0.048418090944057024,0.0019572169853025218,0.0053316467397616744
C_freeze,2,2.0,0.18682519364281283,0.1852615992945737,8.405078112905136e-05,8.314579362709001e-05,0.0014795435671101165,3.710894362665055e-06,0.9916307093398306,0.0004498899719582054,22.20818309051567,-3.0392937035570733,0.01120329769566924,0.048418090944057024,0.0019572169853025218,0.0053316467397616744
C_freeze,2,2.05,0.1868251936428159,0.18522317487807247,8.608772779961371e-05,8.576257840558795e-05,0.0015159310369438146,4.022875116088594e-06,0.991425038917362,0.00046079292691221085,22.05594175907419,-3.038942924543868,0.01120329769566924,0.048418090944057024,0.0019572169853025218,0.0053316467397616744
C_freeze,2,2.1,0.18682519364281902,0.18518440014291987,8.805276792466842e-05,8.830154105305451e-05,0.0015527407319744881,4.339844969902461e-06,0.9912174933802766,0.0004713109950952961,21.903643122074886,-3.038581463468943,0.01120329769566924,0.048418090944057024,0.0019572169853025218,0.0053316467397616744
C_freeze,2,2.15,0.18682519364282213,0.18514485459583419,9.001803238728374e-05,9.120425229672091e-05,0.0015903210146006304,4.571565263044759e-06,0.9910058219974311,0.0004818302640669697,21.75132499477607,-3.0382089137877215,0.01120329769566924,0.048418090944057024,0.0019572169853025218,0.0053316467397616744
C_freeze,2,2.2,0.1868251936428252,0.18510516665080554,9.206762969332672e-05,9.406221555665324e-05,0.0016279593623263775,5.047131320395564e-06,0.9907933884157613,0.0004928009327764583,21.598908897910768,-3.0378247410320762,0.01120329769566924,0.048418090944057024,0.0019572169853025218,0.0053316467397616744
C_freeze,2,2.25,0.18682519364282818,0.18506456740178187,9.411754139641973e-05,9.725527796778279e-05,0.00166650869964992,6.4853228841824085e-06,0.9905760769909209,0.0005037732843267025,21.446412364480484,-3.0374277389336095,0.01120329769566924,0.048418090944057024,0.0019572169853025218,0.0053316467397616744
C_freeze,2,2.3000000000000003,0.18682519364283132,0.1850252186991411,9.445024308360527e-05,0.00010030061850282789,0.0017055247006066176,7.877698573483786e-06,0.9903654592370911,0.0005055541024310316,21.294666013731554,-3.0369952528393487,0.01120329769566924,0.048418090944057024,0.0019572169853025218,0.0053316467397616744
C_freeze,2,2.35,0.18682519364283443,0.1849880970253337,9.212886055497546e-05,0.00010391532107368398,0.001744967756945751,9.047330770484909e-06,0.9901667618714592,0.0004931286769123015,21.14436049962727,-3.0365372197935936,0.01120329769566924,0.048418090944057024,0.0019572169853025218,0.0053316467397616744
C_freeze,2,2.4,0.1868251936428375,0.18494996425543658,8.996638239703964e-05,0.00010687593945125482,0.0017852630050038524,9.18904432439928e-06,0.9899626525157742,0.0004815538024760868,20.993977326935784,-3.0360673317600484,0.01120329769566924,0.048418090944057024,0.0019572169853025218,0.0053316467397616744
C_freeze,2,2.45,0.18682519364284061,0.18491160096871218,8.78908912653068e-05,0.00011029664294754366,0.0018257017828631,9.185452198512628e-06,0.9897573092963752,0.00047044453454886,20.843559414211054,-3.0355854103117,0.01120329769566924,0.048418090944057024,0.0019572169853025218,0.0053316467397616744
C_freeze,2,2.5,0.18682519364284372,0.1848722465591635,8.59094001659712e-05,0.00011361815572516861,0.0018670376835142216,8.904834503425255e-06,0.9895466609957665,0.0004598384109276256,20.693112250233987,-3.0350909902964247,0.01120329769566924,0.048418090944057024,0.0019572169853025218,0.0053316467397616744
C_freeze,2,2.5500000000000003,0.18682519364284686,0.1848326630028524,8.410940699053943e-05,0.0001171351875309167,0.0019084212330039054,8.672520022443195e-06,0.9893347861648489,0.0004502037725775418,20.542612163251903,-3.0345836977327294,0.01120329769566924,0.048418090944057024,0.0019572169853025218,0.0053316467397616744
C_freeze,2,2.6,0.18682519364284997,0.18479197120331678,8.23347146624284e-05,0.00012123648512606912,0.0019508877248708067,8.321032543790574e-06,0.9891169793544009,0.0004407045594708498,20.392090253807275,-3.034062386984192,0.01120329769566924,0.048418090944057024,0.0019572169853025218,0.0053316467397616744
C_freeze,2,2.65,0.1868251936428531,0.18475083117733865,8.065879672724945e-05,0.0001249835698813589,0.001993703668787228,7.937753128035117e-06,0.9888967733683716,0.00043173404589876637,20.24150168139822,-3.0335300844979223,0.01120329769566924,0.048418090944057024,0.0019572169853025218,0.0053316467397616744
C_freeze,2,2.7,0.18682519364285627,0.18470919923796178,7.915104841675616e-05,0.00012918557620810015,0.0020368433564777197,7.5915906218483645e-06,0.9886739343680836,0.00042366367658135546,20.09085963176873,-3.0329824558371894,0.01120329769566924,0.048418090944057024,0.0019572169853025218,0.0053316467397616744
C_freeze,2,2.75,0.18682519364285943,0.1846663300144017,7.76671563807746e-05,0.00013315092340430821,0.00208119647207694,7.216985260369677e-06,0.9884444726839963,0.00041572100029102835,19.940159625917516,-3.0324191309223028,0.01120329769566924,0.048418090944057024,0.0019572169853025218,0.0053316467397616744
C_freeze,2,2.8000000000000003,0.18682519364286249,0.18462359314073837,7.624420289663035e-05,0.00013760161287062483,0.002125356299227494,6.97927284271599e-06,0.9882157194155906,0.00040810450351990416,19.78939521586908,-3.0318438261860137,0.01120329769566924,0.048418090944057024,0.0019572169853025218,0.0053316467397616744
C_freeze,2,2.85,0.18682519364286565,0.1845798474697446,7.492742901642333e-05,0.00014144881462130693,0.0021704187441046133,6.721741804539045e-06,0.9879815664614632,0.00040105634339474754,19.638571825257838,-3.031251177678194,0.01120329769566924,0.048418090944057024,0.0019572169853025218,0.0053316467397616744
C_freeze,2,2.9,0.18682519364286876,0.18453563254642497,7.366875651136801e-05,0.00014591425756066737,0.0022158923399324616,6.468999310983138e-06,0.9877449017886717,0.00039431917652493753,19.48770641773578,-3.030639467302068,0.01120329769566924,0.048418090944057024,0.0019572169853025218,0.0053316467397616744
C_freeze,2,2.95,0.18682519364287187,0.1844908800978112,7.244532768376829e-05,0.00015138183577596058,0.0022618682173768884,6.139511789273833e-06,0.9875053599595199,0.00038777065486281313,19.336806730935322,-3.0300084691774716,0.01120329769566924,0.048418090944057024,0.0019572169853025218,0.0053316467397616744
C_freeze,2,3.0,0.1868251936428749,0.18444541022119215,7.104661226960565e-05,0.00015546735486678923,0.002308736809413162,5.5800601986810424e-06,0.9872619780272686,0.00038028389471611937,19.185906579261612,-3.0293569381274885,0.01120329769566924,0.048418090944057024,0.0019572169853025218,0.0053316467397616744
C_freeze,2,3.0500000000000003,0.186825193642878,0.18439728724501192,7.13804577647802e-05,0.00016083729203934496,0.0023565259401013084,5.067040258660006e-06,0.9870043951218533,0.0003820708351638382,19.03455660009323,-3.0286491891392315,0.01120329769566924,0.048418090944057024,0.0019572169853025218,0.0053316467397616744
C_freeze,2,3.1,0.18682519364288103,0.18434636753476952,7.360531871458556e-05,0.00016633034291118162,0.002405220789396951,4.686684838069762e-06,0.9867318424256537,0.00039397961955432606,18.882900990577287,-3.0278768293343434,0.01120329769566924,0.048418090944057024,0.0019572169853025218,0.0053316467397616744
C_freeze,2,3.15,0.1868251936428841,0.18429492243002163,7.665318054497274e-05,0.0001723739718835993,0.002453618032317504,4.613643382574272e-06,0.9864564775043184,0.00041029359611688724,18.731344557821355,-3.027076863144804,0.01120329769566924,0.048418090944057024,0.0019572169853025218,0.0053316467397616744
C_freeze,2,3.2,0.18682519364288713,0.18424348377769942,7.955003095604758e-05,0.00017764066176393717,0.0025021598342316494,4.546662965674503e-06,0.9861811471202186,0.0004257992693860442,18.57982800460922,-3.026255661685072,0.01120329769566924,0.048418090944057024,0.0019572169853025218,0.0053316467397616744
C_freeze,2,3.25,0.18682519364289019,0.1841904979395933,8.236890213696246e-05,0.00018351328056249205,0.002552326801159946,4.525714535632854e-06,0.9858975352738935,0.00044088755124968706,18.42838225622523,-3.025411624784629,0.01120329769566924,0.048418090944057024,0.0019572169853025218,0.0053316467397616744
C_freeze,2,3.3000000000000003,0.18682519364289324,0.18413755269405513,8.507446964639807e-05,0.00018943010660592226,0.002602566479191739,4.575138728780769e-06,0.985614140703232,0.00045536936420370345,18.27698786174945,-3.0245433442644143,0.01120329769566924,0.048418090944057024,0.0019572169853025218,0.0053316467397616744
C_freeze,2,3.35,0.18682519364289632,0.18408386564615725,8.781144312947082e-05,0.00019576695629654921,0.0026535165536095773,4.623669040062153e-06,0.98532677556337,0.0004700192806828636,18.125626179647508,-3.023654570801991,0.01120329769566924,0.048418090944057024,0.0019572169853025218,0.0053316467397616744
C_freeze,2,3.4,0.18682519364289935,0.1840296040714188,9.050568247831723e-05,0.00020258586020919427,0.0027050838890022386,4.727796927170216e-06,0.9850363352127761,0.00048444045855673635,17.974309975828877,-3.0227427299402754,0.01120329769566924,0.048418090944057024,0.0019572169853025218,0.0053316467397616744
C_freeze,2,3.45,0.18682519364290234,0.1839750147613129,9.31120587706364e-05,0.00020941435326057332,0.0027570668228188216,4.853810938188319e-06,0.9847441406267867,0.0004983913408841999,17.823016542957948,-3.021805191023996,0.01120329769566924,0.048418090944057024,0.0019572169853025218,0.0053316467397616744
C_freeze,2,3.5,0.1868251936429054,0.18391869999948923,9.558583466937728e-05,0.00021640886288053741,0.0028109078087467697,5.098587486898284e-06,0.9844427103928414,0.0005116324667222262,17.67176160233437,-3.0208432487075023,0.01120329769566924,0.048418090944057024,0.0019572169853025218,0.0053316467397616744
C_freeze,2,3.5500000000000003,0.18682519364290842,0.18386253435799008,9.803773678639929e-05,0.00022481020384848414,0.002864621548131907,5.309474480820795e-06,0.984142078339921,0.000524756511018452,17.52049713198366,-3.0198562465641032,0.01120329769566924,0.048418090944057024,0.0019572169853025218,0.0053316467397616744
C_freeze,2,3.6,0.1868251936429115,0.1838049069482592,0.00010051451071553842,0.00023148966769389215,0.0029197721839367098,5.640505698723919e-06,0.9838336220305216,0.000538013684105458,17.369231945152695,-3.018841453682588,0.01120329769566924,0.048418090944057024,0.0019572169853025218,0.0053316467397616744
C_freeze,2,3.65,0.1868251936429146,0.18374616280602352,0.00010299403966515091,0.00023959793590232992,0.0029760367972259125,5.907225235084925e-06,0.9835191883018939,0.0005512856037072117,17.217965439213806,-3.0177991732632994,0.01120329769566924,0.048418090944057024,0.0019572169853025218,0.0053316467397616744
C_freeze,2,3.7,0.18682519364291766,0.1836866365500668,0.00010560785356297774,0.00024738430541913043,0.0030329492392879237,6.51061581189568e-06,0.9832005682335883,0.0005652762965407542,17.06663640753892,-3.0167252782572036,0.01120329769566924,0.048418090944057024,0.0019572169853025218,0.0053316467397616744
C_freeze,2,3.75,0.1868251936429207,0.18362609633686242,0.0001081633028798086,0.000256269683140189,0.0030909340031784684,7.060546553394578e-06,0.9828765208606034,0.0005789545872840967,16.91529227421657,-3.015623944488234,0.01120329769566924,0.048418090944057024,0.0019572169853025218,0.0053316467397616744
C_freeze,2,3.8000000000000003,0.18682519364292374,0.18356543939925452,0.00011001938612588546,0.00026517057820504695,0.0031497348575433063,8.71163973515612e-06,0.9825518487089083,0.0005888894531867254,16.764334147933862,-3.0144736764997013,0.01120329769566924,0.048418090944057024,0.0019572169853025218,0.0053316467397616744
C_freeze,2,3.85,0.1868251936429268,0.18350655637558022,0.00010866065305601189,0.0002739964325346907,0.003209976614290582,9.940038435578567e-06,0.9822366716038877,0.0005816167024223276,16.615003275971496,-3.0132591773988215,0.01120329769566924,0.048418090944057024,0.0019572169853025218,0.0053316467397616744
C_freeze,2,3.9,0.18682519364292977,0.18344604978193008,0.00010739385977731054,0.0002831108265297785,0.0032717500012224053,1.0967587109598848e-05,0.9819128041828337,0.000574836068322602,16.46567784812803,-3.0120099261165634,0.01120329769566924,0.048418090944057024,0.0019572169853025218,0.0053316467397616744
C_freeze,2,3.95,0.18682519364293274,0.1833834618320097,0.00010615936825599732,0.00029421471950059284,0.0033355724426670616,1.0656200776581307e-05,0.9815777961001289,0.0005682283325175782,16.31638193568338,-3.0107172474596573,0.01120329769566924,0.048418090944057024,0.0019572169853025218,0.0053316467397616744
C_freeze,2,4.0,0.18682519364293576,0.1833197072383841,0.00010526518893032519,0.0003037174225872696,0.0034002212156213256,1.0472097883206063e-05,0.9812365434436459,0.0005634421508027993,16.167131226557622,-3.009383138988836,0.01120329769566924,0.048418090944057024,0.0019572169853025218,0.0053316467397616744
C_freeze,2,4.05,0.18682519364293868,0.18325423063651494,0.00010419622700032489,0.0003144503694113219,0.003466766779423435,1.0213327908806164e-05,0.9808860735707381,0.0005577204282173275,16.017923242046038,-3.0080063677216478,0.01120329769566924,0.048418090944057024,0.0019572169853025218,0.0053316467397616744
C_freeze,2,4.1,0.18682519364294167,0.1831867802431767,0.00010347300520739357,0.0003243953188664591,0.003534940394557584,1.0047588728613563e-05,0.9805250387872276,0.0005538493133059457,15.86868408477449,-3.006587076008328,0.01120329769566924,0.048418090944057024,0.0019572169853025218,0.0053316467397616744
C_freeze,2,4.15,0.18682519364294467,0.18311768255707822,0.00010294254464300744,0.0003371412935503057,0.0036045685412233928,9.748782934962089e-06,0.9801551867091751,0.0005510099715980945,15.719475241804973,-3.005120887647016,0.01120329769566924,0.048418090944057024,0.0019572169853025218,0.0053316467397616744
C_freeze,2,4.2,0.18682519364294758,0.18304594818213812,0.00010239319939177869,0.00034741207686482073,0.003676852261417664,9.339129220167225e-06,0.9797712214979304,0.0005480695477691742,15.570267570769522,-3.003608058629044,0.01120329769566924,0.048418090944057024,0.0019572169853025218,0.0053316467397616744
C_freeze,2,4.25,0.18682519364295053,0.18297244816448072,0.00010184420237802408,0.0003591341901608688,0.0037509012760917684,9.104059282411714e-06,0.9793778055124998,0.0005451309879151674,15.421056884000059,-3.002053062838376,0.01120329769566924,0.048418090944057024,0.0019572169853025218,0.0053316467397616744
C_freeze,2,4.3,0.18682519364295339,0.18289634236063176,0.00010171893004766409,0.0003715640766200201,0.003827132352273942,8.73112755382078e-06,0.9789704418033139,0.0005444604555960576,15.27181927376645,-3.000453669389937,0.01120329769566924,0.048418090944057024,0.0019572169853025218,0.0053316467397616744
C_freeze,2,4.3500000000000005,0.18682519364295624,0.18281748126997507,0.00010167849792455419,0.000384656796220068,0.0039060338750566627,8.46416496227929e-06,0.9785483301537995,0.0005442440387289154,15.12260932474023,-2.9988064826866307,0.01120329769566924,0.048418090944057024,0.0019572169853025218,0.0053316467397616744
C_freeze,2,4.4,0.18682519364295905,0.18273565859884866,0.00010176885012829874,0.00039818505946819134,0.0039877661939820746,8.244769619069391e-06,0.9781103663570884,0.00054472765767763,14.97341010579796,-2.9971091340935043,0.01120329769566924,0.048418090944057024,0.0019572169853025218,0.0053316467397616744
C_freeze,2,4.45,0.18682519364296182,0.1826517629408124,0.00010194228062855347,0.0004122722165933702,0.0040714884215208875,8.027690133983077e-06,0.9776613066965412,0.0005456559612798983,14.824218379553036,-2.995365623276623,0.01120329769566924,0.048418090944057024,0.0019572169853025218,0.0053316467397616744
C_freeze,2,4.5,0.18682519364296468,0.18256434760660606,0.00010155974882120992,0.0004256415374801673,0.004159286287537403,7.435824197484829e-06,0.9771934076273386,0.0005436084226161559,14.675152471445271,-2.993567214002151,0.01120329769566924,0.048418090944057024,0.0019572169853025218,0.0053316467397616744
C_freeze,2,4.55,0.18682519364296749,0.18247449015725734,0.00010286508829769263,0.0004412329637304082,0.004247838397412445,7.0173519636952805e-06,0.9767124368995728,0.0005505953789844483,14.52574555569856,-2.991722871521951,0.01120329769566924,0.048418090944057024,0.0019572169853025218,0.0053316467397616744
C_freeze,2,4.6000000000000005,0.1868251936429702,0.1823778182413087,0.0001059217361561456,0.0004577575788639949,0.004341453665505403,6.57162976643956e-06,0.9761949910772708,0.0005669563836158303,14.375981799084498,-2.9897503027766756,0.01120329769566924,0.048418090944057024,0.0019572169853025218,0.0053316467397616744
C_freeze,2,4.65,0.186825193642973,0.18227560659720748,0.00011063590106272822,0.00047368569119189127,0.004438951144702768,6.582559761762013e-06,0.9756478933218189,0.0005921894092836098,14.226319118370952,-2.9877107412490025,0.01120329769566924,0.048418090944057024,0.0019572169853025218,0.0053316467397616744
C_freeze,2,4.7,0.18682519364297576,0.18217227768291389,0.00011513157733356861,0.0004898683508830031,0.004537784382728294,6.430772323160965e-06,0.9750948152691139,0.0006162529533012868,14.076778734956342,-2.9855892145473977,0.01120329769566924,0.048418090944057024,0.0019572169853025218,0.0053316467397616744
C_freeze,2,4.75,0.18682519364297845,0.18206438062984454,0.00011968325278023206,0.0005075371595705382,0.004641129760353682,6.451040467634933e-06,0.974517285809794,0.0006406162383481634,13.927354028142718,-2.9833912734095756,0.01120329769566924,0.048418090944057024,0.0019572169853025218,0.0053316467397616744
C_freeze,2,4.8,0.18682519364298128,0.1819520139745012,0.00012419675084062462,0.0005244517673284867,0.004748982917639381,6.481192615583518e-06,0.973915832370057,0.0006647751752258948,13.778077058166234,-2.9811022206289386,0.01120329769566924,0.048418090944057024,0.0019572169853025218,0.0053316467397616744
C_freeze,2,4.8500000000000005,0.18682519364298392,0.18183712800624616,0.00012853365430048132,0.0005445799980930404,0.004859531982437293,6.543602900492682e-06,0.973300894063197,0.0006879888723471868,13.628897252571937,-2.9787380365910665,0.01120329769566924,0.048418090944057024,0.0019572169853025218,0.0053316467397616744
C_freeze,2,4.9,0.18682519364298666,0.18171475791764932,0.00013321851602893158,0.0005621577878499892,0.004977217209308411,6.566655454386902e-06,0.9726458962750864,0.0007130650499070554,13.479828978981798,-2.9762858463561908,0.01120329769566924,0.048418090944057024,0.0019572169853025218,0.0053316467397616744
C_freeze,2,4.95,0.1868251936429893,0.18159191542048922,0.00013769439616668228,0.0005855385763622753,0.005095583826333377,6.709472448833894e-06,0.9719883698742444,0.0007370226331990708,13.330891623321213,-2.9737468625532757,0.01120329769566924,0.048418090944057024,0.0019572169853025218,0.0053316467397616744
C_freeze,2,5.0,0.18682519364299202,0.18146121626290346,0.00014219751593259276,0.0006049173585781108,0.005221779864155944,6.919224435276946e-06,0.9712887899351589,0.00076112601924728,13.182065784522528,-2.9711230336587167,0.01120329769566924,0.048418090944057024,0.0019572169853025218,0.0053316467397616744
C_freeze,2,5.05,0.18682519364299469,0.18132758912338315,0.00014662436843017508,0.0006261684833651282,0.0053509801511813825,7.171354044385614e-06,0.9705735376883006,0.000784821177332006,13.033342272177116,-2.9684058503919206,0.01120329769566924,0.048418090944057024,0.0019572169853025218,0.0053316467397616744
C_freeze,2,5.1000000000000005,0.18682519364299738,0.1811861721194072,0.00015144841252430453,0.0006505177932716062,0.005487573111065856,7.40063638658795e-06,0.9698165894351181,0.0008106423420264505,12.884722636410089,-2.965598852088632,0.01120329769566924,0.048418090944057024,0.0019572169853025218,0.0053316467397616744
C_freeze,2,5.15,0.18682519364300004,0.18103922115774435,0.00015639143744395793,0.0006764684711146166,0.005629581047811746,7.666715811301552e-06,0.969030020135764,0.0008371003631491089,12.736177942803653,-2.9626921630996175,0.01120329769566924,0.048418090944057024,0.0019572169853025218,0.0053316467397616744
C_freeze,2,5.2,0.1868251936430027,0.18088702727701209,0.00016127372048841781,0.0007041291520625325,0.005776892645502239,8.231391888364072e-06,0.9682153876027146,0.0008632332574834085,12.587748762364814,-2.9596874849838706,0.01120329769566924,0.048418090944057024,0.0019572169853025218,0.0053316467397616744
C_freeze,2,5.25,0.18682519364300545,0.18072992894073267,0.00016616143273524687,0.0007288652422916567,0.0059291032695375214,8.458839683272706e-06,0.9673745034948557,0.0008893952121508628,12.439384494976604,-2.9565721088030132,0.01120329769566924,0.048418090944057024,0.0019572169853025218,0.0053316467397616744
C_freeze,2,5.3,0.18682519364300804,0.1805663512750273,0.00017095616477254996,0.0007567745948313404,0.006087886203208176,1.0287002412413453e-05,0.966498938146745,0.0009150594812133252,12.29135744235229,-2.953388987680844,0.01120329769566924,0.048418090944057024,0.0019572169853025218,0.0053316467397616744
C_freeze,2,5.3500000000000005,0.1868251936430106,0.1803996606253232,0.0001733695535600159,0.0007856588653886978,0.006252163464127383,1.1164796336642023e-05,0.9656067102493391,0.0009279773791713231,12.144494575027418,-2.950122241478042,0.01120329769566924,0.048418090944057024,0.0019572169853025218,0.0053316467397616744
C_freeze,2,5.4,0.1868251936430132,0.18022515389560145,0.0001750498087145188,0.000816807612048649,0.006424989938697224,1.2425119226809385e-05,0.9646726460242662,0.0009369711081311931,11.998540155491087,-2.9467567923948113,0.01120329769566924,0.048418090944057024,0.0019572169853025218,0.0053316467397616744
C_freeze,2,5.45,0.1868251936430158,0.18004525194649573,0.00017690463469556832,0.0008479770999532192,0.006603037061824449,1.2073497280352499e-05,0.9637097033632673,0.0009468992444006046,11.85253790213521,-2.9432566185895492,0.01120329769566924,0.048418090944057024,0.0019572169853025218,0.0053316467397616744
C_freeze,2,5.5,0.18682519364301836,0.1798566972638159,0.00017940216455790848,0.0008812377467365558,0.006789094214644576,1.1877046247412827e-05,0.9627004461051558,0.0009602675156366028,11.706729058587028,-2.9396337518079068,0.01120329769566924,0.048418090944057024,0.0019572169853025218,0.0053316467397616744
C_freeze,2,5.55,0.18682519364302094,0.17965690422009162,0.00018227765700706844,0.0009159384539698553,0.006986011765922319,1.1614781306130827e-05,0.9616310344276895,0.0009756588683395572,11.560992242486797,-2.9358589429724122,0.01120329769566924,0.048418090944057024,0.0019572169853025218,0.0053316467397616744
C_freeze,2,5.6000000000000005,0.18682519364302358,0.17945038791935986,0.00018549581803002356,0.000950398287264067,0.007189309905633685,1.1346045861484789e-05,0.9605256358638914,0.0009928843878757587,11.415360784121306,-2.9319463642623287,0.01120329769566924,0.048418090944057024,0.0019572169853025218,0.0053316467397616744
C_freeze,2,5.65,0.1868251936430261,0.17923483675623572,0.00018893483540023616,0.0009886599477488738,0.00740142205139017,1.0940742393288488e-05,0.9593718773213554,0.0010112920624679828,11.269876240955837,-2.9278589109238013,0.01120329769566924,0.048418090944057024,0.0019572169853025218,0.0053316467397616744
C_freeze,2,5.7,0.18682519364302866,0.1790147358727678,0.00019284703423198317,0.001027914824678494,0.007617610736028859,1.0646602619908416e-05,0.9581937659586508,0.001032232486805075,11.12450977739224,-2.9236300840283556,0.01120329769566924,0.048418090944057024,0.0019572169853025218,0.0053316467397616744
C_freeze,2,5.75,0.18682519364303124,0.17878001099390564,0.00019731792321224726,0.0010714969554340115,0.007847864725913301,1.036740078021069e-05,0.9569373782398021,0.0010561633544417172,10.979310733716671,-2.9192331753721996,0.01120329769566924,0.048418090944057024,0.0019572169853025218,0.0053316467397616744
C_freeze,2,5.8,0.18682519364303374,0.17854105234522535,0.00020134211428259004,0.0011140665538723951,0.008082799183525802,9.96990241979136e-06,0.9556583288566698,0.0010777032281165126,10.834210571456197,-2.9146629898102807,0.01120329769566924,0.048418090944057024,0.0019572169853025218,0.0053316467397616744
C_freeze,2,5.8500000000000005,0.18682519364303624,0.17828912845971173,0.0002065258499313099,0.0011606311874327476,0.008329539333393157,9.697736550223948e-06,0.954309881783748,0.001105449676802773,10.689282859710481,-2.909903986200299,0.01120329769566924,0.048418090944057024,0.0019572169853025218,0.0053316467397616744
C_freeze,2,5.9,0.18682519364303868,0.17802229625998728,0.00021232968233160136,0.001209595175761434,0.008590567700719781,9.409040219923933e-06,0.9528816365105938,0.0011365152535973994,10.544530297269624,-2.9049600833049625,0.01120329769566924,0.048418090944057024,0.0019572169853025218,0.0053316467397616744
C_freeze,2,5.95,0.18682519364304118,0.17775607082818015,0.00021769944652941554,0.0012589558880602611,0.008851423368331628,9.302046158848103e-06,0.9514566390216674,0.0011652574381663132,10.399946155630296,-2.899836164777154,0.01120329769566924,0.048418090944057024,0.0019572169853025218,0.0053316467397616744
C_freeze,2,6.0,0.18682519364304367,0.17746561349503884,0.00022348722104908856,0.0013106053808060272,0.009136092926955738,8.783644961847249e-06,0.9499019379265965,0.0011962370635948219,10.255664523692621,-2.8944905887857026,0.01120329769566924,0.048418090944057024,0.0019572169853025218,0.0053316467397616744
C_freeze,2,6.05,0.18682519364304614,0.17717112706477273,0.00023086668582603478,0.001366511411159295,0.009423199892447384,8.450159639836786e-06,0.9483256706977178,0.0012357363657662555,10.111366583782646,-2.888987563522031,0.01120329769566924,0.048418090944057024,0.0019572169853025218,0.0053316467397616744
C_freeze,2,6.1000000000000005,0.1868251936430486,0.17685550511415565,0.00023968718515150712,0.0014211674620415334,0.009730001343741438,8.058112354877121e-06,0.9466362735427365,0.00128294894536257,9.96695030517197,-2.8833888728481956,0.01120329769566924,0.048418090944057024,0.0019572169853025218,0.0053316467397616744
C_freeze,2,6.15,0.18682519364305097,0.17653316968734256,0.0002508951547879847,0.0014835230802737326,0.010041128800920444,8.178927469523713e-06,0.9449109418541677,0.0013429406917535225,9.822683687260719,-2.877661973964723,0.01120329769566924,0.048418090944057024,0.0019572169853025218,0.0053316467397616744
C_freeze,2,6.2,0.18682519364305342,0.17619061861503693,0.0002633293315561798,0.001543201435787626,0.010371245696460332,8.105967952057494e-06,0.9430774039590463,0.0014094958309493017,9.678753380577366,-2.8716884970799614,0.01120329769566924,0.048418090944057024,0.0019572169853025218,0.0053316467397616744
C_freeze,2,6.25,0.18682519364305578,0.1758395395223991,0.000275320972568462,0.001610982572826764,0.010710333148088171,8.104366170423182e-06,0.9411982190065564,0.0014736822545169382,9.535158540794587,-2.8655139337774815,0.01120329769566924,0.048418090944057024,0.0019572169853025218,0.0053316467397616744
C_freeze,2,6.3,0.1868251936430581,0.1754760729080843,0.0002883673563135906,0.0016773026678981837,0.011060753378660191,8.139116454921101e-06,0.9392527286407794,0.0015435142910357985,9.39186134288406,-2.859053520104494,0.01120329769566924,0.048418090944057024,0.0019572169853025218,0.0053316467397616744
C_freeze,2,6.3500000000000005,0.18682519364306044,0.17508473702828384,0.0003024206505675651,0.001753287937596844,0.011438035964209007,8.276373443699231e-06,0.9371580653238483,0.0016187359138797736,9.248885528244557,-2.852375698640936,0.01120329769566924,0.048418090944057024,0.0019572169853025218,0.0053316467397616744
C_freeze,2,6.4,0.18682519364306271,0.17469515960818713,0.00031494310355485787,0.0018209640918634153,0.011815090931320752,8.403364644141348e-06,0.9350728143333253,0.0016857635601147548,9.106240175865844,-2.8454220254858704,0.01120329769566924,0.048418090944057024,0.0019572169853025218,0.0053316467397616744
C_freeze,2,6.45,0.18682519364306496,0.17427789355461062,0.00033045056564825505,0.0019040581855090323,0.012216849522806059,8.636424119618846e-06,0.9328393572420092,0.0017687687575990987,8.96392654721058,-2.8381635498772764,0.01120329769566924,0.048418090944057024,0.0019572169853025218,0.0053316467397616744
C_freeze,2,6.5,0.1868251936430672,0.17383783086053803,0.0003451910252828164,0.001987362112737882,0.012642171757246357,8.881811131057917e-06,0.9304838789176273,0.0018476684999043,8.821974489162564,-2.8306409194259516,0.01120329769566924,0.048418090944057024,0.0019572169853025218,0.0053316467397616744
C_freeze,2,6.55,0.18682519364306954,0.1733965908101355,0.00036043323683298856,0.0020659374806142957,0.013068169596101058,9.076491071933647e-06,0.9281220986791029,0.001929253918085577,8.680326825291543,-2.82281033382872,0.01120329769566924,0.048418090944057024,0.0019572169853025218,0.0053316467397616744
C_freeze,2,6.6000000000000005,0.18682519364307176,0.17292455124336253,0.0003768013133521173,0.0021609707258985517,0.013523841086357144,9.323288150954132e-06,0.9255954610368754,0.0020168656378967476,8.53905970819622,-2.8146381380088843,0.01120329769566924,0.048418090944057024,0.0019572169853025218,0.0053316467397616744
C_freeze,2,6.65,0.18682519364307404,0.17242864131159844,0.00039406257259110087,0.0022571188627505106,0.014002489758884464,9.609151791817723e-06,0.9229410549469043,0.0021092582049932187,8.39811408714596,-2.806153477229627,0.01120329769566924,0.048418090944057024,0.0019572169853025218,0.0053316467397616744
C_freeze,2,6.7,0.1868251936430763,0.17191654353688285,0.0004123850316207753,0.0023484990793566952,0.014496265074572669,1.032575387012697e-05,0.9202000018548037,0.0022073309470703618,8.25755324283174,-2.7973390356248755,0.01120329769566924,0.048418090944057024,0.0019572169853025218,0.0053316467397616744
C_freeze,2,6.75,0.18682519364307856,0.1713833420773632,0.0004308915731976608,0.0024495084850297433,0.01501095999251766,1.0508601510657549e-05,0.917345989239458,0.0023063890088660124,8.117366203214809,-2.7881555645607996,0.01120329769566924,0.048418090944057024,0.0019572169853025218,0.0053316467397616744
C_freeze,2,6.8,0.18682519364308076,0.17082825662660273,0.0004495774910500016,0.0025657680560904187,0.015547359525428052,1.182328950861125e-05,0.9143748404348543,0.002406407199603361,7.977714326313265,-2.778546691020454,0.01120329769566924,0.048418090944057024,0.0019572169853025218,0.0053316467397616744
C_freeze,2,6.8500000000000005,0.18682519364308298,0.1702470990059119,0.00046761143088928307,0.0026810985337855746,0.01611048320628183,1.3394067547908826e-05,0.9112641378076534,0.0025029356146828003,7.839455069765265,-2.768582898602022,0.01120329769566924,0.048418090944057024,0.0019572169853025218,0.0053316467397616744
C_freeze,2,6.9,0.18682519364308522,0.16963929378448225,0.00048594299440958837,0.0027934884747719997,0.016699956864193368,1.4936463399550636e-05,0.9080108013085468,0.002601057089430583,7.703095418402927,-2.7581838452033454,0.01120329769566924,0.048418090944057024,0.0019572169853025218,0.0053316467397616744
C_freeze,2,6.95,0.18682519364308744,0.16900144007422313,0.0005050844314962786,0.0029151904196379063,0.017318669137367983,1.5312679482013652e-05,0.904596627353616,0.002703513491125809,7.56682889213525,-2.747365689739067,0.01120329769566924,0.048418090944057024,0.0019572169853025218,0.0053316467397616744
C_freeze,2,7.0,0.1868251936430895,0.1683382753136009,0.000523311821394987,0.0030487879436027106,0.017963606508093623,1.4712371576406985e-05,0.9010469735425193,0.0028010773664429913,7.431232301365223,-2.736150239454054,0.01120329769566924,0.048418090944057024,0.0019572169853025218,0.0053316467397616744
C_freeze,2,7.05,0.18682519364309164,0.16764222749255842,0.0005440801032710773,0.0031836229072266776,0.01863888604726219,1.4546498390679647e-05,0.8973213099557649,0.002912241612929789,7.296042328819678,-2.724512979189228,0.01120329769566924,0.048418090944057024,0.0019572169853025218,0.0053316467397616744
C_freeze,2,7.1000000000000005,0.18682519364309375,0.16692404832336505,0.0005668457045944214,0.0033352973354584797,0.019334299615134255,1.4355234648373896e-05,0.8934771861778591,0.0030340967058078336,7.161473179889071,-2.7123964146713653,0.01120329769566924,0.048418090944057024,0.0019572169853025218,0.0053316467397616744
C_freeze,2,7.15,0.18682519364309583,0.16617119593656587,0.0005910296165575291,0.003490385532686395,0.020062968089972447,1.3990517342328758e-05,0.8894474706340376,0.003163543444181361,7.027401097081043,-2.6998017592286163,0.01120329769566924,0.048418090944057024,0.0019572169853025218,0.0053316467397616744
C_freeze,2,7.2,0.18682519364309788,0.1653821812372533,0.0006167451792879535,0.003651192281504829,0.02082626722655666,1.3646051726388478e-05,0.8852241927991343,0.0033011884920946728,6.893918917844288,-2.6867372638472435,0.01120329769566924,0.048418090944057024,0.0019572169853025218,0.0053316467397616744
C_freeze,2,7.25,0.1868251936431,0.1645480978214646,0.0006440654565302752,0.003812821743282859,0.02163303036510512,1.3360678074400969e-05,0.8807596802806357,0.003447422930339151,6.760942823612641,-2.6731786602280523,0.01120329769566924,0.048418090944057024,0.0019572169853025218,0.0053316467397616744
C_freeze,2,7.3,0.18682519364310204,0.1636727672740284,0.0006738227968462198,0.003985910396979866,0.022478603572227418,1.2919461844333383e-05,0.8760743884826239,0.003606701985458366,6.6286106552862,-2.659072629032227,0.01120329769566924,0.048418090944057024,0.0019572169853025218,0.0053316467397616744
C_freeze,2,7.3500000000000005,0.1868251936431041,0.16275976046664095,0.0007035279427739087,0.004170751646699324,0.02336190523368923,1.2694899204266427e-05,0.8711874308427812,0.0037657016650434853,6.496911182678586,-2.644403303993408,0.01120329769566924,0.048418090944057024,0.0019572169853025218,0.0053316467397616744
C_freeze,2,7.4,0.18682519364310612,0.16181206245243152,0.0007363396218052496,0.004364398694769614,0.024276791568869364,1.2386125602740546e-05,0.8661147851479954,0.003941329364881515,6.365856835331146,-2.6291827904014706,0.01120329769566924,0.048418090944057024,0.0019572169853025218,0.0053316467397616744
C_freeze,2,7.45,0.18682519364310815,0.16081474924427813,0.0007718528900506433,0.004565277846220321,0.025238591508779402,1.22287260020921e-05,0.8607765693072545,0.004131417583461,6.235478517104844,-2.6133721159121728,0.01120329769566924,0.048418090944057024,0.0019572169853025218,0.0053316467397616744
C_freeze,2,7.5,0.1868251936431102,0.15976700245094944,0.0008091834863646461,0.004776660707242494,0.026249007705796076,1.1567679622020346e-05,0.8551684028019814,0.004331233227090448,6.105951016049312,-2.596913597813301,0.01120329769566924,0.048418090944057024,0.0019572169853025218,0.0053316467397616744
C_freeze,2,7.55,0.18682519364311218,0.1586738525972341,0.0008488536152328051,0.005005454974318761,0.02730248743064529,1.1077494940389314e-05,0.8493172120048491,0.004543571446013596,5.9769872899274565,-2.579765777661439,0.01120329769566924,0.048418090944057024,0.0019572169853025218,0.0053316467397616744
C_freeze,2,7.6000000000000005,0.18682519364311426,0.15753852932072424,0.000892780404211146,0.005247942699337744,0.028393883918178896,1.044471000900544e-05,0.8432402838648446,0.004778693851732833,5.848486020504243,-2.5617366708790206,0.01120329769566924,0.048418090944057024,0.0019572169853025218,0.0053316467397616744
C_freeze,2,7.65,0.18682519364311623,0.15634480117850566,0.0009419892970961788,0.005502007470100876,0.029538403167514445,1.0398862301929657e-05,0.8368507380068028,0.005042089231796107,5.7206302824767175,-2.5428099657297563,0.01120329769566924,0.048418090944057024,0.0019572169853025218,0.0053316467397616744
C_freeze,2,7.7,0.18682519364311834,0.1550927822225091,0.0009946111912743573,0.0057626233945458185,0.030737800229334856,1.037913426523909e-05,0.8301491849047625,0.005323753032871504,5.593791318022443,-2.5231331221525983,0.01120329769566924,0.048418090944057024,0.0019572169853025218,0.0053316467397616744
C_freeze,2,7.75,0.1868251936431203,0.15377683867746772,0.0010484230825593083,0.006040474716902544,0.0319999318830933,1.0302697600900825e-05,0.823105469229259,0.005611786409075218,5.467973669649473,-2.502636791284266,0.01120329769566924,0.048418090944057024,0.0019572169853025218,0.0053316467397616744
C_freeze,2,7.8,0.18682519364312228,0.15241815073734608,0.0011057112983537704,0.006344547550682863,0.033301331607422435,1.0273047708340232e-05,0.8158329600262515,0.005918427149958829,5.343231490104243,-2.4813111913159274,0.01120329769566924,0.048418090944057024,0.0019572169853025218,0.0053316467397616744
C_freeze,2,7.8500000000000005,0.18682519364312422,0.15100993164798515,0.0011675580343358466,0.006656158780762912,0.03464770396080326,1.0340041424225977e-05,0.808295330534736,0.00624946781303024,5.219552054445031,-2.459156406993028,0.01120329769566924,0.048418090944057024,0.0019572169853025218,0.0053316467397616744
C_freeze,2,7.9,0.18682519364312625,0.1495422106901125,0.00123280131191721,0.006977109918039242,0.0360501816410965,1.0423347045950652e-05,0.8004392115110998,0.006598688795003252,5.097042873361253,-2.4361198901348993,0.01120329769566924,0.048418090944057024,0.0019572169853025218,0.0053316467397616744
C_freeze,2,7.95,0.1868251936431283,0.14799734550812194,0.0013006534441256713,0.0073198735944806645,0.037527194690880644,1.0456784474687226e-05,0.7921701705329156,0.006961873924831397,4.975730640443984,-2.412130130827435,0.01120329769566924,0.048418090944057024,0.0019572169853025218,0.0053316467397616744
C_freeze,2,8.0,0.18682519364313027,0.1463845260282404,0.001371591127795932,0.00768551496178988,0.03906907648709393,1.0584917079779728e-05,0.7835373975731623,0.007341574768635957,4.855622069223049,-2.38713927162209,0.01120329769566924,0.048418090944057024,0.0019572169853025218,0.0053316467397616744
C_freeze,2,8.05,0.18682519364313221,0.14470337865401758,0.001449900524146693,0.00807523270252458,0.04067191446496795,1.080033739242753e-05,0.7745388929205425,0.007760733420762559,4.736737689035179,-2.361113111110075,0.01120329769566924,0.048418090944057024,0.0019572169853025218,0.0053316467397616744
C_freeze,2,8.1,0.18682519364313416,0.1429704332106838,0.001532391109053156,0.008493875982817504,0.0423223693233972,1.1115776177636408e-05,0.7652631340705585,0.008202272290857446,4.6191319303489,-2.334053337965796,0.01120329769566924,0.048418090944057024,0.0019572169853025218,0.0053316467397616744
C_freeze,2,8.15,0.18682519364313616,0.141176855562558,0.0016191834995766211,0.008922173549190855,0.04402915458100157,1.1327847892534312e-05,0.7556628354536955,0.008666836993459789,4.502926309576523,-2.305948330811665,0.01120329769566924,0.048418090944057024,0.0019572169853025218,0.0053316467397616744
C_freeze,2,8.2,0.18682519364313813,0.13930902873060277,0.0017088873378536234,0.009375345189574238,0.04580727757468177,1.2009856436732357e-05,0.7456651108666973,0.009146985503025003,4.38809468133421,-2.276736290290165,0.01120329769566924,0.048418090944057024,0.0019572169853025218,0.0053316467397616744
C_freeze,2,8.25,0.18682519364314004,0.13736789912591693,0.001805138865481524,0.009861120003045187,0.04765215565174162,1.2219137652099256e-05,0.7352750260669187,0.009662181155982472,4.274686636481828,-2.246294817289873,0.01120329769566924,0.048418090944057024,0.0019572169853025218,0.0053316467397616744
C_freeze,2,8.3,0.1868251936431419,0.13533869608072516,0.0019108397487172877,0.010374005627854855,0.04957565781369948,1.265141185697861e-05,0.7244135196200465,0.010227955402884348,4.162783080294766,-2.214639444792336,0.01120329769566924,0.048418090944057024,0.0019572169853025218,0.0053316467397616744
C_freeze,2,8.35,0.1868251936431438,0.1332738151835006,0.002025992613947364,0.010920114000963444,0.05152538584569586,1.426360516798483e-05,0.7133610440038827,0.010844322301719264,4.05297697529701,-2.181750971520666,0.01120329769566924,0.048418090944057024,0.0019572169853025218,0.0053316467397616744
C_freeze,2,8.4,0.18682519364314568,0.13115386930979914,0.002142372115877832,0.011493858820319214,0.053528952217468714,1.5203614500070462e-05,0.7020138277512818,0.011467254892667054,3.945759365581848,-2.147666010264261,0.01120329769566924,0.048418090944057024,0.0019572169853025218,0.0053316467397616744
C_freeze,2,8.45,0.18682519364314756,0.12896509863650713,0.0022617749938924456,0.01209331746101092,0.05559832001274805,1.629327288378233e-05,0.6902982200721908,0.012106370397841702,3.8404462418045915,-2.1123199348964024,0.01120329769566924,0.048418090944057024,0.0019572169853025218,0.0053316467397616744
C_freeze,2,8.5,0.18682519364314945,0.12669717579003814,0.0023910339856287356,0.012725372115754181,0.05773698386748253,1.5575194554943278e-05,0.6781589426961309,0.012798241709283573,3.736826571273741,-2.075530960972562,0.01120329769566924,0.048418090944057024,0.0019572169853025218,0.0053316467397616744
C_freeze,2,8.55,0.18682519364315125,0.12438413369145945,0.002535929809105786,0.013398319050426521,0.05990513014258601,1.5530794369869097e-05,0.6657781601395878,0.013573810681816198,3.6349335806351313,-2.037148849042926,0.01120329769566924,0.048418090944057024,0.0019572169853025218,0.0053316467397616744
C_freeze,2,8.6,0.18682519364315303,0.12204171511596486,0.002691675232722306,0.014109020794295948,0.062091803294465876,1.5087584622101636e-05,0.6532401371362774,0.014407453193189576,3.5350562471002975,-1.997219559148927,0.01120329769566924,0.048418090944057024,0.0019572169853025218,0.0053316467397616744
C_freeze,2,8.65,0.18682519364315472,0.11962395243323785,0.0028536213530603476,0.014866600641447672,0.06434761985685655,1.4888877526995391e-05,0.6402988274789398,0.015274285536194355,3.437025693765516,-1.9558125552139762,0.01120329769566924,0.048418090944057024,0.0019572169853025218,0.0053316467397616744
C_freeze,2,8.700000000000001,0.18682519364315647,0.11715472466634574,0.003025597614603235,0.015669347648959494,0.06664487136220748,1.4597250215646004e-05,0.6270820459585119,0.01619480518447767,3.3411109716033938,-1.9128264450952703,0.01120329769566924,0.048418090944057024,0.0019572169853025218,0.0053316467397616744
C_freeze,2,8.75,0.18682519364315817,0.1146993981219662,0.0032136021727059475,0.01648893268135755,0.06891219334848601,1.4302697020330149e-05,0.613939672082158,0.017201117847328588,3.2472787159622842,-1.868134063919875,0.01120329769566924,0.048418090944057024,0.0019572169853025218,0.0053316467397616744
C_freeze,2,8.8,0.18682519364315986,0.11223459021078058,0.003415397883111932,0.017333521943990758,0.07117520554926737,1.4037983702743761e-05,0.6007465482688115,0.018281248992763875,3.155631469787357,-1.8218409134129667,0.01120329769566924,0.048418090944057024,0.0019572169853025218,0.0053316467397616744
C_freeze,2,8.85,0.18682519364316152,0.10972503634785612,0.0036345338748536345,0.01825067286097271,0.07346562342045175,1.376262268573114e-05,0.5873139174014845,0.01945419567874577,3.066242151916586,-1.7739795362318325,0.01120329769566924,0.048418090944057024,0.0019572169853025218,0.0053316467397616744
C_freeze,2,8.9,0.18682519364316313,0.1072359971394158,0.0038693698648732313,0.019227001893753398,0.07571982663887412,1.3586545147872282e-05,0.5739910932153882,0.020711178130845366,2.979266517430794,-1.724317880129065,0.01120329769566924,0.048418090944057024,0.0019572169853025218,0.0053316467397616744
C_freeze,2,8.950000000000001,0.1868251936431647,0.10476125834981331,0.004119527207918558,0.020219889121237122,0.07794440808543282,1.3398174243931598e-05,0.5607448134104808,0.022050169613563132,2.8947134270230883,-1.6729469115511868,0.01120329769566924,0.048418090944057024,0.0019572169853025218,0.0053316467397616744
C_freeze,2,9.0,0.18682519364316624,0.10230565713295976,0.004388720983565163,0.021262619062446832,0.08013081552664136,1.3138057283950738e-05,0.5476009693230254,0.023491055451266195,2.812770271339393,-1.6201757060609885,0.01120329769566924,0.048418090944057024,0.0019572169853025218,0.0053316467397616744
C_freeze,2,9.05,0.18682519364316783,0.09991560127933347,0.004678664646917727,0.022355363932225324,0.0822309277169166,1.2722791018269354e-05,0.5348079631603121,0.0250430070788733,2.7334103394649985,-1.5656237132446544,0.01120329769566924,0.048418090944057024,0.0019572169853025218,0.0053316467397616744
C_freeze,2,9.1,0.1868251936431693,0.09759364951106095,0.004990122297219301,0.023426244376460695,0.08424142183488906,1.2481678833073271e-05,0.5223794907311162,0.026710114411819048,2.6565342381406536,-1.5096624227353999,0.01120329769566924,0.048418090944057024,0.0019572169853025218,0.0053316467397616744
C_freeze,2,9.15,0.18682519364317093,0.09536494984615498,0.0053398930397376785,0.02453979478379923,0.08612035075727821,1.2525310475455652e-05,0.5104501592451093,0.028582296293168427,2.58238999148126,-1.4527166211023126,0.01120329769566924,0.048418090944057024,0.0019572169853025218,0.0053316467397616744
C_freeze,2,9.200000000000001,0.18682519364317246,0.09323831241504768,0.005717065566330398,0.02572969841498824,0.08786981566179439,1.2728529176799372e-05,0.49906712578137924,0.030601148885999446,2.5111084347561303,-1.39425422343651,0.01120329769566924,0.048418090944057024,0.0019572169853025218,0.0053316467397616744
C_freeze,2,9.25,0.18682519364317404,0.09119369230802063,0.006111561712546913,0.026883105466977475,0.0895199396226065,1.2555255918397782e-05,0.48812309801319204,0.032712727835945206,2.4428439111159905,-1.334634410743662,0.01120329769566924,0.048418090944057024,0.0019572169853025218,0.0053316467397616744
C_freeze,2,9.3,0.18682519364317562,0.0892995521027969,0.006550203944599512,0.028085457130641294,0.09097543759577921,1.257492745890961e-05,0.4779845285393009,0.035060602999347025,2.377582745182396,-1.2741253848944736,0.01120329769566924,0.048418090944057024,0.0019572169853025218,0.0053316467397616744
C_freeze,2,9.35,0.1868251936431773,0.0875283875092252,0.00701975171092944,0.02931070941976622,0.0922770544230226,1.281950143496137e-05,0.46850419797448806,0.03757390303759921,2.3153250187335432,-1.2127577738442707,0.01120329769566924,0.048418090944057024,0.0019572169853025218,0.0053316467397616744
C_freeze,2,9.4,0.18682519364317898,0.08589149291390401,0.0075211427743734705,0.03043908829020133,0.09341255795490151,1.294160199223565e-05,0.4597425606203295,0.040257647417394064,2.256152701007886,-1.15098243134859,0.01120329769566924,0.048418090944057024,0.0019572169853025218,0.0053316467397616744
C_freeze,2,9.450000000000001,0.18682519364318065,0.08444742838654391,0.008091821651638393,0.03161679315036119,0.09428594360499834,1.3137777520511972e-05,0.4520130649393621,0.04331226155233135,2.200098082777603,-1.0890845785649688,0.01120329769566924,0.048418090944057024,0.0019572169853025218,0.0053316467397616744
C_freeze,2,9.5,0.18682519364318242,0.08313521164766799,0.00869063212906993,0.03267632272585326,0.09499934986644447,1.3426558404228432e-05,0.44498929735594434,0.04651745281028947,2.1470608379421665,-1.0271968805790814,0.01120329769566924,0.048418090944057024,0.0019572169853025218,0.0053316467397616744
C_freeze,2,9.55,0.18682519364318412,0.08202152080977924,0.009355613818702813,0.03369508668111653,0.09544805901470207,1.3895208389982836e-05,0.43902815894536934,0.05007683191042757,2.0970795789746846,-0.9658907247962433,0.01120329769566924,0.048418090944057024,0.0019572169853025218,0.0053316467397616744
C_freeze,2,9.6,0.18682519364318587,0.08106318397576562,0.010081904291625584,0.0346953023173214,0.09568010537579465,1.4319165674923422e-05,0.4338985679339734,0.053964372229587165,2.0501074599659543,-0.9051369753333358,0.01120329769566924,0.048418090944057024,0.0019572169853025218,0.0053316467397616744
C_freeze,2,9.65,0.18682519364318753,0.08027856288153522,0.010850293983093305,0.03552830725827068,0.09569633677855903,1.4835127061255229e-05,0.42969880729714166,0.05807725270616335,2.006097098830708,-0.8455306433209203,0.01120329769566924,0.048418090944057024,0.0019572169853025218,0.0053316467397616744
C_freeze,2,9.700000000000001,0.18682519364318936,0.07964666688590023,0.011707358824816284,0.03637438098069319,0.09547116793247283,1.5618117258233334e-05,0.4263165225885675,0.06266477553972588,1.9648720037403025,-0.7872171059445076,0.01120329769566924,0.048418090944057024,0.0019572169853025218,0.0053316467397616744
C_freeze,2,9.75,0.18682519364319117,0.07917038295521274,0.012622054773767625,0.03699756468728997,0.09503275591421083,1.582757484366761e-05,0.4237671665761343,0.0675607744738855,1.9265832052700875,-0.7306643902853694,0.01120329769566924,0.048418090944057024,0.0019572169853025218,0.0053316467397616744
C_freeze,2,9.8,0.18682519364319305,0.07882066588740519,0.013634867270358019,0.03755436756624871,0.09436966048542983,1.6003531194530937e-05,0.4218952719938851,0.07298195176180834,1.89071631115198,-0.6764791202124375,0.01120329769566924,0.048418090944057024,0.0019572169853025218,0.0053316467397616744
C_freeze,2,9.85,0.1868251936431949,0.07860647381624832,0.014738152537076835,0.037891068919799445,0.09348056728986975,1.6963175734658498e-05,0.42074878812315664,0.07888739334173667,1.8579355859000284,-0.6249093390235027,0.01120329769566924,0.048418090944057024,0.0019572169853025218,0.0053316467397616744
C_freeze,2,9.9,0.1868251936431968,0.07849278247189632,0.01593211973760306,0.03808199591511003,0.09240029143369742,1.779868069120244e-05,0.42014024415681167,0.08527821878258347,1.8286965834660671,-0.5764354273413383,0.01120329769566924,0.048418090944057024,0.0019572169853025218,0.0053316467397616744
C_freeze,2,9.950000000000001,0.18682519364319872,0.0784899156802737,0.017240705281244537,0.03806066638991418,0.09109457268168049,1.8784171450559e-05,0.4201248993761238,0.09228255004071383,1.80239983369223,-0.5313058021957372,0.01120329769566924,0.048418090944057024,0.0019572169853025218,0.0053316467397616744
C_freeze,2,10.0,0.1868251936432006,0.07857261384928417,0.01863978387371112,0.037824750963619,0.08961279592020532,1.839851432787356e-05,0.4205675493602989,0.09977125413454378,1.7776826338397984,-0.48968849402417647,0.01120329769566924,0.048418090944057024,0.0019572169853025218,0.0053316467397616744
C_freeze,2,10.05,0.1868251936432025,0.07873241556224488,0.02014775619141254,0.0374674158943353,0.08794502188954509,1.8058728204604593e-05,0.421422903554472,0.10784282247227636,1.7549999856054415,-0.4515920799249423,0.01120329769566924,0.048418090944057024,0.0019572169853025218,0.0053316467397616744
C_freeze,2,10.1,0.18682519364320443,0.07897510121700765,0.021771989494031023,0.036854446719943854,0.08607810293216575,1.7783607873458714e-05,0.4227219020997401,0.11653668902712766,1.7341774838797013,-0.417366666862874,0.01120329769566924,0.048418090944057024,0.0019572169853025218,0.0053316467397616744
C_freeze,2,10.15,0.18682519364320632,0.07926615914187167,0.023515210945045415,0.036136870530360764,0.08404382355628921,1.733845469958165e-05,0.4242798179203391,0.12586745120657616,1.7147699896601207,-0.38682289350092824,0.01120329769566924,0.048418090944057024,0.0019572169853025218,0.0053316467397616744
C_freeze,2,10.200000000000001,0.1868251936432081,0.07961802960074486,0.025399359446042512,0.035158062248814376,0.08180780459642074,1.6999805553702815e-05,0.42616323873747164,0.1359525391128419,1.6967789178784003,-0.36028777695260383,0.01120329769566924,0.048418090944057024,0.0019572169853025218,0.0053316467397616744
C_freeze,2,10.25,0.18682519364321,0.08000252720172256,0.02738919006229635,0.03409999738158935,0.07943347637919111,1.6586530359350414e-05,0.42822129950261223,0.14660330080857797,1.6798642256751344,-0.33748031751786955,0.01120329769566924,0.048418090944057024,0.0019572169853025218,0.0053316467397616744
C_freeze,2,10.3,0.1868251936432119,0.08043231727142217,0.02953578473708703,0.03278946332113468,0.0768570916347027,1.623986059804088e-05,0.4305217926069822,0.15809315735806376,1.663914237067385,-0.3186825902756673,0.01120329769566924,0.048418090944057024,0.0019572169853025218,0.0053316467397616744
C_freeze,2,10.35,0.1868251936432137,0.0808826791033847,0.0317755035977277,0.031419393362179325,0.0741670109421013,1.5941895163272807e-05,0.43293239806751677,0.17008147015980316,1.6486553671491435,-0.30343667315120004,0.01120329769566924,0.048418090944057024,0.0019572169853025218,0.0053316467397616744
C_freeze,2,10.4,0.1868251936432156,0.08136098707901271,0.03417417552633762,0.02983544523169765,0.07129003103786526,1.5663291194718107e-05,0.4354925879771316,0.18292059470095257,1.633971731974001,-0.2919271034585515,0.01120329769566924,0.048418090944057024,0.0019572169853025218,0.0053316467397616744
C_freeze,2,10.450000000000001,0.18682519364321756,0.08185756150376516,0.03663177348076425,0.028188318268492808,0.06833585865868813,1.552936748910358e-05,0.43815055083036386,0.19607512652025083,1.619747250162048,-0.2836280588421117,0.01120329769566924,0.048418090944057024,0.0019572169853025218,0.0053316467397616744
C_freeze,2,10.5,0.1868251936432195,0.08236174580052173,0.03923502699697094,0.026408384161355086,0.06522842084572689,1.5312195427972353e-05,0.44084924626283617,0.2100092938851607,1.6057340698388047,-0.27845926870652915,0.01120329769566924,0.048418090944057024,0.0019572169853025218,0.0053316467397616744
C_freeze,2,10.55,0.18682519364322148,0.08287750678719076,0.04187785894517659,0.024594224181114694,0.062069827910854115,1.5214992966363317e-05,0.44360990705279957,0.22415530865259203,1.5920813600302692,-0.27589548442967354,0.01120329769566924,0.048418090944057024,0.0019572169853025218,0.0053316467397616744
C_freeze,2,10.6,0.18682519364322334,0.08340998908625441,0.04463619574933954,0.02274007383725898,0.05877900880762941,1.5380455226697773e-05,0.44646007029191653,0.23891957438342318,1.5783673048172762,-0.27547207349128505,0.01120329769566924,0.048418090944057024,0.0019572169853025218,0.0053316467397616744
C_freeze,2,10.65,0.18682519364322517,0.08392489748872929,0.04742437366147504,0.02086777585580804,0.055475922493020836,1.5810565682363086e-05,0.44921616754214805,0.25384356754389364,1.5644728615843364,-0.2767707278560204,0.01120329769566924,0.048418090944057024,0.0019572169853025218,0.0053316467397616744
C_freeze,2,10.700000000000001,0.18682519364322706,0.08447481903772411,0.05029282062518259,0.019053908420335403,0.05205755398032033,1.6185558905428013e-05,0.4521596760608339,0.2691972086014527,1.5507874840481524,-0.2793836935543727,0.01120329769566924,0.048418090944057024,0.0019572169853025218,0.0053316467397616744
C_freeze,2,10.75,0.1868251936432289,0.08498634706088573,0.05318474173070549,0.017232137196536174,0.048654104851637674,1.6123715570487156e-05,0.4548976795023699,0.2846764972837113,1.5369197325236301,-0.2834486796599494,0.01120329769566924,0.048418090944057024,0.0019572169853025218,0.0053316467397616744
C_freeze,2,10.8,0.18682519364323075,0.08554246681170312,0.05608822823138083,0.015531256232902694,0.04519449860014683,1.620746122920464e-05,0.45787436449849805,0.3002176908671604,1.5228683356812494,-0.28830280533901426,0.01120329769566924,0.048418090944057024,0.0019572169853025218,0.0053316467397616744
C_freeze,2,10.85,0.1868251936432326,0.08604594565908459,0.059012368153086414,0.01384966829922571,0.041766879831061615,1.6314670296227963e-05,0.460569283944652,0.3158694338932592,1.5085781760875663,-0.29404509678007124,0.01120329769566924,0.048418090944057024,0.0019572169853025218,0.0053316467397616744
C_freeze,2,10.9,0.1868251936432345,0.0865795752350293,0.061865170666550055,0.012304625647001915,0.03838044774165513,1.64100770098614e-05,0.4634255880947382,0.331139336510948,1.4939688993174667,-0.30005219603416106,0.01120329769566924,0.048418090944057024,0.0019572169853025218,0.0053316467397616744
C_freeze,2,10.950000000000001,0.1868251936432363,0.08707474496926901,0.06472486558631625,0.010823516062418137,0.03502558308765106,1.6507910844739743e-05,0.466076032205528,0.3464461314030037,1.4790213835378152,-0.30646373482080164,0.01120329769566924,0.048418090944057024,0.0019572169853025218,0.0053316467397616744
C_freeze,2,11.0,0.18682519364323816,0.08755305486316385,0.06745658286759482,0.009451091384447266,0.03181555591247949,1.6635699465635134e-05,0.46863623238285185,0.36106791355137074,1.4637582901649662,-0.3128228878726489,0.01120329769566924,0.048418090944057024,0.0019572169853025218,0.0053316467397616744
C_freeze,2,11.05,0.18682519364323993,0.08802572324602059,0.07014360635924603,0.008197111512952947,0.02865586403797331,1.6811524809645718e-05,0.47116623582424266,0.3754504678485267,1.4481441991873005,-0.31909227794846245,0.01120329769566924,0.048418090944057024,0.0019572169853025218,0.0053316467397616744
C_freeze,2,11.1,0.1868251936432417,0.08844808373114268,0.07268569688001551,0.007022267211278358,0.02569141303208351,1.707440000271148e-05,0.4734269613553388,0.3890572543380574,1.4321623595170132,-0.3251659421214303,0.01120329769566924,0.048418090944057024,0.0019572169853025218,0.0053316467397616744
C_freeze,2,11.15,0.18682519364324354,0.08886898148124549,0.07511443260483239,0.005981353256905198,0.02284177955716563,1.7269096702020347e-05,0.4756798574551318,0.4020572982692523,1.4158624738270722,-0.33075127636242135,0.01120329769566924,0.048418090944057024,0.0019572169853025218,0.0053316467397616744
C_freeze,2,11.200000000000001,0.18682519364324535,0.08922746744230567,0.07741221593729095,0.0050256172733249335,0.020185510263648742,1.7901702351605562e-05,0.4775986883904492,0.41435640679765345,1.3991813777667195,-0.33602801594556264,0.01120329769566924,0.048418090944057024,0.0019572169853025218,0.0053316467397616744
C_freeze,2,11.25,0.18682519364324723,0.08956370295876917,0.07954400279931424,0.004182884138033764,0.01771748788516379,1.8194538126107824e-05,0.47939842165931795,0.425767003090642,1.3823103076237548,-0.34067812870590636,0.01120329769566924,0.048418090944057024,0.0019572169853025218,0.0053316467397616744
C_freeze,2,11.3,0.18682519364324904,0.08985639899396054,0.08155281998709715,0.0034481271341075576,0.015415974662191318,1.773099642103292e-05,0.4809651056245942,0.4365193922551252,1.3649362954583655,-0.34482363156416984,0.01120329769566924,0.048418090944057024,0.0019572169853025218,0.0053316467397616744
C_freeze,2,11.35,0.18682519364325093,0.09011105359259393,0.08338434997865851,0.0028014033799271462,0.01332979007199848,1.7412604439422523e-05,0.48232816910477316,0.44632283447747295,1.3472518793805064,-0.3484182113284385,0.01120329769566924,0.048418090944057024,0.0019572169853025218,0.0053316467397616744
C_freeze,2,11.4,0.18682519364325276,0.09033771988001187,0.08507591421063572,0.0022542141444990655,0.011411559552605192,1.7835612355591606e-05,0.4835414224299638,0.45537709637325596,1.3300076564010097,-0.35136275490722046,0.01120329769566924,0.048418090944057024,0.0019572169853025218,0.0053316467397616744
C_freeze,2,11.450000000000001,0.18682519364325467,0.0905239985067307,0.08659477024812155,0.001788197762285867,0.009706424888402416,1.8323551925096982e-05,0.48453849687739403,0.46350692087853784,1.3133282624833056,-0.35387130527446004,0.01120329769566924,0.048418090944057024,0.0019572169853025218,0.0053316467397616744
C_freeze,2,11.5,0.1868251936432566,0.09069022488149056,0.08795745893173004,0.001402030269479252,0.008177509830035986,1.839469556848221e-05,0.485428239698035,0.47080084444973275,1.2959807958799006,-0.355880042624181,0.01120329769566924,0.048418090944057024,0.0019572169853025218,0.0053316467397616744
C_freeze,2,11.55,0.18682519364325859,0.09082489860699121,0.08918235679002273,0.00108445929838507,0.006817938246244609,1.795053762079585e-05,0.48614909389801425,0.47735722924134005,1.2788040542232495,-0.3574908556711979,0.01120329769566924,0.048418090944057024,0.0019572169853025218,0.0053316467397616744
C_freeze,2,11.6,0.18682519364326045,0.0909409709023303,0.09024032640912359,0.000826155604915042,0.005643896331806567,1.8090265617821464e-05,0.4867703821358299,0.48302011441473985,1.2614156505812086,-0.35880862659461626,0.01120329769566924,0.048418090944057024,0.0019572169853025218,0.0053316467397616744
C_freeze,2,11.65,0.1868251936432624,0.09104076256447788,0.09117310584211383,0.0006246624470970673,0.004611325236670677,1.7850183411942708e-05,0.4873045267027408,0.4880129069541145,1.2438442458461851,-0.3597660138011449,0.01120329769566924,0.048418090944057024,0.0019572169853025218,0.0053316467397616744
C_freeze,2,11.700000000000001,0.1868251936432643,0.09112003583870687,0.09197190070592295,0.00046327997097913014,0.003733257098634507,1.7588407096770043e-05,0.4877288446048511,0.49228853406966006,1.226282058057172,-0.36051816711293816,0.01120329769566924,0.048418090944057024,0.0019572169853025218,0.0053316467397616744
C_freeze,2,11.75,0.18682519364326627,0.09119368028609204,0.09264016208835088,0.0003399240568202693,0.0029913512688233613,1.7370877608419887e-05,0.4881230336644103,0.49586546804411624,1.2086533067107674,-0.361087679936998,0.01120329769566924,0.048418090944057024,0.0019572169853025218,0.0053316467397616744
C_freeze,2,11.8,0.18682519364326822,0.09125212019901854,0.09321370237116607,0.0002467290923384025,0.0023593710730836002,1.734171438398753e-05,0.4884358389760812,0.4989353981302553,1.1910125896134907,-0.3614624017901612,0.01120329769566924,0.048418090944057024,0.0019572169853025218,0.0053316467397616744
C_freeze,2,11.85,0.18682519364327016,0.09130074093889276,0.0936739602379556,0.00017550902653536713,0.0018504924664218161,1.729695228208627e-05,0.48869608621000676,0.5013989730786501,1.173277870272701,-0.3617557212328553,0.01120329769566924,0.048418090944057024,0.0019572169853025218,0.0053316467397616744
C_freeze,2,11.9,0.18682519364327205,0.09134511289513768,0.09405341230340866,0.0001246487558001461,0.0014266684447256759,1.7160187648790226e-05,0.48893359141676557,0.503430027124694,1.1554932314247957,-0.36196837125363135,0.01120329769566924,0.048418090944057024,0.0019572169853025218,0.0053316467397616744
C_freeze,2,11.950000000000001,0.186825193643274,0.09137837584286308,0.09436579191836397,8.68086216316426e-05,0.001081025882046905,1.7083640979632357e-05,0.4891116345761264,0.5051020693630165,1.1375850480739371,-0.36209836799462064,0.01120329769566924,0.048418090944057024,0.0019572169853025218,0.0053316467397616744
C_freeze,2,12.0,0.18682519364327596,0.09140816666690638,0.09459973074475901,6.006965421071238e-05,0.0008172962316105266,1.6964096838927623e-05,0.4892710928561441,0.5063542496596457,1.1195302126294389,-0.36221536049226316,0.01120329769566924,0.048418090944057024,0.0019572169853025218,0.0053316467397616744
C_freeze,2,12.05,0.18682519364327788,0.09143208436114243,0.09478943749965167,4.105820962885556e-05,0.0006036717824837825,1.6951699678958462e-05,0.4893991146382641,0.5073696734961862,1.1017217396543773,-0.36231003153976177,0.01120329769566924,0.048418090944057024,0.0019572169853025218,0.0053316467397616744
C_freeze,2,12.1,0.18682519364327982,0.09145133612857288,0.09493919590296092,2.809898260055919e-05,0.00043466161174598056,1.694156094292962e-05,0.48950216159383825,0.5081712698996895,1.083751162702311,-0.36236092906890155,0.01120329769566924,0.048418090944057024,0.0019572169853025218,0.0053316467397616744
C_freeze,2,12.15,0.18682519364328168,0.09146596924363677,0.09504235372359499,1.8373307452017023e-05,0.0003168706760498991,1.739284988627542e-05,0.48958048676389493,0.5087234321569389,1.0654889390851514,-0.36240998385144146,0.01120329769566924,0.048418090944057024,0.0019572169853025218,0.0053316467397616744
C_freeze,2,12.200000000000001,0.18682519364328354,0.09147586778034404,0.09512588905661419,1.3256344380188664e-05,0.00022343680632532788,1.7981778355535247e-05,0.4896334696433092,0.5091705631428045,1.0473175757904978,-0.3624400213773915,0.01120329769566924,0.048418090944057024,0.0019572169853025218,0.0053316467397616744
C_freeze,2,12.25,0.18682519364328545,0.09148365058705728,0.09518846947094489,8.961973574792761e-06,0.0001530735852832942,1.8240771656906713e-05,0.4896751278723763,0.5095055308905122,1.0294055465703331,-0.362456011189453,0.01120329769566924,0.048418090944057024,0.0019572169853025218,0.0053316467397616744
C_freeze,2,12.3,0.1868251936432873,0.09149086505485865,0.09522761783551843,6.384796087183341e-06,0.00010671075291018843,1.7938827561785535e-05,0.4897137440122008,0.5097150763153511,1.0114258433526355,-0.36247484765702537,0.01120329769566924,0.048418090944057024,0.0019572169853025218,0.0053316467397616744
C_freeze,2,12.35,0.1868251936432892,0.09149464894188435,0.09525641148841532,4.820430081128024e-06,7.413321298951942e-05,1.8241993810755214e-05,0.48973399763512493,0.5098691971399273,0.9935443810286517,-0.36249203446597433,0.01120329769566924,0.048418090944057024,0.0019572169853025218,0.0053316467397616744
C_freeze,2,12.4,0.1868251936432911,0.09149715499997511,0.0952791342740706,3.5361470782934577e-06,4.8904369245327874e-05,1.856209521475854e-05,0.48974741155452717,0.5099908230577771,0.9755795241462577,-0.36250446840009964,0.01120329769566924,0.048418090944057024,0.0019572169853025218,0.0053316467397616744
C_freeze,2,12.450000000000001,0.186825193643293,0.0914999421848896,0.09529179129258246,2.9736613779092445e-06,3.346016582095626e-05,1.881747015880427e-05,0.48976233023256627,0.5100585709790507,0.9576203311156362,-0.36251659220187477,0.01120329769566924,0.048418090944057024,0.0019572169853025218,0.0053316467397616744
C_freeze,2,12.5,0.18682519364329486,0.0915013275828197,0.09529928981618926,2.4202485846067502e-06,2.4576244285932266e-05,1.898904579498945e-05,0.4897697457095807,0.5100987075551711,0.9397124697211644,-0.3625312582461722,0.01120329769566924,0.048418090944057024,0.0019572169853025218,0.0053316467397616744
C_freeze,2,12.55,0.18682519364329678,0.09150153182578613,0.09530669884788125,1.8780044899932577e-06,1.6962969629395707e-05,1.924063209901567e-05,0.48977083893989676,0.5101383651171225,0.9217465729395843,-0.36254977402041777,0.01120329769566924,0.048418090944057024,0.0019572169853025218,0.0053316467397616744
C_freeze,2,12.6,0.1868251936432987,0.09150251569831783,0.09531062318133032,1.9344204196395697e-06,1.2054763650527625e-05,1.9492402976547333e-05,0.4897761052132059,0.5101593704931725,0.9037139917259622,-0.3625704131120874,0.01120329769566924,0.048418090944057024,0.0019572169853025218,0.0053316467397616744
C_freeze,2,12.65,0.18682519364330058,0.09150314356910666,0.09531224873494629,1.6127956119315161e-06,9.801339247630874e-06,1.9697325581014336e-05,0.489779465952599,0.5101680714268277,0.8856884480460188,-0.3625953723189523,0.01120329769566924,0.048418090944057024,0.0019572169853025218,0.0053316467397616744
C_freeze,2,12.700000000000001,0.18682519364330255,0.09150298116093768,0.09531434200085645,1.2890888652978244e-06,7.870481508420009e-06,2.0130988652549752e-05,0.4897785966470906,0.510179275835978,0.867665681252307,-0.36262779542507684,0.01120329769566924,0.048418090944057024,0.0019572169853025218,0.0053316467397616744
C_freeze,2,12.75,0.18682519364330447,0.091502986096851,0.09531592941249253,1.403051834708555e-06,6.278133960951395e-06,2.0578111938121277e-05,0.4897786230670412,0.51018777261098,0.8495718583451037,-0.3626611141349723,0.01120329769566924,0.048418090944057024,0.0019572169853025218,0.0053316467397616744
C_freeze,2,12.8,0.1868251936433064,0.09150305146401083,0.09531704466083567,1.2265563546511613e-06,5.097518459876511e-06,2.0056320174766595e-05,0.48977897295110984,0.5101937420860835,0.8312614053621823,-0.36269492682825094,0.01120329769566924,0.048418090944057024,0.0019572169853025218,0.0053316467397616744
C_freeze,2,12.85,0.18682519364330827,0.0915025883045664,0.09531802289253719,1.0743222375487856e-06,4.582446204698139e-06,1.955500298439453e-05,0.48977649384518035,0.510198978166301,0.8128072484545302,-0.3627317161166012,0.01120329769566924,0.048418090944057024,0.0019572169853025218,0.0053316467397616744
C_freeze,2,12.9,0.18682519364331016,0.09150255043669803,0.09531823430083539,9.507011119366027e-07,4.4089057767137574e-06,1.9933866523831174e-05,0.4897762911537309,0.5102001097497514,0.7946999306615987,-0.3627680372571051,0.01120329769566924,0.048418090944057024,0.0019572169853025218,0.0053316467397616744
C_freeze,2,12.950000000000001,0.18682519364331207,0.09150364277271626,0.09531726693098125,1.1225558501084704e-06,4.283939614553173e-06,2.0272554912226482e-05,0.4897821379883895,0.5101949318086169,0.7772741385719004,-0.36280498676762507,0.01120329769566924,0.048418090944057024,0.0019572169853025218,0.0053316467397616744
C_freeze,2,13.0,0.18682519364331399,0.09150497052489152,0.0953164580258346,9.79032909144297e-07,3.7650925878473134e-06,2.102379641920673e-05,0.4897892449109005,0.5101906020652249,0.7598879702430433,-0.36284078881250453,0.01120329769566924,0.048418090944057024,0.0019572169853025218,0.0053316467397616744
C_freeze,2,13.05,0.18682519364331587,0.09150536997149748,0.09531584324366943,1.0656967926223285e-06,3.980428148946636e-06,2.055704707655433e-05,0.4897913829876622,0.5101873113839515,0.7422237273444463,-0.36287694089062184,0.01120329769566924,0.048418090944057024,0.0019572169853025218,0.0053316467397616744
C_freeze,2,13.1,0.18682519364331768,0.09150571355962854,0.09531568091139857,1.0142855478089353e-06,3.799172290580997e-06,2.0323735154924934e-05,0.4897932220765103,0.5101864424846954,0.7244661845061585,-0.362917788085272,0.01120329769566924,0.048418090944057024,0.0019572169853025218,0.0053316467397616744
C_freeze,2,13.15,0.18682519364331954,0.09150625917228784,0.0953152699881478,1.0043965149265966e-06,3.6644828838963854e-06,2.025287174516049e-05,0.48979614252127346,0.5101842429780672,0.7068721842978485,-0.36296356484430353,0.01120329769566924,0.048418090944057024,0.0019572169853025218,0.0053316467397616744
C_freeze,2,13.200000000000001,0.18682519364332137,0.09150688285869765,0.09531463177492015,1.006749059066355e-06,3.679009703547662e-06,2.026351242276852e-05,0.48979948086337144,0.5101808268797556,0.6892674254237164,-0.3630141590693601,0.01120329769566924,0.048418090944057024,0.0019572169853025218,0.0053316467397616744
C_freeze,2,13.25,0.18682519364332328,0.09150723651937573,0.09531430034560444,9.880312488270652e-07,3.6567783431232647e-06,1.9968677158727396e-05,0.4898013738665058,0.5101790528721379,0.6714554047067299,-0.3630735023718472,0.01120329769566924,0.048418090944057024,0.0019572169853025218,0.0053316467397616744
C_freeze,2,13.3,0.18682519364332514,0.09150746171543896,0.09531399078150105,8.341335113115441e-07,3.741146385117474e-06,2.0190977766924902e-05,0.4898025792503083,0.5101773959001937,0.6537114360479339,-0.36314239572060975,0.01120329769566924,0.048418090944057024,0.0019572169853025218,0.0053316467397616744
C_freeze,2,13.35,0.186825193643327,0.09150767571337803,0.09531377395798021,8.857864651674055e-07,3.7439719687475405e-06,2.0029958378873495e-05,0.48980372469506334,0.5101762353312279,0.6358954676346195,-0.3632157959715939,0.01120329769566924,0.048418090944057024,0.0019572169853025218,0.0053316467397616744
C_freeze,2,13.4,0.18682519364332884,0.09150802848073959,0.09531360072546328,9.591983888649046e-07,3.5644371259577067e-06,1.9844632109813035e-05,0.48980561291663444,0.5101753080873456,0.6179679511351237,-0.36329106436196834,0.01120329769566924,0.048418090944057024,0.0019572169853025218,0.0053316467397616744
C_freeze,2,13.450000000000001,0.1868251936433307,0.09150859454105005,0.095313011388364,9.101588256205084e-07,3.587713916657784e-06,1.9923069949863893e-05,0.4898086428094369,0.5101721536032594,0.6001492515195789,-0.36337028507625546,0.01120329769566924,0.048418090944057024,0.0019572169853025218,0.0053316467397616744
C_freeze,2,13.5,0.18682519364333264,0.09150844349252775,0.09531286586074202,9.573872444564148e-07,3.884290062870205e-06,1.9935426290371053e-05,0.4898078343075411,0.5101713746525187,0.582067041687389,-0.3634488974601706,0.01120329769566924,0.048418090944057024,0.0019572169853025218,0.0053316467397616744
C_freeze,2,13.55,0.18682519364333455,0.0915088731408357,0.0953124451158682,9.570889256579255e-07,3.87538663066153e-06,1.997154680694976e-05,0.48981013404184687,0.5101691225746989,0.5640997947252574,-0.3635213555212223,0.01120329769566924,0.048418090944057024,0.0019572169853025218,0.0053316467397616744
C_freeze,2,13.6,0.18682519364333652,0.09151031936767294,0.09531192590477819,7.742689548252312e-07,2.9483708854241485e-06,1.9877430470747294e-05,0.4898178751114964,0.5101663434468902,0.5462002895012756,-0.3635894746392823,0.01120329769566924,0.048418090944057024,0.0019572169853025218,0.0053316467397616744
C_freeze,2,13.65,0.18682519364333855,0.09151006569384804,0.09531210428960711,7.342216129876895e-07,3.0236598833972955e-06,2.0428525867150364e-05,0.4898165172976976,0.5101672982690125,0.5278552962110319,-0.3636555475378773,0.01120329769566924,0.048418090944057024,0.0019572169853025218,0.0053316467397616744
C_freeze,2,13.700000000000001,0.1868251936433406,0.09150867536323642,0.09531274956582406,9.005688904694395e-07,3.7687142800985567e-06,2.0868023972290208e-05,0.4898090754180158,0.51017075217265,0.5095811218747279,-0.36371908710059553,0.01120329769566924,0.048418090944057024,0.0019572169853025218,0.0053316467397616744
C_freeze,2,13.75,0.18682519364334255,0.09150806656361259,0.09531363397398442,7.576870393121534e-07,3.4931057455624435e-06,2.128115608068654e-05,0.48980581675887613,0.5101754860532478,0.4915748127853261,-0.3637841694568875,0.01120329769566924,0.048418090944057024,0.0019572169853025218,0.0053316467397616744
C_freeze,2,13.8,0.18682519364334466,0.09150739937877807,0.09531443363854802,7.893112342994678e-07,3.360626018540838e-06,2.153071460873907e-05,0.4898022455872234,0.5101797663355102,0.47345276461913577,-0.36384747647426086,0.01120329769566924,0.048418090944057024,0.0019572169853025218,0.0053316467397616744
C_freeze,2,13.85,0.18682519364334677,0.09150725473783554,0.09531466289365093,7.998077614000032e-07,3.2760118602890465e-06,2.146770074662592e-05,0.4898014713825204,0.510180993445716,0.4555873192859028,-0.36391184011433836,0.01120329769566924,0.048418090944057024,0.0019572169853025218,0.0053316467397616744
C_freeze,2,13.9,0.18682519364334893,0.09150665576141948,0.09531520615638378,7.885723331838066e-07,3.3317255456992024e-06,2.1865980473604577e-05,0.4897982653030541,0.5101839013122685,0.43744726591634653,-0.3639819757449407,0.01120329769566924,0.048418090944057024,0.0019572169853025218,0.0053316467397616744
C_freeze,2,13.950000000000001,0.1868251936433511,0.0915061669637112,0.09531577199436828,7.993499165991984e-07,3.25468527162022e-06,2.2043922572508303e-05,0.48979564896582567,0.5101869300150487,0.41942203926796123,-0.36405720310983836,0.01120329769566924,0.048418090944057024,0.0019572169853025218,0.0053316467397616744
C_freeze,2,14.0,0.1868251936433533,0.09150586306682028,0.09531624062833188,7.882756653156639e-07,3.0899482011135173e-06,2.249598970687576e-05,0.48979402232818614,0.5101894384238631,0.40141261511740306,-0.36413411823688635,0.01120329769566924,0.048418090944057024,0.0019572169853025218,0.0053316467397616744
C_freeze,2,14.05,0.18682519364335548,0.09150551073850303,0.09531661981650238,7.847777199728721e-07,3.063088350100666e-06,2.2823353986398816e-05,0.48979213645663183,0.5101914680653797,0.38333237595130876,-0.3642124268365456,0.01120329769566924,0.048418090944057024,0.0019572169853025218,0.0053316467397616744
C_freeze,2,14.1,0.1868251936433577,0.09150551722911632,0.09531674937670984,7.931810984271812e-07,2.9270375315271454e-06,2.298132898097417e-05,0.48979217119826424,0.5101921615489715,0.36536285223588105,-0.3642942178438859,0.01120329769566924,0.048418090944057024,0.0019572169853025218,0.0053316467397616744
C_freeze,2,14.15,0.18682519364335992,0.09150499360908702,0.09531755460971508,5.477906176479584e-07,2.645424557806189e-06,2.3457013715614137e-05,0.4897893684711792,0.5101964716368586,0.3470058166720097,-0.36437743918834875,0.01120329769566924,0.048418090944057024,0.0019572169853025218,0.0053316467397616744
C_freeze,2,14.200000000000001,0.18682519364336211,0.09150503158493661,0.0953175922480296,5.006434591068916e-07,2.569810395897054e-06,2.3715097058725412e-05,0.48978957174059795,0.5101966730995877,0.3290062926500576,-0.3644590576088212,0.01120329769566924,0.048418090944057024,0.0019572169853025218,0.0053316467397616744
C_freeze,2,14.25,0.18682519364336433,0.09150468074505044,0.09531772076961181,6.521211235073997e-07,2.7921287020677767e-06,2.4369347119149552e-05,0.4897876938360155,0.5101973610238371,0.31078966779338013,-0.36454197268454713,0.01120329769566924,0.048418090944057024,0.0019572169853025218,0.0053316467397616744
C_freeze,2,14.3,0.18682519364336655,0.09150442486607963,0.09531793230514365,7.868061407612302e-07,2.8364721432520386e-06,2.4057539422569197e-05,0.48978632421895846,0.5101984932883169,0.2925671194406705,-0.36462983206994165,0.01120329769566924,0.048418090944057024,0.0019572169853025218,0.0053316467397616744
C_freeze,2,14.35,0.1868251936433687,0.09150368147450978,0.09531891644499756,7.17236341438771e-07,2.595723861411588e-06,2.350144671088091e-05,0.48978234514335095,0.5102037609924933,0.27390632711179824,-0.36472408857732613,0.01120329769566924,0.048418090944057024,0.0019572169853025218,0.0053316467397616744
C_freeze,2,14.4,0.18682519364337094,0.09150357585188848,0.09531901769012657,5.851491812300686e-07,2.6001013558516694e-06,2.3532862652157377e-05,0.48978177978800275,0.5102043029168767,0.25552948330934805,-0.3648267248846955,0.01120329769566924,0.048418090944057024,0.0019572169853025218,0.0053316467397616744
C_freeze,2,14.450000000000001,0.18682519364337313,0.09150446226557675,0.0953177612743037,6.381513081294572e-07,2.9701034927140777e-06,2.4332995042740356e-05,0.4897865244033831,0.5101975778291116,0.23790485830255653,-0.3649414910339057,0.01120329769566924,0.048418090944057024,0.0019572169853025218,0.0053316467397616744
C_freeze,2,14.5,0.18682519364337535,0.09150553828643362,0.09531677678210469,6.817181593671603e-07,2.878574837057931e-06,2.4683935603166295e-05,0.48979228390955465,0.5101923082389619,0.22039944423161834,-0.3650678088189374,0.01120329769566924,0.048418090944057024,0.0019572169853025218,0.0053316467397616744
C_freeze,2,14.55,0.18682519364337755,0.09150610043448246,0.09531613042719067,8.168577269887767e-07,2.9627817044187006e-06,2.4781358992208395e-05,0.48979529286159584,0.5101888485614818,0.2026436870965532,-0.36520554308952424,0.01120329769566924,0.048418090944057024,0.0019572169853025218,0.0053316467397616744
C_freeze,2,14.6,0.1868251936433798,0.09150642014891147,0.09531562940052585,8.999906139178434e-07,3.144093942449591e-06,2.3950056235809344e-05,0.48979700416413313,0.510186166767575,0.1847380113263772,-0.3653540134793193,0.01120329769566924,0.048418090944057024,0.0019572169853025218,0.0053316467397616744
C_freeze,2,14.65,0.1868251936433819,0.09150724597795434,0.09531491002195046,6.81813114381642e-07,3.0376434771158127e-06,2.4403870680588757e-05,0.4898014244943131,0.5101823162238531,0.16714351049928877,-0.36550912175765804,0.01120329769566924,0.048418090944057024,0.0019572169853025218,0.0053316467397616744
C_freeze,2,14.700000000000001,0.18682519364338412,0.09150750561149144,0.09531484373781189,6.805999690714549e-07,2.844294080755324e-06,2.4084983586703074e-05,0.48980281420803934,0.5101819614315555,0.14915242045185131,-0.36566397962696573,0.01120329769566924,0.048418090944057024,0.0019572169853025218,0.0053316467397616744
C_freeze,2,14.75,0.18682519364338618,0.09150799176849357,0.09531416132446266,6.88057846411746e-07,3.040550429940444e-06,2.426229107416793e-05,0.4898054164106205,0.5101783087477982,0.131403107242073,-0.3658129280419931,0.01120329769566924,0.048418090944057024,0.0019572169853025218,0.0053316467397616744
C_freeze,2,14.8,0.18682519364338832,0.09150810678587826,0.09531382524018864,8.331540720959774e-07,3.2616173214008802e-06,2.4095475225298216e-05,0.4898060320523409,0.5101765098240634,0.11338460352125668,-0.3659513144988988,0.01120329769566924,0.048418090944057024,0.0019572169853025218,0.0053316467397616744
C_freeze,2,14.85,0.1868251936433904,0.09150845498382557,0.0953134076956751,8.149279102584987e-07,3.3309638897279945e-06,2.41157316508134e-05,0.48980789581567763,0.5101742748764824,0.09544160981661423,-0.36607616512029095,0.01120329769566924,0.048418090944057024,0.0019572169853025218,0.0053316467397616744
C_freeze,2,14.9,0.18682519364339237,0.09150881313913814,0.09531331073267324,7.492105968405186e-07,3.069771580990372e-06,2.3800758540059855e-05,0.48980981287677966,0.5101737558725891,0.07737874517141753,-0.3661849072696856,0.01120329769566924,0.048418090944057024,0.0019572169853025218,0.0053316467397616744
C_freeze,2,14.950000000000001,0.18682519364339434,0.09150909040650372,0.09531284264136632,7.770015285851583e-07,3.260595524348295e-06,2.398527504150148e-05,0.4898112969772867,0.510171250368386,0.05934009447554157,-0.36627592149607613,0.01120329769566924,0.048418090944057024,0.0019572169853025218,0.0053316467397616744
C_freeze,2,15.0,0.18682519364339634,0.09150908161299193,0.09531255011594708,8.6624876498112e-07,3.5619144573397927e-06,2.40216608825088e-05,0.48981124990915526,0.5101696845976537,0.041145778923616594,-0.3663537108715462,0.01120329769566924,0.048418090944057024,0.0019572169853025218,0.0053316467397616744
C_freeze,2,15.05,0.1868251936433983,0.09150945545971183,0.0953118665886594,1.0560018323884927e-06,3.871595027092816e-06,2.409828515350689e-05,0.48981325096003947,0.5101660259514328,0.02306008594888548,-0.3664242008488797,0.01120329769566924,0.048418090944057024,0.0019572169853025218,0.0053316467397616744
C_freeze,2,15.1,0.18682519364340022,0.09151067352629694,0.09531150549076836,8.136653393885794e-07,3.0146263349562688e-06,2.4073639335233858e-05,0.4898197707797727,0.5101640931398833,0.00491937718164257,-0.36649456151190624,0.01120329769566924,0.048418090944057024,0.0019572169853025218,0.0053316467397616744
C_freeze,2,15.15,0.1868251936434021,0.09151083428920899,0.09531156243121391,6.572958337431401e-07,2.796922979192718e-06,2.448877103446217e-05,0.48982063127887343,0.510164397919145,-0.01351184062610581,-0.36657206892597727,0.01120329769566924,0.048418090944057024,0.0019572169853025218,0.0053316467397616744
C_freeze,2,15.200000000000001,0.18682519364340397,0.09150966092389516,0.09531202828404683,8.004446457623677e-07,3.5044354619730995e-06,2.5055826458430476e-05,0.48981435072702784,0.5101668914416881,-0.03196014423971289,-0.36666314151309526,0.01120329769566924,0.048418090944057024,0.0019572169853025218,0.0053316467397616744
C_freeze,2,15.25,0.18682519364340575,0.09150848773679575,0.09531283893832639,1.0114397183000399e-06,3.866968283580355e-06,2.5556659062684585e-05,0.4898080711290924,0.5101712305474738,-0.050229676983064214,-0.3667754942443997,0.01120329769566924,0.048418090944057024,0.0019572169853025218,0.0053316467397616744
C_freeze,2,15.3,0.18682519364340747,0.0915082892749237,0.09531372779982449,8.177199060475115e-07,3.1765686592709317e-06,2.5704052976316713e-05,0.4898070088426362,0.5101759882649951,-0.0684018550352753,-0.366909017434435,0.01120329769566924,0.048418090944057024,0.0019572169853025218,0.0053316467397616744
C_freeze,2,15.35,0.18682519364340924,0.09150773196182045,0.09531402776041403,8.858928988637999e-07,3.433921174743666e-06,2.5797668842603213e-05,0.48980402577010057,0.5101775938331885,-0.08660926453553466,-0.3670669927275283,0.01120329769566924,0.048418090944057024,0.0019572169853025218,0.0053316467397616744
C_freeze,2,15.4,0.186825193643411,0.09150708475453762,0.09531474753519101,8.6743752601947e-07,3.3613536823414958e-06,2.6168104274955492e-05,0.4898005615302351,0.5101814464976073,-0.1049060813946791,-0.36724784874774563,0.01120329769566924,0.048418090944057024,0.0019572169853025218,0.0053316467397616744
C_freeze,2,15.450000000000001,0.18682519364341266,0.0915067474016625,0.09531523640452322,8.946791771049711e-07,3.2098372269589305e-06,2.645369129124025e-05,0.4897987558161911,0.5101840632181995,-0.12308642477382374,-0.3674465767167828,0.01120329769566924,0.048418090944057024,0.0019572169853025218,0.0053316467397616744
C_freeze,2,15.5,0.18682519364341443,0.09150625902797613,0.09531587083332987,7.547503243917216e-07,3.063782108427092e-06,2.6847819415430737e-05,0.48979614174858216,0.5101874590600204,-0.14139785179924932,-0.367654240699203,0.01120329769566924,0.048418090944057024,0.0019572169853025218,0.0053316467397616744
C_freeze,2,15.55,0.1868251936434161,0.09150605364862312,0.09531605490038851,6.996757922601434e-07,3.0850944044721094e-06,2.7034092544829316e-05,0.48979504243563715,0.5101884442968302,-0.15951806122098358,-0.3678620314519598,0.01120329769566924,0.048418090944057024,0.0019572169853025218,0.0053316467397616744
C_freeze,2,15.6,0.18682519364341788,0.09150543038816912,0.09531657781088307,8.138539172730578e-07,3.185444365669774e-06,2.764931698558734e-05,0.48979170637349956,0.5101912432260509,-0.17794453753689018,-0.3680628335226776,0.01120329769566924,0.048418090944057024,0.0019572169853025218,0.0053316467397616744
C_freeze,2,15.65,0.18682519364341968,0.0915055183053136,0.09531660359452274,8.350632726192326e-07,3.0717435833545997e-06,2.774714313412006e-05,0.48979217695855226,0.5101913812354824,-0.19607792790145182,-0.3682517291035061,0.01120329769566924,0.048418090944057024,0.0019572169853025218,0.0053316467397616744
C_freeze,2,15.700000000000001,0.18682519364342146,0.09150491444565875,0.0953174057354364,6.401389420442478e-07,2.8734623263023785e-06,2.8521453351555522e-05,0.489788944741077,0.5101956747726499,-0.21473781137378664,-0.3684232844943039,0.01120329769566924,0.048418090944057024,0.0019572169853025218,0.0053316467397616744
C_freeze,2,15.75,0.1868251936434233,0.09150504941834886,0.09531730210666184,7.155277232256677e-07,2.8421184126034213e-06,2.9001325752380978e-05,0.48978966719550926,0.510195120089561,-0.23292835270081305,-0.3685740412131882,0.01120329769566924,0.048418090944057024,0.0019572169853025218,0.0053316467397616744
C_freeze,2,15.8,0.18682519364342506,0.09150439587262922,0.09531784252517654,7.10836975428027e-07,2.9552456193333825e-06,2.923046545002925e-05,0.4897861690285449,0.5101980127321606,-0.25155568645992,-0.368706190947605,0.01120329769566924,0.048418090944057024,0.0019572169853025218,0.0053316467397616744
C_freeze,2,15.85,0.18682519364342698,0.09150391831104251,0.0953184809008569,6.592463095582761e-07,2.794431527544189e-06,2.8425340030472596e-05,0.4897836128337495,0.5102014297000059,-0.2701858137292634,-0.3688237394148843,0.01120329769566924,0.048418090944057024,0.0019572169853025218,0.0053316467397616744
C_freeze,2,15.9,0.18682519364342884,0.09150338374922176,0.09531902200129136,7.150266896173182e-07,2.7878929157206737e-06,2.8260996624311192e-05,0.4897807515396636,0.510204325992647,-0.28901242731178717,-0.3689325196408608,0.01120329769566924,0.048418090944057024,0.0019572169853025218,0.0053316467397616744
C_freeze,2,15.950000000000001,0.18682519364343064,0.09150388354983958,0.09531823687310298,8.79725254835836e-07,3.0732204880764056e-06,2.917362586370953e-05,0.489783426771024,0.5102001235177345,-0.3071710915244882,-0.36903922023996166,0.01120329769566924,0.048418090944057024,0.0019572169853025218,0.0053316467397616744
C_freeze,2,16.0,0.18682519364343259,0.09150511399503121,0.09531681095121344,7.767053227851434e-07,3.268697187908357e-06,2.9779774658815326e-05,0.4897900128484511,0.5101924911322798,-0.3247527147336209,-0.3691494282845223,0.01120329769566924,0.048418090944057024,0.0019572169853025218,0.0053316467397616744
C_freeze,2,16.05,0.18682519364343447,0.09150561748186493,0.09531649202744613,6.105928819992944e-07,3.0841341233603935e-06,3.0077045696982558e-05,0.48979270781064,0.510190784061825,-0.34281191799794586,-0.36927013238075246,0.01120329769566924,0.048418090944057024,0.0019572169853025218,0.0053316467397616744
C_freeze,2,16.1,0.18682519364343625,0.09150617333920567,0.09531585140340856,7.938725696290148e-07,3.168900822038203e-06,2.9477705637165706e-05,0.48979568309105603,0.5101873550594193,-0.36072753215534203,-0.36940494223512377,0.01120329769566924,0.048418090944057024,0.0019572169853025218,0.0053316467397616744
C_freeze,2,16.15,0.1868251936434381,0.09150635516051156,0.09531556274411397,7.76526826477864e-07,3.2757388126336734e-06,2.9707416293326117e-05,0.4897966563072558,0.5101858099824951,-0.37892224099435895,-0.3695558370672717,0.01120329769566924,0.048418090944057024,0.0019572169853025218,0.0053316467397616744
C_freeze,2,16.2,0.18682519364344005,0.09150718044989899,0.09531476534658222,8.419554743181269e-07,3.2478469588103614e-06,2.9326446277913573e-05,0.48980107374887794,0.5101815418347299,-0.39673233365409616,-0.3697232938778067,0.01120329769566924,0.048418090944057024,0.0019572169853025218,0.0053316467397616744
C_freeze,2,16.25,0.1868251936434419,0.09150710831896522,0.09531484514577672,9.167044986513406e-07,3.240178699988318e-06,2.946512326670358e-05,0.4898006876610422,0.5101819689676662,-0.4151011893596157,-0.36990621872615365,0.01120329769566924,0.048418090944057024,0.0019572169853025218,0.0053316467397616744
C_freeze,2,16.3,0.1868251936434438,0.0915075924846773,0.0953141979152493,8.311700456204052e-07,3.4032435171779054e-06,2.9285750644656197e-05,0.48980327920505035,0.5101785046033813,-0.43311516511562437,-0.370100737861339,0.01120329769566924,0.048418090944057024,0.0019572169853025218,0.0053316467397616744
C_freeze,2,16.35,0.1868251936434456,0.09150779324838826,0.0953139853588339,8.225169340711747e-07,3.415036223466102e-06,2.9158764339717486e-05,0.48980435381231374,0.510177366874512,-0.45136692820649815,-0.3703016863375648,0.01120329769566924,0.048418090944057024,0.0019572169853025218,0.0053316467397616744
C_freeze,2,16.4,0.1868251936434474,0.0915081507467011,0.09531373306203607,7.994410908997542e-07,3.309834710274897e-06,2.9094321456357036e-05,0.4898062673567613,0.5101760164313848,-0.4695742833643042,-0.37050487960318373,0.01120329769566924,0.048418090944057024,0.0019572169853025218,0.0053316467397616744
C_freeze,2,16.45,0.1868251936434493,0.09150831442758982,0.09531319304050191,8.367645510285775e-07,3.686175357562562e-06,2.9030247584469685e-05,0.4898071434746156,0.5101731259136522,-0.4878651046584886,-0.3707042243632208,0.01120329769566924,0.048418090944057024,0.0019572169853025218,0.0053316467397616744
C_freeze,2,16.5,0.18682519364345115,0.09150827998280622,0.09531330741739062,9.586193712945458e-07,3.606243254302297e-06,2.9005623813679885e-05,0.4898069591055601,0.5101737381270562,-0.5064049665487381,-0.3708972909597768,0.01120329769566924,0.048418090944057024,0.0019572169853025218,0.0053316467397616744
C_freeze,2,16.55,0.18682519364345296,0.0915086340040409,0.09531248626378451,1.2273119274704758e-06,4.073375627554454e-06,2.905660348893072e-05,0.4898088540386089,0.5101693428225953,-0.5246189012704312,-0.37108332213383594,0.01120329769566924,0.048418090944057024,0.0019572169853025218,0.0053316467397616744
C_freeze,2,16.6,0.18682519364345473,0.09150926127264158,0.0953125508152015,8.453373011374899e-07,3.3815556116653295e-06,2.865628261956433e-05,0.4898122115547318,0.5101696883403214,-0.543291657429963,-0.371258353446864,0.01120329769566924,0.048418090944057024,0.0019572169853025218,0.0053316467397616744
C_freeze,2,16.65,0.18682519364345654,0.09150993832909732,0.09531238448363172,7.043922897600465e-07,2.8708307275216964e-06,2.891934325885473e-05,0.4898158355651859,0.5101687980344293,-0.5618209531294138,-0.37142463890444516,0.01120329769566924,0.048418090944057024,0.0019572169853025218,0.0053316467397616744
C_freeze,2,16.7,0.18682519364345845,0.09150900268132209,0.09531270776821724,8.003521256981618e-07,3.483193919106619e-06,2.9628538391636613e-05,0.48981082741956095,0.5101705284465767,-0.5805600455231507,-0.3715832404481788,0.01120329769566924,0.048418090944057024,0.0019572169853025218,0.0053316467397616744
C_freeze,2,16.75,0.18682519364346023,0.09150734124533119,0.09531361715317593,1.0748437911125154e-06,4.235244953135845e-06,2.999212765058591e-05,0.48980193442199804,0.5101753960179147,-0.5992571780900309,-0.37173666193432336,0.01120329769566924,0.048418090944057024,0.0019572169853025218,0.0053316467397616744
C_freeze,2,16.8,0.186825193643462,0.0915073109475952,0.09531440293426338,9.627491954551288e-07,3.479761603458525e-06,3.0482127955002087e-05,0.48980177225041793,0.5101796019875231,-0.6175056438391288,-0.3718892377383001,0.01120329769566924,0.048418090944057024,0.0019572169853025218,0.0053316467397616744
C_freeze,2,16.85,0.18682519364346384,0.09150601175230097,0.09531535106542811,9.472860757290854e-07,3.830825734728293e-06,2.9704368673153064e-05,0.48979481818137727,0.5101846769516931,-0.636381521920514,-0.37204419145550244,0.01120329769566924,0.048418090944057024,0.0019572169853025218,0.0053316467397616744
C_freeze,2,16.9,0.1868251936434656,0.09150599457839531,0.09531584590584663,8.920403728868319e-07,3.353159223682865e-06,3.0441426219552103e-05,0.4897947262563741,0.5101873256331048,-0.6546629028551569,-0.37220304914339886,0.01120329769566924,0.048418090944057024,0.0019572169853025218,0.0053316467397616744
C_freeze,2,16.95,0.18682519364346736,0.0915053150190387,0.09531633482680782,8.213328160739633e-07,3.5437976208518984e-06,3.052267848264187e-05,0.48979108884889055,0.5101899426300458,-0.6732406200717482,-0.3723657991100333,0.01120329769566924,0.048418090944057024,0.0019572169853025218,0.0053316467397616744
C_freeze,2,17.0,0.18682519364346908,0.09150472500333903,0.09531702632026194,7.773041777279619e-07,3.4423198681687007e-06,3.0849273173679365e-05,0.4897879307325305,0.5101936439159365,-0.6918380114221772,-0.372533897273082,0.01120329769566924,0.048418090944057024,0.0019572169853025218,0.0053316467397616744
C_freeze,2,17.05,0.18682519364347086,0.09150462965039273,0.09531733649568917,8.033752986864043e-07,3.2274973889219995e-06,3.125292894474623e-05,0.4897874203466167,0.510195304160041,-0.7101824547431562,-0.3727095146182073,0.01120329769566924,0.048418090944057024,0.0019572169853025218,0.0053316467397616744
C_freeze,2,17.1,0.18682519364347258,0.09150361116605729,0.09531809185164714,8.403164382419668e-07,3.490625768111638e-06,3.107698707318093e-05,0.4897819688102558,0.510199347276188,-0.7290414895964055,-0.3728916559287149,0.01120329769566924,0.048418090944057024,0.0019572169853025218,0.0053316467397616744
C_freeze,2,17.150000000000002,0.18682519364347427,0.09150380166070658,0.09531825731111283,8.885481729440456e-07,3.134671654872899e-06,3.182255650507135e-05,0.48978298845136925,0.5102002329140487,-0.7474424241099323,-0.3730794773652238,0.01120329769566924,0.048418090944057024,0.0019572169853025218,0.0053316467397616744
C_freeze,2,17.2,0.18682519364347594,0.09150339626790668,0.09531840392297102,8.429917234853513e-07,3.393452598242554e-06,3.1903581031019924e-05,0.48978081854701744,0.5102010176682592,-0.7660414538123883,-0.373270603269356,0.01120329769566924,0.048418090944057024,0.0019572169853025218,0.0053316467397616744
C_freeze,2,17.25,0.18682519364347772,0.09150280641203094,0.09531921424403864,8.248244038898718e-07,3.1729874081231315e-06,3.2614696943313184e-05,0.4897776612861304,0.5102053549904957,-0.7849535507255965,-0.3734627062770279,0.01120329769566924,0.048418090944057024,0.0019572169853025218,0.0053316467397616744
C_freeze,2,17.3,0.18682519364347938,0.09150282923791436,0.0953192161700501,8.408477317082591e-07,3.148235514946023e-06,3.26784527969835e-05,0.4897777834638846,0.5102053652996545,-0.8034568735177655,-0.37365545054293364,0.01120329769566924,0.048418090944057024,0.0019572169853025218,0.0053316467397616744
C_freeze,2,17.35,0.1868251936434811,0.09150164172139866,0.09532061278916173,7.505570059401184e-07,2.9391329207039474e-06,3.229980446476209e-05,0.4897714271663565,0.5102128408391335,-0.8227940215526245,-0.3738466802360859,0.01120329769566924,0.048418090944057024,0.0019572169853025218,0.0053316467397616744
C_freeze,2,17.400000000000002,0.18682519364348282,0.09150120596610305,0.09532118541914934,7.440270589371661e-07,2.8022582304435583e-06,3.182889971346661e-05,0.4897690947437964,0.5102159058967715,-0.8417889052479596,-0.37403681892883056,0.01120329769566924,0.048418090944057024,0.0019572169853025218,0.0053316467397616744
C_freeze,2,17.45,0.18682519364348457,0.09150144087234495,0.0953204686709354,7.974119026094918e-07,3.2841002042390013e-06,3.235345151210746e-05,0.48977035210227393,0.5102120694323158,-0.8603222837923485,-0.3742251320469194,0.01120329769566924,0.048418090944057024,0.0019572169853025218,0.0053316467397616744
C_freeze,2,17.5,0.18682519364348626,0.09150207220054672,0.0953196014610367,1.0813753480878327e-06,3.519981902842388e-06,3.317370818802023e-05,0.4897737313478063,0.5102074276070745,-0.8785945980826992,-0.3744115801483103,0.01120329769566924,0.048418090944057024,0.0019572169853025218,0.0053316467397616744
C_freeze,2,17.55,0.18682519364348804,0.0915033392840745,0.09531854088896653,9.250802845244907e-07,3.3134704470290843e-06,3.3560646365293175e-05,0.4897805135354877,0.5102017507920241,-0.8964108442189936,-0.37459688371909766,0.01120329769566924,0.048418090944057024,0.0019572169853025218,0.0053316467397616744
C_freeze,2,17.6,0.1868251936434898,0.09150323501026648,0.09531863364705671,9.586421472015959e-07,3.324986166619963e-06,3.30961429808691e-05,0.48977995539979496,0.510202247288709,-0.9150265606484115,-0.37478097261724697,0.01120329769566924,0.048418090944057024,0.0019572169853025218,0.0053316467397616744
C_freeze,2,17.650000000000002,0.18682519364349162,0.0915036709831379,0.09531833074067575,8.887224316276891e-07,3.1919196779844492e-06,3.3053992221038476e-05,0.48978228898694137,0.510200625952871,-0.9334003176675246,-0.37496429413857985,0.01120329769566924,0.048418090944057024,0.0019572169853025218,0.0053316467397616744
C_freeze,2,17.7,0.18682519364349343,0.09150428535445143,0.09531747843127046,8.162402036431614e-07,3.4298577715651156e-06,3.3009235263466066e-05,0.48978557746908163,0.510196063883968,-0.951544973935021,-0.37514837045269334,0.01120329769566924,0.048418090944057024,0.0019572169853025218,0.0053316467397616744
C_freeze,2,17.75,0.1868251936434953,0.09150429051643845,0.09531741236721143,8.479148047331995e-07,3.490759845421864e-06,3.3122488116525774e-05,0.48978560509911373,0.5101957102696684,-0.9701631326275582,-0.37533510167460804,0.01120329769566924,0.048418090944057024,0.0019572169853025218,0.0053316467397616744
C_freeze,2,17.8,0.18682519364349723,0.09150461628725862,0.09531694082661804,9.924922998646291e-07,3.6365296205349285e-06,3.288030695509169e-05,0.489787348819074,0.5101931863028245,-0.9885157754796925,-0.37552279270521755,0.01120329769566924,0.048418090944057024,0.0019572169853025218,0.0053316467397616744
C_freeze,2,17.85,0.18682519364349906,0.09150504505850926,0.09531662321228498,9.986122490374504e-07,3.525372704785437e-06,3.2731523879604304e-05,0.48978964385884555,0.5101914862412439,-1.0068917643795152,-0.37571258771951194,0.01120329769566924,0.048418090944057024,0.0019572169853025218,0.0053316467397616744
C_freeze,2,17.900000000000002,0.18682519364350092,0.09150462577891808,0.09531687914448207,9.155679778688604e-07,3.688720100794341e-06,3.288276695460582e-05,0.4897873996240937,0.5101928561431889,-1.0257337251025433,-0.375902965421406,0.01120329769566924,0.048418090944057024,0.0019572169853025218,0.0053316467397616744
C_freeze,2,17.95,0.1868251936435028,0.09150491772735075,0.0953164794360436,1.143238640635365e-06,3.7964801084678136e-06,3.260521677085383e-05,0.4897889623064389,0.5101907166649331,-1.0443001513837709,-0.3760930749322925,0.01120329769566924,0.048418090944057024,0.0019572169853025218,0.0053316467397616744
C_freeze,2,18.0,0.18682519364350464,0.09150491562011737,0.09531644213637466,9.445131387035536e-07,3.835887012606698e-06,3.2894511035267706e-05,0.4897889510272627,0.5101905170148262,-1.0630541709266539,-0.3762845130886196,0.01120329769566924,0.048418090944057024,0.0019572169853025218,0.0053316467397616744
C_freeze,2,18.05,0.1868251936435064,0.09150448548534983,0.09531644921906648,1.124561758553291e-06,4.258939090125482e-06,3.305821715344687e-05,0.4897866486891251,0.5101905549256176,-1.0820119996891653,-0.37647670792457244,0.01120329769566924,0.048418090944057024,0.0019572169853025218,0.0053316467397616744
C_freeze,2,18.1,0.18682519364350827,0.09150577497495216,0.09531566189630931,8.542558431295415e-07,3.7567722468067045e-06,3.2646450010393484e-05,0.48979355080749715,0.5101863407040622,-1.1004388430561078,-0.3766690520640085,0.01120329769566924,0.048418090944057024,0.0019572169853025218,0.0053316467397616744
C_freeze,2,18.150000000000002,0.1868251936435101,0.09150638930199109,0.09531556884818634,8.95036629305125e-07,3.2354933326822932e-06,3.283583818462261e-05,0.4897968390526532,0.5101858426549389,-1.1193055986435396,-0.3768616916634267,0.01120329769566924,0.048418090944057024,0.0019572169853025218,0.0053316467397616744
C_freeze,2,18.2,0.186825193643512,0.09150554005776462,0.09531613203267844,9.848566804768288e-07,3.5215530689294042e-06,3.367948527522839e-05,0.4897922933904177,0.510188857154644,-1.13851344230383,-0.3770533306851635,0.01120329769566924,0.048418090944057024,0.0019572169853025218,0.0053316467397616744
C_freeze,2,18.25,0.18682519364351385,0.09150436527471058,0.09531658149284486,1.2422736615560037e-06,4.246875958407988e-06,3.390507401410967e-05,0.48978600524997984,0.510191262933847,-1.157283171683245,-0.377243951175425,0.01120329769566924,0.048418090944057024,0.0019572169853025218,0.0053316467397616744
C_freeze,2,18.3,0.1868251936435157,0.09150342412349018,0.09531748277155258,1.1463964401409822e-06,4.286748472931464e-06,3.437216543311204e-05,0.4897809676466301,0.5101960871156889,-1.176089365252813,-0.37743390114095804,0.01120329769566924,0.048418090944057024,0.0019572169853025218,0.0053316467397616744
C_freeze,2,18.35,0.18682519364351752,0.0915025847647537,0.09531895451224685,9.599949335961575e-07,3.6543665169207072e-06,3.44189431088145e-05,0.4897764748974404,0.5102039647507371,-1.195214447678143,-0.3776233985403917,0.01120329769566924,0.048418090944057024,0.0019572169853025218,0.0053316467397616744
C_freeze,2,18.400000000000002,0.18682519364351935,0.09150229137285074,0.0953190554301184,9.658154241826006e-07,3.84684055021489e-06,3.431196976907386e-05,0.4897749044887705,0.5102045049234443,-1.2137848275760694,-0.37781288447277706,0.01120329769566924,0.048418090944057024,0.0019572169853025218,0.0053316467397616744
C_freeze,2,18.45,0.1868251936435213,0.09150134491966645,0.09532008884138368,1.049806426512613e-06,3.7598824711264568e-06,3.474883616411326e-05,0.48976983850614375,0.5102100363576376,-1.2328219054892255,-0.37800120642496343,0.01120329769566924,0.048418090944057024,0.0019572169853025218,0.0053316467397616744
C_freeze,2,18.5,0.18682519364352304,0.09150054600500938,0.09532098496021264,9.87174080394543e-07,3.66267830103423e-06,3.527499858156301e-05,0.48976556223781853,0.5102148329207273,-1.2517708867141,-0.37818825955067165,0.01120329769566924,0.048418090944057024,0.0019572169853025218,0.0053316467397616744
C_freeze,2,18.55,0.18682519364352493,0.09150058419689669,0.09532105010167831,1.0387363136531202e-06,3.5593449499423155e-06,3.5175746564143305e-05,0.48976576666360094,0.5102151815967461,-1.2702921073552818,-0.37837409340057326,0.01120329769566924,0.048418090944057024,0.0019572169853025218,0.0053316467397616744
C_freeze,2,18.6,0.1868251936435268,0.09149999395796612,0.09532157189953273,1.0132009566668203e-06,3.6277860279154974e-06,3.547577148415279e-05,0.4897626073523755,0.510217974570452,-1.2892858793701332,-0.37855927875918494,0.01120329769566924,0.048418090944057024,0.0019572169853025218,0.0053316467397616744
C_freeze,2,18.650000000000002,0.18682519364352868,0.09149932333537153,0.09532243779626262,1.0217313431424392e-06,3.432511894513167e-06,3.598287901441184e-05,0.48975901777977854,0.51022260936682,-1.3084049853964195,-0.37874435803437895,0.01120329769566924,0.048418090944057024,0.0019572169853025218,0.0053316467397616744
C_freeze,2,18.7,0.1868251936435305,0.09149933644804131,0.09532232033142493,9.473372893216099e-07,3.5368640642870193e-06,3.578935523964425e-05,0.4897590879666127,0.5102219806248589,-1.3270380712775112,-0.37892855282865673,0.01120329769566924,0.048418090944057024,0.0019572169853025218,0.0053316467397616744
C_freeze,2,18.75,0.18682519364353242,0.09149866585596463,0.0953232035451074,1.0167485696097962e-06,3.3242424604071808e-06,3.6630927265986034e-05,0.4897554985573658,0.5102267081118977,-1.3462545717740633,-0.37911182514589337,0.01120329769566924,0.048418090944057024,0.0019572169853025218,0.0053316467397616744
C_freeze,2,18.8,0.1868251936435344,0.09149795510816228,0.09532376289612148,8.846477083180354e-07,3.475639250661279e-06,3.681806401291487e-05,0.48975169421069575,0.510229702092539,-1.3654526073510005,-0.3792941737141007,0.01120329769566924,0.048418090944057024,0.0019572169853025218,0.0053316467397616744
C_freeze,2,18.85,0.1868251936435363,0.09149745815619109,0.09532453777174588,8.952600887883251e-07,3.1977155993342153e-06,3.615414299701903e-05,0.48974903422698357,0.5102338496895966,-1.3846195476277634,-0.37947531895939995,0.01120329769566924,0.048418090944057024,0.0019572169853025218,0.0053316467397616744
C_freeze,2,18.900000000000002,0.1868251936435383,0.09149666471405918,0.09532534993842438,8.290365697076698e-07,3.1789910547058062e-06,3.5197120418578e-05,0.4897447872508803,0.510238196890644,-1.4040932302057734,-0.37965510411194753,0.01120329769566924,0.048418090944057024,0.0019572169853025218,0.0053316467397616744
C_freeze,2,18.95,0.18682519364354028,0.09149612897943045,0.0953257500768265,9.373485727421805e-07,3.314587283346916e-06,3.5609212536503016e-05,0.4897419196792255,0.5102403386703114,-1.4234485738504108,-0.3798336079780323,0.01120329769566924,0.048418090944057024,0.0019572169853025218,0.0053316467397616744
C_freeze,2,19.0,0.1868251936435423,0.09149714724742075,0.09532423033235723,1.0257601870686885e-06,3.8160637643290274e-06,3.647947691675253e-05,0.4897473700575682,0.5102322040903832,-1.4417150844916138,-0.3800107458703538,0.01120329769566924,0.048418090944057024,0.0019572169853025218,0.0053316467397616744
C_freeze,2,19.05,0.18682519364354436,0.09149812910380307,0.09532333759646498,1.180069171027886e-06,3.726943276302914e-06,3.677638423127784e-05,0.4897526255392416,0.5102274256347804,-1.4599746518615728,-0.3801856930059466,0.01120329769566924,0.048418090944057024,0.0019572169853025218,0.0053316467397616744
C_freeze,2,19.1,0.18682519364354636,0.09149775195556818,0.09532381342438881,9.653387538865396e-07,3.6282635893835615e-06,3.6631215816193816e-05,0.4897506068166672,0.5102299725499664,-1.47910461231019,-0.3803583905200447,0.01120329769566924,0.048418090944057024,0.0019572169853025218,0.0053316467397616744
C_freeze,2,19.150000000000002,0.18682519364354838,0.09149839439026089,0.0953230962178721,1.1713545282094119e-06,3.7030354154093988e-06,3.6076591843147134e-05,0.4897540455107704,0.5102261336323999,-1.4975112557394807,-0.3805292060542273,0.01120329769566924,0.048418090944057024,0.0019572169853025218,0.0053316467397616744
C_freeze,2,19.2,0.18682519364355044,0.09149876449172815,0.09532270035044228,9.413784524393365e-07,3.728801379962506e-06,3.621038864728185e-05,0.4897560265148258,0.5102240147135156,-1.516129432186539,-0.3806980990037974,0.01120329769566924,0.048418090944057024,0.0019572169853025218,0.0053316467397616744
C_freeze,2,19.25,0.1868251936435525,0.09149858809154428,0.09532283389672533,1.0221703477903485e-06,3.771655282855215e-06,3.572696432625124e-05,0.48975508231569803,0.5102247295329647,-1.5351055341530466,-0.3808641798918084,0.01120329769566924,0.048418090944057024,0.0019572169853025218,0.0053316467397616744
C_freeze,2,19.3,0.18682519364355463,0.09149895976999568,0.0953223342079672,9.976974014909566e-07,3.899665591715818e-06,3.568478732135009e-05,0.48975707176071404,0.5102220549003337,-1.5537511053744675,-0.38102802522880025,0.01120329769566924,0.048418090944057024,0.0019572169853025218,0.0053316467397616744
C_freeze,2,19.35,0.18682519364355663,0.09149940469215796,0.09532187664951063,9.939195158916156e-07,3.912301888068021e-06,3.553039536939375e-05,0.4897594532498089,0.5102196057742353,-1.57230825610509,-0.38118903443701124,0.01120329769566924,0.048418090944057024,0.0019572169853025218,0.0053316467397616744
C_freeze,2,19.400000000000002,0.18682519364355876,0.09149915995319131,0.09532211871091001,1.100082941197796e-06,3.914979457452716e-06,3.511307494540926e-05,0.48975814326070666,0.5102209014313871,-1.5914060018392056,-0.38134722185639913,0.01120329769566924,0.048418090944057024,0.0019572169853025218,0.0053316467397616744
C_freeze,2,19.45,0.1868251936435608,0.09149917947095809,0.09532180767770208,1.246227315122478e-06,4.206494900628094e-06,3.473113236394389e-05,0.4897582477314443,0.5102192365959177,-1.6102984859897866,-0.3815014691337977,0.01120329769566924,0.048418090944057024,0.0019572169853025218,0.0053316467397616744
C_freeze,2,19.5,0.18682519364356293,0.09149962157413467,0.09532156773411837,1.2041522630819591e-06,4.004335309846156e-06,3.510222130543278e-05,0.4897606141316439,0.5102179522745683,-1.6290944592862218,-0.3816525416300622,0.01120329769566924,0.048418090944057024,0.0019572169853025218,0.0053316467397616744
C_freeze,2,19.55,0.18682519364356504,0.09149914780169513,0.09532141787597884,1.3437457221482837e-06,4.6279658910363915e-06,3.491051757581845e-05,0.4897580782186263,0.5102171501443112,-1.6482380839318764,-0.381799478042771,0.01120329769566924,0.048418090944057024,0.0019572169853025218,0.0053316467397616744
C_freeze,2,19.6,0.18682519364356714,0.09149925519659095,0.09532173376618064,1.1727318372524552e-06,4.204680795516686e-06,3.438298860026353e-05,0.48975865306023464,0.510218840977301,-1.6675665857774409,-0.3819426662504686,0.01120329769566924,0.048418090944057024,0.0019572169853025218,0.0053316467397616744
C_freeze,2,19.650000000000002,0.18682519364356925,0.09150016100584245,0.09532140545645051,8.55596577097413e-07,3.627181276354807e-06,3.459805621074249e-05,0.48976350149225173,0.5102170836675677,-1.6865945161679465,-0.382082627172476,0.01120329769566924,0.048418090944057024,0.0019572169853025218,0.0053316467397616744
C_freeze,2,19.7,0.1868251936435714,0.09149990408926703,0.09532164844537801,9.348776059788197e-07,3.641108926364244e-06,3.492222298262463e-05,0.48976212632131544,0.5102183842894039,-1.7058757703868273,-0.3822191864230826,0.01120329769566924,0.048418090944057024,0.0019572169853025218,0.0053316467397616744
C_freeze,2,19.75,0.18682519364357353,0.09149804015595506,0.09532278549185098,1.1594567478907818e-06,4.367995767495771e-06,3.473145859608579e-05,0.48975214943716683,0.5102244704411145,-1.7254716742710456,-0.3823517858594419,0.01120329769566924,0.048418090944057024,0.0019572169853025218,0.0053316467397616744
C_freeze,2,19.8,0.18682519364357564,0.09149685039932803,0.09532364269636709,1.3224704869763608e-06,4.700547880535431e-06,3.537833382062199e-05,0.48974578114922424,0.5102290587115631,-1.7444584021648366,-0.3824795430260127,0.01120329769566924,0.048418090944057024,0.0019572169853025218,0.0053316467397616744
C_freeze,2,19.85,0.1868251936435778,0.0914969667242688,0.09532432191842516,1.0929781896008008e-06,3.905000883843202e-06,3.570257827288436e-05,0.4897464037897656,0.5102326943136128,-1.7632448204376856,-0.38260432202206496,0.01120329769566924,0.048418090944057024,0.0019572169853025218,0.0053316467397616744
C_freeze,2,19.900000000000002,0.18682519364358,0.09149581546740379,0.09532514332040117,1.243913160720348e-06,4.23485577502387e-06,3.529105087373387e-05,0.48974024157553936,0.5102370909474868,-1.7825595215306453,-0.3827251157870188,0.01120329769566924,0.048418090944057024,0.0019572169853025218,0.0053316467397616744
C_freeze,2,19.95,0.18682519364358216,0.09149494392556953,0.09532630068244094,1.134873564193956e-06,3.949035571722824e-06,3.549536414867417e-05,0.4897355765631911,0.5102432858402425,-1.8018363569392177,-0.38284346972730193,0.01120329769566924,0.048418090944057024,0.0019572169853025218,0.0053316467397616744
C_freeze,2,20.0,0.1868251936435843,0.09149451204154507,0.09532667913718172,1.1455655692418326e-06,4.002464857512368e-06,3.598625139614429e-05,0.4897332648619848,0.5102453115560055,-1.8207846028697212,-0.38295716374445415,0.01120329769566924,0.048418090944057024,0.0019572169853025218,0.0053316467397616744
C_freeze,2,20.05,0.18682519364358643,0.09149380696384697,0.09532746810506441,1.1909101475579361e-06,3.918574675067454e-06,3.60808855543956e-05,0.48972949086509826,0.510249534583244,-1.8399801952193635,-0.3830674465831096,0.01120329769566924,0.048418090944057024,0.0019572169853025218,0.0053316467397616744
C_freeze,2,20.1,0.1868251936435886,0.09149273814562131,0.09532869191559262,1.0137072008030129e-06,3.763582374664258e-06,3.590345324250817e-05,0.4897237699116986,0.5102560851479898,-1.8594395223755484,-0.38317278121692505,0.01120329769566924,0.048418090944057024,0.0019572169853025218,0.0053316467397616744
C_freeze,2,20.150000000000002,0.1868251936435907,0.09149241479404228,0.09532904143650694,1.0063829499767756e-06,3.7374130415005852e-06,3.680164885672767e-05,0.489722039140951,0.5102579559926357,-1.8785003810623957,-0.38327353730596764,0.01120329769566924,0.048418090944057024,0.0019572169853025218,0.0053316467397616744
C_freeze,2,20.2,0.18682519364359282,0.09149222117122945,0.09532913903676016,1.0393058722736972e-06,3.833435603223716e-06,3.684190069195039e-05,0.4897210027560283,0.5102584784074676,-1.8974761816378447,-0.3833697221546541,0.01120329769566924,0.048418090944057024,0.0019572169853025218,0.0053316467397616744
C_freeze,2,20.25,0.18682519364359487,0.09149147977062072,0.0953301945962759,1.0229117908976622e-06,3.5192766982806825e-06,3.7112612329757665e-05,0.4897170343372339,0.5102641283923229,-1.9170023509251204,-0.3834617594232508,0.01120329769566924,0.048418090944057024,0.0019572169853025218,0.0053316467397616744
C_freeze,2,20.3,0.18682519364359693,0.09149100540403893,0.09533036878620944,1.1282456270075512e-06,3.819453348577076e-06,3.7287132399180145e-05,0.48971449524401234,0.5102650607608601,-1.9362368140092299,-0.3835503647973398,0.01120329769566924,0.048418090944057024,0.0019572169853025218,0.0053316467397616744
C_freeze,2,20.35,0.18682519364359892,0.09149052045912091,0.0953310902797398,1.0485570572194366e-06,3.582904738237408e-06,3.731839673915918e-05,0.4897118995292185,0.5102689226250726,-1.9555366232004667,-0.3836343639472619,0.01120329769566924,0.048418090944057024,0.0019572169853025218,0.0053316467397616744
C_freeze,2,20.400000000000002,0.1868251936436009,0.09148965362975073,0.09533200574479017,1.086614111971439e-06,3.5342690600236002e-06,3.614587631798326e-05,0.48970725974079254,0.5102738227406916,-1.9751556484302166,-0.3837143509941272,0.01120329769566924,0.048418090944057024,0.0019572169853025218,0.0053316467397616744
C_freeze,2,20.45,0.1868251936436029,0.09148895635326451,0.09533273849071103,9.851116259039985e-07,3.498799627331028e-06,3.606894081555476e-05,0.4897035275006509,0.5102777448344175,-1.9948089953372439,-0.3837904577469549,0.01120329769566924,0.048418090944057024,0.0019572169853025218,0.0053316467397616744
C_freeze,2,20.5,0.1868251936436048,0.09148900708965413,0.09533228275767829,1.2147166416825282e-06,3.903796272374587e-06,3.751286931627246e-05,0.48970379907210054,0.5102753054790777,-2.013929082722586,-0.3838613448260438,0.01120329769566924,0.048418090944057024,0.0019572169853025218,0.0053316467397616744
C_freeze,2,20.55,0.1868251936436067,0.0914902642596086,0.09533089463636545,1.2351396495402243e-06,4.034747632667564e-06,3.776243588176552e-05,0.4897105281964174,0.5102678754248825,-2.0322317238321803,-0.3839287988916496,0.01120329769566924,0.048418090944057024,0.0019572169853025218,0.0053316467397616744
C_freeze,2,20.6,0.18682519364360864,0.09149064453782033,0.09533089740014812,1.1199750599498074e-06,3.651705640201512e-06,3.78366227293154e-05,0.48971256367248656,0.5102678902182924,-2.051103904750385,-0.38399240250095634,0.01120329769566924,0.048418090944057024,0.0019572169853025218,0.0053316467397616744
C_freeze,2,20.650000000000002,0.18682519364361047,0.09148985923131413,0.09533129310899488,1.0621946844751128e-06,4.0413033014856105e-06,3.722776285759883e-05,0.48970836024311076,0.5102700082883349,-2.070516364137924,-0.3840523379982878,0.01120329769566924,0.048418090944057024,0.0019572169853025218,0.0053316467397616744
C_freeze,2,20.7,0.18682519364361233,0.09149067799663194,0.09533077780730757,9.386308595294875e-07,3.737839672814048e-06,3.7508132724118894e-05,0.4897127427640167,0.5102672500859843,-2.089088342745485,-0.38410846497490786,0.01120329769566924,0.048418090944057024,0.0019572169853025218,0.0053316467397616744
C_freeze,2,20.75,0.18682519364361413,0.09149132383490881,0.09532988402165658,1.0724717236094708e-06,3.985787048759128e-06,3.732022296353327e-05,0.48971619967613544,0.5102624660114465,-2.1076284765642943,-0.38415981023540396,0.01120329769566924,0.048418090944057024,0.0019572169853025218,0.0053316467397616744
C_freeze,2,20.8,0.18682519364361605,0.09149099823690414,0.09533007368810371,1.2330944407850757e-06,4.121718608154187e-06,3.728967624701041e-05,0.48971445688117693,0.5102634812195267,-2.1268114145201813,-0.3842075223694512,0.01120329769566924,0.048418090944057024,0.0019572169853025218,0.0053316467397616744
C_freeze,2,20.85,0.18682519364361794,0.09149087915031043,0.09533032817066782,1.1509990967485471e-06,3.986322639686618e-06,3.6963311339931956e-05,0.48971381945860926,0.5102648433621702,-2.14595276811168,-0.38424919887916953,0.01120329769566924,0.048418090944057024,0.0019572169853025218,0.0053316467397616744
C_freeze,2,20.900000000000002,0.18682519364361974,0.09149110702167523,0.0953298504238481,1.2937983293007375e-06,4.236198096389836e-06,3.6677152138583125e-05,0.48971503916222353,0.5102622861758972,-2.1648178633441293,-0.38428791643732657,0.01120329769566924,0.048418090944057024,0.0019572169853025218,0.0053316467397616744
C_freeze,2,20.95,0.18682519364362163,0.09149158654735144,0.09532929652646184,1.3082426863370457e-06,4.310569808330537e-06,3.647351558572197e-05,0.48971760586998886,0.5102593213863181,-2.183606876256668,-0.3843210256353206,0.01120329769566924,0.048418090944057024,0.0019572169853025218,0.0053316467397616744
C_freeze,2,21.0,0.18682519364362343,0.09149113587619323,0.09532993471389829,1.184950818102821e-06,4.123053531880156e-06,3.670942462766237e-05,0.48971519360882476,0.5102627373465699,-2.2030704017573166,-0.3843506034397212,0.01120329769566924,0.048418090944057024,0.0019572169853025218,0.0053316467397616744
C_freeze,2,21.05,0.18682519364362532,0.09149029949211278,0.09533014946917963,1.3529012987269061e-06,4.7446823328807495e-06,3.675737665663635e-05,0.48971071678177025,0.5102638868450727,-2.2225511875363795,-0.3843761957734879,0.01120329769566924,0.048418090944057024,0.0019572169853025218,0.0053316467397616744
C_freeze,2,21.1,0.1868251936436271,0.09149080684769953,0.09532996782991643,1.1793211022545459e-06,4.418966011133332e-06,3.641149502504714e-05,0.48971343245183585,0.5102629146032645,-2.2416184339865035,-0.3843982017794968,0.01120329769566924,0.048418090944057024,0.0019572169853025218,0.0053316467397616744
C_freeze,2,21.150000000000002,0.186825193643629,0.09149173151465616,0.09532950483195995,1.0188547203491681e-06,3.957297012877951e-06,3.642124779893249e-05,0.4897183818215523,0.5102604363617145,-2.2607338201880185,-0.38441625930815715,0.01120329769566924,0.048418090944057024,0.0019572169853025218,0.0053316467397616744
C_freeze,2,21.2,0.1868251936436309,0.09149143733640491,0.09533010127303344,1.0212873596501025e-06,3.6550341925805844e-06,3.6775417093411105e-05,0.4897168072038766,0.5102636288705025,-2.2803462107305252,-0.38443192710086044,0.01120329769566924,0.048418090944057024,0.0019572169853025218,0.0053316467397616744
C_freeze,2,21.25,0.18682519364363281,0.0914902033558631,0.09533074093346558,1.1162528094788714e-06,4.249354304114166e-06,3.736924925944578e-05,0.48971020220313405,0.5102670527151065,-2.2998386001206352,-0.3844433204877256,0.01120329769566924,0.048418090944057024,0.0019572169853025218,0.0053316467397616744
C_freeze,2,21.3,0.18682519364363467,0.09148877933514811,0.09533135353653854,1.3914091409607626e-06,5.060771948035006e-06,3.7462102479961164e-05,0.4897025799939013,0.5102703317325671,-2.3189720121857063,-0.3844508058633234,0.01120329769566924,0.048418090944057024,0.0019572169853025218,0.0053316467397616744
C_freeze,2,21.35,0.18682519364363656,0.0914884994556695,0.09533241297728332,1.1526086158337716e-06,4.281210683730139e-06,3.7907847571963556e-05,0.4897010819117954,0.5102760024920784,-2.3379968504183766,-0.38445521357712503,0.01120329769566924,0.048418090944057024,0.0019572169853025218,0.0053316467397616744
C_freeze,2,21.400000000000002,0.18682519364363848,0.09148748473638808,0.09533340919486945,1.2531358270006685e-06,4.29971238097691e-06,3.816605809411086e-05,0.4896956505282514,0.5102813348434906,-2.3573981751126984,-0.38445697186512606,0.01120329769566924,0.048418090944057024,0.0019572169853025218,0.0053316467397616744
C_freeze,2,21.45,0.18682519364364042,0.09148664525488338,0.09533438358598527,1.28865441144128e-06,4.164802771716836e-06,3.814927331409853e-05,0.4896911571219325,0.5102865503665998,-2.3767042138803083,-0.3844579870177978,0.01120329769566924,0.048418090944057024,0.0019572169853025218,0.0053316467397616744
C_freeze,2,21.5,0.18682519364364222,0.09148607316871962,0.09533510574396789,1.2738747970059012e-06,4.014730954695572e-06,3.814143227622997e-05,0.48968809497515514,0.5102904157873581,-2.3958301120645324,-0.3844550266401009,0.01120329769566924,0.048418090944057024,0.0019572169853025218,0.0053316467397616744
C_freeze,2,21.55,0.18682519364364408,0.09148530063002827,0.09533574786959408,1.2111817129167383e-06,4.145144021710849e-06,3.859987982112559e-05,0.48968395988674873,0.510293852827153,-2.4150016206172547,-0.3844503589789153,0.01120329769566924,0.048418090944057024,0.0019572169853025218,0.0053316467397616744
C_freeze,2,21.6,0.1868251936436459,0.09148437225295303,0.09533690032811935,1.0626273662392112e-06,3.921062573514842e-06,3.908609482906334e-05,0.48967899065825216,0.5103000214733718,-2.4344741281148154,-0.38444352545601335,0.01120329769566924,0.048418090944057024,0.0019572169853025218,0.0053316467397616744
C_freeze,2,21.650000000000002,0.18682519364364775,0.0914834678720277,0.09533784442280879,9.85813632134146e-07,3.881348811250635e-06,3.926990870198823e-05,0.4896741498714792,0.5103050748319157,-2.453960428870533,-0.38443235213855276,0.01120329769566924,0.048418090944057024,0.0019572169853025218,0.0053316467397616744
C_freeze,2,21.7,0.18682519364364958,0.09148319882484318,0.09533791878328564,1.0842745719867901e-06,4.076035520739229e-06,3.920670032474009e-05,0.48967270977028,0.5103054728535874,-2.473014872229358,-0.3844195927426446,0.01120329769566924,0.048418090944057024,0.0019572169853025218,0.0053316467397616744
C_freeze,2,21.75,0.18682519364365124,0.09148309918078218,0.09533851540222896,9.979105774460816e-07,3.5790606401462467e-06,4.02221039904354e-05,0.4896721764157582,0.5103086663144416,-2.492264814712292,-0.3844032445937853,0.01120329769566924,0.048418090944057024,0.0019572169853025218,0.0053316467397616744
C_freeze,2,21.8,0.186825193643653,0.09148255325609099,0.09533874509099327,1.0731270995565588e-06,3.8952965687284975e-06,4.0961415477419724e-05,0.48966925430080466,0.5103098957458633,-2.511556966577586,-0.384384122373207,0.01120329769566924,0.048418090944057024,0.0019572169853025218,0.0053316467397616744
C_freeze,2,21.85,0.18682519364365469,0.09148156335117395,0.09533981037921396,1.2002421533337402e-06,3.819913266813017e-06,4.04731406605074e-05,0.4896639557385575,0.510315597804558,-2.531183973369262,-0.3843632734073807,0.01120329769566924,0.048418090944057024,0.0019572169853025218,0.0053316467397616744
C_freeze,2,21.900000000000002,0.18682519364365646,0.091481046211421,0.09534078814472735,1.0761612884926758e-06,3.3592875080774122e-06,3.9069867620807855e-05,0.48966118769778233,0.5103208313894585,-2.5507018790958362,-0.3843404115389745,0.01120329769566924,0.048418090944057024,0.0019572169853025218,0.0053316467397616744
C_freeze,2,21.95,0.18682519364365816,0.09148081874709652,0.09534072657877427,1.099235060834168e-06,3.6483177873598227e-06,3.883350891747754e-05,0.48965997017288176,0.5103205018517086,-2.569919272423914,-0.38431724281929436,0.01120329769566924,0.048418090944057024,0.0019572169853025218,0.0053316467397616744
C_freeze,2,22.0,0.18682519364365988,0.09148057624617272,0.09534078095494054,1.0688048374840329e-06,3.836442546610331e-06,4.0069386566992486e-05,0.4896586721631224,0.5103207929054168,-2.589310312655053,-0.3842930975671788,0.01120329769566924,0.048418090944057024,0.0019572169853025218,0.0053316467397616744
C_freeze,2,22.05,0.1868251936436616,0.09148091671351509,0.09534042889521994,1.1722059877973485e-06,3.848034926539444e-06,4.149928952906181e-05,0.4896604945476461,0.5103189084715531,-2.608314845683009,-0.3842652958458918,0.01120329769566924,0.048418090944057024,0.0019572169853025218,0.0053316467397616744
C_freeze,2,22.1,0.1868251936436633,0.0914815005771935,0.09533956144224781,1.1825997679364276e-06,4.13162422195247e-06,4.1118608498762617e-05,0.4896636197347057,0.5103142653452377,-2.626880538994656,-0.38423556306392337,0.01120329769566924,0.048418090944057024,0.0019572169853025218,0.0053316467397616744
C_freeze,2,22.150000000000002,0.18682519364366493,0.09148172075901805,0.09533954610878317,1.1603276081053183e-06,3.926775863700051e-06,4.0404983519540754e-05,0.4896647982793091,0.5103141832713741,-2.6458351753747076,-0.38420468626332716,0.01120329769566924,0.048418090944057024,0.0019572169853025218,0.0053316467397616744
C_freeze,2,22.2,0.18682519364366668,0.09148198560990249,0.0953393049187228,1.1964054102894335e-06,3.903115041351101e-06,4.0404148948751724e-05,0.48966621591939513,0.5103128922781384,-2.6647112134131845,-0.3841724140930874,0.01120329769566924,0.048418090944057024,0.0019572169853025218,0.0053316467397616744
C_freeze,2,22.25,0.1868251936436684,0.09148108325826428,0.09533970331743986,1.0078105114164925e-06,4.407067964247551e-06,4.121211732429585e-05,0.489661385994579,0.5103150247459731,-2.684131646841796,-0.3841391310776243,0.01120329769566924,0.048418090944057024,0.0019572169853025218,0.0053316467397616744
C_freeze,2,22.3,0.18682519364367006,0.09148184947825264,0.09533921147976955,1.1513317601184668e-06,4.13268564792454e-06,4.024382003660468e-05,0.4896654872615045,0.5103123921370537,-2.7027465318029966,-0.38410590868922423,0.01120329769566924,0.048418090944057024,0.0019572169853025218,0.0053316467397616744
C_freeze,2,22.35,0.18682519364367178,0.09148248848216935,0.09533857397936117,1.0766367120253328e-06,4.131182141251272e-06,3.964841623348561e-05,0.4896689075920467,0.5103089798541768,-2.7213379518938505,-0.38407091620523054,0.01120329769566924,0.048418090944057024,0.0019572169853025218,0.0053316467397616744
C_freeze,2,22.400000000000002,0.1868251936436734,0.09148235939459123,0.09533855913574775,1.0616346258475137e-06,4.275113334454421e-06,3.966683329614876e-05,0.4896682166382391,0.5103089004022894,-2.7403950136594766,-0.38403642295334395,0.01120329769566924,0.048418090944057024,0.0019572169853025218,0.0053316467397616744
C_freeze,2,22.45,0.18682519364367506,0.09148228568273196,0.09533862468715523,1.22042513300241e-06,4.283273787927439e-06,3.973763660241371e-05,0.4896678220883465,0.510309251272562,-2.759539227149434,-0.38400119569545665,0.01120329769566924,0.048418090944057024,0.0019572169853025218,0.0053316467397616744
C_freeze,2,22.5,0.18682519364367675,0.09148222782503242,0.09533893015903565,1.1665645355961377e-06,4.035659608703589e-06,4.054223864383861e-05,0.48966751239938405,0.5103108863404755,-2.778758780273541,-0.3839638773676072,0.01120329769566924,0.048418090944057024,0.0019572169853025218,0.0053316467397616744
C_freeze,2,22.55,0.18682519364367844,0.09148180454652588,0.09533856108276889,1.499074758537852e-06,4.828014383653471e-06,4.154528416846574e-05,0.48966524676004974,0.5103089108238954,-2.7978426337256797,-0.38392794398837554,0.01120329769566924,0.048418090944057024,0.0019572169853025218,0.0053316467397616744
C_freeze,2,22.6,0.1868251936436801,0.091482718283574,0.09533789439637784,1.4131802129412765e-06,4.58096372825663e-06,4.3260091899654034e-05,0.4896701376263697,0.5103053423202107,-2.8166218800663425,-0.3838904494604119,0.01120329769566924,0.048418090944057024,0.0019572169853025218,0.0053316467397616744
C_freeze,2,22.650000000000002,0.18682519364368178,0.09148295453854312,0.0953382345856048,1.2255400631906253e-06,4.004519533901934e-06,4.5571685284856863e-05,0.4896714022040409,0.5103071632160946,-2.8361300257674333,-0.38385121285189744,0.01120329769566924,0.048418090944057024,0.0019572169853025218,0.0053316467397616744
C_freeze,2,22.7,0.1868251936436835,0.09148223688211532,0.09533887770624405,1.160671084366992e-06,4.079055324135232e-06,4.856002153278844e-05,0.48966756087828256,0.510310605581794,-2.8559428102252506,-0.3838123391684424,0.01120329769566924,0.048418090944057024,0.0019572169853025218,0.0053316467397616744
C_freeze,2,22.75,0.18682519364368505,0.09148159695962155,0.09533951908047117,1.105143503244358e-06,4.077603592323167e-06,5.31115425178238e-05,0.48966413563095884,0.5103140385996532,-2.875347607512834,-0.3837713461537752,0.01120329769566924,0.048418090944057024,0.0019572169853025218,0.0053316467397616744
C_freeze,2,22.8,0.18682519364368666,0.09147995449375985,0.09534035888428853,1.3268390033893053e-06,4.880265638282757e-06,5.926440239275781e-05,0.48965534417285594,0.5103185337311724,-2.8946838742272503,-0.38372910621504863,0.01120329769566924,0.048418090944057024,0.0019572169853025218,0.0053316467397616744
C_freeze,2,22.85,0.18682519364368827,0.09147854087106878,0.09534170858321638,1.2632370589887166e-06,4.9441894030996575e-06,6.917206925072394e-05,0.4896477776200571,0.5103257581258095,-2.913983367695391,-0.38369016447804366,0.01120329769566924,0.048418090944057024,0.0019572169853025218,0.0053316467397616744
C_freeze,2,22.900000000000002,0.18682519364368985,0.09147828034123683,0.09534304532374886,1.1142629037150587e-06,3.867978704199318e-06,8.03097599948378e-05,0.48964638310881564,0.5103329131593765,-2.9332209752542,-0.3836471810724341,0.01120329769566924,0.048418090944057024,0.0019572169853025218,0.0053316467397616744
C_freeze,2,22.95,0.18682519364369146,0.09147750986333023,0.09534331410380113,1.3316148689096338e-06,4.3696765601023465e-06,9.403749081339112e-05,0.4896422590509605,0.5103343518307152,-2.952245514240359,-0.3836032598601718,0.01120329769566924,0.048418090944057024,0.0019572169853025218,0.0053316467397616744
C_freeze,2,23.0,0.18682519364369307,0.09147731000938257,0.09534361247834779,1.1516652691209534e-06,4.271155962750056e-06,0.000110551554914934,0.4896411893132846,0.5103359489094603,-2.971041407700925,-0.38356033679226526,0.01120329769566924,0.048418090944057024,0.0019572169853025218,0.0053316467397616744
C_freeze,2,23.05,0.18682519364369465,0.09147762874163254,0.0953434329046113,1.2127026693722959e-06,4.131997450844775e-06,0.00012771197607731373,0.4896428953586149,0.510334987723585,-2.989653996242455,-0.3835144318606896,0.01120329769566924,0.048418090944057024,0.0019572169853025218,0.0053316467397616744
C_freeze,2,23.1,0.18682519364369624,0.09147680848153061,0.0953442676269566,1.2002301072543803e-06,4.117535209046893e-06,0.00015545156664502086,0.4896385048367227,0.5103394556560314,-3.008964961425014,-0.3834685619720493,0.01120329769566924,0.048418090944057024,0.0019572169853025218,0.0053316467397616744
C_freeze,2,23.150000000000002,0.18682519364369782,0.0914749874098227,0.09534576021924432,9.080526051821082e-07,4.446014630814316e-06,0.00019070546319851348,0.4896287573734755,0.51034744490126,-3.0288436539418875,-0.3834225338280495,0.01120329769566924,0.048418090944057024,0.0019572169853025218,0.0053316467397616744
C_freeze,2,23.2,0.18682519364369937,0.09147525707991853,0.09534591240106342,1.3458458166362694e-06,4.02416271743132e-06,0.00023688123165304292,0.4896302008088592,0.5103482594692278,-3.0476449361326376,-0.3833774483811059,0.01120329769566924,0.048418090944057024,0.0019572169853025218,0.0053316467397616744
C_freeze,2,23.25,0.18682519364370098,0.09147486343321594,0.09534653203253769,1.1976297351917328e-06,3.798177947329782e-06,0.0002909567882672332,0.4896280937766346,0.5103515761068899,-3.0668749249078444,-0.3833323209797474,0.01120329769566924,0.048418090944057024,0.0019572169853025218,0.0053316467397616744
C_freeze,2,23.3,0.1868251936437026,0.09147445802511821,0.09534665446405843,1.2168793975332895e-06,4.081154525933705e-06,0.0003492487058655235,0.48962592379039976,0.5103522314334951,-3.0859988589626366,-0.38328850974012046,0.01120329769566924,0.048418090944057024,0.0019572169853025218,0.0053316467397616744
C_freeze,2,23.35,0.1868251936437041,0.09147356046467701,0.09534769748593654,1.12353409534659e-06,3.935693090582413e-06,0.0004202808437768021,0.4896211195109318,0.5103578143094284,-3.105519892467411,-0.3832465145961661,0.01120329769566924,0.048418090944057024,0.0019572169853025218,0.0053316467397616744
C_freeze,2,23.400000000000002,0.18682519364370573,0.09147212282441475,0.0953494703748975,1.010590986344198e-06,3.6004443934820937e-06,0.0005035658700441022,0.4896134244017496,0.5103673038698326,-3.125486343487433,-0.3832024871725212,0.01120329769566924,0.048418090944057024,0.0019572169853025218,0.0053316467397616744
C_freeze,2,23.45,0.18682519364370728,0.09147161616302553,0.09534978335743012,9.626557541764316e-07,3.79412325161126e-06,0.0006106450391346844,0.48961071244743504,0.5103689791392422,-3.1448319417459762,-0.3831592226478659,0.01120329769566924,0.048418090944057024,0.0019572169853025218,0.0053316467397616744
C_freeze,2,23.5,0.18682519364370886,0.09147202098688095,0.0953491905378989,1.034417017856388e-06,3.982118928976194e-06,0.0007367779344316062,0.4896128793064477,0.5103658060151016,-3.163753717740373,-0.383115884941159,0.01120329769566924,0.048418090944057024,0.0019572169853025218,0.0053316467397616744
C_freeze,2,23.55,0.1868251936437104,0.09147263033008504,0.09534836169529343,1.145684280541783e-06,4.201618331944394e-06,0.0008840095185882116,0.48961614087514443,0.5103613695545253,-3.1825077371727057,-0.3830716128043257,0.01120329769566924,0.048418090944057024,0.0019572169853025218,0.0053316467397616744
C_freeze,2,23.6,0.18682519364371195,0.09147348409253253,0.09534731738076688,1.1795620542861835e-06,4.392170412543207e-06,0.0010413669394754043,0.4896207107215879,0.5103557797595571,-3.200947561727621,-0.3830279552093223,0.01120329769566924,0.048418090944057024,0.0019572169853025218,0.0053316467397616744
C_freeze,2,23.650000000000002,0.18682519364371353,0.09147327090072035,0.0953477935831991,1.1999956075031086e-06,4.129159794076893e-06,0.0012179226314281142,0.4896195695916964,0.5103583286793368,-3.220138000089824,-0.3829860346084528,0.01120329769566924,0.048418090944057024,0.0019572169853025218,0.0053316467397616744
C_freeze,2,23.7,0.18682519364371514,0.09147360037354652,0.09534742108853027,1.267547590266078e-06,4.172181638344077e-06,0.0014135152312817441,0.4896213331270042,0.5103563348654278,-3.2388637952528896,-0.3829446869432932,0.01120329769566924,0.048418090944057024,0.0019572169853025218,0.0053316467397616744
C_freeze,2,23.75,0.1868251936437167,0.09147408349819798,0.09534687232932491,1.1156246956274647e-06,4.237816193795083e-06,0.0016443826425010697,0.4896239190986351,0.5103533975784621,-3.2574984897129124,-0.38290332100952007,0.01120329769566924,0.048418090944057024,0.0019572169853025218,0.0053316467397616744
C_freeze,2,23.8,0.18682519364371822,0.09147399884469597,0.09534679428620352,1.2591036323802905e-06,4.400512818772396e-06,0.0019052714330819634,0.4896234659825371,0.5103529798450683,-3.276452378990712,-0.38286427728416444,0.01120329769566924,0.048418090944057024,0.0019572169853025218,0.0053316467397616744
C_freeze,2,23.85,0.18682519364371977,0.09147361362015781,0.09534732391392128,1.1784564955656025e-06,4.25610964063652e-06,0.002193938863595665,0.489621404030766,0.5103558147288795,-3.295602118165159,-0.3828264807675644,0.01120329769566924,0.048418090944057024,0.0019572169853025218,0.0053316467397616744
C_freeze,2,23.900000000000002,0.18682519364372127,0.09147347176244212,0.09534747553490294,1.1239198149225172e-06,4.246346376224826e-06,0.002518637407700479,0.48962064472355665,0.5103566262949105,-3.31471136850395,-0.3827873204611658,0.01120329769566924,0.048418090944057024,0.0019572169853025218,0.0053316467397616744
C_freeze,2,23.95,0.18682519364372285,0.09147369863472807,0.09534684083729923,1.2506278368289322e-06,4.654171695562825e-06,0.00286074879704926,0.4896218590795048,0.5103532290143182,-3.333411512394191,-0.38275040649803843,0.01120329769566924,0.048418090944057024,0.0019572169853025218,0.0053316467397616744
C_freeze,2,24.0,0.18682519364372438,0.09147524415378197,0.09534556923600765,1.0175783587887887e-06,4.38025393477372e-06,0.0032446400554250136,0.4896301316203919,0.5103464226448583,-3.3515168821356625,-0.3827141847283812,0.01120329769566924,0.048418090944057024,0.0019572169853025218,0.0053316467397616744
C_freeze,2,24.05,0.1868251936437259,0.09147747642732071,0.09534299105066582,1.3577666270599472e-06,4.726165739372867e-06,0.003650903405928323,0.48964208008138077,0.510332622657328,-3.3689888992811725,-0.38267522507610546,0.01120329769566924,0.048418090944057024,0.0019572169853025218,0.0053316467397616744
C_freeze,2,24.1,0.18682519364372754,0.09148210542483828,0.09533799753040277,1.4056274623207475e-06,5.090688486457201e-06,0.004110517325453568,0.48966685724032005,0.5103058943549696,-3.3850469807590793,-0.3826394060843759,0.01120329769566924,0.048418090944057024,0.0019572169853025218,0.0053316467397616744
C_freeze,2,24.150000000000002,0.18682519364372915,0.09149084211045361,0.09532986059438568,1.3275016371242732e-06,4.490938889866939e-06,0.004604352583562395,0.4897136211988855,0.5102623406143889,-3.3990279277420354,-0.3826051013235113,0.01120329769566924,0.048418090944057024,0.0019572169853025218,0.0053316467397616744
C_freeze,2,24.2,0.18682519364373068,0.0915009824758894,0.0953201350979172,1.0624221855559813e-06,4.0760699241069426e-06,0.005158130818035002,0.4897678984900649,0.5102102839496555,-3.41200441746341,-0.38256795730672843,0.01120329769566924,0.048418090944057024,0.0019572169853025218,0.0053316467397616744
C_freeze,2,24.25,0.18682519364373226,0.09151386335733798,0.0953069803694661,1.0289918065763127e-06,4.349916928196223e-06,0.005745270237093653,0.48983684465945765,0.5101398719875676,-3.422751904058697,-0.3825304853341746,0.01120329769566924,0.048418090944057024,0.0019572169853025218,0.0053316467397616744
C_freeze,2,24.3,0.18682519364373376,0.09152514328699288,0.09529501705130637,1.2549972358690476e-06,5.0333054345352365e-06,0.0063745549068694035,0.48989722157883436,0.5100758371648161,-3.43389803649687,-0.3824956158810814,0.01120329769566924,0.048418090944057024,0.0019572169853025218,0.0053316467397616744
C_freeze,2,24.35,0.1868251936437353,0.09154086232054696,0.09527919015837916,1.5254930100345574e-06,5.141164809149363e-06,0.007033936491470671,0.48998135923311303,0.5099911221827554,-3.4420560140059226,-0.3824627568173401,0.01120329769566924,0.048418090944057024,0.0019572169853025218,0.0053316467397616744
C_freeze,2,24.400000000000002,0.1868251936437368,0.09155901150981113,0.09526184316924184,1.312023943341824e-06,4.338964683832806e-06,0.007733114949982433,0.490078504531932,0.5098982707380453,-3.4491907946964058,-0.3824274061530532,0.01120329769566924,0.048418090944057024,0.0019572169853025218,0.0053316467397616744
C_freeze,2,24.45,0.18682519364373829,0.0915839403690951,0.09523656653896095,1.314800667159325e-06,4.68673568223515e-06,0.008474492525458571,0.49021193867321156,0.509762975118709,-3.4517796401247622,-0.3823935106346804,0.01120329769566924,0.048418090944057024,0.0019572169853025218,0.0053316467397616744
C_freeze,2,24.5,0.18682519364373984,0.09161165760185534,0.09520908383621393,1.2667924875130356e-06,4.452205670577179e-06,0.009273485576277489,0.49036029785442736,0.5096158712821663,-3.452599799201624,-0.3823594482332882,0.01120329769566924,0.048418090944057024,0.0019572169853025218,0.0053316467397616744
C_freeze,2,24.55,0.18682519364374126,0.09164538819441288,0.09517541731517754,1.4620004617920673e-06,4.3881341508655965e-06,0.010122121354445856,0.49054084412818727,0.5094356679574408,-3.449560457394691,-0.38232341671747366,0.01120329769566924,0.048418090944057024,0.0019572169853025218,0.0053316467397616744
C_freeze,2,24.6,0.18682519364374284,0.09168063295628877,0.09514023291401606,1.206969969569171e-06,4.327773438029924e-06,0.011012273554120237,0.49072949514033243,0.5092473400318753,-3.4456213891167624,-0.38228938280122843,0.01120329769566924,0.048418090944057024,0.0019572169853025218,0.0053316467397616744
C_freeze,2,24.650000000000002,0.1868251936437444,0.09172112539900577,0.09509961626621423,9.098536867298209e-07,4.451978524364982e-06,0.011929820977145664,0.4909462348740188,0.509029935478397,-3.4383571455574633,-0.3822549868607225,0.01120329769566924,0.048418090944057024,0.0019572169853025218,0.0053316467397616744
C_freeze,2,24.7,0.18682519364374595,0.09176546219956429,0.09505531351010782,1.1562347795387004e-06,4.41793407379008e-06,0.012874281782643751,0.4911835519065508,0.5087928006720941,-3.4286040349735067,-0.38222135048440514,0.01120329769566924,0.048418090944057024,0.0019572169853025218,0.0053316467397616744
C_freeze,2,24.75,0.1868251936437474,0.09182075551105934,0.09500024899056521,1.0642137341359477e-06,4.1891421228632345e-06,0.013849581547539203,0.4914795147283519,0.508498062481439,-3.412021710168833,-0.38218829872626936,0.01120329769566924,0.048418090944057024,0.0019572169853025218,0.0053316467397616744
C_freeze,2,24.8,0.18682519364374897,0.0918847530351195,0.09493602868836783,1.1156563285970817e-06,4.411920261621612e-06,0.014871063249414269,0.4918220676935661,0.5081543170745929,-3.3898032208160465,-0.3821561740896311,0.01120329769566924,0.048418090944057024,0.0019572169853025218,0.0053316467397616744
C_freeze,2,24.85,0.18682519364375044,0.09196523908103726,0.09485557711642936,1.1131969635925841e-06,4.377446283841731e-06,0.01594944614789601,0.49225287707396753,0.5077236922195071,-3.3570166929302028,-0.3821251987591643,0.01120329769566924,0.048418090944057024,0.0019572169853025218,0.0053316467397616744
C_freeze,2,24.900000000000002,0.18682519364375197,0.09205963647976291,0.0947616956636182,1.283976313395165e-06,3.861500370866255e-06,0.01707502811021764,0.49275814832183196,0.5072211826222686,-3.3153678584560615,-0.38209510608535946,0.01120329769566924,0.048418090944057024,0.0019572169853025218,0.0053316467397616744
C_freeze,2,24.95,0.18682519364375344,0.09217240913659566,0.09464896612278079,1.1980889160455285e-06,3.818384376954898e-06,0.018232665964653193,0.493361774923965,0.5066177868026817,-3.261979440543139,-0.38206579416265324,0.01120329769566924,0.048418090944057024,0.0019572169853025218,0.0053316467397616744
C_freeze,2,25.0,0.18682519364375494,0.0922957895217484,0.09452518394973092,1.0130340089787008e-06,4.220172275666783e-06,0.019409164332536876,0.49402218042252566,0.5059552306953577,-3.2018017796156855,-0.38203847069869085,0.01120329769566924,0.048418090944057024,0.0019572169853025218,0.0053316467397616744
C_freeze,2,25.05,0.18682519364375655,0.09243953356227685,0.09438115585537273,1.0407391358551266e-06,4.504226106941077e-06,0.020613435013713242,0.4947915843649177,0.5051843063272362,-3.12850329816201,-0.3820101074149425,0.01120329769566924,0.048418090944057024,0.0019572169853025218,0.0053316467397616744
C_freeze,2,25.1,0.18682519364375808,0.09259896711758112,0.09422164210815474,1.3245395318315489e-06,4.584418022216646e-06,0.021842630542649226,0.49564496795946394,0.5043304934976726,-3.0450630467507938,-0.38198107922239977,0.01120329769566924,0.048418090944057024,0.0019572169853025218,0.0053316467397616744
C_freeze,2,25.150000000000002,0.18682519364375952,0.09278467590725543,0.09403608318610138,1.3101157678734164e-06,4.434550402729801e-06,0.02311905603808111,0.4966389922987493,0.503337271339381,-2.9447879280954363,-0.3819528493394946,0.01120329769566924,0.048418090944057024,0.0019572169853025218,0.0053316467397616744
C_freeze,2,25.2,0.18682519364376104,0.09299252648851963,0.09382806811217308,1.2685499335626552e-06,4.599043068316899e-06,0.02444154727799942,0.4977515327287075,0.5022238504464488,-2.830154930400578,-0.38192450190334215,0.01120329769566924,0.048418090944057024,0.0019572169853025218,0.0053316467397616744
C_freeze,2,25.25,0.18682519364376246,0.09323320226170718,0.09358749175440201,1.3532164897979965e-06,4.499627653280955e-06,0.025816374171077773,0.49903977318757065,0.5009361421182534,-2.6944743526573918,-0.3818978492940634,0.01120329769566924,0.048418090944057024,0.0019572169853025218,0.0053316467397616744
C_freeze,2,25.276,0.18682519364376324,0.0933600041827209,0.09346084722057617,1.369236752973714e-06,4.342240466176463e-06,0.02653936357752413,0.4997184927892488,0.5002582649467853,-2.622845900456063,-0.3818841171449947,0.01120329769566924,0.048418090944057024,0.0019572169853025218,0.0053316467397616744
