t,norm,peak,PR,R_rms
0.0,0.9999999999999998,1.4366969770013327,1.9687012432153013,0.6123724356957948
0.0025,1.0000000000000004,1.4380298588995235,1.9682267186410134,0.612364175529085
0.005,1.0000000000000013,1.4420254529706353,1.9668077510362116,0.6123396844946185
0.0075,1.0000000000000016,1.4486862184372897,1.964452199762924,0.6122995272149518
0.01,1.0000000000000022,1.4580311891162068,1.9611652866045137,0.6122442398825403
0.0125,1.0000000000000027,1.4700947001955853,1.9569497517158116,0.6121743305179632
0.015,1.0000000000000038,1.4849248983398688,1.9518060368989918,0.6120902791590498
0.0175,1.0000000000000044,1.50258206642194,1.9457324952096537,0.6119925379834137
0.02,1.0000000000000049,1.5231368250087223,1.938725625783115,0.6118815313664322
0.0225,1.0000000000000053,1.546668304711983,1.9307803326172241,0.611757655876244
0.025,1.0000000000000056,1.5732624094531193,1.9218902057750462,0.6116212802069251
0.0275,1.0000000000000056,1.6030103040971455,1.9120478229959412,0.6114727450505012
0.03,1.0000000000000056,1.6360072571061788,1.9012450689649973,0.6113123629080772
0.0325,1.0000000000000058,1.6723519500789825,1.8894734684675727,0.6111404178398464
0.035,1.0000000000000064,1.7121463352340098,1.8767245283820642,0.6109571651532848
0.0375,1.000000000000007,1.755496085427264,1.8629900820326424,0.6107628310282628
0.04,1.0000000000000078,1.8025116461331128,1.8482626279749974,0.6105576120771681
0.0425,1.0000000000000098,1.8533098708434779,1.8325356539889803,0.6103416748373832
0.045,1.0000000000000093,1.9080162043507682,1.8158039360682026,0.6101151551925114
0.0475,1.0000000000000109,1.9667673738260203,1.7980638016635506,0.609878157717603
0.05,1.0000000000000118,2.0297145549913567,1.7793133464379518,0.6096307549422367
0.0525,1.0000000000000115,2.097026998307902,1.7595525943414994,0.6093729865235384
0.055,1.000000000000013,2.1688961258342623,1.7387835918663104,0.6091048583191234
0.0575,1.0000000000000142,2.245540141396009,1.7170104287768713,0.6088263413473407
0.06,1.0000000000000144,2.327209233826641,1.6942391792713287,0.6085373706190339
0.0625,1.0000000000000147,2.4141914952212105,1.670477759217254,0.608237843821212
0.065,1.0000000000000153,2.5068197245282127,1.6457356966098167,0.6079276198283421
0.0675,1.0000000000000164,2.605479343873521,1.6200238135027738,0.6076065170112415
0.07,1.0000000000000167,2.7106177247312306,1.5933538181440563,0.6072743113064762
0.0725,1.000000000000017,2.8227553091589197,1.5657378056866764,0.606930734000346
0.075,1.0000000000000182,2.942499025780164,1.5371876644049092,0.6065754691704356
0.0775,1.0000000000000195,3.0705586521052775,1.507714381551432,0.6062081507135558
0.08,1.0000000000000178,3.2077669796844273,1.4773272384942784,0.6058283588706789
0.0825,1.0000000000000198,3.355104918672551,1.4460328780952219,0.6054356161357201
0.085,1.000000000000019,3.513733065841395,1.413834217743441,0.6050293824036883
0.08750000000000001,1.0000000000000204,3.6850318023423547,1.3807291680182943,0.6046090491718588
0.09,1.000000000000021,3.8706527555669172,1.3467090980833485,0.6041739325510478
0.0925,1.0000000000000213,4.072585560940477,1.3117569622837928,0.6037232647664703
0.095,1.0000000000000235,4.2932454601373,1.275844964491915,0.6032561837199459
0.0975,1.0000000000000229,4.535589630838033,1.238931582142724,0.6027717200334782
0.1,1.0000000000000233,4.803273670162953,1.2009576924641339,0.6022687807774373
0.10250000000000001,1.0000000000000242,5.10086501033252,1.1618414268587007,0.6017461287722851
0.105,1.0000000000000238,5.434138312904507,1.1214712076437752,0.6012023558901708
0.1075,1.000000000000025,5.8104908669564255,1.0796961689143514,0.600635848091632
0.11,1.0000000000000255,6.239536748381269,1.0363127978928357,0.6000447388850696
0.1125,1.0000000000000255,6.733972196651692,0.9910461253698118,0.5994268462879153
0.115,1.0000000000000262,7.310860374866129,0.9435231564886726,0.5987795858733531
0.11750000000000001,1.0000000000000278,7.993577161771847,0.8932356497345841,0.5980998486047948
0.12,1.0000000000000282,8.814818143912577,0.8394895604739109,0.5973838261884807
0.1225,1.0000000000000282,9.821335963091897,0.7813418321150709,0.5966267578856703
0.125,1.0000000000000306,11.081523973235836,0.7175385195507488,0.5958225614738454
0.1275,1.0000000000000298,12.69764878414663,0.6465088135499955,0.5949633034999131
0.13,1.0000000000000304,14.825331157188343,0.56657358519375,0.5940384905005517
0.1325,1.0000000000000304,17.702583528506672,0.47673233054861835,0.593034346637837
0.135,1.0000000000000309,21.683469746328676,0.37856514524890583,0.5919340440431162
0.1375,1.0000000000000318,27.234155600086495,0.2790952874370815,0.5907228192840925
0.14,1.0000000000000324,34.71467550200076,0.19159980541432006,0.5894108851608865
0.14250000000000002,1.0000000000000338,43.507496182764655,0.1296337214709007,0.588100896689037
0.145,1.0000000000000344,50.57436314321832,0.09818051441014117,0.5870805311816625
0.1475,1.000000000000034,51.698584600354295,0.09406982147499948,0.5867061647633596
0.15,1.0000000000000335,46.419882412603684,0.11466243045564199,0.5870160457378933
0.1525,1.0000000000000344,38.312283764529674,0.1605744619524539,0.5877125225944847
0.155,1.000000000000035,30.299365987074673,0.23311793738582365,0.588525098960058
0.1575,1.0000000000000355,23.164931364856717,0.3330605048349454,0.5893340509081789
0.16,1.0000000000000375,16.818238293306,0.4540630598248697,0.5901109069746285
0.1625,1.000000000000038,11.13258847337085,0.5697468033924706,0.5908678532409426
0.165,1.0000000000000362,6.241576331149846,0.6400755735337145,0.5916276934772242
0.1675,1.0000000000000382,4.746905460309356,0.6588278439071563,0.5924063087502677
0.17,1.00000000000004,4.189624264308628,0.6618228969883959,0.5932088851922226
0.17250000000000001,1.0000000000000389,3.882605670592518,0.6736121064533277,0.5940366941303865
0.17500000000000002,1.0000000000000389,3.8100584944039526,0.6930739502598341,0.5948928056270867
0.1775,1.0000000000000415,3.5182920542746605,0.7170967828408318,0.5957812232245046
0.18,1.0000000000000417,3.1752909264847413,0.7452084186269826,0.5967060820640726
0.1825,1.0000000000000415,3.218788359480652,0.7716409116727097,0.5976731329079464
0.185,1.0000000000000413,3.2725988895430747,0.7919394205213941,0.5986888283220249
0.1875,1.000000000000043,3.3150658215675186,0.8059650647288241,0.5997578796459672
0.19,1.0000000000000442,3.456248378855175,0.8131920078019484,0.6008826784358274
0.1925,1.0000000000000435,3.6882090559083465,0.8139681800716502,0.6020639521729929
0.195,1.0000000000000442,3.966934732326017,0.8100109813397377,0.6033014057666507
0.1975,1.000000000000045,4.2716307021002615,0.8021600702263063,0.6045942856483034
0.2,1.0000000000000455,4.605890151015775,0.7907714446487619,0.6059415504120717
0.2025,1.0000000000000475,4.972028889895579,0.7764025175003609,0.6073417545177574
0.20500000000000002,1.0000000000000477,5.360683086109068,0.7594668970587877,0.6087931231384456
0.20750000000000002,1.0000000000000475,5.76433407413655,0.7402143717486113,0.6102936665079541
0.21,1.000000000000048,6.193731078283687,0.7188062311133947,0.6118410744582938
0.2125,1.0000000000000497,6.678118076648312,0.6952973805511372,0.6134324978692416
0.215,1.0000000000000495,7.252023102062993,0.6696385108021544,0.6150643795826345
0.2175,1.0000000000000493,7.945416736013198,0.6416149162253489,0.6167324078716139
0.22,1.0000000000000497,8.788206012810996,0.6108062831225448,0.6184315060374471
0.2225,1.0000000000000513,9.825485813473213,0.5765708740264558,0.6201556573009005
0.225,1.0000000000000517,11.134009933828905,0.5379496870131141,0.6218974673409821
0.2275,1.0000000000000533,12.837661558229845,0.49350080266292207,0.6236474719219953
0.23,1.0000000000000526,15.131035242465673,0.441190886920697,0.6253931094678422
0.2325,1.000000000000052,18.32454138308616,0.37867663686525826,0.6271171993614014
0.23500000000000001,1.000000000000054,22.913640534911735,0.3048421845745496,0.6287965469758929
0.23750000000000002,1.0000000000000533,29.614897637217496,0.22379873624453997,0.6304057777619538
0.24,1.0000000000000555,39.0491162338259,0.14900410624918536,0.6319486949204258
0.2425,1.000000000000055,50.110461813175036,0.09753985115864172,0.6335740252202443
0.245,1.0000000000000553,57.41767995209236,0.07599905685122363,0.6357267766665469
0.2475,1.000000000000056,55.50477002652997,0.08077366496830066,0.638830327817636
0.25,1.0000000000000568,46.58718940649346,0.11024784397209816,0.6427040604607656
0.2525,1.0000000000000577,36.57267699234993,0.16332974845758863,0.6468765968059371
0.255,1.0000000000000588,27.89819618119716,0.23675525301587433,0.6510962974937903
0.2575,1.000000000000058,20.508941643083297,0.32395620494057425,0.6552984661667247
0.26,1.0000000000000573,14.009241828651867,0.4079720439734462,0.6594906482956177
0.2625,1.0000000000000595,8.319390089652057,0.46243395600922343,0.6637003976752271
0.265,1.0000000000000597,6.15528330960587,0.4788887671591177,0.667948297168115
0.2675,1.0000000000000595,5.73847094008694,0.48164635533086086,0.6722394310466298
0.27,1.000000000000061,4.911677689128748,0.4936054738591687,0.6765722608034971
0.2725,1.0000000000000626,4.597978170024717,0.5136514527074484,0.6809501793447579
0.275,1.0000000000000624,4.416509748169086,0.5337483638389676,0.6853808664755542
0.2775,1.0000000000000622,4.2499082469479506,0.5539358617319068,0.6898704825359184
0.28,1.0000000000000633,4.80543866943914,0.5726144774889478,0.6944242254392787
0.28250000000000003,1.0000000000000633,4.888947757154059,0.584765957526658,0.6990480138234262
0.28500000000000003,1.0000000000000635,4.837855436196736,0.59005300154293,0.7037460073038909
0.28750000000000003,1.0000000000000653,4.893034022732117,0.5904979822732238,0.7085187217541332
0.29,1.0000000000000666,5.126505139947359,0.586717463573774,0.7133642437352424
0.2925,1.0000000000000662,5.50756586451721,0.5792781150822048,0.7182798046381609
0.295,1.0000000000000662,5.994463277416927,0.5688942257681426,0.7232623100582581
0.2975,1.0000000000000682,6.576083864851597,0.5557796665224012,0.728308349078777
0.3,1.000000000000067,7.263245368521895,0.5399420189292016,0.7334139948486307
0.3025,1.000000000000068,8.07119592486257,0.5213413455053395,0.7385746158326887
0.305,1.0000000000000684,9.023014156300638,0.499790898626137,0.7437847552191351
0.3075,1.0000000000000702,10.17013728317413,0.4748911619371807,0.7490378000979647
0.31,1.0000000000000702,11.61158532392159,0.4458727267217768,0.7543253849810427
0.3125,1.0000000000000704,13.507333776370453,0.41136653862182865,0.759636731125931
0.315,1.0000000000000717,16.103484012945344,0.3692231175272444,0.7649578837272546
0.3175,1.0000000000000728,19.794061500022774,0.31672238063416536,0.7702705108226238
0.32,1.000000000000073,25.222123219115872,0.25228045507332386,0.7755509934298318
0.3225,1.0000000000000733,33.30912779181932,0.18040468698564896,0.7807772667632824
0.325,1.0000000000000726,44.60301250344779,0.11643928011513341,0.7859755206639583
0.3275,1.0000000000000748,56.423854605882724,0.07756672260381507,0.791369111323657
0.33,1.0000000000000742,60.92350323033297,0.06732593094720464,0.7974402203769129
0.3325,1.0000000000000735,54.61628935894491,0.08197367569196377,0.8043846184408999
0.335,1.0000000000000755,43.52019085770988,0.12049065056291366,0.8118205795168295
0.3375,1.000000000000075,33.34836463346051,0.17869715686805965,0.8193776319516041
0.34,1.0000000000000753,24.988220425026963,0.2502101167052576,0.8269295503796289
0.3425,1.000000000000077,17.864473334205375,0.32444463964558556,0.8344604419730063
0.34500000000000003,1.0000000000000773,11.582595851106863,0.3825712111698791,0.8419903891225345
0.34750000000000003,1.0000000000000777,6.880550159710392,0.4090268314613683,0.8495429678076803
0.35000000000000003,1.0000000000000775,6.756462447448219,0.4134015975670741,0.8571288634632501
0.3525,1.0000000000000784,6.1287149673071175,0.4201569613948906,0.8647468948204731
0.355,1.0000000000000788,5.16058884207113,0.4381535582465312,0.8723963347654125
0.3575,1.0000000000000802,4.878838221213435,0.4587734176134689,0.8800832004025045
0.36,1.0000000000000808,4.6115052160960275,0.47677076992569317,0.8878149182216994
0.3625,1.0000000000000808,5.457741704509698,0.4935243223221357,0.8955963460949932
0.365,1.0000000000000824,5.801024206544216,0.506372641574655,0.903431942854328
0.3675,1.0000000000000828,5.75694043953077,0.5123040206176566,0.9113261062808873
0.37,1.0000000000000822,5.675755366813649,0.5128271909063347,0.9192805794566223
0.3725,1.0000000000000828,5.7582262000132145,0.5099039245260305,0.9272938535349018
0.375,1.0000000000000835,6.046186285977771,0.5040646302207277,0.9353628394494381
0.3775,1.0000000000000846,6.5075129567831995,0.4956467594034799,0.9434841593465039
0.38,1.0000000000000844,7.113833594810553,0.4848656864014764,0.9516543950957937
0.3825,1.0000000000000857,7.865929131954641,0.47161556876628175,0.9598698900205189
0.385,1.000000000000085,8.784623821916766,0.4556481311032019,0.968126448943641
0.3875,1.0000000000000855,9.905650882717833,0.43659079389577354,0.9764190541723203
0.39,1.0000000000000873,11.296447548053399,0.4138392051275737,0.9847414527272965
0.3925,1.0000000000000866,13.086958839219166,0.3863588234079118,0.9930853973616415
0.395,1.0000000000000888,15.50498785850272,0.35236204463623794,1.001439643103374
0.3975,1.0000000000000877,18.92723174565718,0.30912657225140944,1.0097889527270982
0.4,1.0000000000000886,23.969039482064424,0.2538950440442064,1.0181135098622298
0.4025,1.0000000000000902,31.56801010246472,0.18795754018411262,1.026392136544999
0.405,1.0000000000000886,42.609775011274756,0.123405223836681,1.0346285241235247
0.40750000000000003,1.0000000000000888,55.48450630450441,0.07939393115213719,1.042955467362423
0.41000000000000003,1.0000000000000908,62.48042536203411,0.06398298601771968,1.0517480288929153
0.41250000000000003,1.0000000000000908,57.791595747281534,0.0736458291040729,1.061256688798481
0.41500000000000004,1.0000000000000917,46.516971727899424,0.1069621378996597,1.0712173394742377
0.4175,1.0000000000000915,35.777713635704245,0.15949000155913723,1.081292077521772
0.42,1.0000000000000921,27.108712672720088,0.22444463431090525,1.0913619603110274
0.4225,1.0000000000000935,19.881610063162213,0.2934472924099839,1.1014106983781045
0.425,1.0000000000000937,13.541536029390887,0.3523908022881388,1.111452444876754
0.4275,1.0000000000000944,7.999354251573657,0.3859650104791278,1.1215070017373974
0.43,1.0000000000000935,7.113800215563728,0.3952612084293758,1.1315863306441971
0.4325,1.0000000000000941,6.667432473186813,0.40047100971137195,1.1416918994286769
0.435,1.0000000000000948,5.794739945274187,0.4162073680887157,1.151822309743278
0.4375,1.000000000000097,4.953040786218766,0.4383052777611004,1.161980817581608
0.44,1.0000000000000961,4.785036249127748,0.4582899595212249,1.172173645748885
0.4425,1.0000000000000973,5.2676937614737565,0.4760498486269697,1.1824052422871028
0.445,1.000000000000098,5.8210607030486035,0.49145407738487334,1.1926785913231956
0.4475,1.000000000000098,5.829240990082147,0.5012603544603736,1.2029968293369169
0.45,1.0000000000000993,5.6503510782764375,0.5053721749040504,1.2133620785648203
0.4525,1.000000000000099,5.556822421711945,0.5060155404784071,1.2237741625187994
0.455,1.0000000000001004,5.655491872543743,0.5042699861408043,1.2342312713228214
0.4575,1.0000000000001013,5.93721409050343,0.5004426122416816,1.2447311392326768
0.46,1.0000000000001021,6.360026853173705,0.4947633102959188,1.255271483546734
0.4625,1.0000000000001013,6.897412053801848,0.48721245393240264,1.265849943787971
0.465,1.0000000000001026,7.542847100094933,0.47760208809052057,1.2764639518055565
0.4675,1.0000000000001024,8.30019878457849,0.4657150739531925,1.287110674094386
0.47000000000000003,1.0000000000001026,9.185758808254281,0.4512942408742138,1.2977869706380585
0.47250000000000003,1.000000000000104,10.24266876395374,0.4339744223452212,1.3084891920133006
0.47500000000000003,1.0000000000001035,11.554987043518294,0.41313000528752875,1.3192127754671383
0.47750000000000004,1.000000000000105,13.258080653354098,0.38764818518074984,1.3299517815455781
0.48,1.0000000000001057,15.55968514598702,0.35568673856677974,1.34069840720494
0.4825,1.0000000000001061,18.793123781245626,0.31457843144759823,1.3514422677374878
0.485,1.0000000000001072,23.51363142168855,0.26156740135810014,1.3621695037013706
0.4875,1.0000000000001066,30.59080843464671,0.19725192931627922,1.3728641200871388
0.49,1.0000000000001068,40.94507603004997,0.13206793625409116,1.3835235604507432
0.4925,1.000000000000107,53.58581743699807,0.08474349924538466,1.3942238286025015
0.495,1.0000000000001086,61.868556443393736,0.06534577137335286,1.4052140020429873
0.4975,1.000000000000108,59.07632481493457,0.0710543209301518,1.4167176025283317
0.5,1.000000000000109,48.66981331667812,0.09993790762735807,1.4285974655651066
0.5025000000000001,1.00000000000011,38.02226644360601,0.14827150850182957,1.440593698745642
0.505,1.000000000000111,29.396399751280093,0.21000130833447514,1.4525956218791114
0.5075000000000001,1.0000000000001106,22.331006869641016,0.27916086918479716,1.4645821169086881
0.51,1.0000000000001115,16.203629509866957,0.34646190888364203,1.4765606759179133
0.5125,1.0000000000001121,10.726999881191933,0.39793346724460976,1.4885468137119404
0.515,1.0000000000001124,6.82029485749397,0.42400352469036057,1.500553476329622
0.5175,1.0000000000001126,6.6266561235012835,0.4334149620796783,1.5125864936508
0.52,1.0000000000001137,5.996243823403648,0.445560415809873,1.5246463307900036
0.5225,1.000000000000114,5.075719849970708,0.4680081340844615,1.5367334670838835
0.525,1.0000000000001155,4.612824093032546,0.4938322733358736,1.5488509827702597
0.5275,1.000000000000115,4.353636184895881,0.518011243200957,1.5610024679087575
0.53,1.000000000000116,4.620130111385078,0.5414126995255434,1.5731904186875088
0.5325,1.0000000000001155,4.770839943127395,0.5621815898912759,1.5854170476427358
0.535,1.0000000000001168,4.541361338675564,0.5777907814087164,1.5976844837074826
0.5375,1.000000000000117,4.5354981473167735,0.5893302263551793,1.6099938155694244
0.54,1.0000000000001172,4.629777799262341,0.598534395950431,1.6223448061567425
0.5425,1.0000000000001183,4.617788040964619,0.6060189748786879,1.6347365194089147
0.545,1.0000000000001186,4.578822085783021,0.6122061661397018,1.6471678832061247
0.5475,1.000000000000119,4.560679773959858,0.6173132490174585,1.65963787121941
0.55,1.000000000000119,4.727540420358559,0.6212330919723007,1.6721455031019057
0.5525,1.0000000000001208,4.968971854839256,0.6238745612317155,1.6846897910951155
0.555,1.0000000000001215,5.196892469040805,0.6252648029125725,1.6972697271490647
0.5575,1.000000000000122,5.404833830375008,0.6254916208767792,1.7098843152587102
0.56,1.0000000000001215,5.597007830123193,0.624669403512207,1.7225325624539698
0.5625,1.0000000000001228,5.7867170616582735,0.6229059158768386,1.7352134180796364
0.5650000000000001,1.0000000000001237,5.988411597150822,0.620273548513885,1.7479257289178576
0.5675,1.000000000000124,6.210794943767181,0.6167856808715116,1.7606682533154379
0.5700000000000001,1.0000000000001232,6.456652637423544,0.6123973310321432,1.7734397119798153
0.5725,1.0000000000001241,6.727550180116943,0.6070305584948162,1.7862388238598952
0.5750000000000001,1.0000000000001257,7.027922717525059,0.6005942742227628,1.7990643017156422
0.5775,1.0000000000001257,7.36583877889812,0.5929814016517022,1.8119148196705797
0.58,1.000000000000127,7.751910010735328,0.5840510609506068,1.824788977443185
0.5825,1.0000000000001261,8.198944261028723,0.573611649967373,1.8376852723997559
0.585,1.0000000000001275,8.723352013103739,0.5614055697003248,1.8506020722771013
0.5875,1.0000000000001275,9.34778795305368,0.547083326302411,1.8635375749348946
0.59,1.0000000000001277,10.104525147078583,0.530157133046548,1.8764897451200053
0.5925,1.0000000000001288,11.040156274015224,0.5099276827279835,1.8894562237177401
0.595,1.0000000000001292,12.223405182979338,0.4853781821259508,1.9024342036458495
0.5975,1.0000000000001292,13.758765055674637,0.45503709156812683,1.9154202535798768
0.6,1.0000000000001308,15.809820353996622,0.4168574443132871,1.928410055596314
0.6025,1.0000000000001308,18.637641994818516,0.3683386720503005,1.9413980397951085
0.605,1.0000000000001317,22.65725266583599,0.3075740482122364,1.9543770804867853
0.6075,1.0000000000001306,28.484078214727468,0.23637302611163616,1.967339309718047
0.61,1.0000000000001317,36.783611409355515,0.16467145667944952,1.9802825079937025
0.6125,1.0000000000001337,47.25578987076672,0.10880628165066895,1.9932347532347636
0.615,1.0000000000001326,56.24293364631545,0.07937224940296607,2.0063003695945527
0.6175,1.0000000000001334,57.78696220520083,0.0754201236563496,2.0196234753110924
0.62,1.0000000000001346,51.348659396122066,0.09381411963890708,2.033211567168656
0.6225,1.0000000000001348,42.18721133146564,0.13269618257444846,2.0469340933521005
0.625,1.0000000000001352,33.95092946055472,0.18864023202018315,2.0606921268817904
0.6275000000000001,1.0000000000001354,27.167302406630498,0.258756002728564,2.0744512567032776
0.63,1.0000000000001354,21.444097877468003,0.34042002773820085,2.0882058642568446
0.6325000000000001,1.0000000000001363,16.381680244309326,0.4285913063310989,2.1019614230018466
0.635,1.0000000000001372,11.743623604481195,0.5125406154296475,2.115726890794249
0.6375000000000001,1.0000000000001368,7.5408915165519845,0.5765034546814836,2.1295105259167255
0.64,1.000000000000137,5.360969527763825,0.6134671445066151,2.1433178523573986
0.6425,1.0000000000001383,4.910947064005397,0.6370350015237934,2.1571513180787503
0.645,1.0000000000001392,4.1813949631273095,0.6653465006967969,2.171011587789062
0.6475,1.0000000000001388,3.713274686282426,0.7017846954572122,2.1848991967309996
0.65,1.0000000000001412,3.5224441452782065,0.741581524231349,2.1988149261197756
0.6525,1.0000000000001403,3.183366403403836,0.7841776110369821,2.2127594286471357
0.655,1.0000000000001406,2.905647904751308,0.8291025280914633,2.226733315637229
0.6575,1.0000000000001408,2.7539425443576118,0.8731339645068634,2.2407373054302475
0.66,1.0000000000001423,2.769660866233266,0.915105872051288,2.254771915147324
0.6625,1.0000000000001437,2.7782587233224847,0.9552558203090881,2.26883716988165
0.665,1.0000000000001423,2.6960550483378203,0.9935369015844474,2.282932646613016
0.6675,1.0000000000001437,2.5913474565534216,1.030654614905826,2.2970576446341964
0.67,1.000000000000145,2.5099877606320113,1.0672255216421047,2.3112113199286486
0.6725,1.0000000000001446,2.4565584914564207,1.103228562985103,2.3253927440842697
0.675,1.0000000000001454,2.4142840307462334,1.1388234171271492,2.3396008912311355
0.6775,1.0000000000001454,2.370216264766324,1.1743154897786885,2.3538346336289986
0.68,1.0000000000001465,2.322917982153103,1.2098787683931709,2.368092773109354
0.6825,1.000000000000148,2.275225831687683,1.2456502433595509,2.382374060785558
0.685,1.000000000000147,2.226858018648849,1.2817825690875735,2.3966771912685982
0.6875,1.0000000000001492,2.174894090576474,1.3184638643142783,2.411000789246061
0.6900000000000001,1.0000000000001497,2.118454633644421,1.3558784014739704,2.425343404367303
0.6925,1.0000000000001488,2.0605957844120764,1.3941413240769285,2.4397035210659106
0.6950000000000001,1.0000000000001497,2.005661971812228,1.4333200358875295,2.4540795756479086
0.6975,1.000000000000151,1.9557465055735646,1.4734772098012643,2.468469968941178
0.7000000000000001,1.0000000000001508,1.9098898645039208,1.5146805129246448,2.4828730708164963
0.7025,1.0000000000001525,1.8659491136231405,1.5569923851152212,2.4972872212500055
0.705,1.000000000000153,1.822578342404734,1.6004642709059438,2.5117107340138487
0.7075,1.0000000000001534,1.7795751052381552,1.6451451749160317,2.526141904886466
0.71,1.0000000000001519,1.7370709124198336,1.691082848777042,2.5405790235284824
0.7125,1.0000000000001539,1.6949544640718757,1.7383184545778663,2.5550203877340927
0.715,1.0000000000001548,1.653037006015123,1.7868904504312326,2.5694643180091465
0.7175,1.0000000000001552,1.6113812531658873,1.8368400710084607,2.583909170643528
0.72,1.000000000000155,1.570217765441297,1.888211746562161,2.598353348976464
0.7225,1.0000000000001568,1.5296094334577497,1.9410530588626171,2.612795313845221
0.725,1.000000000000157,1.489368920048088,1.9954155368352215,2.627233594925886
0.7275,1.0000000000001574,1.4493380736331531,2.0513531969168306,2.64166680423831
0.73,1.0000000000001597,1.4096582752201146,2.1089195731797976,2.6560936509747255
0.7325,1.000000000000158,1.3707117705791096,2.1681667920966143,2.6705129549670747
0.735,1.0000000000001599,1.3328331172181485,2.229145816080599,2.6849236567945827
0.7375,1.000000000000159,1.2961160630470012,2.2919059277720564,2.699324824701154
0.74,1.0000000000001599,1.2604683308526134,2.3564940976606175,2.713715659558906
0.7425,1.0000000000001614,1.2257820505763246,2.4229548795858347,2.7280954984371477
0.745,1.0000000000001628,1.1920180224804595,2.4913311915687584,2.7424638160256114
0.7475,1.0000000000001605,1.1591571320718794,2.561665864230465,2.7568202224901377
0.75,1.0000000000001634,1.1271300035183913,2.634002784427053,2.7711644568352956
0.7525000000000001,1.0000000000001628,1.0958320009455687,2.708386910793129,2.7854963759644615
0.755,1.0000000000001632,1.0652053955753673,2.7848635595239966,2.799815940362434
0.7575000000000001,1.0000000000001639,1.0352845884940203,2.8634778116065447,2.8141231971596485
0.76,1.0000000000001659,1.0061485725064543,2.9442746566213085,2.82841826054183
0.7625000000000001,1.0000000000001659,0.9778381907590169,3.0272996159249086,2.8427012889085415
0.765,1.0000000000001659,0.9503316409251802,3.112599016020316,2.8569724585394036
0.7675000000000001,1.000000000000167,0.923591784659679,3.200219592342139,2.8712319344890798
0.77,1.000000000000168,0.897612924547574,3.290207932754279,2.8854798401040416
0.7725,1.0000000000001676,0.8724104509771236,3.382610192946823,2.899716226523172
0.775,1.0000000000001676,0.8479796694222608,3.477472162360585,2.9139410431034367
0.7775,1.0000000000001708,0.8242839858076261,3.5748397076750424,2.928154109418659
0.78,1.0000000000001694,0.8012830205930238,3.6747591462994977,2.942355089571368
0.7825,1.0000000000001703,0.7789581482179944,3.777277251455873,2.9565434698889126
0.785,1.000000000000171,0.7573055536966411,3.882441236605278,2.970718541322934
0.7875,1.0000000000001716,0.7363148652175345,3.9902987180009024,2.9848793878399786
0.79,1.0000000000001714,0.7159654330255256,4.1008974764611095,2.9990248817377396
0.7925,1.000000000000173,0.6962421557165388,4.214285290515007,3.0131536862765036
0.795,1.000000000000173,0.6771459767939519,4.330509949205785,3.027264265603009
0.7975,1.0000000000001739,0.6586828498039147,4.449619268653703,3.0413549018540462
0.8,1.000000000000174,0.6408420560228986,4.5716611573482036,3.0554237193649376
0.8025,1.0000000000001743,0.6235870944285063,4.6966837296750565,3.0694687157608156
0.805,1.0000000000001754,0.6068693670061274,4.824735269923657,3.083487799285847
0.8075,1.0000000000001759,0.5906520703077686,4.9558641153547915,3.0974788311772437
0.81,1.0000000000001756,0.5749217754443244,5.090118657576289,3.111439671456462
0.8125,1.0000000000001767,0.5596780517659313,5.227547422888083,3.125368226331458
0.8150000000000001,1.0000000000001776,0.5449143574056818,5.368199191373163,3.139262495419777
0.8175,1.0000000000001785,0.5309481432370989,5.512123139698607,3.153120617046665
0.8200000000000001,1.000000000000178,0.5175369497358948,5.6593688306136904,3.166940909831375
0.8225,1.0000000000001787,0.5045191175055411,5.809986021847697,3.180721908670241
0.8250000000000001,1.0000000000001794,0.49187655303795047,5.964024484641849,3.194462393224017
0.8275,1.0000000000001803,0.47959239198569875,6.1215338886425075,3.2081614072923714
0.8300000000000001,1.0000000000001803,0.46765530593768234,6.2825637881974306,3.221818267987284
0.8325,1.0000000000001812,0.45606099568658887,6.447163787583802,3.2354325642093125
0.835,1.0000000000001814,0.4448098014773899,6.6153837210652755,3.2490041444375914
0.8375,1.0000000000001814,0.43390222943201423,6.78727367179647,3.262533094259195
0.84,1.0000000000001827,0.4233353360742976,6.962883901876146,3.276019704471598
0.8425,1.0000000000001834,0.4131019852303837,7.142264756886646,3.2894644310660035
0.845,1.0000000000001843,0.4031919704182757,7.325466611405978,3.30286784891548
0.8475,1.0000000000001834,0.3935920629539157,7.51254000739365,3.3162306014403327
0.85,1.0000000000001852,0.3842846564931276,7.703535883178972,3.329553348792007
0.8525,1.0000000000001854,0.375248688793288,7.898505609282941,3.342836717137632
0.855,1.0000000000001867,0.36646504581747535,8.097500797541647,3.3560812514792957
0.8575,1.0000000000001876,0.35792232489253334,8.30057300242081,3.3692873742050744
0.86,1.0000000000001876,0.34961678698497994,8.507773461179575,3.3824553512941233
0.8625,1.0000000000001878,0.34154670506708484,8.719153117786316,3.3955852677412146
0.865,1.0000000000001874,0.33370792456325904,8.934762962669913,3.408677013259366
0.8675,1.0000000000001887,0.32609521796481095,9.154654352816602,3.421730278666297
0.87,1.0000000000001892,0.318706175494069,9.378879023002701,3.4347445626442745
0.8725,1.0000000000001903,0.3115414751226081,9.607488803026515,3.447719187891375
0.875,1.0000000000001907,0.30460040118209325,9.840535275711185,3.4606533251311102
0.8775000000000001,1.0000000000001905,0.2978761241128122,10.078069718291971,3.4735460230308712
0.88,1.0000000000001925,0.2913550836325492,10.320143460977935,3.486396241785465
0.8825000000000001,1.0000000000001923,0.28502058845628925,10.566808332465524,3.499202887948873
0.885,1.0000000000001932,0.27885764122936996,10.81811674024365,3.5119648480735406
0.8875000000000001,1.0000000000001934,0.2728559342916926,11.074121267193918,3.5246810188886797
0.89,1.0000000000001932,0.26700974653386983,11.3348740503937,3.537350332143787
0.8925000000000001,1.0000000000001947,0.26131574910080824,11.600426442700465,3.5499717728274205
0.895,1.0000000000001945,0.25577120066133646,11.870829296444859,3.5625443901605256
0.8975,1.0000000000001958,0.2503742228164435,12.146133614092134,3.5750673014725214
0.9,1.0000000000001956,0.24512516738529697,12.426390948984938,3.5875396897399967
0.9025,1.0000000000001967,0.2400264246540145,12.711653215426635,3.5999607961699365
0.905,1.0000000000001972,0.2350795325223717,13.001972097555896,3.612329909713938
0.9075,1.0000000000001976,0.23028154806393852,13.297398623057704,3.624646355757403
0.91,1.0000000000001985,0.22562384642441588,13.597983395592125,3.636909486374492
0.9125,1.0000000000001985,0.22109453477500335,13.903777327752511,3.6491186744270276
0.915,1.0000000000001983,0.21668254576558516,14.214832143040114,3.6612733134070417
0.9175,1.0000000000001996,0.2123801714273559,14.531200126854134,3.67337282431915
0.92,1.0000000000002012,0.2081825190292901,14.852933273038996,3.6854166701414246
0.9225,1.0000000000002003,0.20408551726833046,15.180082478760552,3.6974043775610053
0.925,1.0000000000002012,0.20008540711443176,15.512697519454488,3.7093355648085535
0.9275,1.0000000000002018,0.19618044189451803,15.850827932526471,3.7212099735711557
0.93,1.0000000000002025,0.19237227797344827,16.194524018090153,3.7330275022240844
0.9325,1.0000000000002023,0.18866451716136806,16.54383701185188,3.744788237080469
0.935,1.0000000000002038,0.1850593647411323,16.898818304667095,3.756492478099494
0.9375,1.000000000000204,0.18155570031401816,17.259518478277823,3.7681407555718747
0.9400000000000001,1.0000000000002052,0.17814977329317647,17.62598710605721,3.77973383472358
0.9425,1.0000000000002047,0.17483638277275043,17.998273565244762,3.791272705916478
0.9450000000000001,1.0000000000002058,0.17160874204670956,18.37642806500905,3.802758559127092
0.9475,1.000000000000205,0.16845839316883046,18.760501850634807,3.814192742588353
0.9500000000000001,1.0000000000002065,0.16541478460599035,19.150546437476468,3.825576706803878
0.9525,1.0000000000002072,0.16242124882752748,19.546612568438498,3.836911936491656
0.9550000000000001,1.0000000000002074,0.1594668113853769,19.94874967372345,3.848199874258349
0.9575,1.0000000000002083,0.156553385406932,20.357006295576532,3.85944184081249
0.96,1.0000000000002087,0.1536954494994988,20.771431256090132,3.870638957176718
0.9625,1.0000000000002092,0.1509392398433367,21.19207452746567,3.8817920745797396
0.965,1.000000000000209,0.14825103374677367,21.618986850877327,3.892901717466782
0.9675,1.0000000000002098,0.1456328346215288,22.05221835034486,3.903968044369035
0.97,1.0000000000002112,0.1430855759252884,22.49181750023691,3.9149908302515732
0.9725,1.0000000000002107,0.14060728119626775,22.937831709734127,3.9259694724788083
0.975,1.000000000000212,0.13821450040871813,23.39030924456054,3.936903020804575
0.9775,1.0000000000002114,0.13589254825696992,23.849300481236266,3.9477902299558223
0.98,1.0000000000002123,0.13361820059570365,24.314856937410493,3.9586296316013603
0.9825,1.0000000000002125,0.13137786450563996,24.787028980438542,3.9694196209460038
0.985,1.0000000000002145,0.1291597307233851,25.265864434294535,3.9801585520088
0.9875,1.0000000000002145,0.1269595468802486,25.751409293509894,3.9908448349381063
0.99,1.000000000000215,0.12478410903812968,26.243709998025786,4.001477028547287
0.9925,1.0000000000002156,0.12264872118071246,26.742815325006813,4.012053921645472
0.995,1.0000000000002156,0.12056992443110234,27.24877607057867,4.022574597665474
0.9975,1.0000000000002167,0.11857031767930162,27.761642945226097,4.033038478484638
1.0,1.0000000000002178,0.11662352105607879,28.281464798030957,4.0434453450699195
1.0025,1.0000000000002176,0.11473885814050139,28.808288463625917,4.053795334488489
1.0050000000000001,1.0000000000002178,0.11291772015924234,29.342160193862217,4.064088914725061
1.0075,1.0000000000002187,0.1111450921452021,29.883127654259187,4.074326840460599
1.01,1.0000000000002196,0.10941290830983506,30.431240566234568,4.084510094340182
1.0125,1.0000000000002196,0.10771030934136283,30.986549082045588,4.094639819169876
1.0150000000000001,1.0000000000002205,0.10602333321028393,31.54910120466861,4.104717246857972
1.0175,1.00000000000022,0.1043404785810073,32.1189412660844,4.114743629727902
1.02,1.0000000000002216,0.10266072282887792,32.69611124533979,4.1247201791070776
1.0225,1.000000000000222,0.10099612975190746,33.28065499269776,4.1346480149264275
1.025,1.0000000000002225,0.09936572699914402,33.872621406406495,4.144528128587906
1.0275,1.000000000000223,0.09778566553482017,34.472062732713816,4.154361359746965
1.03,1.0000000000002236,0.09626293164079283,35.07902971009475,4.164148386100566
1.0325,1.0000000000002243,0.09479523243774009,35.69356773649205,4.173889723940693
1.035,1.0000000000002236,0.09337517535613958,36.31571696483917,4.183585736264504
1.0375,1.0000000000002245,0.09199549743410809,36.945517641308825,4.193236644725778
1.04,1.0000000000002254,0.09065144204471788,37.58301616486925,4.202842541722003
1.0425,1.0000000000002265,0.0893374720018748,38.22826445141073,4.212403399428459
1.045,1.0000000000002263,0.08804156269541534,38.881313864695045,4.221919073543659
1.0475,1.0000000000002267,0.08674593693782857,39.54221069486017,4.231389300770215
1.05,1.000000000000228,0.08543792423773351,40.21099558294405,4.240813690452402
1.0525,1.000000000000228,0.08412161473797476,40.88770752138795,4.250191712142464
1.055,1.0000000000002287,0.08281735956169028,41.57239044350891,4.259522681995643
1.0575,1.0000000000002287,0.0815487485763638,42.26509448225224,4.268805751646944
1.06,1.0000000000002298,0.08032953228488368,42.9658710455851,4.278039903495337
1.0625,1.0000000000002303,0.07918018450361704,43.674768637667164,4.2872239560620695
1.065,1.00000000000023,0.07803324168407753,44.391830030893026,4.296356582302282
1.0675000000000001,1.00000000000023,0.07693973144224138,45.117092680901195,4.305436342504979
1.07,1.0000000000002314,0.07587586362901769,45.85059793676397,4.314461731855445
1.0725,1.000000000000232,0.07484247359723314,46.592397465422486,4.3234312410340365
1.075,1.0000000000002323,0.07383603249420907,47.34254617158778,4.332343426580696
1.0775000000000001,1.000000000000234,0.07283879344930128,48.101093298459695,4.341196986357962
1.08,1.0000000000002336,0.07182414844768223,48.8680787680137,4.349990834460345
1.0825,1.0000000000002351,0.07077846585050641,49.64353315463639,4.358724169465788
1.085,1.0000000000002347,0.06971686725990521,50.427488960693985,4.367396530074768
1.0875000000000001,1.0000000000002351,0.06867300404725199,51.219992929282036,4.3760078329315855
1.09,1.0000000000002363,0.06768267880182627,52.02110189711308,4.384558388700624
1.0925,1.0000000000002367,0.06681302561155607,52.83087136125155,4.393048894153665
1.095,1.0000000000002363,0.06593118273288964,53.64934528406188,4.4014803999476175
1.0975,1.0000000000002371,0.06500886602582698,54.47653855937131,4.409854255737917
1.1,1.0000000000002374,0.06407792042249313,55.31247199105908,4.418172036083379
1.1025,1.000000000000239,0.06324366907525755,56.15721729493657,4.426435452064275
1.105,1.000000000000238,0.062442547449534064,57.01084595393087,4.434646254540765
1.1075,1.0000000000002391,0.061674273559229116,57.873395614183565,4.44280613548005
1.11,1.0000000000002396,0.06090902478227725,58.74490618919345,4.450916633714699
1.1125,1.0000000000002411,0.06010054202214862,59.62545338570302,4.458979050865361
1.115,1.0000000000002411,0.05923196990263846,60.51503937610384,4.466994382082806
1.1175,1.0000000000002411,0.058341352193677726,61.41362303577528,4.474963264927711
1.12,1.0000000000002411,0.057495716388043946,62.321281194124595,4.482885948232184
1.1225,1.0000000000002431,0.056796445726137394,63.23809526344769,4.490762281228577
1.125,1.0000000000002427,0.0561440127615775,64.16409522530486,4.4985917218376485
1.1275,1.0000000000002436,0.05546173748127583,65.09930614078587,4.506373361912854
1.1300000000000001,1.0000000000002438,0.05469654274521463,66.0437314422934,4.51410596643435
1.1325,1.000000000000244,0.05386688630425092,66.99737825239805,4.5217880231951035
1.135,1.0000000000002458,0.053188545640987885,67.96038157137761,4.5294177993764
1.1375,1.0000000000002454,0.05255920993029653,68.93290997784511,4.536993401557679
1.1400000000000001,1.000000000000246,0.05198979955473356,69.9149993258464,4.54451283613242
1.1425,1.000000000000247,0.05143301680665218,70.90657400211273,4.551974067650421
1.145,1.000000000000247,0.0507929175371256,71.90756370914758,4.559375073184581
1.1475,1.0000000000002476,0.05002816147792689,72.91776551294542,4.566713891390528
1.1500000000000001,1.0000000000002487,0.049243608990687096,73.9370734783455,4.573988665444967
1.1525,1.000000000000248,0.04859755523161965,74.96594932325112,4.581197679457343
1.155,1.0000000000002496,0.048039075631509484,76.00506728203433,4.588339388140192
1.1575,1.0000000000002485,0.047590671231341565,77.05481093927656,4.595412439613724
1.16,1.0000000000002507,0.047115775728582075,78.11491147901312,4.602415691454845
1.1625,1.0000000000002514,0.04647914860037554,79.18473387246203,4.609348220353898
1.165,1.0000000000002516,0.045685932331233955,80.26360395870603,4.616209325708218
1.1675,1.0000000000002514,0.0450772328602287,81.35212603686878,4.622998527172973
1.17,1.0000000000002522,0.04459488975614955,82.45066933459012,4.629715556025756
1.1725,1.0000000000002534,0.04412183968666527,83.55873757957256,4.636360340522025
1.175,1.0000000000002531,0.043798190715244184,84.67667368930485,4.64293298562665
1.1775,1.0000000000002534,0.043380637604583515,85.80507655619576,4.649433747385762
1.18,1.0000000000002538,0.04269760178921321,86.94411940895108,4.655863002256751
1.1825,1.0000000000002547,0.04194509464023728,88.09192073439065,4.662221211928638
1.185,1.0000000000002556,0.04146969846635025,89.25026794453758,4.668508884579553
1.1875,1.0000000000002554,0.0409220128943077,90.42027468706249,4.674726533731269
1.19,1.0000000000002554,0.04053902249391453,91.59951877187659,4.680874636212109
1.1925000000000001,1.000000000000257,0.04035026131291562,92.78869518431294,4.686953591304242
1.195,1.0000000000002578,0.03997384219793476,93.98912473813205,4.692963683188008
1.1975,1.0000000000002565,0.03921293969263688,95.20068996225272,4.698905049137995
1.2,1.000000000000258,0.03857598258838352,96.41870433969562,4.704777656477739
1.2025000000000001,1.000000000000258,0.03814674536939359,97.64530696121068,4.710581291339162
1.205,1.0000000000002591,0.03778895595474126,98.88529375705353,4.7163155616702275
1.2075,1.0000000000002593,0.037360119532440776,100.13701087411987,4.721979915884569
1.21,1.00000000000026,0.03731350997231369,101.40053801982837,4.72757367780645
1.2125000000000001,1.000000000000261,0.03698103845019828,102.67700905674731,4.733096097755668
1.215,1.0000000000002602,0.03613038085878001,103.96486733593865,4.738546418096418
1.2175,1.0000000000002611,0.0356552107626357,105.25928747182057,4.743923949836032
1.22,1.0000000000002622,0.03527900108814901,106.56359715997193,4.749228155006203
1.2225,1.0000000000002625,0.03487208946699279,107.88000777327699,4.754458728085481
1.225,1.000000000000263,0.034444214512336487,109.20478470324774,4.759615669389289
1.2275,1.0000000000002636,0.03448706717166382,110.5383984522378,4.764699343419624
1.23,1.0000000000002633,0.03423118091284441,111.8861494881982,4.769710515705787
1.2325,1.0000000000002638,0.03337722430537034,113.24738122196058,4.7746503629015455
1.235,1.0000000000002645,0.03291140232528751,114.61458756063205,4.77952045322395
1.2375,1.0000000000002651,0.032645932553042795,115.995464106289,4.7843226974523
1.24,1.000000000000266,0.03223627314876873,117.3924661276989,4.789059273122144
1.2425,1.0000000000002656,0.03187256226602281,118.79701590275027,4.793732527367692
1.245,1.0000000000002667,0.03183858394335088,120.20661881346653,4.798344866819746
1.2475,1.0000000000002676,0.031680204564805754,121.62538862834833,4.802898644463334
1.25,1.0000000000002673,0.03097785250278807,123.05813300161358,4.8073960537583
1.2525,1.0000000000002687,0.03039808752432015,124.49653538650024,4.811839039578102
1.2550000000000001,1.000000000000269,0.030245722677275728,125.94909987342703,4.816229233890088
1.2575,1.0000000000002691,0.029797680591231016,127.42651200091409,4.820567921282522
1.26,1.0000000000002691,0.02950454581133167,128.91738392297646,4.824856036037205
1.2625,1.0000000000002702,0.029538862135860627,130.4132421074344,4.829094189566104
1.2650000000000001,1.0000000000002702,0.02932992698081771,131.91244198226866,4.8332827237116005
1.2675,1.0000000000002718,0.02879199418051251,133.43080470990262,4.837421781781805
1.27,1.0000000000002718,0.028274961942266787,134.96185731041342,4.841511386780966
1.2725,1.0000000000002724,0.02792736685022162,136.48960523818533,4.845551516929759
1.2750000000000001,1.0000000000002733,0.027745251920349705,138.0306313602657,4.8495421705664645
1.2775,1.0000000000002738,0.027315333125384648,139.59205393544727,4.85348341376752
1.28,1.0000000000002738,0.02715613329619345,141.16759660689834,4.857375406521183
1.2825,1.000000000000274,0.02721750961014613,142.7449345990454,4.8612184071779865
1.285,1.0000000000002747,0.026876793232830317,144.33492614876272,4.865012758872924
1.2875,1.0000000000002756,0.026452110583872774,145.95330612030466,4.868758863974161
1.29,1.0000000000002762,0.026246287143102565,147.57538067579108,4.872457153747025
1.2925,1.0000000000002764,0.026081611151493017,149.19105003369586,4.8761080616289485
1.295,1.0000000000002773,0.025572197146659682,150.82246029945242,4.879712007244564
1.2975,1.000000000000278,0.025114956295682233,152.47493871616484,4.883269395200182
1.3,1.000000000000278,0.025092206859462656,154.13357266265695,4.886780629665459
1.3025,1.000000000000279,0.024882834565342928,155.80439569259593,4.890246142962459
1.305,1.0000000000002798,0.024740625788346845,157.50035446823816,4.893666434074154
1.3075,1.00000000000028,0.02473962642122743,159.21113416735565,4.897042109862876
1.31,1.00000000000028,0.02476376288229771,160.9263494146627,4.900373920473773
1.3125,1.0000000000002802,0.02429269166894357,162.65293891208134,4.903662781138383
1.315,1.000000000000281,0.023548973098959508,164.39116649326445,4.906909774140866
1.3175000000000001,1.0000000000002818,0.023299815189177862,166.13018956059253,4.910116128601982
1.32,1.0000000000002824,0.023176209253413554,167.8806364305625,4.9132831789271885
1.3225,1.0000000000002818,0.022808319980595126,169.65611352750653,4.916412306009056
1.325,1.000000000000282,0.023141560713117917,171.44078634560435,4.9195048689640535
1.3275000000000001,1.000000000000283,0.023460329190486684,173.23406569096312,4.922562136991133
1.33,1.0000000000002842,0.023222468198648708,175.05044681269317,4.925585231579177
1.3325,1.000000000000284,0.022190680485125014,176.86459866886673,4.928575087703944
1.335,1.0000000000002855,0.021628578422106495,178.6720706814904,4.931532439992606
1.3375000000000001,1.0000000000002855,0.02164304396397167,180.49672422009724,4.93445783613954
1.34,1.0000000000002862,0.021508468689002608,182.34583865573651,4.937351675447235
1.3425,1.000000000000287,0.021114155114475865,184.2176320933464,4.940214266630288
1.345,1.0000000000002869,0.021703379296814936,186.09541041671298,4.943045895650106
1.3475,1.0000000000002873,0.021920963623581993,187.9945206255708,4.945846893178815
1.35,1.0000000000002887,0.021256398584330642,189.91458225733572,4.94861769157248
1.3525,1.0000000000002889,0.02037793567925795,191.82891820367797,4.951358862746605
1.355,1.0000000000002895,0.020054515768786772,193.74776014573112,4.954071131868499
1.3575,1.0000000000002898,0.019975847266712685,195.66857619905343,4.956755366528131
1.36,1.0000000000002907,0.0200610740933363,197.5986521305606,4.959412545362374
1.3625,1.0000000000002909,0.01964446708380299,199.56267143277145,4.9620437131661435
1.365,1.000000000000292,0.019815937976663887,201.5380377398422,4.9646499322075215
1.3675,1.0000000000002915,0.01978772646671983,203.5146880580706,4.967232239658933
1.37,1.0000000000002927,0.019111339748961554,205.52641764778872,4.9697916192567435
1.3725,1.0000000000002929,0.019140056640573236,207.55566058977902,4.972328992232852
1.375,1.000000000000293,0.019052201130800073,209.58005484626372,4.9748452286949085
1.3775,1.000000000000293,0.018547226780950936,211.58389105851742,4.9773411766794275
1.3800000000000001,1.0000000000002944,0.01857281034365927,213.5911244133501,4.979817700684361
1.3825,1.000000000000295,0.018195329809004786,215.6646207911647,4.98227571886102
1.385,1.0000000000002949,0.01814395810317598,217.74394971616323,4.9847162286205675
1.3875,1.0000000000002955,0.0180401365437677,219.82134150480775,4.987140312280409
1.3900000000000001,1.0000000000002964,0.01758480843521871,221.92181043602528,4.989549117893724
1.3925,1.000000000000297,0.017636961212408157,224.02540141864935,4.991943814664883
1.395,1.0000000000002973,0.017564593351535488,226.16524144941224,4.994325528463084
1.3975,1.0000000000002973,0.017803555711004327,228.31001959129864,4.996695267869672
1.4000000000000001,1.0000000000002982,0.017430884448271882,230.42856324785282,4.999053853974977
1.4025,1.0000000000002993,0.01659830623112755,232.55858380881443,5.001401868452278
1.405,1.000000000000299,0.016537781038013035,234.75184977247764,5.0037396324702925
1.4075,1.0000000000003,0.016478596208095886,236.9596414842204,5.00606722458247
1.41,1.0000000000002998,0.016327112022850875,239.13231423990084,5.008384538805106
1.4125,1.0000000000003004,0.01652430841522086,241.31817829712014,5.01069137679269
1.415,1.0000000000003009,0.01642311512873152,243.55189754986264,5.012987562048537
1.4175,1.0000000000003018,0.015978319470594544,245.81990707992938,5.015273058438058
1.42,1.0000000000003026,0.016353149083043205,248.0541721481282,5.017548072212564
1.4225,1.000000000000303,0.016239275630377217,250.27250339538477,5.019813118871582
1.425,1.0000000000003033,0.01597428995637793,252.54749243483118,5.022069041585788
1.4275,1.000000000000304,0.015838877263311475,254.89108692273132,5.024316974716687
1.43,1.0000000000003044,0.015910992420773002,257.18484928220045,5.026558254787207
1.4325,1.0000000000003046,0.01574969499653995,259.43147468101404,5.028794290986925
1.435,1.000000000000306,0.014979866295442684,261.7702978675102,5.031026415730054
1.4375,1.0000000000003064,0.015379118694771663,264.13026663316975,5.033255740061516
1.44,1.000000000000306,0.015265291542587845,266.4962256283826,5.035483038877338
1.4425000000000001,1.000000000000307,0.014604654929682373,268.8629960823271,5.03770868796312
1.445,1.0000000000003069,0.015201491544986245,271.1931704221886,5.039932666324138
1.4475,1.000000000000308,0.015426146293511848,273.57127878048095,5.0421546258781715
1.45,1.0000000000003075,0.015649097504831008,276.0299584604147,5.04437401939364
1.4525000000000001,1.0000000000003086,0.015090376817430189,278.51224386297747,5.046590266856425
1.455,1.000000000000309,0.013997579626382739,280.91311574529897,5.048802932909489
1.4575,1.0000000000003104,0.014274907738121916,283.2687299392119,5.051011884222961
1.46,1.0000000000003106,0.014121679531742218,285.71642832461674,5.0532173979248425
1.4625000000000001,1.0000000000003109,0.014169308937880896,288.23241527298285,5.055420200587179
1.465,1.000000000000311,0.013628434564752519,290.7393698414108,5.057621428094689
1.4675,1.0000000000003122,0.013578948289068273,293.22348487545634,5.0598225102944845
1.47,1.0000000000003122,0.0140232753270666,295.6590863050353,5.062024998561271
1.4725,1.0000000000003122,0.014464652862339984,298.18849220842617,5.064230365661596
1.475,1.0000000000003135,0.014626363217775098,300.8455856801263,5.066439813037589
1.4775,1.0000000000003135,0.0138625022479165,303.4096664446985,5.068654120389029
1.48,1.0000000000003133,0.012992732537998862,305.8864978219181,5.0708735667066565
1.4825,1.0000000000003146,0.01307486517959939,308.3864341719159,5.073097939783471
1.485,1.000000000000315,0.012942758262211891,311.00773251086514,5.075326635569131
1.4875,1.0000000000003155,0.012949537316406972,313.7176085673126,5.077558832598414
1.49,1.0000000000003162,0.01249401465306691,316.358722063694,5.07979371236473
1.4925,1.000000000000317,0.012843700939714807,318.92594227296456,5.0820306870032
1.495,1.000000000000318,0.013593610344823566,321.494905747377,5.0842695924440875
1.4975,1.0000000000003177,0.013433283291519528,324.1467346898587,5.086510809785635
1.5,1.000000000000317,0.013082186528623443,326.84750835301156,5.088755289505544
1.5025,1.0000000000003189,0.012335061690786134,329.557443317461,5.091004470002096
1.5050000000000001,1.000000000000319,0.012128833901856961,332.2141231255484,5.093260101045916
1.5075,1.0000000000003195,0.012145047665628038,334.8345011083433,5.095524000548641
1.51,1.0000000000003202,0.011849132074195561,337.5883568816066,5.097797786577374
1.5125,1.00000000000032,0.011965043888044443,340.3761992048184,5.100082632865589
1.5150000000000001,1.0000000000003204,0.011932218795083844,343.1481986097557,5.102379093940922
1.5175,1.0000000000003215,0.011865365268994097,345.92747720679387,5.104687034936432
1.52,1.0000000000003222,0.011841697635776943,348.63077017728807,5.1070056830256005
1.5225,1.0000000000003224,0.011577013923449892,351.36920555599437,5.10933379622365
1.5250000000000001,1.0000000000003224,0.011644208727206045,354.2035550641897,5.11166992344228
1.5275,1.000000000000323,0.01168546012232427,357.0309933145552,5.11401271138024
1.53,1.0000000000003237,0.011368528341098737,359.7923564606018,5.11636120371508
1.5325,1.0000000000003253,0.011197710050685457,362.64917732328496,5.118715077492607
1.5350000000000001,1.0000000000003246,0.0108958662195181,365.5962360008966,5.121074770893385
1.5375,1.000000000000325,0.01073293277647405,368.2773578939558,5.123441474530013
1.54,1.0000000000003255,0.010647218576216876,370.9348618202738,5.125816982365553
1.5425,1.000000000000327,0.010513593719617884,374.0419577341649,5.128203424480845
1.545,1.0000000000003266,0.010625566526318957,377.20608737360357,5.130602926496079
1.5475,1.0000000000003264,0.010550107512336405,380.04495631157494,5.133017255376741
1.55,1.0000000000003275,0.010594777410695344,382.7577642710813,5.135447516330891
1.5525,1.0000000000003277,0.010632058592221345,385.54557301659327,5.137893958488082
1.555,1.0000000000003286,0.011025059201196404,388.5807767278535,5.1403559292149765
1.5575,1.0000000000003293,0.01085280403890668,391.81823225394675,5.142831991086384
1.56,1.0000000000003288,0.010429709375175532,394.8889643590604,5.145320185880653
1.5625,1.00000000000033,0.01016114067115806,397.55408595588943,5.147818402358736
1.565,1.0000000000003308,0.010303309858678274,400.1523728886028,5.150324783872205
1.5675000000000001,1.0000000000003302,0.010323036802105228,403.2149742369391,5.152838102091157
1.57,1.000000000000331,0.009825554683917808,406.64876685503623,5.155358026707771
1.5725,1.0000000000003315,0.010127794307638185,409.9514539405296,5.157885237693468
1.575,1.0000000000003322,0.010490464460477796,412.8587079265952,5.160421354110107
1.5775000000000001,1.0000000000003328,0.010229812634132144,415.5664043586972,5.162968686529708
1.58,1.000000000000333,0.00974708296695695,418.4529494298419,5.165529852948334
1.5825,1.0000000000003328,0.009617339927501703,421.7191481090634,5.168107324721366
1.585,1.0000000000003337,0.00978948068631678,425.15869673099826,5.170702984163325
1.5875000000000001,1.0000000000003344,0.009423773147259293,428.2295261578637,5.173317776174218
1.59,1.0000000000003353,0.009100209880836195,430.83585900699,5.17595152197931
1.5925,1.0000000000003364,0.009210257126069136,433.72687302470445,5.178602935443861
1.595,1.0000000000003364,0.009260151438335107,437.3069000366245,5.1812698459451685
1.5975000000000001,1.000000000000337,0.009124826911696077,440.676983528045,5.183949593362108
1.6,1.000000000000337,0.009510376257328687,443.47042432581395,5.1866395276518
1.6025,1.0000000000003384,0.009452293845699662,446.59600010746453,5.189337523987306
1.605,1.0000000000003375,0.008933185149548844,450.0768723644216,5.192042418482601
1.6075,1.0000000000003377,0.008644443983011977,453.275155018251,5.194754280468249
1.61,1.0000000000003395,0.008501978387230174,456.1968465379072,5.197474464664372
1.6125,1.00000000000034,0.00870960016638305,459.1363638730814,5.200205425917537
1.615,1.0000000000003402,0.00868500302405605,462.38950292334044,5.20295032271231
1.6175,1.0000000000003404,0.00866866460520128,465.95488722940524,5.20571247582092
1.62,1.0000000000003408,0.008544013597990768,469.4466654682045,5.208494777677699
1.6225,1.0000000000003417,0.008631800866298358,472.42725302001566,5.211299160509005
1.625,1.0000000000003415,0.008522636355333065,475.0618325638552,5.214126224283527
1.6275,1.0000000000003426,0.008491912888270389,478.16911721830684,5.216975099594705
1.6300000000000001,1.0000000000003424,0.008890791534305695,481.86143291688353,5.219843579618419
1.6325,1.0000000000003437,0.009106946929999943,485.56421329115307,5.222728506347411
1.635,1.0000000000003444,0.009113740220329833,488.9777614205496,5.225626348554486
1.6375,1.000000000000344,0.008563653750701805,491.9874081927397,5.22853387135378
1.6400000000000001,1.000000000000345,0.008250663365156707,495.0569743019746,5.231448776683509
1.6425,1.0000000000003446,0.008079272845933915,498.6776307562211,5.234370195037412
1.645,1.0000000000003448,0.008132041107496395,502.23921669469365,5.237298931823928
1.6475,1.000000000000346,0.0080937530368366,505.3273774053498,5.240237413403599
1.6500000000000001,1.0000000000003468,0.007965056486518324,508.5522789709747,5.243189331609833
1.6525,1.0000000000003477,0.007871387558595302,512.2326614327033,5.246159041300799
1.655,1.0000000000003477,0.008428485735208902,515.6249686500046,5.2491508126303374
1.6575,1.0000000000003477,0.00941157907230005,518.2101438558196,5.252168069998973
1.6600000000000001,1.0000000000003488,0.010502864433180112,521.2287278558134,5.2552127569787235
1.6625,1.0000000000003495,0.010355763523261763,525.5874966761072,5.258284948422141
1.665,1.00000000000035,0.008915164928053604,529.7735434585979,5.261382789791972
1.6675,1.0000000000003502,0.007758590467164589,532.7492449259269,5.264502786478591
1.67,1.0000000000003502,0.0072265549311535445,535.5944197528869,5.267640402857722
1.6725,1.0000000000003506,0.007416107541660648,539.0448238222704,5.270790873021432
1.675,1.000000000000352,0.007826354075768755,542.856001813241,5.273950083118732
1.6775,1.0000000000003517,0.007865032376173808,546.6833585666977,5.277115367631275
1.68,1.0000000000003528,0.00736718603583538,550.2269213119725,5.280286072305057
1.6825,1.0000000000003524,0.006946830507719188,553.4643831798018,5.283463773859887
1.685,1.0000000000003535,0.007591183776373013,556.4683509909951,5.2866521052546975
1.6875,1.000000000000354,0.008629418128965501,559.4066570471639,5.289856204771346
1.69,1.000000000000354,0.009402934593546325,562.8666546881043,5.293081875345166
1.6925000000000001,1.0000000000003542,0.009289868299584643,567.0195395610573,5.296334595350749
1.695,1.0000000000003553,0.00851068800704455,570.9848562948578,5.299618553075768
1.6975,1.0000000000003555,0.007538531046085997,574.1305327925648,5.302935878084307
1.7,1.000000000000356,0.006840014019689739,577.1939894781951,5.306286212441625
1.7025000000000001,1.0000000000003564,0.006940041125627312,581.145011322179,5.309666707994689
1.705,1.0000000000003573,0.007219502806096807,585.6632729919668,5.313072462360104
1.7075,1.000000000000357,0.007149655075785651,589.6617933016992,5.316497328735185
1.71,1.0000000000003573,0.0066898407596862955,592.7784822453564,5.319934966771857
1.7125000000000001,1.000000000000357,0.006521049997196304,595.4612038621099,5.323379955886613
1.715,1.0000000000003584,0.007356931910227834,598.7008632284087,5.3268287771223894
1.7175,1.0000000000003586,0.007912938958842595,603.4110085358333,5.330280488304539
1.72,1.0000000000003595,0.007825659147089943,608.1745168815162,5.333736967263554
1.7225000000000001,1.0000000000003608,0.007130950741899872,610.5743227968283,5.337202671058231
1.725,1.0000000000003608,0.006460134351123345,612.0259162351507,5.3406839427606805
1.7275,1.0000000000003615,0.007130218872222251,615.8765174259307,5.34418797689151
1.73,1.000000000000361,0.007381885300532566,621.553528476224,5.347721615851488
1.7325,1.0000000000003615,0.007025013554068006,625.9111246091685,5.35129018178882
1.735,1.0000000000003626,0.006258690986839096,628.5943869736888,5.35489654554769
1.7375,1.0000000000003635,0.006757336227219913,631.8207786876123,5.358540596454646
1.74,1.0000000000003633,0.007068640485233827,636.4967848664826,5.362219209591554
1.7425,1.000000000000364,0.006733448276520088,641.4749507545149,5.3659267223882825
1.745,1.000000000000365,0.0063135745844423805,645.4356790239827,5.369655844757886
1.7475,1.0000000000003644,0.006653345383680212,648.3250013581797,5.373398852149671
1.75,1.000000000000366,0.006517620042559537,651.1622928623714,5.37714886183907
1.7525,1.000000000000366,0.006215442443574912,654.5496078495534,5.380900977615006
1.7550000000000001,1.0000000000003664,0.0058392126636957675,658.2342494876103,5.384653109388151
1.7575,1.0000000000003673,0.005790823117236635,661.847806727883,5.388406328966104
1.76,1.0000000000003675,0.00604307990374645,665.2951738417173,5.392164701998583
1.7625,1.0000000000003673,0.006135507704053226,669.0885141031697,5.395934624814716
1.7650000000000001,1.0000000000003686,0.006037769300530596,673.4670799477286,5.3997237780399505
1.7675,1.0000000000003686,0.005621977816981605,677.5607046916086,5.403539872576057
1.77,1.000000000000369,0.005955535215170248,681.3204358944247,5.4073893972899825
1.7725,1.0000000000003706,0.006077308736871823,685.6165430249658,5.411276575903337
1.7750000000000001,1.00000000000037,0.006341217267861523,689.947552572654,5.415202703289359
1.7775,1.0000000000003701,0.006600959344290582,693.8597550854423,5.419165965372766
1.78,1.0000000000003706,0.006426905315125403,698.1879256998989,5.423161764239361
1.7825,1.000000000000372,0.005879042285988632,702.3733805663427,5.427183485450058
1.7850000000000001,1.0000000000003721,0.005562746547720445,704.8932857875953,5.4312235723654245
1.7875,1.000000000000372,0.005478523119164105,707.04038937764,5.435274724768124
1.79,1.0000000000003726,0.005973389143389386,711.6289652353407,5.4393310235561945
1.7925,1.0000000000003735,0.0058907873987120545,717.601533259893,5.443388801246587
1.795,1.0000000000003735,0.005344840364181785,721.0207380498404,5.447447125706489
1.7975,1.000000000000374,0.0052914983165232915,722.3503505271872,5.4515078332337445
1.8,1.0000000000003748,0.006098694151255197,725.6256860315034,5.455575124355812
1.8025,1.000000000000376,0.006537916721150054,731.1213929087222,5.45965480760891
1.805,1.000000000000376,0.006359651674283005,736.4305863890709,5.463753330732267
1.8075,1.0000000000003757,0.0058014359068498285,741.0604023268561,5.467876766794076
1.81,1.0000000000003757,0.005640338198250176,745.3612271572816,5.472029921285932
1.8125,1.0000000000003766,0.005890778209938328,749.4131210227417,5.47621569668646
1.815,1.000000000000378,0.005812305075618423,753.113435694341,5.480434799550817
1.8175000000000001,1.0000000000003781,0.005540538822110258,756.0485723466238,5.484685811711596
1.82,1.0000000000003788,0.005122292310549444,759.3104092565691,5.488965583860583
1.8225,1.000000000000379,0.005108029955913161,764.2103368234486,5.493269858349977
1.825,1.0000000000003788,0.005393448164652767,769.2512935219688,5.497593996760118
1.8275000000000001,1.00000000000038,0.005963639580772178,773.0828276836397,5.501933680589337
1.83,1.0000000000003801,0.00621895101555909,777.1338815219217,5.506285470300381
1.8325,1.0000000000003806,0.005793868936556055,782.4351372144165,5.510647144601741
1.835,1.000000000000382,0.0049321549336091685,787.4227783065431,5.51501779019884
1.8375000000000001,1.000000000000382,0.004592598479213364,789.8555855017242,5.519397662326524
1.84,1.0000000000003821,0.004655578167502782,790.8103576161626,5.523787878149156
1.8425,1.0000000000003832,0.004848747887174514,794.6249078517274,5.528190030683573
1.845,1.0000000000003824,0.0047956681574256544,802.1578159626896,5.53260581645425
1.8475000000000001,1.0000000000003841,0.004720317454458381,809.192913007408,5.537036756097465
1.85,1.0000000000003848,0.004802534729395398,813.150847069702,5.541484057279089
1.8525,1.0000000000003846,0.004976967790468294,814.5121611952984,5.545948629994681
1.855,1.0000000000003857,0.005114001402964173,814.5515095037342,5.550431224341437
1.8575,1.0000000000003852,0.005160435306699293,817.241353619402,5.554932629508674
1.86,1.0000000000003857,0.00509055395944452,825.879682895015,5.559453856936775
1.8625,1.000000000000386,0.004920184418228675,836.5687724288971,5.563996233096774
1.865,1.0000000000003877,0.004694510692787963,842.6352051230134,5.5685613475304985
1.8675,1.0000000000003884,0.00450529232840133,843.5891492896446,5.573150836337758
1.87,1.000000000000388,0.004434813308257052,844.3019938206412,5.57776602342036
1.8725,1.0000000000003888,0.0043268818767230885,848.5662925613885,5.582407482080298
1.875,1.00000000000039,0.0045676900369903085,855.3061974135844,5.587074608854307
1.8775,1.0000000000003895,0.004485975671937554,860.3416573247498,5.591765313113687
1.8800000000000001,1.0000000000003908,0.004567617723023651,862.6105844334668,5.596475916737418
1.8825,1.0000000000003895,0.0044091089301502885,865.0743872610622,5.60120132849561
1.885,1.0000000000003901,0.004724697156294415,869.2781081913394,5.605935511716412
1.8875,1.0000000000003912,0.005179051991653705,874.561724435517,5.610672208872965
1.8900000000000001,1.0000000000003928,0.005294195031417885,880.3989449662389,5.615405833088827
1.8925,1.0000000000003928,0.005086028218434034,885.7215103803081,5.620132394758705
1.895,1.0000000000003932,0.004957809339482763,889.9381813453948,5.624850309744954
1.8975,1.000000000000393,0.005315083115471578,894.347067921627,5.629560938837379
1.9000000000000001,1.0000000000003944,0.00530544710014762,898.6515613942954,5.634268737664698
1.9025,1.0000000000003946,0.005007885886291655,901.1711786138969,5.638980949009068
1.905,1.0000000000003952,0.0049004721880315,904.3211814147184,5.643706838118165
1.9075,1.000000000000395,0.004874292831430788,911.5010358438349,5.648456545406455
1.9100000000000001,1.000000000000396,0.00468909897613538,919.6797487462081,5.653239697650331
1.9125,1.000000000000396,0.004536973081165294,923.9318303129114,5.658063967304014
1.915,1.0000000000003975,0.0047663232158760465,926.2193228499672,5.662933791632934
1.9175,1.000000000000398,0.004671014991803235,931.5630043818835,5.667849454018261
1.92,1.0000000000003977,0.004301741368757333,939.4622871389073,5.672806688528786
1.9225,1.0000000000003977,0.0046507474533247824,944.5440719537108,5.67779690069442
1.925,1.0000000000003988,0.004798273751362759,944.3044517772584,5.682808011963291
1.9275,1.0000000000003988,0.00452985393210022,943.8039911353042,5.687825844874016
1.93,1.0000000000003997,0.003979414193391444,949.981171415351,5.692835883702008
1.9325,1.0000000000004006,0.004148266655348493,961.310106378148,5.697825183690686
1.935,1.0000000000004015,0.004305842850141407,968.5717022142544,5.702784170834637
1.9375,1.000000000000402,0.0044040193659152455,968.9228711750977,5.707708078905347
1.94,1.0000000000004021,0.0044262797194811075,970.0213355721053,5.712597811018346
1.9425000000000001,1.000000000000403,0.004386573657287344,976.2942958094965,5.717460084598458
1.945,1.0000000000004023,0.004328989997807872,983.0082439312894,5.722306811899896
1.9475,1.0000000000004032,0.004311781579457312,986.5872123442449,5.727153770817917
1.95,1.0000000000004037,0.004944202143768538,990.1388360589872,5.732018718524197
1.9525000000000001,1.0000000000004052,0.00545200059461678,996.2082335657143,5.736919179902572
1.955,1.0000000000004052,0.005199672986604687,1003.1125185875616,5.741870192736353
1.9575,1.0000000000004052,0.004933930120822894,1009.0613337545354,5.746882304694337
1.96,1.000000000000406,0.004990405631439538,1013.750655626565,5.751960090682018
1.9625000000000001,1.0000000000004066,0.004854041854535099,1017.3091962177041,5.757101395941594
1.965,1.0000000000004066,0.00450108170642448,1021.408303429299,5.762297418618954
1.9675,1.0000000000004077,0.003958248726593975,1028.1927494937909,5.767533637436824
1.97,1.0000000000004081,0.003827761838284066,1036.152495120258,5.772791479862853
1.9725000000000001,1.0000000000004088,0.0038922164591467033,1040.9352058147078,5.778050528470506
1.975,1.0000000000004097,0.004396707058224209,1041.214476313244,5.783290991239635
1.9775,1.0000000000004088,0.004907373566520109,1040.3766756379957,5.788496125033497
1.98,1.0000000000004095,0.0049316023396606375,1042.8912848844054,5.793654305255841
1.9825000000000002,1.0000000000004106,0.004832270084413843,1051.153877396148,5.798760478116119
1.985,1.0000000000004103,0.004655153014070711,1063.2474004152043,5.803816809329115
1.9875,1.0000000000004117,0.004258980926578963,1072.8105356722178,5.808832444538025
1.99,1.0000000000004117,0.004308284254495169,1075.6242098225184,5.81382240925271
1.9925,1.0000000000004126,0.0044379357771640385,1076.1613429749061,5.8188057851132875
1.995,1.0000000000004128,0.004550889027360484,1081.5220592275493,5.823803390620272
1.9975,1.0000000000004134,0.004567615129994634,1090.8972695333616,5.828835256233696
2.0,1.000000000000414,0.004888522613984027,1097.7972169208508,5.833918208242261
2.0025,1.0000000000004143,0.005304036045708964,1101.155974723285,5.839063860208875
2.005,1.0000000000004148,0.005604239696941315,1105.8278243346172,5.844277257042528
2.0075,1.0000000000004143,0.006085087719833596,1112.4766587508377,5.849556331780214
2.0100000000000002,1.000000000000416,0.006302590141892896,1116.1864102034974,5.854892230639813
2.0125,1.0000000000004163,0.006083779175447175,1116.193017617666,5.86027045202073
2.015,1.0000000000004172,0.005351572909427689,1118.851764071374,5.865672644053786
2.0175,1.0000000000004172,0.004184995408440866,1128.459480724794,5.871078825803065
2.02,1.0000000000004174,0.003383378435442913,1140.9696310069864,5.876469749490584
2.0225,1.0000000000004177,0.0035503801019731553,1149.0220747595483,5.881829110877206
2.025,1.0000000000004186,0.0036767160004536523,1150.665008285224,5.887145342292178
2.0275,1.00000000000042,0.0037713083587486455,1150.891992874162,5.892412782855238
2.0300000000000002,1.0000000000004199,0.0038477133836432526,1155.5735739617264,5.8976321044504045
2.0325,1.0000000000004203,0.003919698017921397,1165.1564909497406,5.90280996851978
2.035,1.000000000000421,0.003999192989985413,1173.9389841001537,5.9079579851702135
2.0375,1.0000000000004212,0.004096088041107304,1176.7884893255298,5.913091130308089
2.04,1.0000000000004217,0.004218584409624132,1176.8107136274416,5.918225837987565
2.0425,1.000000000000422,0.0043706678332001295,1182.3353136154578,5.923378016519445
2.045,1.0000000000004226,0.004543677920488898,1195.4880355929804,5.928561235374264
2.0475,1.0000000000004232,0.004705089671405202,1208.0762930718943,5.933785297160227
2.05,1.0000000000004228,0.0047950209807841124,1211.9687778233565,5.939055350295165
2.0525,1.0000000000004243,0.004740529215993815,1210.2949104632069,5.944371621920482
2.055,1.000000000000425,0.004486463681156764,1212.1738754624082,5.949729767673816
2.0575,1.0000000000004257,0.004027655423877302,1219.9876532595583,5.955121756223839
2.06,1.0000000000004248,0.0034225191303305707,1228.121974941239,5.960537142195665
2.0625,1.000000000000426,0.003270319798586564,1232.3962085694827,5.965964539109054
2.065,1.0000000000004272,0.0034054286549357114,1234.8870957846552,5.971393088542606
2.0675,1.0000000000004272,0.003805534140333957,1238.6135987965956,5.976813733717595
2.07,1.0000000000004279,0.00403905319772365,1243.2349072067616,5.982220142522723
2.0725000000000002,1.0000000000004274,0.004051832787866533,1248.1908429583145,5.987609180838444
2.075,1.0000000000004285,0.003871684334644261,1255.6715928880112,5.992980903593706
2.0775,1.0000000000004283,0.003880334398942333,1267.2522485663878,5.998338099059165
2.08,1.0000000000004299,0.0038646467737219405,1279.9666342806204,6.003685482357792
2.0825,1.0000000000004299,0.003969925459256578,1288.7756429628312,6.009028679143114
2.085,1.000000000000431,0.00424827275370263,1292.265942644961,6.0143731642482345
2.0875,1.0000000000004312,0.004460077278602737,1293.7709383066915,6.019723320109734
2.09,1.0000000000004312,0.004439515119821846,1297.6533305609898,6.0250817562081815
2.0925000000000002,1.0000000000004334,0.0047778750110981675,1306.1183546766479,6.0304489871155935
2.095,1.0000000000004325,0.004781134741640997,1317.9408283430362,6.035823509349361
2.0975,1.0000000000004332,0.004373055344599563,1328.1748346939617,6.041202254410708
2.1,1.0000000000004343,0.0036396843419267653,1331.0212328793423,6.046581336258527
2.1025,1.0000000000004345,0.003121186033685633,1326.3363941164341,6.05195696464833
2.105,1.0000000000004343,0.003422284654752519,1322.0962137910867,6.057326368085347
2.1075,1.0000000000004343,0.0034714197145645632,1327.0271179620263,6.062688565917314
2.11,1.0000000000004359,0.003233482263800603,1341.0579713726445,6.068044849578662
2.1125,1.0000000000004357,0.0028324571426351437,1355.10010865099,6.0733988758139805
2.115,1.0000000000004359,0.002897736235381816,1361.6578621720482,6.078756333911451
2.1175,1.000000000000438,0.0031013721202269528,1363.5269521517473,6.084124216095532
2.12,1.0000000000004376,0.003160236391565329,1368.4747445168732,6.089509785527706
2.1225,1.0000000000004379,0.0031730971105568165,1378.3443233587393,6.094919389797718
2.125,1.0000000000004394,0.0030603363927795874,1387.9734538605142,6.100357300452862
2.1275,1.0000000000004394,0.0033072548046429355,1394.0090339643339,6.105824765121069
2.13,1.0000000000004399,0.0035727941918870295,1399.914106166397,6.11131943623001
2.1325,1.0000000000004405,0.003699802256156061,1409.6637001455188,6.116835291355884
2.1350000000000002,1.0000000000004403,0.003664209177136677,1420.3440314887314,6.122363091063329
2.1375,1.0000000000004405,0.0036150198018647956,1425.3267014305081,6.127891340604257
2.14,1.0000000000004419,0.003406452033505511,1424.0196730522837,6.13340764391849
2.1425,1.0000000000004423,0.003053663791620051,1423.7867905293692,6.138900273937678
2.145,1.0000000000004432,0.002879653450947503,1430.9155786493902,6.144359742720305
2.1475,1.0000000000004434,0.0028335703128988168,1443.1008282039888,6.1497801457741765
2.15,1.0000000000004432,0.002819755442120331,1452.5261669016002,6.155160079469835
2.1525,1.0000000000004448,0.0027478585960601983,1455.23266682329,6.160502985709276
2.1550000000000002,1.0000000000004436,0.002577534656144627,1454.9179962057196,6.165816856479886
2.1575,1.0000000000004452,0.002634134191579598,1457.4265966169712,6.171113321773807
2.16,1.000000000000446,0.002635962163959181,1464.9613958726231,6.176406234355792
2.1625,1.0000000000004472,0.0025960182394607774,1476.3105122571828,6.181709939854157
2.165,1.0000000000004472,0.0025565217728397587,1489.330911205743,6.1870374685278025
2.1675,1.0000000000004465,0.002623322922551158,1501.1645320739678,6.192398898537587
2.17,1.0000000000004472,0.0029227061490911207,1508.0331200944324,6.197800117490149
2.1725,1.000000000000449,0.0030903566838305805,1508.5448670576288,6.203242152300529
2.1750000000000003,1.0000000000004494,0.003312973331297474,1507.6502460089343,6.208721155119951
2.1775,1.0000000000004492,0.0034791211631117753,1513.8085832533302,6.214229037554754
2.18,1.0000000000004494,0.0035022081226096582,1530.257131867575,6.219754651580627
2.1825,1.0000000000004503,0.003368017777065637,1549.9096878761864,6.225285338202159
2.185,1.000000000000451,0.003089157408718903,1561.3331515749448,6.230808615629339
2.1875,1.000000000000451,0.002692703642141599,1560.958787638098,6.236313764234077
2.19,1.000000000000451,0.0025286268731234797,1556.3068474482193,6.24179308741413
2.1925,1.000000000000452,0.002563373813026173,1556.6234445896125,6.247242682231112
2.195,1.0000000000004525,0.0025335950423453764,1563.7444016804466,6.252662632077999
2.1975000000000002,1.0000000000004525,0.002466888061136607,1572.398676073885,6.258056622575875
2.2,1.000000000000454,0.002394766125119529,1577.7822837383476,6.263431067725129
2.2025,1.0000000000004536,0.0023442662562836625,1581.1028890203675,6.268793903018083
2.205,1.0000000000004554,0.0022106252470931805,1586.4845711453,6.274153245193819
2.2075,1.0000000000004556,0.0022205674924200432,1594.8271296221913,6.27951612891879
2.21,1.0000000000004567,0.002279486281412482,1602.8341073544573,6.284887508544652
2.2125,1.0000000000004559,0.002515124839769479,1607.6004905642214,6.290269662905388
2.215,1.000000000000457,0.002605105835676796,1610.9482940666028,6.295662071684543
2.2175000000000002,1.0000000000004572,0.0026995926849003897,1618.2361195490596,6.301061754813228
2.22,1.0000000000004576,0.0026353467006798455,1632.5323680765425,6.306463994140379
2.2225,1.0000000000004576,0.002757062907174325,1650.1582656975102,6.31186330041322
2.225,1.0000000000004587,0.0028624543804105004,1663.3445660056589,6.317254456957518
2.2275,1.0000000000004592,0.0026909204278593676,1668.0768388267493,6.322633468094406
2.23,1.0000000000004592,0.002411282656950581,1668.6526511293628,6.327998263721675
2.2325,1.0000000000004612,0.0021738845110809354,1672.2502872545576,6.333349056479746
2.235,1.0000000000004616,0.002071546688843404,1679.9052432088454,6.338688307085617
2.2375000000000003,1.000000000000461,0.0022463378950368,1686.4213429487083,6.34402031752966
2.24,1.0000000000004614,0.002357588151515686,1688.2231495710687,6.349350529615578
2.2425,1.000000000000462,0.0023760606189151346,1688.011906826737,6.354684648347916
2.245,1.0000000000004623,0.002270814717689826,1690.8718600597776,6.360027731409392
2.2475,1.0000000000004632,0.002126198158806979,1697.384883694279,6.365383385597905
2.25,1.000000000000463,0.001992695947479462,1702.7339141034859,6.370753189524041
2.2525,1.0000000000004636,0.00225318569362797,1703.2667112314214,6.376136423137091
2.255,1.000000000000465,0.0024575796470264924,1701.9525854591618,6.381530135183045
2.2575,1.0000000000004645,0.00247341756434659,1705.5488650689645,6.386929527942414
2.2600000000000002,1.000000000000466,0.0022994177715154576,1717.4709435570562,6.392328592974103
2.2625,1.0000000000004665,0.002127855249838154,1735.0852324970306,6.397720898610143
2.265,1.0000000000004663,0.0021375383975851935,1752.979384949219,6.403100412865813
2.2675,1.0000000000004667,0.002326808239794665,1768.3305852834,6.40846224529937
2.27,1.000000000000468,0.002464433270373375,1782.3297895388653,6.413803207847137
2.2725,1.000000000000468,0.0024532626880513684,1795.5588867971794,6.419122124900631
2.275,1.0000000000004685,0.0022628491812932854,1805.4287457726284,6.424419862076225
2.2775,1.0000000000004692,0.0019869285570868235,1809.614914220253,6.429699084608014
2.2800000000000002,1.00000000000047,0.0019311479962147524,1809.3232729732688,6.434963793127421
2.2825,1.00000000000047,0.002070710396732139,1807.7278705572899,6.4402187125733406
2.285,1.0000000000004714,0.0021217101946414707,1807.5802867036818,6.445468626840317
2.2875,1.0000000000004707,0.0022808167927294404,1810.3175960076026,6.450717755245559
2.29,1.0000000000004718,0.002327493478082386,1814.6477772579894,6.45596925603608
2.2925,1.0000000000004727,0.0021807466088272455,1817.557028875466,6.461224919704317
2.295,1.000000000000472,0.0019446470034442916,1817.9614525231984,6.466485084961735
2.2975,1.0000000000004732,0.0020177662531675523,1818.798375693536,6.471748776861866
2.3000000000000003,1.0000000000004745,0.0021920174944925503,1825.305987176674,6.477014034646046
2.3025,1.000000000000475,0.0022765606748631475,1840.3727241915642,6.482278370629505
2.305,1.0000000000004758,0.00210606840708082,1860.973845593356,6.487539284082056
2.3075,1.000000000000475,0.0020149169587825103,1878.5868092204491,6.492794748041876
2.31,1.000000000000476,0.0021265233397552903,1886.1784164842652,6.498043593872871
2.3125,1.0000000000004772,0.002197992625714108,1885.4488443065297,6.50328573657142
2.315,1.0000000000004774,0.0021634805686908815,1884.3262140816823,6.508522208945998
2.3175,1.0000000000004774,0.002191247008494272,1889.1040672559236,6.513755001801171
2.32,1.0000000000004772,0.002360686188305561,1899.5687725607086,6.5189867368074195
2.3225000000000002,1.000000000000479,0.002426740672748819,1911.0336841884696,6.52422022434705
2.325,1.0000000000004794,0.0023100826991019957,1918.4377847317462,6.529457975942811
2.3275,1.00000000000048,0.0020327676410500247,1920.1619212720432,6.534701747066482
2.33,1.0000000000004807,0.0019611290513208263,1921.1841319870027,6.539952180978967
2.3325,1.0000000000004805,0.0019226051631623634,1928.519827954303,6.545208608304342
2.335,1.0000000000004814,0.0018870148656004,1943.7335948580198,6.550469033399677
2.3375,1.0000000000004807,0.0017887135389406928,1960.680164648603,6.555730311347907
2.34,1.000000000000482,0.001939631834133854,1971.0315039307736,6.560988491742677
2.3425000000000002,1.000000000000482,0.002217741059529308,1972.4814465322454,6.566239281572428
2.345,1.0000000000004832,0.0023194919002238615,1970.344218524309,6.571478563206167
2.3475,1.0000000000004838,0.002170028426413218,1971.418656201064,6.576702897269905
2.35,1.0000000000004843,0.0019807259730219924,1976.992974236038,6.5819099443725
2.3525,1.0000000000004845,0.0018288684442261823,1984.2241991927565,6.587098752778332
2.355,1.0000000000004856,0.001864723093188246,1990.5843297465663,6.592269878846044
2.3575,1.000000000000485,0.0019565214199939052,1995.3055511919706,6.597425330123017
2.36,1.000000000000486,0.001997766744520192,2000.1563235267206,6.602568344151529
2.3625000000000003,1.0000000000004865,0.0019452748201933183,2008.206333283704,6.607703035379271
2.365,1.0000000000004867,0.0022708965929966927,2021.097553025796,6.6128339556565265
2.3675,1.0000000000004876,0.0025519639522563475,2036.7702084146358,6.617965620062848
2.37,1.0000000000004887,0.0025880264241877255,2051.064422470247,6.623102049477456
2.3725,1.0000000000004885,0.0023495945226106813,2060.801008450389,6.628246375069888
2.375,1.0000000000004885,0.0021150489139467603,2065.871394087739,6.633400539220504
2.3775,1.000000000000489,0.0023543277240881807,2070.0665146252654,6.638565115217441
2.38,1.0000000000004903,0.002432546769234103,2075.8743990865164,6.643739255961658
2.3825,1.0000000000004898,0.0023644071062957203,2080.0163910407123,6.648920771018104
2.3850000000000002,1.000000000000492,0.0022166498588906255,2078.464655154712,6.654106322825738
2.3875,1.0000000000004927,0.0020893443738349295,2074.3041151749608,6.659291725939553
2.39,1.0000000000004918,0.002691830359251833,2075.1363029685135,6.664472326916592
2.3925,1.0000000000004923,0.0029133301584255093,2084.211322737302,6.669643437024026
2.395,1.0000000000004934,0.0027228838592606307,2098.3872324134854,6.674800785586075
2.3975,1.0000000000004927,0.0023235436125226537,2112.843710934122,6.679940957764816
2.4,1.0000000000004945,0.0019615694382844723,2125.063430597231,6.68506177687513
2.4025,1.000000000000495,0.0018019768387277967,2134.3072265194196,6.6901625900015835
2.4050000000000002,1.0000000000004958,0.0018406348278398644,2140.355015118196,6.6952444193432505
2.4075,1.0000000000004956,0.001761276560172847,2142.795826103055,6.7003099510106985
2.41,1.0000000000004963,0.001661108689694821,2142.9419711340665,6.705363347061487
2.4125,1.0000000000004974,0.0019616606215940658,2145.435092140218,6.710409884928415
2.415,1.0000000000004967,0.0022310179226414048,2154.1595166548436,6.715455449770086
2.4175,1.0000000000004976,0.0023706207369637113,2167.822567447799,6.720505926954972
2.42,1.000000000000499,0.0023623267254735715,2181.1578715719324,6.72556656006302
2.4225,1.0000000000004987,0.0022547270572504195,2191.1548341583193,6.730641350620265
2.4250000000000003,1.0000000000005,0.0021271114744361897,2199.0824956419196,6.735732576121082
2.4275,1.0000000000005005,0.002048938649306759,2207.758734045297,6.740840491675665
2.43,1.0000000000004996,0.0020210776369408105,2217.5364428708544,6.745963259531808
2.4325,1.000000000000501,0.001970533575218044,2223.669297205945,6.751097121894451
2.435,1.0000000000005025,0.0019022784004254518,2222.789839241159,6.756236799632036
2.4375,1.000000000000502,0.001953146802142776,2219.6160677527746,6.761376067892781
2.44,1.0000000000005023,0.002025434674525214,2221.64322800431,6.766508434722914
2.4425,1.0000000000005047,0.0020733386251770916,2230.4449560221055,6.7716278354882276
2.445,1.0000000000005043,0.002082897036138266,2242.8316809083944,6.776729256080241
2.4475000000000002,1.000000000000505,0.0020523588781352986,2257.3016327501764,6.7818092105671
2.45,1.0000000000005052,0.0019342404790206249,2273.4716846474266,6.786866022142421
2.4525,1.0000000000005056,0.0016526913385576905,2288.0161939919803,6.79189988662664
2.455,1.000000000000506,0.001562678239006562,2296.326761397391,6.796912730245866
2.4575,1.0000000000005058,0.0015457881090678999,2297.29437087246,6.801907901156507
2.46,1.000000000000507,0.0015214460826844627,2295.003649733839,6.806889752467575
2.4625,1.0000000000005087,0.0015395895764310848,2295.191240968273,6.811863181598984
2.465,1.000000000000508,0.0014886275757044838,2299.9583449761367,6.816833186294746
2.4675000000000002,1.0000000000005087,0.0015101736901013479,2306.7028403679665,6.821804483561273
2.47,1.0000000000005083,0.0016895848879157085,2312.163407538966,6.826781217913336
2.4725,1.00000000000051,0.0019556187967011383,2315.0966194933467,6.831766764408352
2.475,1.0000000000005105,0.0020506109040091007,2316.2783811761547,6.836763614725819
2.4775,1.0000000000005098,0.0018201026606639707,2319.235245578101,6.841773324081619
2.48,1.0000000000005116,0.0017808315007403204,2326.798056167625,6.846796495284296
2.4825,1.0000000000005118,0.0018978973308743047,2337.3673652483685,6.851832783247595
2.485,1.0000000000005127,0.0022035759692639544,2346.771151124102,6.85688091562899
2.4875000000000003,1.0000000000005123,0.0026326045562256304,2353.695068943085,6.861938738522466
2.49,1.0000000000005134,0.002890588321116771,2361.824424935657,6.867003305567624
2.4925,1.0000000000005143,0.002928916324443036,2373.174713407931,6.872071031373227
2.495,1.000000000000515,0.0027393008050236676,2384.8352837427387,6.877137924543188
2.4975,1.000000000000515,0.002371451153134511,2395.158018615947,6.8821999023350555
2.5,1.0000000000005151,0.002029572698184828,2407.2372151684767,6.88725316989094
2.5025,1.0000000000005163,0.0018174497784823947,2424.5514856412024,6.892294625954584
2.505,1.0000000000005165,0.0017649792397820816,2444.505752389078,6.897322240061163
2.5075,1.0000000000005178,0.0015814646709301954,2457.136131390767,6.902335338737166
2.5100000000000002,1.000000000000518,0.001576930349446799,2457.633511175198,6.90733474330204
2.5125,1.0000000000005187,0.0015746468416318752,2455.635565581641,6.912322719466106
2.515,1.0000000000005191,0.0016218808973548168,2461.541671453909,6.91730272642291
2.5175,1.0000000000005191,0.0015842372558993593,2471.6720407231714,6.92227898619738
2.52,1.0000000000005203,0.0015630160572701482,2474.137397134576,6.927255926890658
2.5225,1.0000000000005214,0.0015863751416062583,2468.178718685235,6.932237579180426
2.525,1.0000000000005205,0.0014491937883139286,2466.9944351161466,6.937227017678271
2.5275,1.000000000000522,0.0015118383537039428,2478.5374896590906,6.942225934474965
2.5300000000000002,1.000000000000522,0.0016180440287578875,2494.3501660203747,6.94723441219574
2.5325,1.0000000000005236,0.00164361125639205,2499.6177639939588,6.952250931691315
2.535,1.0000000000005238,0.0015720448190926371,2492.4810655612414,6.9572726103755285
2.5375,1.0000000000005242,0.0014889980238872982,2487.509432517722,6.962295627999436
2.54,1.000000000000525,0.0014331533189980762,2496.3185513907633,6.967315765611523
2.5425,1.0000000000005262,0.0015191334342756551,2513.31921937658,6.97232896771441
2.545,1.0000000000005265,0.0015696787536066898,2524.778295554202,6.977331839653602
2.5475,1.0000000000005271,0.0016035966723188897,2526.6362396135064,6.982322010409371
2.5500000000000003,1.0000000000005276,0.001592186076683179,2526.181693597521,6.9872983212030775
2.5525,1.0000000000005278,0.0015948875963393637,2530.486142453559,6.9922608363898116
2.555,1.0000000000005285,0.0018923500678297753,2542.6164149863803,6.99721070733272
2.5575,1.0000000000005291,0.0020211934619229184,2562.3965222888946,7.002149944987718
2.56,1.0000000000005296,0.001963460546071687,2584.9745994063765,7.007081167423561
2.5625,1.0000000000005305,0.0016888008441675077,2602.3942335073325,7.012007382343467
2.565,1.000000000000531,0.0014278459207269529,2608.0278691890003,7.016931843942193
2.5675,1.0000000000005318,0.0017126203526051055,2603.766962075379,7.021857993793008
2.57,1.0000000000005318,0.0019044858032331825,2600.379464847551,7.026789464228077
2.5725000000000002,1.0000000000005316,0.0019305292130226857,2605.9206164376637,7.03173009776065
2.575,1.0000000000005334,0.0018234611424234625,2618.784637261855,7.036683924214564
2.5775,1.000000000000534,0.002106705880065171,2630.750391508514,7.041655041941846
2.58,1.0000000000005342,0.0021219382974236208,2637.7524296311985,7.046647370365863
2.5825,1.0000000000005347,0.001986051133582962,2645.331104706206,7.051664273918156
2.585,1.0000000000005353,0.0018800414843293113,2657.90105776541,7.056708095232015
2.5875,1.0000000000005365,0.0017410627513356185,2672.425401930915,7.06177966914823
2.59,1.000000000000537,0.001521829912874173,2682.6241396122164,7.066877909987808
2.5925000000000002,1.0000000000005371,0.001470093720101028,2684.978333822313,7.071999566722991
2.595,1.0000000000005382,0.0016170258965779178,2682.490962473712,7.077139222173049
2.5975,1.000000000000538,0.0016502275366065966,2680.675606347396,7.082289575714407
2.6,1.0000000000005387,0.0015866983301771871,2682.6572263020607,7.087442000454669
2.6025,1.0000000000005398,0.0016367797710699502,2688.0253971891675,7.092587314695896
2.605,1.0000000000005407,0.0016975355662478967,2692.4180899674693,7.097716664909367
2.6075,1.0000000000005407,0.0017520177023699285,2689.723039146719,7.102822392869711
2.61,1.0000000000005402,0.0016429240093156301,2679.320554153025,7.107898758525017
2.6125000000000003,1.0000000000005422,0.0015545717196840275,2672.4727219830697,7.112942413503595
2.615,1.0000000000005422,0.001625008752798633,2683.384523162213,7.117952563540987
2.6175,1.0000000000005427,0.0016899804082972174,2711.6047959922407,7.1229308129050395
2.62,1.0000000000005436,0.001777327087822849,2742.6053423129097,7.127880739918631
2.6225,1.0000000000005438,0.001725680193399472,2767.2015404622593,7.132807298909833
2.625,1.0000000000005445,0.0015242309581407446,2788.584984907284,7.137716169871303
2.6275,1.0000000000005447,0.001324186703443871,2808.2052896480714,7.142613177154593
2.63,1.0000000000005458,0.0013905117647091843,2822.6847533447863,7.147503873229472
2.6325,1.0000000000005458,0.0014001655825662946,2833.159752283583,7.152393338676815
2.6350000000000002,1.000000000000547,0.0015009505976007317,2842.8188261548353,7.1572861957309675
2.6375,1.0000000000005476,0.0015275414261064057,2850.7195823485827,7.162186781717646
2.64,1.0000000000005476,0.001442087229483907,2851.5565992957413,7.167099390742646
2.6425,1.0000000000005482,0.0012777875822811205,2842.9839519395914,7.172028475844393
2.645,1.000000000000549,0.001295770534830986,2831.9082933014915,7.176978714677873
2.6475,1.0000000000005504,0.0013319433929464453,2826.339192912235,7.181954877158279
2.65,1.0000000000005504,0.0013644114454489508,2826.008063040187,7.1869614847603085
2.6525,1.0000000000005511,0.001418355259271217,2823.0715782790885,7.192002307110368
2.6550000000000002,1.0000000000005513,0.0018301627697062432,2812.0314630564944,7.197079789609911
2.6575,1.0000000000005518,0.0025123109746581344,2799.035967920213,7.202194534457087
2.66,1.0000000000005527,0.0029752516350565073,2797.31644264261,7.207344959098405
2.6625,1.0000000000005524,0.0031204971256231515,2814.133734037212,7.212527229293843
2.665,1.0000000000005538,0.002933759074309822,2839.8695886143164,7.217735513346176
2.6675,1.0000000000005544,0.002477597312377615,2855.177898742279,7.222962539921344
2.67,1.000000000000555,0.002330636300814927,2857.15447204619,7.228200378114711
2.6725,1.0000000000005556,0.0023994926013031306,2863.1210901180457,7.23344130900118
2.6750000000000003,1.0000000000005558,0.0023592378241080168,2881.6970325521197,7.238678633893005
2.6775,1.0000000000005576,0.0022361818208972233,2900.2094014735612,7.243907272137997
2.68,1.0000000000005576,0.0020911213132336964,2906.927578128561,7.249124040246168
2.6825,1.000000000000558,0.0019649634486017835,2908.8081344027573,7.254327567217403
2.685,1.0000000000005584,0.001850283911764482,2919.9483271078484,7.259517875371203
2.6875,1.0000000000005587,0.0017145866463429927,2944.7013539789173,7.264695725938126
2.69,1.00000000000056,0.001545151486503013,2974.7263176663937,7.269861879154693
2.6925,1.0000000000005598,0.0015518166754967513,2996.6303044450033,7.275016438617089
2.695,1.0000000000005609,0.0014963394638166925,3004.7593083151273,7.280158433968457
2.6975000000000002,1.0000000000005616,0.0014400825150938192,3007.814551578094,7.285285746828209
2.7,1.000000000000562,0.0012205814968692234,3018.1449327420055,7.290395412020232
2.7025,1.000000000000563,0.0011895830221580273,3037.1302656643566,7.29548424459743
2.705,1.0000000000005629,0.0012129291919589047,3052.7216094685537,7.300549669852441
2.7075,1.0000000000005629,0.0012410825421849275,3051.81805971728,7.3055905840414495
2.71,1.0000000000005649,0.0013426888034328496,3038.7384627358297,7.310608058909889
2.7125,1.000000000000566,0.0013159005735698958,3031.1108141593973,7.315605727487691
2.715,1.0000000000005653,0.0013321215033081214,3037.7498523144336,7.320589748013554
2.7175000000000002,1.0000000000005655,0.0012621467859965806,3052.2912903653278,7.325568325295797
2.72,1.0000000000005664,0.0015097502998243084,3062.348600358439,7.330550857371115
2.7225,1.000000000000567,0.001686550897304733,3064.678715534521,7.335546851770962
2.725,1.0000000000005675,0.0015224210670105663,3068.9363398011014,7.340564804229209
2.7275,1.0000000000005698,0.0012488655507452353,3077.364024972105,7.34561124305645
2.73,1.0000000000005702,0.0011656887022132116,3075.9524961708703,7.350690111762721
2.7325,1.0000000000005698,0.0013895052793692088,3055.38771479956,7.355802596323428
2.735,1.00000000000057,0.0016269124155224319,3028.1990434610984,7.360947415320185
2.7375000000000003,1.0000000000005707,0.0016523871763996804,3014.0710308887114,7.366121499411929
2.74,1.0000000000005715,0.0019515580753176694,3013.4506730845624,7.371320910092077
2.7425,1.0000000000005722,0.0030244253052790345,3009.997090120079,7.376541802160788
2.745,1.0000000000005727,0.0038822667319102235,2998.5128453951916,7.381781229288808
2.7475,1.000000000000572,0.0043743063690871295,2996.0088948272846,7.38703762882276
2.75,1.0000000000005744,0.004456854875529277,3019.414616112964,7.392310893090606
2.7525,1.0000000000005744,0.004152845060272511,3062.46413214804,7.397602024867048
2.755,1.0000000000005749,0.0035401118288952713,3105.5674614538366,7.402912465196506
2.7575,1.0000000000005762,0.002758321620425184,3138.4820585977805,7.408243253478114
2.7600000000000002,1.0000000000005764,0.002273046949189599,3163.986315855277,7.413594217454406
2.7625,1.0000000000005769,0.002290274601605114,3193.4496223571327,7.418963386234496
2.765,1.0000000000005786,0.0021032050844227396,3229.794266289356,7.424346773401538
2.7675,1.0000000000005773,0.0017413547700692322,3253.001272407035,7.429738598880612
2.77,1.0000000000005784,0.001451207671005726,3250.2836664021565,7.435131923634203
2.7725,1.0000000000005782,0.0016433602452764777,3236.9876228614708,7.440519580589377
2.775,1.0000000000005798,0.0018495144561498083,3227.7567509892847,7.445895217758674
2.7775,1.0000000000005802,0.002077714470612458,3225.0077695801524,7.451254239385142
2.7800000000000002,1.0000000000005815,0.002361522691363517,3230.5035652197357,7.456594445246767
2.7825,1.0000000000005818,0.0024949364984349597,3241.112299113582,7.4619162250563305
2.785,1.0000000000005818,0.0023271067924754093,3244.97021788399,7.467222252869131
2.7875,1.0000000000005824,0.001806781408358512,3237.7893013807247,7.472516727879769
2.79,1.0000000000005835,0.001159144265165965,3234.6041711970142,7.477804302439671
2.7925,1.0000000000005838,0.0011874661060247934,3250.2303289237657,7.483088906191839
2.795,1.0000000000005838,0.0012304353170009225,3276.7893325406208,7.488372702596319
2.7975,1.0000000000005846,0.0011946832515932347,3293.8751223639783,7.493655394477741
2.8000000000000003,1.0000000000005858,0.0010981485113338463,3295.4935820223463,7.498934031930226
2.8025,1.0000000000005864,0.0011074199995736293,3295.4814062341766,7.504203381193048
2.805,1.0000000000005869,0.001080151505042808,3302.230629564678,7.5094568052537305
2.8075,1.0000000000005873,0.0010912480529008807,3302.456431515338,7.514687506779069
2.81,1.000000000000588,0.0010280040995412978,3284.4146214738635,7.519889911139575
2.8125,1.0000000000005884,0.0012975030573495533,3259.1211030641866,7.525060936424488
2.815,1.0000000000005895,0.0014499811930281294,3243.0091888765537,7.530200914527582
2.8175,1.0000000000005882,0.0014479054502286634,3238.6284827725435,7.535313989010131
2.82,1.0000000000005898,0.0015019325943762178,3241.5177300141436,7.540407909624682
2.8225000000000002,1.000000000000591,0.0016079919578752763,3255.2880513018035,7.545493252049425
2.825,1.0000000000005909,0.0015411238752742445,3287.1495155406988,7.550582193883305
2.8275,1.0000000000005915,0.0014789737490351295,3327.9142410932955,7.555687055164713
2.83,1.0000000000005913,0.0012464822843759613,3356.4428851424314,7.560818849305652
2.8325,1.000000000000593,0.0012525337665029983,3367.762420228662,7.56598608198043
2.835,1.000000000000593,0.0013628396713644007,3372.816842689071,7.571193983897592
2.8375,1.0000000000005944,0.0013452688510665661,3377.7408417412676,7.576444279198987
2.84,1.0000000000005942,0.0012277475609804172,3383.7482021918836,7.581735491223162
2.8425000000000002,1.0000000000005953,0.0011487088689996455,3393.6824349364665,7.587063691057542
2.845,1.0000000000005949,0.0011621480856467878,3410.239918013533,7.592423519527183
2.8475,1.0000000000005969,0.0012652178444053288,3433.159224305531,7.597809273119562
2.85,1.0000000000005969,0.0013026872770992182,3458.7657940517997,7.6032158453469965
2.8525,1.0000000000005977,0.0012380789036121193,3483.0496806460633,7.608639355737505
2.855,1.0000000000005975,0.001244453438289068,3500.8310657934994,7.61407736968112
2.8575,1.0000000000005984,0.00146489613605634,3506.6728948639793,7.619528698695383
2.86,1.0000000000005989,0.0017505790945583405,3506.3231604678026,7.62499285511688
2.8625000000000003,1.0000000000005993,0.0018517920872392502,3513.5645694726563,7.630469301717178
2.865,1.0000000000006,0.0017939297163337628,3529.2100323176037,7.635956673176557
2.8675,1.0000000000006009,0.0016705026274949745,3535.1671384708975,7.641452147113769
2.87,1.0000000000006017,0.0016974715996598668,3515.6769860499576,7.646951108627578
2.8725,1.000000000000602,0.0016595797062877117,3483.3748139211225,7.652447191160923
2.875,1.0000000000006022,0.0015385125243277448,3467.0753108986514,7.657932700671656
2.8775,1.0000000000006035,0.001686738038484608,3470.895644553966,7.663399355077983
2.88,1.0000000000006026,0.0015653780586568245,3470.1932159766093,7.668839210668714
2.8825,1.000000000000603,0.0012023567106561207,3449.1933658304356,7.674245612089201
2.8850000000000002,1.000000000000604,0.001004066754849805,3418.070998786666,7.67961399858597
2.8875,1.0000000000006048,0.0010526443330060808,3395.963962167437,7.6849424262499
2.89,1.0000000000006046,0.0011316866174226662,3396.052786647695,7.690231717833159
2.8925,1.000000000000606,0.0011217512449519513,3416.0410602023326,7.695485218079432
2.895,1.0000000000006062,0.0011559044671014555,3435.577603394177,7.700708200993374
2.8975,1.0000000000006068,0.0012840348508541607,3439.5455756390375,7.705907033570401
2.9,1.0000000000006073,0.0014156127883744425,3441.6165743861097,7.711088238462636
2.9025,1.0000000000006077,0.0014430208686632773,3465.9949490171066,7.716257610334346
2.9050000000000002,1.000000000000608,0.0014280589695262534,3516.3215874016914,7.72141952601599
2.9075,1.0000000000006095,0.0012655495505486422,3573.1728481433015,7.726576550574256
2.91,1.0000000000006097,0.001132537609612691,3613.138899235624,7.731729387904333
2.9125,1.00000000000061,0.0011736045448233938,3628.0256152544925,7.736877165415326
2.915,1.0000000000006108,0.0012621588913623084,3626.4640651503546,7.742017987955432
2.9175,1.0000000000006106,0.001346483332406489,3620.8463288371304,7.747149654891474
2.92,1.0000000000006122,0.0012921533502431267,3621.4460821481293,7.7522704123149655
2.9225,1.000000000000612,0.001153050356502278,3633.7088114815842,7.757379612485542
2.9250000000000003,1.0000000000006126,0.0011893786930065762,3649.139670887004,7.76247817342719
2.9275,1.0000000000006122,0.0011991212174526412,3650.550696191037,7.767568768237145
2.93,1.000000000000614,0.0013577909082280817,3637.7760529219554,7.772655719458429
2.9325,1.000000000000614,0.001368064736851498,3634.5650617539695,7.777744621090153
2.935,1.000000000000615,0.001185605466932187,3656.5242944514625,7.782841751898752
2.9375,1.000000000000615,0.0011248104824910217,3689.9219479225962,7.787953372621637
2.94,1.0000000000006162,0.0010857384195575703,3717.7537486943115,7.79308501283255
2.9425,1.0000000000006162,0.0010141665350617897,3739.5821282952056,7.798240849899831
2.945,1.000000000000617,0.0010035462241121662,3752.5160886842555,7.8034232641408785
2.9475000000000002,1.0000000000006175,0.000933482883460578,3751.2748563911314,7.8086326243507935
2.95,1.0000000000006173,0.0012710112822086543,3741.454493365197,7.81386732160904
2.9525,1.0000000000006182,0.0016648735037906638,3725.056646872649,7.819124032587479
2.955,1.000000000000619,0.0018469560335936453,3702.8990195554775,7.824398161758156
2.9575,1.0000000000006197,0.0017395496472357413,3692.3824659335546,7.82968438930377
2.96,1.0000000000006197,0.0013642888612870995,3705.8125704101735,7.834977241155175
2.9625,1.0000000000006197,0.0010202034155917816,3722.4226913867374,7.840271600185625
2.965,1.0000000000006208,0.001131332954000761,3706.6619538366704,7.845563091869489
2.9675000000000002,1.0000000000006228,0.0011752239711986707,3656.604429354477,7.850848301042858
2.97,1.0000000000006226,0.0010779901407503719,3616.3919998899664,7.85612480529219
2.9725,1.000000000000622,0.0011397910424356843,3623.0491054725435,7.861391040444719
2.975,1.0000000000006228,0.0013637983486847118,3656.594742806858,7.866646039714537
2.9775,1.0000000000006235,0.0017202438712647814,3663.021773576441,7.871889106348935
2.98,1.0000000000006248,0.001961074889075705,3629.4466004161964,7.877119487650571
2.9825,1.0000000000006244,0.0019209750100291066,3606.35912658396,7.882336115011438
2.985,1.0000000000006253,0.0016771563270348597,3640.458882132996,7.887537460887413
2.9875000000000003,1.0000000000006264,0.0013795514829835266,3713.7878113225975,7.89272154172435
2.99,1.0000000000006253,0.0012492007881445893,3764.555509659435,7.897886069199176
2.9925,1.0000000000006262,0.0009908744961597757,3769.187740796521,7.903028725245495
2.995,1.0000000000006273,0.0009557784863182117,3770.181398231631,7.908147513515332
2.9975,1.000000000000628,0.0009934220056236028,3807.8096499109797,7.913241124938589
3.0,1.0000000000006282,0.001031456591899269,3861.9916059274356,7.918309250825384
3.0025,1.0000000000006286,0.0011109240517037152,3883.2182821650354,7.923352784300594
3.005,1.0000000000006297,0.001113458777953265,3872.350785759731,7.928373868306047
3.0075000000000003,1.00000000000063,0.001016358177352333,3873.4149584664933,7.933375773149951
3.0100000000000002,1.000000000000631,0.0008958865260601422,3894.419736580274,7.938362614545247
3.0125,1.0000000000006306,0.0008483783668974105,3906.816014663695,7.943338949581151
3.015,1.0000000000006317,0.0010860826266531336,3908.0276333997476,7.948309308769466
3.0175,1.000000000000632,0.0012383568394540468,3921.2644587769582,7.95327773339903
3.02,1.000000000000632,0.0011623010424247583,3946.1070257718175,7.9582473867344765
3.0225,1.0000000000006333,0.0009626861254935328,3955.0225019444447,7.96322029538791
3.025,1.0000000000006333,0.001183025069411299,3936.4072792626844,7.968197255577513
3.0275,1.0000000000006333,0.0013533295812268153,3914.2248768297372,7.9731779116140284
3.0300000000000002,1.000000000000634,0.0013898365870764857,3914.4708681073434,7.978160985658457
3.0325,1.0000000000006346,0.001284347276332624,3935.436234800347,7.983144613426864
3.035,1.000000000000636,0.0011312231626289754,3959.5363898508276,7.988126724315009
3.0375,1.0000000000006357,0.0012760219668556906,3971.0861295018667,7.99310539923621
3.04,1.000000000000636,0.001448262444519229,3964.1028978671875,7.998079146054691
3.0425,1.0000000000006368,0.0013397948332913034,3953.5399165391186,8.003047049750124
3.045,1.0000000000006373,0.0012243591156821756,3958.9431354045337,8.008008779367348
3.0475,1.0000000000006373,0.0013991439372460866,3969.997989558562,8.012964461580113
3.0500000000000003,1.0000000000006384,0.0014798278429872757,3960.0966222647285,8.017914456154822
3.0525,1.0000000000006393,0.0013452329052269986,3924.2161988411585,8.022859087294691
3.055,1.0000000000006395,0.001315588075807235,3874.925372820424,8.027798393319587
3.0575,1.0000000000006393,0.001338215722577623,3829.0505721902805,8.03273195363701
3.06,1.0000000000006395,0.0015292775345729715,3809.5527805426063,8.037658837092001
3.0625,1.0000000000006406,0.0016867055225745099,3826.781103660913,8.042577692208901
3.065,1.0000000000006413,0.0017213921688755698,3858.960514164111,8.047486971656275
3.0675,1.0000000000006417,0.0018003319603304346,3871.7783991218944,8.05238525552185
3.0700000000000003,1.0000000000006424,0.0019464365250065354,3853.5845483907183,8.05727161582223
3.0725000000000002,1.0000000000006428,0.002028891685531535,3822.4051642981244,8.062145952347057
3.075,1.0000000000006435,0.002082027414216831,3807.2943412261125,8.067009230053054
3.0775,1.0000000000006437,0.0019907783726592623,3829.4747911765085,8.07186356115726
3.08,1.000000000000644,0.0017365239652316988,3888.4284903576054,8.076712099007587
3.0825,1.0000000000006446,0.001408572723826121,3953.412367112614,8.081558742010913
3.085,1.000000000000645,0.0009894727100555117,3985.6770131665885,8.086407679103278
3.0875,1.0000000000006461,0.0010040199909625,3986.46639126392,8.091262837804107
3.09,1.0000000000006466,0.0009820437984686735,3992.6449397838364,8.09612731676565
3.0925000000000002,1.000000000000647,0.0008882050182343149,4021.516709155395,8.101002892792085
3.095,1.000000000000647,0.0008875678395347469,4059.0080751912706,8.105889685523545
3.0975,1.0000000000006481,0.0009245103696453846,4089.927167154015,8.11078604208504
3.1,1.0000000000006481,0.0010738270533067597,4108.647351431825,8.115688671830132
3.1025,1.0000000000006486,0.0012143435370374571,4119.981557132989,8.120593022708698
3.105,1.0000000000006497,0.0012156107929325794,4143.32545696467,8.125493852052411
3.1075,1.0000000000006495,0.0010751693693264084,4186.306080243533,8.130385911860861
3.11,1.000000000000651,0.0009818315614803386,4220.983567885416,8.135264647464982
3.1125000000000003,1.0000000000006508,0.0010053116075129866,4222.499230417702,8.14012680288453
3.115,1.0000000000006513,0.0009636650334310003,4212.562906887362,8.144970837622514
3.1175,1.000000000000652,0.0009122633515313122,4225.9286561996,8.149797086539214
3.12,1.0000000000006517,0.0008354180158464001,4259.178724443256,8.15460763303109
3.1225,1.000000000000653,0.0008639410144621858,4276.677432036206,8.159405910142508
3.125,1.000000000000653,0.0009037785557298858,4258.681072850228,8.164196087523067
3.1275,1.0000000000006537,0.0009773170635524924,4231.413920824623,8.168982337300704
3.13,1.000000000000654,0.0009499053872691242,4232.88337712139,8.173768092887332
3.1325000000000003,1.0000000000006548,0.0009574989714134369,4255.422698124737,8.178555417838213
3.1350000000000002,1.0000000000006553,0.001022619713743214,4252.823325178721,8.183344586379015
3.1375,1.0000000000006555,0.0011721069164738914,4213.155956329982,8.188133945275085
3.14,1.0000000000006564,0.0014269448936236617,4178.824257866007,8.19292008354134
3.1425,1.0000000000006561,0.0015600883402141865,4177.287269765541,8.197698288596456
3.145,1.0000000000006577,0.0014474446616598007,4177.501235959452,8.202463221941159
3.1475,1.000000000000658,0.0016055769747946927,4132.180918597026,8.207209712162522
3.15,1.0000000000006575,0.0019738470018010467,4049.005716803123,8.211933544288017
3.1525,1.0000000000006586,0.002416078478384871,3988.943162137928,8.216632124637156
3.1550000000000002,1.00000000000066,0.0028820490935716155,3992.5029110991445,8.22130491872632
3.1575,1.00000000000066,0.0032686246529403397,4035.7814962978296,8.225953593771788
3.16,1.0000000000006608,0.003482638837388275,4064.936253428239,8.230581842021023
3.1625,1.0000000000006604,0.0034117339042659795,4060.2952344007676,8.235194909501546
3.165,1.0000000000006608,0.002998627112184911,4041.4379486279213,8.239798898581814
3.1675,1.000000000000662,0.0023105712596706387,4025.627461749871,8.244399945027622
3.17,1.0000000000006624,0.0015279011900819351,4015.544674390849,8.249003387053342
3.1725,1.0000000000006626,0.0011788156829061658,4014.410543587991,8.253613043514719
3.1750000000000003,1.0000000000006632,0.0011439480438843624,4030.424763446427,8.258230701161139
3.1775,1.0000000000006632,0.0013157534910042366,4067.9081012251295,8.262855879866963
3.18,1.0000000000006641,0.00166923204957312,4120.67438234531,8.267485905353997
3.1825,1.000000000000665,0.001960782996544882,4170.9312917724155,8.272116277145793
3.185,1.0000000000006652,0.0020601178253786506,4193.192169210345,8.27674128119637
3.1875,1.0000000000006657,0.0023521193768533347,4171.659652519976,8.281354766967233
3.19,1.000000000000666,0.0028846176548066337,4126.480360274052,8.285950990970866
3.1925,1.000000000000667,0.0032018096335472046,4110.731290045958,8.290525423754344
3.1950000000000003,1.000000000000667,0.003098993793201765,4161.709589471028,8.295075424365447
3.1975000000000002,1.0000000000006681,0.0026256581454815815,4254.772580501503,8.299600703830144
3.2,1.000000000000669,0.0019516369639500798,4322.661625442146,8.30410352385018
3.2025,1.0000000000006688,0.001275533215612295,4338.578568528341,8.308588605310604
3.205,1.0000000000006692,0.0011641206239307704,4343.569690471772,8.313062750739856
3.2075,1.0000000000006704,0.001345332518203048,4375.773650350976,8.317534213558499
3.21,1.0000000000006708,0.0014823691470107843,4429.113701959396,8.322011872636375
3.2125,1.0000000000006706,0.0014985802050804058,4482.741041322003,8.326504291462086
3.215,1.0000000000006721,0.0013972123888522133,4522.752514471436,8.331018755874975
3.2175000000000002,1.0000000000006717,0.0012244923605599252,4536.511733054,8.335560391888515
3.22,1.0000000000006721,0.001145782700523747,4524.230353662645,8.340131464322306
3.2225,1.000000000000673,0.0010056944413254026,4503.97591289635,8.344730946145
3.225,1.0000000000006732,0.0010754069455142653,4484.718915915987,8.349354427144714
3.2275,1.0000000000006741,0.0013950772998878808,4457.26036602058,8.353994399362433
3.23,1.0000000000006743,0.001582568936556159,4420.906266475989,8.358640916836885
3.2325,1.0000000000006748,0.001568395920210892,4392.761398833473,8.363282581807855
3.235,1.0000000000006757,0.001531328401889765,4379.449369095817,8.367907763782274
3.2375000000000003,1.0000000000006757,0.0013795274362348238,4365.773533970813,8.372505918445102
3.24,1.0000000000006766,0.0016309491382453971,4343.216001338431,8.377068847492666
3.2425,1.0000000000006772,0.0016540225765142187,4328.181218859197,8.381591733501171
3.245,1.0000000000006786,0.0014401509490028547,4340.777311837591,8.386073799007645
3.2475,1.0000000000006781,0.0013178775554654695,4373.966351046466,8.390518476934448
3.25,1.0000000000006786,0.0012804399793306318,4393.237826562797,8.39493303830628
3.2525,1.0000000000006797,0.0013830548126933231,4378.305196148073,8.399327696444391
3.255,1.0000000000006803,0.0013860939664584126,4352.271558648399,8.403714283323392
3.2575000000000003,1.0000000000006806,0.0013100432353723506,4343.033167274284,8.408104661171707
3.2600000000000002,1.0000000000006803,0.0012671430657311346,4335.912590965462,8.412509080036035
3.2625,1.0000000000006803,0.0012223565076619194,4302.420241751298,8.416934711768313
3.265,1.0000000000006826,0.0016506686996366543,4257.249209598107,8.42138457697966
3.2675,1.0000000000006823,0.0022070736548650896,4237.83569459725,8.425857032559385
3.27,1.000000000000683,0.002518317010837976,4244.785894024263,8.430345909796333
3.2725,1.0000000000006832,0.002501836818271483,4239.578089712454,8.434841298958585
3.275,1.0000000000006843,0.002198792284101405,4199.055996909936,8.439330879428564
3.2775,1.0000000000006841,0.0017553389205574661,4151.018314214432,8.443801610388451
3.2800000000000002,1.0000000000006855,0.002088035874675936,4145.890554262281,8.448241539832644
3.2825,1.0000000000006852,0.0023848569686599113,4203.43872737404,8.452641469213816
3.285,1.0000000000006861,0.002343669839584324,4285.719360529448,8.456996230989612
3.2875,1.000000000000686,0.0019542767450048916,4329.276315969063,8.46130539469409
3.29,1.000000000000687,0.0013613960708427962,4320.565704688355,8.465573304932754
3.2925,1.0000000000006888,0.0011304814567956725,4309.171159829787,8.469808456621259
3.295,1.0000000000006881,0.0012792186960240888,4333.0641993578,8.474022312571195
3.2975,1.0000000000006888,0.0013446001544084618,4376.521122628137,8.478227751208886
3.3000000000000003,1.0000000000006888,0.0012997093826089129,4411.218880445677,8.482437384247042
3.3025,1.0000000000006894,0.0011428062461456237,4438.472109632559,8.486661996363349
3.305,1.0000000000006901,0.0015182660270358825,4469.925444973966,8.490909330411391
3.3075,1.000000000000691,0.0020343598871177607,4500.5374325773155,8.495183378828688
3.31,1.000000000000691,0.002348945742783669,4526.31785181102,8.499484256036395
3.3125,1.0000000000006917,0.002361246085971565,4558.58046155414,8.503808632439947
3.315,1.0000000000006928,0.0020567424232847686,4597.328278797492,8.508150623530222
3.3175,1.0000000000006928,0.001526753931567227,4625.371848960517,8.512502961814144
3.3200000000000003,1.0000000000006932,0.0011398564856310207,4637.59562529084,8.516858245092454
3.3225000000000002,1.000000000000694,0.0012116640424460442,4649.440994907641,8.52121005606261
3.325,1.0000000000006946,0.0014234886925005039,4676.187082587352,8.525553783462211
3.3275,1.0000000000006952,0.001510920517160784,4714.1258556035045,8.529887035979527
3.33,1.0000000000006957,0.0014703500295805384,4740.870298837887,8.534209615332436
3.3325,1.0000000000006959,0.0013708245325673438,4734.24302013153,8.538523091106299
3.335,1.0000000000006968,0.0014756832105092784,4696.9444595425975,8.542830084220352
3.3375,1.0000000000006968,0.0014210953478615716,4656.0791711747615,8.547133408247156
3.34,1.0000000000006974,0.001311159067351347,4637.437475317196,8.551435232548588
3.3425000000000002,1.0000000000006983,0.0017718198456970135,4639.460442922126,8.555736417576535
3.345,1.000000000000699,0.0020061818477852987,4631.183807556568,8.560036134634242
3.3475,1.0000000000006986,0.0018982141824780026,4596.105827782104,8.564331827955376
3.35,1.0000000000006994,0.001494993216935479,4563.162965331834,8.568619516024809
3.3525,1.0000000000007,0.0011448747387365222,4566.890824466112,8.57289437141163
3.355,1.0000000000006999,0.0010152894009542747,4597.806101012135,8.577151473260423
3.3575,1.0000000000007012,0.0010173120031275352,4611.113900043027,8.581386601024198
3.36,1.0000000000007019,0.0009232217986544604,4578.707435874302,8.58559693494237
3.3625000000000003,1.0000000000007019,0.000993643862781954,4515.5382380084075,8.58978154669113
3.365,1.0000000000007032,0.0011372198481632504,4457.00880860377,8.593941598760315
3.3675,1.0000000000007039,0.0013879231848452397,4424.687499155272,8.598080217940984
3.37,1.0000000000007043,0.0015692205305855177,4413.3498893606,8.602202059252084
3.3725,1.0000000000007039,0.0016381848883780463,4403.79035869587,8.606312623824461
3.375,1.0000000000007048,0.0015714035278075811,4384.821782696074,8.610417431326082
3.3775,1.0000000000007052,0.0014024970365801154,4360.781365780137,8.614521169845316
3.38,1.0000000000007063,0.0012624109643522591,4341.303223561347,8.618626950776893
3.3825000000000003,1.000000000000707,0.0012245023239855837,4333.35000982192,8.622735782745696
3.3850000000000002,1.0000000000007077,0.0014518013366068723,4331.471294346652,8.626846349021369
3.3875,1.0000000000007079,0.0015525998323524608,4311.670123855734,8.630955131165441
3.39,1.0000000000007085,0.001535118131792056,4254.097318108749,8.635056873163933
3.3925,1.0000000000007088,0.0018272916674305722,4182.333643120414,8.639145331555715
3.395,1.0000000000007094,0.0019657567574306507,4162.950597343946,8.643214215207331
3.3975,1.0000000000007097,0.0018948840474769617,4242.027858698977,8.647258188615274
3.4,1.0000000000007103,0.0016336596296398192,4383.054912185895,8.651273798603281
3.4025,1.0000000000007112,0.0012428360060437581,4485.2070443397815,8.655260189236477
3.4050000000000002,1.0000000000007112,0.0010110793947519768,4498.106731845329,8.659219494059213
3.4075,1.0000000000007123,0.0009611975328130429,4482.042217419144,8.66315683560149
3.41,1.000000000000712,0.0011638367961774442,4510.760499078513,8.66707991487656
3.4125,1.000000000000713,0.0012019327550869565,4580.258943870977,8.670998231196895
3.415,1.0000000000007137,0.0010354692335932288,4632.322638882957,8.674922026073112
3.4175,1.000000000000714,0.0008669326705113109,4634.39025776813,8.678861086326801
3.42,1.0000000000007145,0.0009243180094904938,4611.057124661786,8.682823565213447
3.4225,1.0000000000007159,0.0008894248896773436,4604.22952727137,8.686814982225188
3.4250000000000003,1.000000000000716,0.000863442357062071,4628.005265839557,8.690837540260992
3.4275,1.0000000000007165,0.0009963830081775996,4667.078948061165,8.694889855463284
3.43,1.0000000000007176,0.001318183518418183,4704.566727358184,8.698967137345614
3.4325,1.0000000000007168,0.0015422067184770137,4735.87985591642,8.703061793452559
3.435,1.000000000000718,0.0015117055654051584,4760.5535788563675,8.707164372929089
3.4375,1.000000000000719,0.001276648773793548,4775.2532771511715,8.71126471648034
3.44,1.000000000000719,0.0011432075914368078,4782.471715426019,8.715353153437448
3.4425,1.00000000000072,0.0011121478043558746,4795.618245419911,8.719421584199974
3.4450000000000003,1.000000000000721,0.0014886997993398268,4818.9995304737895,8.723464308548975
3.4475000000000002,1.0000000000007208,0.0016419221154549187,4835.514094839951,8.727478502718192
3.45,1.0000000000007219,0.001510704184572803,4827.873774394408,8.731464303028487
3.4525,1.0000000000007219,0.0011788742490579363,4799.511841732907,8.73542451216666
3.455,1.0000000000007223,0.0009198461011663781,4772.681350952521,8.739363996667114
3.4575,1.0000000000007228,0.0010778047446731963,4770.724907432019,8.74328888317089
3.46,1.0000000000007243,0.0013006185147866323,4799.251008519469,8.747205680955437
3.4625,1.0000000000007236,0.0013851460089981157,4840.279161467011,8.751120456714615
3.465,1.0000000000007245,0.0013193163822515883,4864.691003326244,8.755038166747344
3.4675000000000002,1.0000000000007245,0.001151996522983684,4862.25213649631,8.758962217205342
3.47,1.0000000000007256,0.0009660118518877478,4848.972941159899,8.762894281460518
3.4725,1.0000000000007256,0.0010680200207237494,4840.3849799272075,8.766834362307788
3.475,1.0000000000007265,0.0012480117216842857,4837.588863412931,8.770781052910342
3.4775,1.0000000000007276,0.0012510823716261237,4830.61063548307,8.774731928579197
3.48,1.0000000000007279,0.001094938508547982,4806.208908199401,8.778683993488254
3.4825,1.000000000000728,0.0008375696459969627,4759.593042756824,8.782634111433925
3.485,1.0000000000007294,0.000917578204441681,4698.424263851135,8.786579364201605
3.4875000000000003,1.0000000000007296,0.0009198672824063176,4639.065682444725,8.790517301301737
3.49,1.0000000000007303,0.0010919583724841473,4596.440712325046,8.794446066666563
3.4925,1.0000000000007305,0.0011452230548394764,4574.087486619163,8.798364406470624
3.495,1.0000000000007316,0.0010650539380579293,4566.534886948151,8.802271575109055
3.4975,1.0000000000007319,0.0012309185810916341,4556.675941192696,8.806167164095939
3.5,1.0000000000007327,0.0014139753696714083,4517.235499698024,8.810050882373684
3.5025,1.0000000000007334,0.0015557351108485824,4445.568102815514,8.813922317153494
3.505,1.0000000000007334,0.001595823624912021,4376.379723172991,8.817780703132701
3.5075000000000003,1.000000000000734,0.0018505366080019178,4333.800835205385,8.821624726530258
3.5100000000000002,1.0000000000007339,0.0021141327291824144,4299.8410563317,8.825452389911742
3.5125,1.000000000000735,0.002216860670738778,4246.741696416734,8.829260962836203
3.515,1.000000000000736,0.0021510559015207897,4182.051607643693,8.83304703946964
3.5175,1.000000000000736,0.0023594429859357113,4143.76882632711,8.836806716507608
3.52,1.0000000000007365,0.002954925227348734,4162.560473093763,8.840535892700643
3.5225,1.000000000000737,0.003367680578760205,4241.115584703619,8.844230674590547
3.525,1.0000000000007374,0.00348408492434427,4353.909445973165,8.847887853396237
3.5275,1.0000000000007383,0.0032551008983586075,4452.74743923838,8.851505399240862
3.5300000000000002,1.000000000000738,0.0027256635256059716,4500.499583417221,8.855082905519339
3.5325,1.0000000000007394,0.002027920385094724,4516.580511692705,8.858621912056508
3.535,1.0000000000007396,0.0018689008231670984,4548.731715284897,8.862126043491536
3.5375,1.0000000000007403,0.0017224147142316831,4603.912382196048,8.8656009197927
3.54,1.0000000000007412,0.0013798032220662766,4650.267229170516,8.869053826743919
3.5425,1.0000000000007412,0.0010110914707511182,4678.986363413603,8.87249317092474
3.545,1.0000000000007423,0.0009144030617548377,4713.222376501616,8.875927780428938
3.5475,1.0000000000007423,0.0008919556627732621,4757.230503880966,8.879366142450019
3.5500000000000003,1.0000000000007427,0.0009278066632717757,4784.075246186498,8.882815684512172
3.5525,1.0000000000007436,0.000953203955529109,4778.184373090396,8.886282203245411
3.555,1.0000000000007445,0.0009125014634574445,4759.993001686747,8.889769523495882
3.5575,1.0000000000007447,0.0009022616310124121,4755.080162413751,8.89327943431348
3.56,1.0000000000007447,0.0009782070659428974,4763.549321644702,8.89681190241065
3.5625,1.0000000000007454,0.00098321764692952,4771.679940453271,8.900365516286804
3.565,1.000000000000746,0.001195138896528305,4778.738076995523,8.903938074831503
3.5675,1.0000000000007463,0.001227930324924056,4793.565780258204,8.9075272107795
3.5700000000000003,1.0000000000007472,0.0010823300193989768,4813.089557228398,8.911130936230132
3.5725000000000002,1.0000000000007472,0.0012576256482348825,4828.586207427724,8.914748014975272
3.575,1.000000000000748,0.001471518564511794,4841.127663509033,8.918378101356646
3.5775,1.000000000000749,0.0015233824152771594,4853.563260393703,8.922021631001185
3.58,1.0000000000007496,0.0013829204467424902,4865.9914597425295,8.925679495969696
3.5825,1.0000000000007492,0.0011383363100495147,4886.331320206569,8.929352576332814
3.585,1.0000000000007507,0.0008779852010781383,4920.446280362284,8.93304122436501
3.5875,1.0000000000007512,0.0008489068460387545,4953.334030562589,8.936744802269239
3.59,1.0000000000007512,0.0009933920480368825,4965.385359026442,8.940461359608653
3.5925000000000002,1.000000000000752,0.001014779052375193,4959.974830331022,8.944187506124047
3.595,1.0000000000007527,0.0011494109235760774,4959.15847483877,8.947918496555717
3.5975,1.0000000000007525,0.0013855825443466767,4976.013377868182,8.951648505434642
3.6,1.000000000000753,0.0014227929517007401,4993.979465117128,8.955371039087744
3.6025,1.0000000000007536,0.0014298024139546847,4981.5089380159225,8.959079414517506
3.605,1.0000000000007543,0.0014874832099471412,4930.4968701444195,8.962767233100267
3.6075,1.0000000000007552,0.001431015606380801,4865.151957063139,8.966428790306562
3.61,1.0000000000007554,0.0016815930796681548,4812.526007788924,8.970059386380349
3.6125000000000003,1.0000000000007554,0.0020167327959779617,4777.732273939106,8.97365552971857
3.615,1.0000000000007565,0.0021256049491354986,4747.114737647645,8.977215046793486
3.6175,1.0000000000007576,0.001983643696981423,4711.251816786307,8.980737125280104
3.62,1.0000000000007576,0.0016554693920284643,4676.681828073778,8.984222318525013
3.6225,1.0000000000007574,0.0012655087849305201,4650.15741391214,8.98767252944131
3.625,1.000000000000759,0.0011734310496569237,4627.123175852905,8.991090974504104
3.6275,1.0000000000007598,0.0012440594879463804,4599.4366618044,8.994482110550475
3.63,1.0000000000007598,0.0012067995729292324,4565.028080442106,8.997851494451961
3.6325000000000003,1.00000000000076,0.0010734514574660733,4530.357130590891,9.001205543588785
3.6350000000000002,1.0000000000007603,0.0010081972752893176,4499.6057801119005,9.004551176547585
3.6375,1.0000000000007616,0.0009732285393105423,4465.579790980641,9.007895336941624
3.64,1.0000000000007618,0.000996708801200116,4424.051503948447,9.011244433279229
3.6425,1.0000000000007623,0.0010202250736602945,4385.945085157517,9.014603757417333
3.645,1.0000000000007636,0.0011341923447781913,4361.771293078893,9.017976965599797
3.6475,1.0000000000007634,0.0012352062680092595,4342.909791009679,9.021365712150986
3.65,1.0000000000007638,0.0015498110853782842,4308.131501895632,9.024769512271455
3.6525,1.0000000000007643,0.0018704996520285642,4248.146319311686,9.028185877617373
3.6550000000000002,1.000000000000765,0.0020994699890683616,4182.280653468811,9.031610722033962
3.6575,1.0000000000007645,0.0021930191456650443,4153.2058075916375,9.035038984284059
3.66,1.0000000000007652,0.002128272001554899,4194.346114629265,9.038465370452045
3.6625,1.0000000000007663,0.0018952739059643418,4295.488738694332,9.041885090531633
3.665,1.0000000000007672,0.0015114675806577856,4407.697320178425,9.045294458704007
3.6675,1.0000000000007674,0.0011150039653048146,4482.77589847011,9.048691247919821
3.67,1.000000000000768,0.0010872560451217657,4511.967201191332,9.052074733974598
3.6725,1.0000000000007687,0.0010847630178136367,4528.521904882971,9.055445424298249
3.6750000000000003,1.0000000000007683,0.0009902669724780628,4561.618761232927,9.058804530169501
3.6775,1.000000000000769,0.0009047301459242571,4603.932538974964,9.062153294391052
3.68,1.0000000000007698,0.001068407380096454,4642.7067459467835,9.06549231786723
3.6825,1.0000000000007705,0.0012154512257375183,4693.1725337157295,9.068821031238935
3.685,1.00000000000077,0.0013374268916790842,4768.220178899361,9.07213743068922
3.6875,1.0000000000007703,0.0014293942435627928,4837.150514702454,9.075438144821682
3.69,1.0000000000007718,0.001446730474596559,4852.285701744019,9.078718832377502
3.6925,1.0000000000007727,0.0013408825409444794,4802.602700856476,9.081974842606746
3.6950000000000003,1.000000000000773,0.001722747493667656,4714.171409059753,9.085202015755089
3.6975000000000002,1.0000000000007734,0.0019476188277848046,4629.157762712365,9.08839747167365
3.7,1.0000000000007736,0.002035165757185026,4592.892506650045,9.091560236163671
3.7025,1.0000000000007734,0.0019235902730804966,4627.964370863787,9.094691587159137
3.705,1.0000000000007745,0.0015607111635701286,4710.007392466908,9.09779505929886
3.7075,1.0000000000007756,0.001081850501211096,4781.345291267227,9.100876113497382
3.71,1.0000000000007745,0.000993793499470243,4805.831801008656,9.103941543206943
3.7125,1.0000000000007758,0.0009938071465175186,4798.1555726507195,9.106998737726583
3.715,1.0000000000007767,0.0010295960844447448,4792.365578601926,9.11005494507802
3.7175000000000002,1.0000000000007767,0.0009977450673179888,4804.212225995843,9.113116667928432
3.72,1.0000000000007774,0.000954478610711432,4823.595325897989,9.116189288210137
3.7225,1.000000000000778,0.0009575278256414852,4837.733555548148,9.1192769586816
3.725,1.0000000000007787,0.0009724321576004383,4851.5296786661365,9.122382736325013
3.7275,1.0000000000007792,0.0010043655933875198,4868.15917280476,9.12550887766243
3.73,1.0000000000007796,0.0009836531240354563,4872.123390760399,9.12865718189767
3.7325,1.0000000000007803,0.0009430512379059166,4860.549265304161,9.131829262046846
3.735,1.0000000000007818,0.0009261956957522223,4864.732812407915,9.13502664842556
3.7375000000000003,1.000000000000781,0.0009739796659366979,4906.76728013097,9.138250677065635
3.74,1.0000000000007818,0.0010335771500569447,4957.096960548814,9.141502176137204
3.7425,1.0000000000007823,0.001030478242744873,4969.247373914942,9.144781022092182
3.745,1.0000000000007823,0.0009435388851400761,4947.212084686179,9.148085680166677
3.7475,1.0000000000007834,0.0007963939418776612,4932.085990394045,9.151412860372965
3.75,1.0000000000007838,0.0007345738255393183,4936.535215770691,9.154757405505684
3.7525,1.0000000000007838,0.0007871975150770308,4940.786606777366,9.158112484302755
3.755,1.0000000000007843,0.0008563992576713206,4934.813574136294,9.16147009951649
3.7575000000000003,1.0000000000007851,0.0009190511767584029,4926.353574613765,9.16482185128546
3.7600000000000002,1.000000000000786,0.0008723771917278085,4912.521028323594,9.168159836558548
3.7625,1.0000000000007863,0.0010133449866188983,4874.557471861767,9.171477528611803
3.765,1.0000000000007871,0.0015161754060227565,4812.789253614972,9.17477047550594
3.7675,1.0000000000007867,0.0020675803083957793,4752.012763375031,9.178036684947248
3.77,1.0000000000007878,0.0025390394648063443,4699.655192269634,9.181276620082345
3.7725,1.0000000000007885,0.002804869420471369,4643.289310985505,9.184492804455646
3.775,1.0000000000007898,0.002823619395041292,4586.228204894121,9.187689109323504
3.7775,1.00000000000079,0.0026794011088748064,4541.982127476359,9.190869857210956
3.7800000000000002,1.0000000000007903,0.0025292191323076653,4508.275600986938,9.194038909444632
3.7825,1.0000000000007903,0.0024910887854126935,4474.270740457521,9.19719890525251
3.785,1.0000000000007907,0.002564174149567405,4432.596043303454,9.200350786255886
3.7875,1.0000000000007918,0.002636721554961964,4375.826294322174,9.20349368039524
3.79,1.0000000000007918,0.002561800813429198,4304.693869292089,9.206625146034197
3.7925,1.0000000000007925,0.0023301717134595413,4236.358772065297,9.209741705869611
3.795,1.0000000000007925,0.0019243844259458872,4182.7419202081655,9.212839546749663
3.7975,1.0000000000007938,0.002323697863088661,4131.461236294911,9.215915236095382
3.8000000000000003,1.0000000000007943,0.0032882701016486524,4068.56863861174,9.218966312178198
3.8025,1.0000000000007934,0.003995723264498805,4000.0497964426672,9.221991641515555
3.805,1.0000000000007945,0.004307945346554889,3937.4089319325526,9.22499149377992
3.8075,1.0000000000007954,0.004217989953395705,3898.6834840887745,9.227967349538343
3.81,1.0000000000007951,0.0038007578205714546,3917.3063244346745,9.230921513913465
3.8125,1.0000000000007963,0.0031483597240364266,4009.0379067970994,9.233856647431265
3.815,1.0000000000007967,0.002353915748918272,4139.744347745934,9.2367753359633
3.8175,1.0000000000007974,0.0015423411317822423,4245.629278468402,9.23967980342713
3.8200000000000003,1.0000000000007967,0.0014664592626331362,4289.433052144905,9.24257182912476
3.8225000000000002,1.0000000000007983,0.0014837284975808076,4295.135347788012,9.245452876180755
3.825,1.0000000000007987,0.0014984200693048096,4312.326011681406,9.248324381737948
3.8275,1.000000000000799,0.0014504029565259873,4352.990583952646,9.251188116937415
3.83,1.0000000000008002,0.0013339304713222175,4392.252908231108,9.254046504954687
3.8325,1.0000000000008005,0.0014788643881875694,4418.825126861836,9.256902792823876
3.835,1.000000000000801,0.0014487620036453947,4446.470933181504,9.259761005576612
3.8375,1.0000000000008014,0.0012546744203194157,4489.592495318268,9.26262566160333
3.84,1.0000000000008014,0.0010953775150516413,4552.34584679869,9.265501285018708
3.8425000000000002,1.0000000000008022,0.0009843359251527255,4623.510510572943,9.268391801444707
3.845,1.0000000000008018,0.0010669212194987891,4676.278665541802,9.271299936001668
3.8475,1.0000000000008025,0.0010632092149513634,4692.903185544728,9.274226738825924
3.85,1.0000000000008031,0.0009868015646049735,4692.744877297631,9.277171342668092
3.8525,1.000000000000804,0.0008624738477252138,4713.049320182654,9.280131013561352
3.855,1.000000000000805,0.0008061601194059427,4757.341149197052,9.283101498512817
3.8575,1.0000000000008051,0.0008349610881112652,4787.45604205349,9.2860776160231
3.86,1.000000000000805,0.0008138470843537699,4775.110594574079,9.289053988122646
3.8625000000000003,1.000000000000806,0.00094660912607964,4737.268068841556,9.292025785665546
3.865,1.0000000000008065,0.0010151403971560737,4712.2252830829,9.294989357501866
3.8675,1.0000000000008071,0.0012102398446959906,4717.803095507744,9.297942639255602
3.87,1.0000000000008076,0.001499015218253481,4732.851133738009,9.30088528243739
3.8725,1.0000000000008085,0.0019876315627954536,4725.176532790216,9.303818498854353
3.875,1.0000000000008085,0.0024663339891688265,4699.316332560412,9.306744667245116
3.8775,1.0000000000008096,0.0026515385445189644,4692.415676430306,9.309666789129622
3.88,1.00000000000081,0.0025164016355593206,4724.348042632079,9.312587902133231
3.8825000000000003,1.0000000000008102,0.0021443751779905928,4772.1673822172725,9.315510557626766
3.8850000000000002,1.0000000000008102,0.0016963247965376348,4797.971307835601,9.318436446388755
3.8875,1.0000000000008116,0.001226285645785288,4793.471516829066,9.321366217983424
3.89,1.0000000000008118,0.0011334840199230653,4785.718941659288,9.324299496705054
3.8925,1.0000000000008122,0.0011283978581584663,4801.6844129158835,9.327235058630597
3.895,1.0000000000008122,0.001083346565509935,4830.908350020415,9.330171107956756
3.8975,1.0000000000008131,0.0012646465174665077,4833.232897600471,9.333105581021028
3.9,1.0000000000008127,0.0014915129820871748,4783.593061382937,9.336036413870232
3.9025000000000003,1.0000000000008145,0.0016129596149840424,4691.76349770839,9.338961730715896
3.9050000000000002,1.0000000000008145,0.0018416157840626694,4596.56905386397,9.341879939399103
3.9075,1.0000000000008151,0.002017250981385853,4546.428045065423,9.344789748022793
3.91,1.0000000000008151,0.0019837405688395145,4562.646442293876,9.34769013754358
3.9125,1.0000000000008158,0.001745807698639476,4621.838558273326,9.350580333699028
3.915,1.0000000000008153,0.0013823401311180204,4676.1887843966315,9.353459816389115
3.9175,1.0000000000008167,0.001195391270509356,4699.341652947458,9.356328387396317
3.92,1.0000000000008176,0.0012719442027017815,4704.815307168636,9.359186293107403
3.9225,1.0000000000008176,0.0013338589550361797,4705.370798196174,9.362034374771401
3.9250000000000003,1.0000000000008187,0.0013652964528801219,4698.630112673635,9.364874201619726
3.9275,1.0000000000008185,0.001334094434248929,4695.895768734435,9.367708136181353
3.93,1.0000000000008198,0.00125286577717299,4702.56895984156,9.370539288018092
3.9325,1.00000000000082,0.0012838271468591828,4690.397043830849,9.37337133103006
3.935,1.00000000000082,0.0011391371825795317,4639.631579232188,9.376208186510686
3.9375,1.0000000000008207,0.001057542799738555,4574.395653192392,9.379053603061521
3.94,1.0000000000008211,0.0010859941733709169,4524.328601611559,9.381910688776074
3.9425,1.000000000000822,0.001029684281572552,4478.897853386371,9.384781465396056
3.9450000000000003,1.000000000000822,0.0011114439807620854,4406.046138318445,9.387666515155086
3.9475000000000002,1.0000000000008231,0.0012795101424337076,4313.943309883428,9.390564778360712
3.95,1.000000000000824,0.0013094141008101385,4249.687894138293,9.393473536263258
3.9525,1.0000000000008238,0.001197188030484307,4226.211397404881,9.396388584601455
3.955,1.0000000000008242,0.001645136323286909,4196.521894764609,9.399304574034884
3.9575,1.0000000000008256,0.001969384920458815,4119.763395730901,9.402215469494315
3.96,1.0000000000008253,0.002396093933192703,4024.00813496196,9.405115065699697
3.9625,1.0000000000008256,0.0033633991775633763,3964.300551317606,9.40799749313985
3.9650000000000003,1.0000000000008251,0.00399840599500383,3945.409930365181,9.410857656779969
3.9675000000000002,1.0000000000008271,0.004218494456728818,3921.085822084909,9.413691565740603
3.97,1.0000000000008273,0.004119996292626737,3860.88951415831,9.416496532190314
3.9725,1.0000000000008282,0.003842557410853168,3784.4312777231457,9.41927123704727
3.975,1.0000000000008287,0.003436028448393143,3728.779908393178,9.422015675400006
3.9775,1.0000000000008284,0.0028578092250044944,3724.7926297952476,9.424731004214394
3.98,1.000000000000829,0.002205173789468117,3792.476283282706,9.427419318836126
3.9825,1.0000000000008291,0.0019890434497160654,3916.6260274681404,9.430083384651056
3.985,1.0000000000008304,0.0015578789520477563,4034.661290255973,9.432726347768137
3.9875000000000003,1.0000000000008311,0.0014870567197846029,4091.6131479214414,9.435351445419744
3.99,1.000000000000831,0.0014803245340879185,4103.908790543869,9.437961734941595
3.9925,1.000000000000831,0.0016144043999489902,4121.372183362878,9.440559860481534
3.995,1.0000000000008324,0.0019047863169528658,4157.731612059171,9.443147878187206
3.9975,1.000000000000833,0.002077244493814946,4200.481183726548,9.44572716131816
4.0,1.0000000000008324,0.0021451622486037595,4243.992142407345,9.448298403347016
4.0025,1.0000000000008333,0.0020187515229441095,4270.961746679693,9.45086172800459
4.005,1.0000000000008349,0.0016913221365809248,4252.3787885951315,9.453416901041704
4.0075,1.0000000000008344,0.0014021277983639184,4207.228793140044,9.455963620821578
4.01,1.0000000000008353,0.00140545711855429,4202.601999280137,9.458501846529462
4.0125,1.0000000000008364,0.0014304765353294587,4271.144821694266,9.46103210815501
4.015,1.000000000000836,0.0013945735981728414,4371.280398249094,9.463555735837545
4.0175,1.0000000000008364,0.0013155667300495427,4439.695179801931,9.466074950849457
4.0200000000000005,1.0000000000008367,0.00120316526099707,4465.197712368905,9.468592777959048
4.0225,1.000000000000838,0.0011386751340360314,4482.325048429807,9.471112767979436
4.025,1.0000000000008382,0.0011367145004032534,4515.616825284534,9.473638555529785
4.0275,1.0000000000008382,0.0011471241830884149,4558.287327760245,9.476173313693598
4.03,1.0000000000008384,0.001151524928015495,4584.478715968808,9.478719196700148
4.0325,1.000000000000839,0.0011251019889209246,4577.541637576654,9.481276876730908
4.035,1.0000000000008398,0.0010851137432762977,4554.912021357066,9.483845276650275
4.0375,1.0000000000008407,0.0010585490889765754,4553.283713248195,9.486421575906034
4.04,1.0000000000008402,0.0010826472898624148,4587.687487358857,9.489001524927813
4.0425,1.0000000000008409,0.001077630645224277,4635.600714965602,9.491580050125473
4.045,1.0000000000008413,0.0010951282591491742,4665.477563019287,9.494152075767644
4.0475,1.0000000000008418,0.001093035552198934,4673.559381041294,9.496713441567376
4.05,1.0000000000008424,0.0010425436424642627,4679.877478237531,9.499261766086262
4.0525,1.0000000000008433,0.0010795396383535766,4697.562044993816,9.50179710243758
4.055,1.0000000000008427,0.0010318858882177432,4714.239025379614,9.504322256222974
4.0575,1.0000000000008435,0.0010250900842554834,4702.835202537121,9.506842683652106
4.0600000000000005,1.0000000000008442,0.0010804067314737307,4656.030907949386,9.509365953004238
4.0625,1.0000000000008453,0.0010884650275792198,4595.613238796772,9.51190082444575
4.065,1.000000000000845,0.0010408234902075431,4546.576273235174,9.514456069433082
4.0675,1.0000000000008464,0.0009464432802088338,4522.353648777127,9.51703919929195
4.07,1.0000000000008455,0.0010036939989201616,4525.252947797167,9.519655294251368
4.0725,1.0000000000008478,0.001050365029784314,4548.095593293768,9.522306115410405
4.075,1.000000000000847,0.0010084757512446789,4579.0787912224,9.524989643646881
4.0775,1.0000000000008475,0.0010053030976377917,4606.773479309208,9.52770012695027
4.08,1.0000000000008478,0.001221682339738123,4626.676357542663,9.530428641365292
4.0825000000000005,1.0000000000008489,0.0017337561226503202,4646.761427898375,9.533164093511505
4.085,1.000000000000849,0.0022037178938340085,4676.178325307529,9.535894527077096
4.0875,1.000000000000849,0.002458863145750657,4706.6799256694285,9.538608551862588
4.09,1.00000000000085,0.002385783440515134,4717.788372215565,9.541296698112044
4.0925,1.00000000000085,0.0020200389047853474,4701.799728000964,9.54395251292384
4.095,1.0000000000008504,0.0015424423637221438,4676.407482462576,9.546573256546711
4.0975,1.000000000000851,0.0012518287862024965,4668.672317672606,9.5491601168264
4.1,1.0000000000008515,0.0012320882734820253,4682.028190115774,9.551717929876126
4.1025,1.0000000000008522,0.0010926244896149516,4691.741055572423,9.554254463384012
4.105,1.0000000000008524,0.0009946121330758667,4680.790801537046,9.556779375757046
4.1075,1.0000000000008535,0.0010754994808051688,4653.4108604309995,9.55930300192291
4.11,1.0000000000008542,0.001088788105234387,4619.561579529142,9.561835130772964
4.1125,1.0000000000008542,0.0010846838961214606,4590.739727147646,9.564383929319629
4.115,1.0000000000008546,0.001119250448144651,4564.015940877009,9.566955138005595
4.1175,1.0000000000008553,0.0011702711513634624,4514.066584714719,9.569551616260208
4.12,1.0000000000008555,0.001249772203390362,4435.401071138097,9.572173264601
4.1225000000000005,1.000000000000856,0.001354309845398547,4359.91664866577,9.574817297385508
4.125,1.0000000000008562,0.0014006556523285748,4306.148075184844,9.57747879617661
4.1275,1.0000000000008566,0.0016221707271715476,4250.548157031244,9.580151442779894
4.13,1.0000000000008573,0.0023284888577930463,4164.8070495965185,9.58282831642257
4.1325,1.0000000000008573,0.002949038117173964,4051.754906387651,9.58550264234975
4.135,1.0000000000008578,0.0033522268777185036,3923.207393813635,9.588168397543402
4.1375,1.0000000000008584,0.0034598098875893895,3780.12056787127,9.590820709055711
4.14,1.000000000000859,0.0036995848253165275,3644.609679038564,9.593456016461834
4.1425,1.00000000000086,0.0036715792081255063,3567.5158181616566,9.596072007093916
4.1450000000000005,1.0000000000008593,0.003517852723112318,3576.0069222118927,9.598667366203152
4.1475,1.0000000000008602,0.0031247862440215556,3638.629876543541,9.601241409539144
4.15,1.000000000000861,0.002525342395311646,3690.282008738053,9.603793679100528
4.1525,1.0000000000008615,0.0019283848194086477,3688.4781923642695,9.606323581915683
4.155,1.0000000000008609,0.00186981764797104,3638.2549009439826,9.60883013811637
4.1575,1.0000000000008618,0.002226552338588303,3565.963417280608,9.611311882154915
4.16,1.000000000000863,0.002440320719449933,3495.5454904411445,9.613766932964563
4.1625,1.0000000000008635,0.0026274686379381715,3453.458723225684,9.616193218232242
4.165,1.000000000000863,0.002705220110814876,3468.787024154103,9.61858881041197
4.1675,1.0000000000008644,0.002428283456150816,3552.839524347333,9.620952313375831
4.17,1.0000000000008644,0.0019182916459543886,3675.810423938826,9.623283230904216
4.1725,1.000000000000865,0.0015670279795821124,3768.578887528691,9.625582251911931
4.175,1.000000000000865,0.0015114197715257426,3786.133762640747,9.627851401919045
4.1775,1.000000000000866,0.0014500837803906506,3770.709582660884,9.630094033498013
4.18,1.0000000000008658,0.0012530871893751687,3794.910163074864,9.632314656750259
4.1825,1.0000000000008669,0.0012533988834841075,3871.4183836828265,9.634518639027602
4.1850000000000005,1.0000000000008662,0.001192982500721506,3957.7150512029807,9.636711824100926
4.1875,1.0000000000008669,0.0012397828858844058,4021.7521801892103,9.638900130626038
4.19,1.0000000000008675,0.0012809405453540386,4070.7324138299336,9.641089188403996
4.1925,1.0000000000008684,0.0012418323732388595,4120.257794576102,9.643284059324435
4.195,1.0000000000008689,0.001230110358847884,4164.830804915262,9.645489069032724
4.1975,1.0000000000008693,0.0014714877409579,4189.789864485699,9.64770774960549
4.2,1.00000000000087,0.0017461338094315474,4202.95240885941,9.649942869261977
4.2025,1.0000000000008702,0.001982404214013229,4230.229393521672,9.652196507811452
4.205,1.0000000000008704,0.0021120389954192935,4271.526322067527,9.654470129445583
4.2075000000000005,1.000000000000871,0.0020665656189629137,4290.565758996143,9.65676460909789
4.21,1.0000000000008713,0.0018511305897526953,4270.592397887488,9.659080184558942
4.2125,1.0000000000008717,0.0014961499529972104,4242.287735110976,9.661416330635854
4.215,1.000000000000872,0.0013041854384423634,4233.632419657263,9.663771578169834
4.2175,1.0000000000008729,0.0013539733977453992,4242.938484123796,9.666143323707262
4.22,1.0000000000008726,0.0012944210627885522,4265.51825038295,9.668527689833727
4.2225,1.0000000000008737,0.0015039797503281155,4303.165501446251,9.670919497498941
4.225,1.0000000000008744,0.002103904953830346,4349.458791901926,9.673312398800674
4.2275,1.0000000000008742,0.0026415056440937342,4386.457361114891,9.675699193599954
4.23,1.0000000000008744,0.0029359753567375175,4401.239297591884,9.678072320361405
4.2325,1.0000000000008744,0.002899677827093873,4402.42793250059,9.680424477232583
4.235,1.0000000000008753,0.0025467814460708687,4397.2812951254045,9.682749300221081
4.2375,1.0000000000008757,0.0019775472008834276,4367.027235661844,9.685042007299472
4.24,1.0000000000008762,0.0016472641862934265,4304.40012732627,9.687299915020729
4.2425,1.000000000000877,0.0018959630396692736,4252.040296507044,9.689522748363128
4.245,1.000000000000877,0.0019063824607823904,4265.587463656613,9.6917126925703
4.2475000000000005,1.0000000000008775,0.001683982840649522,4350.805058614781,9.69387417391798
4.25,1.000000000000878,0.0013614277880169233,4452.374816272129,9.696013398010626
4.2525,1.0000000000008782,0.001084886673300707,4507.518132405273,9.698137710802662
4.255,1.0000000000008793,0.0012500917307732588,4501.712203963511,9.700254871818736
4.2575,1.0000000000008797,0.0012692422368308543,4468.347550437364,9.702372338020153
4.26,1.0000000000008806,0.0011691294006283088,4448.439711733607,9.704496650564952
4.2625,1.0000000000008806,0.0012463788680460305,4449.21339138388,9.70663299598368
4.265,1.0000000000008804,0.0013051685654096412,4445.917785897532,9.7087849810848
4.2675,1.000000000000881,0.0012310304031383716,4430.091238879566,9.710954624084403
4.2700000000000005,1.000000000000882,0.0011428281364685483,4426.077037825127,9.71314253089355
4.2725,1.0000000000008815,0.0011975243527078683,4447.363188197468,9.715348200976038
4.275,1.0000000000008824,0.001099007403752455,4477.8076252709925,9.717570394865513
4.2775,1.0000000000008828,0.0010704572798655092,4502.495470955442,9.71980749601524
4.28,1.0000000000008833,0.0010480051493102882,4525.601584855398,9.72205781178198
4.2825,1.0000000000008835,0.0012217164248888017,4561.66935572822,9.724319779288324
4.285,1.0000000000008842,0.001542171777249855,4620.363507008736,9.726592066451746
4.2875000000000005,1.0000000000008846,0.0018189387415260753,4688.643487405022,9.728873580307166
4.29,1.0000000000008848,0.0018922922868637938,4737.721445009615,9.731163410019493
4.2925,1.0000000000008846,0.0016688080706066303,4759.1625800108395,9.733460739056685
4.295,1.0000000000008857,0.001197212900212316,4767.953470252606,9.735764759304029
4.2975,1.000000000000886,0.001107068883595586,4767.881700644186,9.738074610736227
4.3,1.0000000000008866,0.0013088366088202334,4748.488791845711,9.740389357162393
4.3025,1.0000000000008866,0.0013532139108279157,4710.819004329482,9.742707995389543
4.305,1.000000000000888,0.0012294724667967747,4671.45144535941,9.745029485059774
4.3075,1.0000000000008882,0.0015014917083775664,4636.938997782519,9.747352781962256
4.3100000000000005,1.0000000000008884,0.002560550903901457,4595.306731028792,9.74967685951747
4.3125,1.0000000000008893,0.0035686085020532753,4544.86524674215,9.752000709978628
4.315,1.0000000000008893,0.0042649029184530785,4502.100974979884,9.754323326387066
4.3175,1.0000000000008893,0.004489078389241021,4474.16312966309,9.756643675871265
4.32,1.0000000000008902,0.004217221893203887,4439.722097000675,9.758960681088967
4.3225,1.0000000000008913,0.003548541041674933,4364.563846377848,9.761273227056432
4.325,1.000000000000891,0.0026633074332419095,4251.413137725814,9.763580205480213
4.3275,1.000000000000891,0.0017648426820080407,4155.287728927077,9.765880598491501
4.33,1.0000000000008915,0.0015997572623609928,4120.444344329535,9.768173590201924
4.3325000000000005,1.0000000000008924,0.0015578963917647602,4121.588071615324,9.770458682514539
4.335,1.0000000000008928,0.0012911564387798893,4097.151707422565,9.77273578506805
4.3375,1.0000000000008924,0.001275841438629728,4037.382086834633,9.775005248871997
4.34,1.0000000000008928,0.0013627620992480208,3984.991783298181,9.777267819338906
4.3425,1.0000000000008935,0.0013673252699535786,3951.5161450003575,9.779524498163864
4.345,1.0000000000008935,0.0015058237777896574,3896.988569244174,9.781776323591387
4.3475,1.0000000000008946,0.0017524555746373204,3797.74375692424,9.784024099767713
4.3500000000000005,1.0000000000008944,0.0018438926157347383,3683.374967778143,9.78626812227419
4.3525,1.0000000000008953,0.0017460755603409144,3588.3981934426447,9.788507955506338
4.355,1.0000000000008957,0.0016307947362454364,3511.674989603194,9.790742316704792
4.3575,1.0000000000008957,0.0015033855128937842,3440.993505065136,9.792969109424039
4.36,1.0000000000008957,0.001680277382908428,3384.733870053221,9.795185626312675
4.3625,1.000000000000897,0.0019621353125097046,3347.1858160875136,9.797388910596311
4.365,1.000000000000897,0.002151730679907743,3303.2053486307827,9.799576233501401
4.3675,1.0000000000008973,0.00244785126712615,3236.76050992022,9.80174561770618
4.37,1.0000000000008973,0.002998389781356909,3184.743434581499,9.803896319544172
4.3725000000000005,1.0000000000008982,0.0035931072843408377,3206.143558815286,9.806029178567382
4.375,1.0000000000008988,0.003835748282765002,3315.9426478153573,9.808146754708686
4.3775,1.0000000000008984,0.0036339963790235734,3458.8664326678177,9.810253200611536
4.38,1.0000000000008995,0.0030596178231921643,3553.403836075911,9.812353856104886
4.3825,1.0000000000009006,0.0023106411163804864,3576.151628741448,9.814454597000902
4.385,1.0000000000009002,0.0016116897439951076,3575.3509954242804,9.816561014559024
4.3875,1.0000000000009004,0.001312729203191598,3597.522097455783,9.818677538149187
4.39,1.000000000000901,0.0012272482977412494,3641.5341639550156,9.820806634572161
4.3925,1.0000000000009015,0.001259898229770579,3684.766692694239,9.822948217697304
4.3950000000000005,1.0000000000009015,0.0014579172943407152,3716.8752024616015,9.825099379945405
4.3975,1.0000000000009024,0.002092299029788786,3732.87697491341,9.827254515211134
4.4,1.0000000000009026,0.0026346180771546707,3729.54905043436,9.829405847225235
4.4025,1.0000000000009028,0.0029484880707721715,3716.4600821057534,9.831544315530019
4.405,1.000000000000903,0.0029412578655251247,3704.9535034937194,9.833660711711376
4.4075,1.0000000000009042,0.002597717492477408,3698.977616714038,9.835746912011665
4.41,1.0000000000009037,0.0023148220537626187,3712.570444652442,9.837797027916737
4.4125000000000005,1.0000000000009046,0.0019276617915886347,3770.3277066215874,9.839808298217859
4.415,1.0000000000009053,0.0016626104111025922,3870.868386838755,9.841781575575721
4.4175,1.000000000000905,0.0014795433087854218,3971.2546525225243,9.843721314969388
4.42,1.0000000000009057,0.0015544088489671756,4030.7536064764918,9.84563504341573
4.4225,1.0000000000009073,0.0013860565380766222,4057.7513211002242,9.847532369602916
4.425,1.0000000000009066,0.001165611284943969,4088.744465752555,9.849423665959264
4.4275,1.000000000000907,0.0011901364571203594,4138.842074989901,9.85131861171227
4.43,1.0000000000009073,0.001132744939851716,4192.075679706517,9.853224814094293
4.4325,1.0000000000009073,0.001081671433375783,4226.119659130621,9.855146720448012
4.4350000000000005,1.0000000000009086,0.0009918388987686533,4238.045052465082,9.857084995620326
4.4375,1.000000000000908,0.001169229008548127,4244.3006630509035,9.859036471376466
4.44,1.0000000000009086,0.0012589746421935682,4250.201720310356,9.860994687797092
4.4425,1.0000000000009095,0.0012563472697813619,4241.328582118744,9.862950954532243
4.445,1.0000000000009097,0.0011654466183149256,4216.824677485502,9.864895777320468
4.4475,1.00000000000091,0.0011972857771126177,4197.2273852519065,9.866820435481452
4.45,1.000000000000911,0.0013327414848172264,4199.911056185794,9.86871846914456
4.4525,1.0000000000009106,0.0014135515534491531,4231.3547545046495,9.870586846453056
4.455,1.0000000000009115,0.0013987184633450867,4284.092444598778,9.872426629636246
4.4575000000000005,1.0000000000009113,0.0012594757319006843,4334.001060811468,9.874243036528936
4.46,1.0000000000009117,0.0013115679606052195,4361.326429835743,9.876044887949465
4.4625,1.0000000000009122,0.0014235774846163385,4369.224820448697,9.87784352625009
4.465,1.0000000000009122,0.001469752933131172,4374.3447159742145,9.879651371516713
4.4675,1.000000000000913,0.0014944054905050924,4391.877751561036,9.881480336019312
4.47,1.0000000000009133,0.0015386586518868445,4422.405313446364,9.883340335107633
4.4725,1.0000000000009137,0.001596406014109901,4442.21320655983,9.88523811148562
4.4750000000000005,1.0000000000009146,0.0016130635876717091,4418.390021463823,9.887176534640329
4.4775,1.0000000000009142,0.0015672914401931026,4350.397828033725,9.889154457997831
4.48,1.0000000000009142,0.0015617422858930073,4288.121272114194,9.89116712643642
4.4825,1.0000000000009148,0.001401337265027501,4287.936287371099,9.893207041147795
4.485,1.0000000000009157,0.001220060277930442,4362.448005451483,9.89526512213147
4.4875,1.000000000000916,0.0011603083233701417,4478.177274508685,9.897331971627668
4.49,1.0000000000009162,0.0011468231334719214,4580.790896309272,9.899399038306276
4.4925,1.000000000000916,0.0013985684687632463,4628.140164324267,9.90145951079733
4.495,1.000000000000917,0.0017145873036256997,4621.965797485755,9.90350882472988
4.4975000000000005,1.0000000000009173,0.001899330266891865,4593.777196560608,9.905544738769525
4.5,1.0000000000009184,0.001882107895749375,4558.236282203141,9.907567009026682
4.5025,1.000000000000919,0.0018776446546011007,4503.268429902643,9.909576755370827
4.505,1.0000000000009184,0.0024735380540607094,4424.999475818131,9.911575657385038
4.5075,1.0000000000009193,0.0028134524062732895,4356.620187992848,9.913565136257484
4.51,1.0000000000009193,0.002781664215667092,4341.20505028587,9.915545670971216
4.5125,1.0000000000009195,0.00238578342147629,4378.38498698634,9.917516365631718
4.515,1.0000000000009204,0.0019510054133722774,4422.855471037329,9.91947483617502
4.5175,1.0000000000009208,0.0015013853042677018,4442.28398500824,9.92141742811187
4.5200000000000005,1.000000000000921,0.0012677258260009301,4449.30704083712,9.923339722259163
4.5225,1.0000000000009213,0.0012176993305060284,4464.2011507838115,9.925237241245258
4.525,1.000000000000922,0.0010566928317185993,4481.403070997898,9.927106241449819
4.5275,1.0000000000009224,0.0009103346622844021,4491.802250882866,9.928944465136817
4.53,1.0000000000009222,0.001040554364798163,4508.889276618712,9.93075173611942
4.5325,1.000000000000924,0.001063908482675925,4539.284740054254,9.932530307228053
4.535,1.0000000000009233,0.000972043371045027,4556.115940197108,9.934284903924121
4.5375000000000005,1.0000000000009241,0.0009892128859425567,4539.51240587177,9.936022449803229
4.54,1.0000000000009244,0.000995422389490804,4508.769056409898,9.937751501629686
4.5425,1.0000000000009255,0.0009383002128498366,4487.789789250062,9.939481459175832
4.545,1.000000000000926,0.0008856188321322778,4474.2477358522965,9.941221644282193
4.5475,1.0000000000009255,0.0011474108487219122,4447.577387787008,9.942980361334198
4.55,1.0000000000009264,0.0013384612341983625,4391.825122539698,9.944764055973183
4.5525,1.000000000000926,0.0013966296417480607,4317.845333884856,9.946576679656578
4.555,1.0000000000009266,0.001325948209616479,4257.866187822502,9.948419345201904
4.5575,1.0000000000009268,0.001170000123433367,4226.456474490116,9.950290324406575
4.5600000000000005,1.0000000000009281,0.0011786252504277894,4198.925941883271,9.952185396321127
4.5625,1.0000000000009288,0.001325864470911379,4141.355295883016,9.954098508212294
4.565,1.0000000000009284,0.0013573609004871054,4047.8444108958283,9.956022666284749
4.5675,1.000000000000929,0.0014682950154879194,3936.267075679013,9.95795093628756
4.57,1.0000000000009295,0.0017887496747740967,3830.1307250916934,9.95987741156487
4.5725,1.00000000000093,0.002087574472699018,3747.3464516392655,9.961798002777607
4.575,1.0000000000009297,0.0023413642949564437,3687.0015576323694,9.963710921954295
4.5775,1.0000000000009304,0.0024935736839104884,3629.8214680324095,9.965616773133814
4.58,1.0000000000009308,0.0024646697438503447,3560.297882356803,9.967518218337885
4.5825000000000005,1.0000000000009308,0.002209125877972871,3481.2968412479154,9.969419253536186
4.585,1.0000000000009315,0.0020871947411652274,3399.554648316653,9.97132419491369
4.5875,1.0000000000009313,0.002567200676323475,3314.1229779136843,9.9732365299447
4.59,1.000000000000932,0.002824056458857456,3233.329822356784,9.975157819627317
4.5925,1.0000000000009328,0.0028080139621290533,3177.2395463496337,9.9770868402459
4.595,1.0000000000009321,0.0029526213214609996,3144.786085559221,9.979019123865502
4.5975,1.0000000000009337,0.003246516242773059,3095.4023924868375,9.980946999920379
4.6000000000000005,1.000000000000934,0.0033672200977010545,2989.212009963686,9.982860162678918
4.6025,1.000000000000934,0.0035847910176081705,2854.6470843034263,9.98474670328535
4.605,1.0000000000009344,0.0038433934663100627,2773.846271686043,9.98659446634274
4.6075,1.0000000000009344,0.003728221374225779,2802.4857093219994,9.988392533871199
4.61,1.0000000000009348,0.003318662449711486,2932.3958266180443,9.990132614245171
4.6125,1.0000000000009357,0.002640527002090299,3096.675509414318,9.991810125271122
4.615,1.000000000000936,0.0020072126393100077,3209.098131145671,9.993424807075053
4.6175,1.0000000000009368,0.0015658020102251096,3245.9185089571497,9.994980774292562
4.62,1.0000000000009373,0.0015281260389662626,3263.189353672092,9.996486005704755
4.6225000000000005,1.0000000000009373,0.0015723312412165278,3302.2628398842216,9.997951357701231
4.625,1.0000000000009381,0.001645186507472771,3344.495137882693,9.999389260682467
4.6275,1.0000000000009386,0.0016385338285628925,3375.625174990529,10.000812300654117
4.63,1.0000000000009384,0.0014400097214819212,3421.4664825855357,10.002231893893486
4.6325,1.0000000000009395,0.0011457607402905411,3497.8303525591427,10.0036572340296
4.635,1.000000000000939,0.0011269097339576646,3584.393423720285,10.00509463631845
4.6375,1.0000000000009392,0.0013217599990786241,3650.6646916008185,10.006547331730179
4.64,1.0000000000009404,0.001354563910660185,3684.1962256550937,10.008015687222658
4.6425,1.000000000000942,0.0016133623792964384,3699.8248305298043,10.00949776462323
4.6450000000000005,1.0000000000009406,0.0023796579369250886,3722.4694397300414,10.010990089975436
4.6475,1.0000000000009408,0.002924651617586735,3757.6235793646574,10.01248849212142
4.65,1.0000000000009421,0.003048115833694004,3786.617097297553,10.013988882435555
4.6525,1.0000000000009417,0.0027385830681883713,3796.8621869191193,10.015487881212467
4.655,1.000000000000943,0.00217274094447536,3807.128411403485,10.016983241006828
4.6575,1.0000000000009424,0.0016127483112811445,3845.5258186015576,10.018474061993116
4.66,1.0000000000009437,0.0014243534535238699,3905.994000316619,10.019960828689522
4.6625000000000005,1.0000000000009441,0.0013682665435207724,3949.981027914946,10.021445314773251
4.665,1.0000000000009441,0.0013492105336954986,3962.7761011788284,10.022930402216188
4.6675,1.0000000000009446,0.0015684071986296591,3973.242985893304,10.024419846746182
4.67,1.0000000000009455,0.0017209352628024344,4002.4965163201864,10.025918001188423
4.6725,1.0000000000009457,0.001888786764435819,4034.918948813655,10.027429489699639
4.675,1.0000000000009464,0.0023344169091340096,4047.7275524825436,10.028958816776438
4.6775,1.0000000000009466,0.002584670941787799,4043.66745054989,10.030509900388834
4.68,1.0000000000009468,0.0025547260492950487,4042.820282697491,10.032085539082548
4.6825,1.0000000000009477,0.0022233644105692976,4056.8773062235887,10.033686853511323
4.6850000000000005,1.0000000000009481,0.0016569399244373002,4086.467389968842,10.035312774551878
4.6875,1.0000000000009484,0.0014059050004089203,4130.726810503503,10.036959672625835
4.69,1.0000000000009488,0.0013081403756780735,4184.897913153021,10.038621227619043
4.6925,1.0000000000009497,0.001361684199321128,4237.135210552018,10.040288620429068
4.695,1.000000000000949,0.0015186285201291689,4270.291963474096,10.041951085200747
4.6975,1.0000000000009492,0.0016014836879017537,4259.690031291203,10.043596801880557
4.7,1.0000000000009504,0.0025774745419525494,4189.423205511401,10.04521404304336
4.7025,1.0000000000009515,0.0037139611537101,4079.3383573510687,10.046792430414275
4.705,1.0000000000009506,0.004765131738350586,3964.224826700108,10.048324118715561
4.7075000000000005,1.0000000000009517,0.0055899237971242105,3866.0561209408525,10.049804718193554
4.71,1.0000000000009521,0.005778836334016007,3811.298807889701,10.05123379700355
4.7125,1.0000000000009523,0.00523757949874983,3826.513565595389,10.052614867492794
4.715,1.0000000000009528,0.004131845876002032,3900.363496636603,10.053954845218955
4.7175,1.0000000000009528,0.0028313023625563525,3988.9100658984025,10.055263059568142
4.72,1.000000000000953,0.002221962847800346,4066.9098002421665,10.05654997327924
4.7225,1.000000000000954,0.0018315439286368633,4144.215939501097,10.05782582057681
4.7250000000000005,1.0000000000009541,0.001600082980102958,4226.060592703752,10.059099388567896
4.7275,1.000000000000955,0.001333162043456697,4290.789287393139,10.060377138933582
4.73,1.0000000000009557,0.0011909529640914812,4324.847729458359,10.061662800740764
4.7325,1.0000000000009552,0.0012359041518256264,4350.25184759322,10.062957473737127
4.735,1.0000000000009563,0.0012670043483930045,4391.283795237729,10.064260184278583
4.7375,1.0000000000009566,0.0012290285744771534,4439.044396441529,10.065568752810584
4.74,1.0000000000009572,0.0011938932723110692,4461.961539594394,10.06688077811195
4.7425,1.0000000000009575,0.00149771551089654,4450.571471589769,10.068194529492745
4.745,1.0000000000009583,0.0016733736051764223,4446.633491607401,10.069509567054581
4.7475000000000005,1.0000000000009583,0.0017779129051830706,4496.245161673068,10.070826975877711
4.75,1.000000000000959,0.0018357866264168419,4583.547782761123,10.072149187484076
4.7525,1.0000000000009588,0.001733074138985891,4644.080458379141,10.07347945155698
4.755,1.0000000000009595,0.001494989362955125,4645.321125107259,10.074821094136317
4.7575,1.00000000000096,0.001183485663241077,4627.110649201705,10.076176740697635
4.76,1.00000000000096,0.0011337210314726796,4639.012411541874,10.077547685374046
4.7625,1.0000000000009601,0.001051555255929928,4666.19089496031,10.078933551140393
4.765,1.0000000000009612,0.001154045899830879,4655.479675998878,10.080332318025889
4.7675,1.000000000000961,0.0013680466016112612,4597.6802202792815,10.081740712716956
4.7700000000000005,1.0000000000009617,0.0014852915091979006,4532.954473450809,10.083154872836666
4.7725,1.0000000000009623,0.0014691202874288819,4489.526388261424,10.084571140177136
4.775,1.0000000000009626,0.0013129575674377897,4458.582022836192,10.085986810812312
4.7775,1.000000000000964,0.0012090536157312415,4423.46262392844,10.087400681045748
4.78,1.0000000000009637,0.0012579488124423196,4389.880084332267,10.088813273540667
4.7825,1.000000000000964,0.0012287972027723289,4372.134734464161,10.090226697473625
4.785,1.000000000000964,0.0010962782698657038,4366.265436821251,10.09164417462438
4.7875000000000005,1.0000000000009646,0.0009689197410888029,4358.325785564483,10.093069332363346
4.79,1.0000000000009652,0.0009798324989552909,4352.237571484457,10.094505409369084
4.7925,1.0000000000009652,0.0014981777731096974,4369.255954897928,10.095954531928507
4.795,1.0000000000009661,0.0021987223736399295,4410.963109385663,10.097417197086234
4.7975,1.0000000000009666,0.002750048615697754,4440.711019890174,10.098892049939924
4.8,1.0000000000009672,0.0030316994957047968,4425.937441884585,10.100375977600661
4.8025,1.0000000000009672,0.0029773145569313457,4375.551793761422,10.101864476653397
4.805,1.0000000000009677,0.002676341170236535,4304.311815442492,10.103352199133504
4.8075,1.0000000000009677,0.0031064833693164296,4207.756372806835,10.104833554811115
4.8100000000000005,1.0000000000009681,0.003175807438281028,4101.552347921891,10.106303249755053
4.8125,1.0000000000009683,0.0027926943709930953,4027.6156323048262,10.107756671079361
4.815,1.0000000000009694,0.0024845614106362582,4001.2969079434097,10.109190076407865
4.8175,1.00000000000097,0.0021726461195193583,3994.4602573676693,10.110600599608974
4.82,1.0000000000009701,0.001744260275389981,3970.2220915258695,10.111986128477549
4.8225,1.000000000000971,0.001343244246907007,3914.845606461242,10.113345136294292
4.825,1.0000000000009712,0.0013696338594480321,3840.7763955289297,10.114676551936846
4.8275,1.0000000000009714,0.0014742399023881122,3764.108205291675,10.115979731408366
4.83,1.0000000000009714,0.0015785863739264628,3686.0530017917076,10.117254553292044
4.8325000000000005,1.000000000000972,0.0016438629720996651,3601.73355909032,10.118501613524668
4.835,1.0000000000009726,0.0016746515154899915,3514.390103406169,10.119722454248928
4.8375,1.0000000000009734,0.001681391928487533,3433.591670945425,10.120919738068665
4.84,1.0000000000009737,0.0018075661223806946,3363.3239460302734,10.122097279256874
4.8425,1.000000000000974,0.0018885226848926325,3297.993141819002,10.123259868915573
4.845,1.0000000000009739,0.0018650205527496252,3231.439620981423,10.124412876872405
4.8475,1.0000000000009752,0.0016960313132450965,3160.410675571211,10.12556166791051
4.8500000000000005,1.0000000000009759,0.0013933185152872347,3082.470853557654,10.126710920136519
4.8525,1.0000000000009754,0.0014564919084968878,3001.523905967828,10.127863966912004
4.855,1.0000000000009763,0.0015227709673357366,2928.075707641229,10.129022292112474
4.8575,1.000000000000977,0.0018239426059560363,2869.1540087027292,10.13018528797299
4.86,1.000000000000977,0.0022147917676710767,2821.598043802832,10.131350338587483
4.8625,1.000000000000978,0.0026016157808928598,2769.6575424611074,10.132513229790764
4.865,1.0000000000009779,0.003348162531719467,2693.426372660065,10.133668821163198
4.8675,1.0000000000009783,0.003993557580900554,2599.7644898618855,10.13481186228907
4.87,1.0000000000009786,0.0044086347714918555,2534.580885614863,10.135937805381522
4.8725000000000005,1.0000000000009794,0.004477452649318239,2543.675161712706,10.137043467559113
4.875,1.0000000000009792,0.0041333003310558,2632.3224283729733,10.138127427918821
4.8775,1.00000000000098,0.0034084246151746276,2755.073851903568,10.139190099242443
4.88,1.0000000000009805,0.002456396017870608,2840.6878376561967,10.140233479993453
4.8825,1.0000000000009803,0.001791229694836366,2861.711641616564,10.14126065540764
4.885,1.0000000000009808,0.0017647540900827018,2865.5325890993313,10.142275163678683
4.8875,1.0000000000009814,0.0017308402478517437,2902.2113736203823,10.143280364968781
4.89,1.000000000000982,0.0015521774826420932,2962.6575630815723,10.144278942345604
4.8925,1.000000000000983,0.0017186238163579065,3006.607649644502,10.145272625785537
4.8950000000000005,1.0000000000009834,0.0017405528450754853,3023.7809458516363,10.146262172832746
4.8975,1.000000000000983,0.0019012453731006983,3039.5137053165195,10.147247578242911
4.9,1.0000000000009843,0.0017907024500951351,3077.618317409302,10.148228433825187
4.9025,1.000000000000985,0.001498656234469476,3138.613226074399,10.149204328181948
4.905,1.0000000000009848,0.0015052461136456717,3203.395089575368,10.150175170892384
4.9075,1.000000000000985,0.0015473816818453816,3255.1730453811324,10.15114134871482
4.91,1.0000000000009859,0.0014248075768874715,3293.839968425317,10.15210366749697
4.9125000000000005,1.0000000000009854,0.001414145466608587,3323.287205472964,10.153063090996445
4.915,1.0000000000009859,0.0017205868103839638,3340.995938286269,10.154020341831272
4.9175,1.0000000000009868,0.0018300234847467044,3352.25599206601,10.154975467646086
4.92,1.000000000000987,0.0017043785465833355,3375.055214640196,10.155927489053047
4.9225,1.0000000000009879,0.0014035049269015658,3412.0481414049186,10.156874231777058
4.925,1.0000000000009883,0.00133718516294634,3437.2308331475374,10.157812406220025
4.9275,1.000000000000988,0.0017408952832531988,3434.379265543978,10.158737941598543
4.93,1.0000000000009885,0.002095166271912933,3429.4815464761223,10.159646522287533
4.9325,1.0000000000009892,0.0023197267797770466,3458.9776724208828,10.160534225591599
4.9350000000000005,1.0000000000009897,0.0023654235107080277,3525.227443594643,10.161398133591033
4.9375,1.0000000000009903,0.002199634625520066,3599.574102451531,10.162236792584384
4.94,1.0000000000009899,0.0018212260011225793,3660.0994861648232,10.163050422295905
4.9425,1.0000000000009914,0.001562982534606055,3710.813525333014,10.163840827552274
4.945,1.0000000000009914,0.0016203939363223967,3761.6447645832804,10.164611026693734
4.9475,1.000000000000992,0.001502541846987019,3810.6312982089453,10.1653646703146
4.95,1.0000000000009923,0.0012413655285013292,3851.788278860448,10.166105367904137
4.9525,1.0000000000009919,0.00118864182494397,3879.255489854184,10.16683605893343
4.955,1.0000000000009936,0.0013712689206449515,3887.2518023464904,10.167558554881909
4.9575000000000005,1.0000000000009932,0.001363527236732727,3880.389982703683,10.168273342007142
4.96,1.0000000000009939,0.0012753449676859855,3874.406997954336,10.168979679912031
4.9625,1.0000000000009945,0.0012304330083525315,3885.020401514807,10.169675970092667
4.965,1.0000000000009954,0.001209297606923076,3905.8388652734275,10.170360314426695
4.9675,1.0000000000009956,0.0012935895202384569,3910.5034158039093,10.171031146824504
4.97,1.000000000000996,0.0012835896199356195,3900.396119514656,10.171687808815035
4.9725,1.000000000000996,0.0012753864331075664,3903.0567482135416,10.17233095453223
4.9750000000000005,1.0000000000009972,0.0013928921251749572,3923.0030944536743,10.17296270895941
4.9775,1.0000000000009974,0.0014229805581438282,3944.7472506566605,10.173586555581279
4.98,1.0000000000009979,0.0013630747436560544,3965.4470547009555,10.174206983878689
4.9825,1.0000000000009985,0.0012435252846331526,3993.654117315202,10.174828972494227
4.985,1.000000000000998,0.0011161376110391111,4027.0854694871477,10.175457412092463
4.9875,1.0000000000009994,0.0011669114861482777,4060.2973756803653,10.17609657744424
4.99,1.0000000000009996,0.0012188294576609422,4105.208374006325,10.176749740641904
4.9925,1.000000000001,0.0012902395673855622,4170.367689117294,10.177418982756167
4.995,1.0000000000010005,0.0013273351311748822,4235.045390846034,10.178105218456878
4.9975000000000005,1.0000000000010008,0.0013361803595182801,4267.495143862175,10.178808405655676
5.0,1.0000000000010016,0.0013938378828588364,4260.9853765422895,10.17952787872367
5.0025,1.0000000000010019,0.0013844624300363732,4244.024519898664,10.180262726170668
5.005,1.000000000001002,0.0013012022185429522,4248.150081394264,10.181012134148599
5.0075,1.0000000000010025,0.0011666675503703454,4265.031008175623,10.18177563364111
5.01,1.0000000000010039,0.0011126387089197144,4254.5460370479905,10.182553216445282
5.0125,1.000000000001004,0.0010601193604071787,4203.792071361275,10.183345315744301
5.015,1.0000000000010048,0.0011027476465342938,4148.676335701399,10.184152674004162
5.0175,1.0000000000010045,0.0011820051308875678,4128.742751650661,10.184976138765903
5.0200000000000005,1.0000000000010048,0.001344704663656531,4152.216949005303,10.18581643276572
5.0225,1.0000000000010048,0.0014723730042276004,4204.237901585926,10.186673938919409
5.025,1.0000000000010065,0.0014593606212374795,4265.941942668924,10.187548526667735
5.0275,1.0000000000010068,0.001284657492763064,4322.406482716973,10.188439429306486
5.03,1.0000000000010068,0.0010059015048111647,4363.869564443374,10.18934516707873
5.0325,1.0000000000010083,0.0011046463768505182,4387.658291698385,10.190263501860036
5.035,1.0000000000010074,0.0012408132288951957,4406.415449197484,10.191191408763
5.0375000000000005,1.0000000000010087,0.001325363547727855,4446.2043948605815,10.192125057875547
5.04,1.0000000000010085,0.0013195966373542602,4509.393060616276,10.193059812404382
5.0425,1.0000000000010099,0.0016833924535769554,4547.2876610964595,10.193990262364771
5.045,1.00000000000101,0.0020167324643686154,4511.801069661088,10.194910320487466
5.0475,1.0000000000010105,0.002086163659464057,4427.45275395064,10.195813406355851
5.05,1.0000000000010112,0.002233238694374178,4355.59486959565,10.196692735323914
5.0525,1.0000000000010107,0.0032349909671698478,4299.451570197557,10.197541711452825
5.055,1.000000000001012,0.0041616299315335595,4200.0048271197975,10.198354401299468
5.0575,1.0000000000010123,0.0047703084372114225,4042.0187970072966,10.19912604266185
5.0600000000000005,1.0000000000010125,0.004839522077769206,3904.5873964036277,10.199853525436767
5.0625,1.0000000000010136,0.004422476073016199,3870.666030178987,10.200535775644354
5.065,1.0000000000010134,0.004036986831941654,3937.170334716474,10.201173980894662
5.0675,1.0000000000010136,0.0033544272509715145,4019.3649239039255,10.201771615730545
5.07,1.0000000000010147,0.0025459372375101793,4047.549910820378,10.202334254337869
5.0725,1.0000000000010143,0.0017820498700221855,4035.4715194990013,10.202869189705005
5.075,1.0000000000010159,0.0015312436509462798,4020.190965922584,10.203384906669935
5.0775,1.0000000000010154,0.001236817490031955,4013.920558368647,10.203890476720769
5.08,1.0000000000010167,0.0011503255225247173,4021.706330676905,10.204394950832295
5.0825000000000005,1.0000000000010159,0.0010556023856970011,4038.2507163938885,10.204906820907246
5.085,1.0000000000010174,0.0010967753197640574,4044.666186420261,10.205433601951956
5.0875,1.0000000000010174,0.00113146593327098,4038.5869855783285,10.205981560857962
5.09,1.0000000000010187,0.001013294026785017,4037.7021024600213,10.206555589904296
5.0925,1.0000000000010185,0.0009307740877853123,4049.0651646181695,10.207159199327183
5.095,1.0000000000010187,0.000985952248323015,4058.5642976368586,10.207794588129177
5.0975,1.0000000000010194,0.0010092363230968055,4054.2824509608213,10.208462748777901
5.1000000000000005,1.0000000000010205,0.0009630246159063537,4051.8660998258893,10.20916356949259
5.1025,1.0000000000010212,0.0009056635402018583,4072.1714003685574,10.209895914648332
5.105,1.0000000000010207,0.0008205515839070858,4096.687352059741,10.21065768427866
5.1075,1.000000000001022,0.0008986670931981299,4085.6443875314344,10.211445871454556
5.11,1.0000000000010223,0.0009513030814714891,4037.969007534505,10.21225664731022
5.1125,1.0000000000010232,0.0010365746632901695,3985.8018933627354,10.21308550526948
5.115,1.0000000000010236,0.0011354140161923627,3943.1202708407213,10.213927486562635
5.1175,1.0000000000010238,0.0012562448766526555,3894.43848643903,10.214777489798143
5.12,1.000000000001024,0.0012858875117914,3820.1625989770964,10.215630643716871
5.1225000000000005,1.0000000000010245,0.0013052829032078642,3724.259236657912,10.216482700329664
5.125,1.0000000000010245,0.0014750676189889235,3630.1889851549145,10.217330390395183
5.1275,1.0000000000010256,0.0015222379653080818,3547.682200993621,10.218171678467108
5.13,1.000000000001026,0.0015078103929660853,3465.5000402320848,10.219005862726732
5.1325,1.0000000000010263,0.0016645264405288462,3372.56676220707,10.219833485393039
5.135,1.000000000001027,0.001889540739259004,3271.793404899014,10.220656049096887
5.1375,1.0000000000010274,0.002181443286283505,3180.64402930738,10.221475567401049
5.14,1.0000000000010272,0.00240160338977489,3112.205322736802,10.222294007776252
5.1425,1.0000000000010285,0.0024922618583973,3055.79395356337,10.223112707290458
5.1450000000000005,1.0000000000010285,0.002416321772122151,2991.6783193906545,10.22393185039731
5.1475,1.0000000000010303,0.002160353384009153,2915.254944219749,10.22475009205022
5.15,1.0000000000010298,0.002457591047495954,2831.703126928228,10.225564389065234
5.1525,1.0000000000010307,0.0033614625768417276,2738.425974814931,10.226370072502004
5.155,1.000000000001031,0.004426827923726703,2630.0618408654973,10.227161158626052
5.1575,1.0000000000010312,0.005408901263714913,2520.6359237345782,10.227930860672565
5.16,1.0000000000010318,0.005842789818539339,2439.0685193429968,10.228672234135328
5.1625000000000005,1.0000000000010318,0.005558233194476959,2395.2041869767854,10.229378870032942
5.165,1.000000000001032,0.004677409483878437,2364.954596635605,10.230045545794825
5.1675,1.0000000000010332,0.004087405419376761,2316.077267944067,10.230668751424496
5.17,1.0000000000010336,0.004939302396472989,2249.302609988965,10.231247027968859
5.1725,1.0000000000010336,0.005660003106567907,2202.5316525792755,10.23178108290888
5.175,1.0000000000010347,0.006188445856417556,2211.4727429921677,10.232273677764946
5.1775,1.0000000000010345,0.007209114804516574,2277.1341036739063,10.232729312989198
5.18,1.000000000001035,0.007416953800733603,2362.0239301115516,10.233153760507099
5.1825,1.000000000001036,0.006612050435065693,2415.8563702853,10.233553510470164
5.1850000000000005,1.000000000001036,0.005071407968918447,2426.8645356444063,10.233935203999046
5.1875,1.0000000000010374,0.003407363513760792,2434.598133187494,10.234305119474994
5.19,1.0000000000010374,0.0029658147381885374,2472.082164225887,10.234668768413153
5.1925,1.0000000000010383,0.0028261141388647476,2526.665672546075,10.235030639457438
5.195,1.0000000000010387,0.002401204054882978,2574.1705968785286,10.235394105934493
5.1975,1.0000000000010387,0.0019253671138197528,2622.5364872713308,10.235761486522511
5.2,1.0000000000010398,0.0018435774342009303,2689.0155938530434,10.23613422625636
5.2025,1.0000000000010405,0.0017201455553826415,2762.9350874707015,10.236513149973684
5.205,1.00000000000104,0.0016254920411191305,2820.1816281405754,10.236898732127614
5.2075000000000005,1.0000000000010407,0.0017447438792802987,2854.92348811645,10.237291326376477
5.21,1.0000000000010418,0.0017897790041785388,2881.7340743597188,10.237691307228882
5.2125,1.0000000000010414,0.0017827109162679737,2915.1570614617117,10.23809909357292
5.215,1.0000000000010423,0.0017228604711095564,2951.9456255970167,10.238515047173179
5.2175,1.0000000000010425,0.0016261043902538826,2975.991359854962,10.238939264744799
5.22,1.0000000000010434,0.0018058733719731332,2980.764251394353,10.239371305949309
5.2225,1.0000000000010445,0.002004207288890108,2980.9253720979036,10.23980991694034
5.2250000000000005,1.000000000001045,0.00211634730592952,2999.6079363347785,10.24025281654578
5.2275,1.0000000000010438,0.002076939217990134,3042.5718345258697,10.240696608171831
5.23,1.000000000001045,0.0019134145750872205,3087.755204187756,10.24113686422011
5.2325,1.0000000000010463,0.0017762201433603503,3110.2203804085652,10.241568402266122
5.235,1.000000000001047,0.0017589860409797414,3113.986259121084,10.241985737542873
5.2375,1.0000000000010463,0.001934541714562984,3125.099952458303,10.242383660812175
5.24,1.000000000001047,0.002062114658479773,3154.0688955202204,10.242757861431429
5.2425,1.0000000000010483,0.0021494523138567098,3177.014640781854,10.243105497693541
5.245,1.0000000000010485,0.002808187017234554,3170.17838874906,10.24342561401829
5.2475000000000005,1.0000000000010485,0.003468192116099358,3150.308009292529,10.243719319601952
5.25,1.0000000000010492,0.003672586515426141,3150.280991023785,10.243989675239401
5.2525,1.0000000000010496,0.003407837806175789,3177.8477371048543,10.24424128030279
5.255,1.0000000000010507,0.002822720420591959,3218.003612648042,10.244479602754298
5.2575,1.0000000000010505,0.0021503587730399227,3256.660677222145,10.24471014213563
5.26,1.0000000000010507,0.0019127558130363788,3289.2688851726566,10.24493754991315
5.2625,1.000000000001051,0.0019020393608509567,3316.2161229439234,10.245164846719243
5.265,1.0000000000010525,0.0018638164121673097,3339.3183765496897,10.245392869071793
5.2675,1.0000000000010527,0.0019215009773256254,3360.542656067355,10.245620048835972
5.2700000000000005,1.0000000000010525,0.001885501237528463,3385.1509190068555,10.245842579305165
5.2725,1.0000000000010532,0.002328403742511337,3414.1892408898248,10.24605496019058
5.275,1.0000000000010547,0.0026675350323372513,3432.5347538582737,10.246250851409245
5.2775,1.000000000001054,0.003410917745736952,3429.691139932333,10.246424112965432
5.28,1.0000000000010547,0.004463595979091611,3422.8506253426162,10.246569873919082
5.2825,1.0000000000010554,0.005331420553180115,3441.766344462755,10.246685463376881
5.285,1.000000000001056,0.00572377497463005,3503.7980017256978,10.246771053604194
5.2875000000000005,1.0000000000010567,0.005467625620686499,3597.625854907376,10.246829907995041
5.29,1.000000000001057,0.004579165743680181,3686.0840275206424,10.246868187234917
5.2925,1.0000000000010578,0.00326876639573001,3738.5421314662367,10.246894334948497
5.295,1.0000000000010578,0.0018822864083912734,3758.286363978819,10.24691812868356
5.2975,1.0000000000010583,0.0016684341482146947,3773.813146209998,10.246949533129623
5.3,1.000000000001059,0.0015720916256897893,3806.1032309532443,10.246997521968964
5.3025,1.0000000000010598,0.0012650615940085848,3838.8885786750716,10.247069037800184
5.305,1.00000000000106,0.0010204705521952523,3834.923863211649,10.24716823519991
5.3075,1.0000000000010607,0.0014565675689565006,3796.627709028622,10.247296105423967
5.3100000000000005,1.0000000000010605,0.0018576213794666739,3777.238514296354,10.247450522117273
5.3125,1.0000000000010612,0.0018917961298246463,3811.2734274491245,10.247626684973994
5.315,1.0000000000010618,0.0015933472489589367,3863.671283123626,10.247817881173566
5.3175,1.000000000001062,0.0015736204105309644,3876.8633011343168,10.248016441892325
5.32,1.0000000000010631,0.00197311080385617,3859.0031771282256,10.248214750659773
5.3225,1.0000000000010636,0.0022361914610718563,3866.9300965977145,10.248406163899434
5.325,1.0000000000010643,0.002293053383064535,3915.9967853562753,10.248585728472252
5.3275,1.000000000001065,0.0021312194149314067,3964.264101520147,10.248750620255564
5.33,1.0000000000010656,0.0018067607220019547,3984.2619288931046,10.248900274466779
5.3325000000000005,1.000000000001066,0.0015399033254677053,3997.67401488704,10.24903622494139
5.335,1.000000000001066,0.0013984002620496237,4021.792337601869,10.249161709144643
5.3375,1.000000000001066,0.0013427437036000111,4042.2718292188847,10.249281122595963
5.34,1.0000000000010667,0.0012234227485465672,4055.289185627166,10.249399416307245
5.3425,1.0000000000010678,0.0013466259431987708,4089.84447296104,10.249521524083935
5.345,1.000000000001067,0.001377594272376126,4160.372602394818,10.249651887471364
5.3475,1.0000000000010691,0.0013154378218767006,4230.777907221583,10.24979411990571
5.3500000000000005,1.0000000000010685,0.0011545569578579756,4253.868475275837,10.24995082330924
5.3525,1.0000000000010694,0.0011375007557492193,4231.133880220508,10.25012354482262
5.355,1.0000000000010698,0.0012391195132782499,4209.528681623744,10.250312842925009
5.3575,1.0000000000010707,0.0013966695646549035,4219.745360391707,10.250518423149103
5.36,1.00000000000107,0.0014220716980747946,4239.018555160605,10.250739304168782
5.3625,1.0000000000010714,0.001354081548643952,4230.352333264464,10.25097398368764
5.365,1.0000000000010714,0.0016951045820151312,4199.510311446119,10.251220586141851
5.3675,1.0000000000010718,0.0022598021182490343,4179.43919876055,10.251476986293515
5.37,1.000000000001072,0.0026134782830672214,4184.299881714598,10.251740912049836
5.3725000000000005,1.0000000000010731,0.0026610291981730436,4212.258717429646,10.252010035192058
5.375,1.0000000000010747,0.0023915822232517515,4262.056481505873,10.252282059085665
5.3775,1.0000000000010736,0.0018734430939489448,4320.321464790626,10.252554807857662
5.38,1.0000000000010756,0.0012723314328727951,4357.874585952986,10.2528263139627
5.3825,1.000000000001075,0.0010891504502872228,4361.350155741962,10.253094893640949
5.385,1.0000000000010763,0.0011357334452046354,4355.774222597392,10.25335919585585
5.3875,1.0000000000010751,0.0013326067275386982,4370.771708736472,10.25361821194572
5.39,1.0000000000010767,0.0014640948216589618,4387.774868972003,10.2538712397265
5.3925,1.0000000000010774,0.0015279640974698026,4355.263103758503,10.25411780568585
5.3950000000000005,1.000000000001078,0.0019877538095086455,4268.187230868293,10.254357560882847
5.3975,1.0000000000010782,0.002375555126261481,4187.194893615922,10.254590177191677
5.4,1.0000000000010785,0.002572402661844758,4167.035020645026,10.254815276746148
5.4025,1.0000000000010794,0.00256619094616022,4198.155348838389,10.255032426019614
5.405,1.0000000000010794,0.0023634554546665943,4220.1940608894265,10.2552412159359
5.4075,1.0000000000010807,0.00199828361248599,4195.089881682217,10.255441432339923
5.41,1.0000000000010805,0.0015446844793986735,4148.011563400359,10.255633300036857
5.4125000000000005,1.0000000000010816,0.0011000409407622355,4113.03812998794,10.255817762273221
5.415,1.000000000001081,0.0010746451823791079,4078.5786274709158,10.255996740809566
5.4175,1.0000000000010822,0.0012476572799545867,4015.6147180118687,10.256173313665053
5.42,1.000000000001083,0.0012933580702094926,3930.150438600815,10.256351751112275
5.4225,1.000000000001083,0.0012656322505480333,3849.9310702822813,10.256537367343585
5.425,1.0000000000010838,0.0010510872973628395,3782.8981942550954,10.256736174020327
5.4275,1.0000000000010842,0.0009678805085895387,3721.0103337772466,10.256954357336024
5.43,1.0000000000010847,0.0009450887885073928,3666.234131541707,10.257197635155883
5.4325,1.0000000000010854,0.001183624239816686,3627.946606809748,10.257470578978007
5.4350000000000005,1.0000000000010858,0.0015413637232308422,3605.5238317501535,10.2577760015152
5.4375,1.0000000000010867,0.0017476123150099623,3590.6650342215444,10.258114509868957
5.44,1.0000000000010871,0.0017155011451682016,3576.3947926733,10.258484304704528
5.4425,1.0000000000010876,0.001432271378866377,3562.2250774536146,10.25888127013792
5.445,1.000000000001088,0.0011621175987428334,3560.684362163367,10.259299353474217
5.4475,1.0000000000010885,0.0012150399710588102,3580.2462888176346,10.259731186341503
5.45,1.0000000000010891,0.001629944076438915,3600.530247197809,10.260168857543382
5.4525,1.0000000000010896,0.002249907010563059,3589.491984772974,10.26060472147222
5.455,1.00000000000109,0.0031920733517113897,3536.1288631971197,10.261032120064868
5.4575000000000005,1.0000000000010905,0.004364111468666675,3448.0560134897273,10.261445912694558
5.46,1.0000000000010911,0.005633559431405797,3332.7926506316476,10.261842744353114
5.4625,1.0000000000010902,0.006752166327627407,3196.4711454652142,10.26222103121769
5.465,1.000000000001092,0.0074275087164909276,3059.678331675479,10.26258069475041
5.4675,1.0000000000010918,0.007436601737203795,2959.149883583185,10.262922720784621
5.47,1.0000000000010931,0.006728552148895626,2919.3004810375123,10.263248649964565
5.4725,1.0000000000010936,0.00546203923994664,2928.992901422104,10.263560114198528
5.4750000000000005,1.0000000000010938,0.0039537097459863115,2949.3925823698546,10.26385851757382
5.4775,1.000000000001095,0.0027213986145600212,2945.4129695576444,10.264144922009338
5.48,1.0000000000010958,0.002384358770803872,2910.609824073351,10.264420146287998
5.4825,1.0000000000010956,0.0020454222606302477,2854.9817183762866,10.26468503386067
5.485,1.0000000000010953,0.0018629000290066207,2786.6119767099667,10.264940801532797
5.4875,1.0000000000010965,0.0019026635629338232,2713.9599754973788,10.265189356600098
5.49,1.0000000000010973,0.00214785799617649,2642.8022623003026,10.265433469683515
5.4925,1.0000000000010973,0.0026127292746820833,2574.1626931830556,10.265676716441702
5.495,1.000000000001098,0.0029977406825980896,2510.0687487557693,10.265923149571593
5.4975000000000005,1.0000000000010982,0.003029546775802024,2450.431417134707,10.266176723263513
5.5,1.0000000000010985,0.0026489357813351,2390.706636759652,10.266440553368684
5.5025,1.0000000000010993,0.0019528156997781927,2326.2589385189217,10.266716144739707
5.505,1.0000000000011002,0.0018872712346946273,2258.734679474039,10.267002741142035
5.5075,1.0000000000011,0.002104329961526069,2200.655750445729,10.26729694699629
5.51,1.0000000000011007,0.002252209812319643,2165.477488497108,10.267592733558601
5.5125,1.0000000000011013,0.0028173107698470394,2149.4226658087887,10.267881880095587
5.515,1.0000000000011016,0.0035292350778708434,2125.9414838895837,10.268154823802856
5.5175,1.000000000001102,0.004150385207742998,2066.3889320044345,10.268401814792766
5.5200000000000005,1.0000000000011031,0.00461333899765629,1980.5293007744062,10.26861421007082
5.5225,1.000000000001103,0.004859429394974749,1920.1227973969512,10.268785706013015
5.525,1.0000000000011036,0.004996612510469818,1928.8996956946387,10.268913308978645
5.5275,1.0000000000011044,0.0049296724085566256,2005.0615719073298,10.268997878524763
5.53,1.0000000000011053,0.004241645159399496,2100.7735947529736,10.269044141974323
5.5325,1.0000000000011047,0.003133638330837932,2156.6730247843198,10.269060162363528
5.535,1.0000000000011062,0.002231014086489775,2159.208278881354,10.26905632997915
5.5375000000000005,1.0000000000011058,0.002432626578083724,2148.4452648345678,10.269044025772127
5.54,1.0000000000011067,0.0023290083990938158,2159.5346299929074,10.26903415865996
5.5425,1.0000000000011076,0.002094892134723812,2187.074990001172,10.269035797700424
5.545,1.0000000000011076,0.001898435668136603,2211.588361526065,10.269055102071878
5.5475,1.000000000001108,0.0017897433456462266,2234.5351829866036,10.269094701723224
5.55,1.000000000001109,0.0020854785790585403,2268.489375292289,10.269153608175852
5.5525,1.000000000001109,0.002135431936404194,2313.447289900413,10.269227651015882
5.555,1.0000000000011093,0.0021473273668876636,2357.322496302243,10.269310356098615
5.5575,1.00000000000111,0.002408661224185532,2390.8927038186257,10.269394118359793
5.5600000000000005,1.0000000000011113,0.0030334125579474696,2417.5050685232004,10.269471483957942
5.5625,1.0000000000011111,0.0034659175794260525,2442.5858515472055,10.269536349282383
5.565,1.0000000000011116,0.004331910219688522,2459.8128731922175,10.269584907636366
5.5675,1.0000000000011118,0.005208135819009189,2465.8459151832617,10.269616220556156
5.57,1.000000000001112,0.005557529706853219,2479.0908501105505,10.269632350713408
5.5725,1.0000000000011133,0.005343484845055231,2521.116483625054,10.269638058847313
5.575,1.0000000000011136,0.004727644977097117,2585.817562619745,10.269640128673164
5.5775,1.0000000000011138,0.00399344630351578,2644.1727819817265,10.2696464311622
5.58,1.0000000000011156,0.0033952376808224125,2681.6812128822717,10.26966486647673
5.5825000000000005,1.000000000001115,0.00302705130733206,2708.6967561331285,10.269702328284772
5.585,1.0000000000011158,0.002802514400321948,2732.2977125412767,10.269763824552742
5.5875,1.000000000001116,0.002560750154798343,2747.388859470739,10.269851863251855
5.59,1.000000000001117,0.0022931690365292556,2754.936749843074,10.269966173384013
5.5925,1.0000000000011169,0.0021742009558251576,2768.0634974808613,10.270103787109631
5.595,1.000000000001118,0.002319437429070695,2794.1966331487247,10.270259463961427
5.5975,1.0000000000011173,0.0023387845313974196,2821.566247274907,10.270426397552479
5.6000000000000005,1.0000000000011187,0.0024569784478742428,2835.3184971311316,10.270597111519283
5.6025,1.0000000000011193,0.003218859837919003,2845.152854529263,10.2707644275656
5.605,1.0000000000011198,0.003895847832310218,2877.7253620756496,10.270922377722718
5.6075,1.00000000000112,0.004256313691387117,2938.3535252054426,10.271066937232366
5.61,1.0000000000011202,0.004207951163183726,3001.7491491991473,10.271196473691464
5.6125,1.0000000000011209,0.003795040329913865,3047.081853485884,10.271311841100497
5.615,1.0000000000011213,0.0031374128222149376,3080.5754160789484,10.271416092189833
5.6175,1.000000000001122,0.00237808193339485,3116.8886774049015,10.271513834949449
5.62,1.0000000000011224,0.0016850578426113377,3156.785210018134,10.27161031281405
5.6225000000000005,1.0000000000011229,0.0016233748323206086,3188.6053635596886,10.271710334094445
5.625,1.0000000000011238,0.0018544264148740086,3204.5136229018,10.271817207399373
5.6275,1.0000000000011244,0.0019141850877814576,3202.697744392184,10.27193184946895
5.63,1.0000000000011244,0.0018121238973496379,3185.244633403019,10.272052216079441
5.6325,1.0000000000011249,0.0016493068055267205,3174.2031094437048,10.272173165759291
5.635,1.0000000000011253,0.001919148814159428,3200.573000136903,10.272286804218153
5.6375,1.0000000000011255,0.002056849836935531,3259.452124076403,10.272383283437293
5.64,1.0000000000011264,0.002697584973413966,3308.588258964135,10.272451955382126
5.6425,1.0000000000011269,0.0036307552170725464,3322.905375156878,10.272482718394487
5.6450000000000005,1.000000000001128,0.004302699616907694,3322.733829192881,10.272467356137463
5.6475,1.0000000000011282,0.004550153302006326,3346.065316371651,10.272400663447526
5.65,1.0000000000011282,0.004302331905377799,3406.3859519944854,10.27228118299008
5.6525,1.0000000000011289,0.0036249954126675466,3471.8375724171015,10.27211143668913
5.655,1.0000000000011293,0.002717552353597468,3505.245489889098,10.271897616350865
5.6575,1.00000000000113,0.0030424222668518366,3523.994543212523,10.271648785180739
5.66,1.00000000000113,0.003186381249513518,3571.020279277374,10.271375721921713
5.6625000000000005,1.0000000000011304,0.0029590912495119463,3648.1069340816066,10.271089597895216
5.665,1.000000000001132,0.002640419823993009,3722.769322419017,10.27080070134077
5.6675,1.000000000001132,0.0023338005902059497,3774.2086244100487,10.270517408150976
5.67,1.0000000000011326,0.0020598752465866813,3798.3250001218416,10.270245548649171
5.6725,1.000000000001132,0.0020236167920642603,3793.7301708999867,10.26998824612249
5.675,1.0000000000011322,0.0019075420228909761,3769.487782699242,10.269746216953138
5.6775,1.0000000000011335,0.001814057290160436,3746.2838028337856,10.269518440638626
5.68,1.0000000000011338,0.0018800951079147935,3734.3332571639453,10.269303046577217
5.6825,1.0000000000011344,0.0021402570711908622,3719.2915519362537,10.269098234276559
5.6850000000000005,1.0000000000011349,0.002453069845633616,3683.796623503962,10.268903048723582
5.6875,1.0000000000011353,0.002771774553023631,3642.1001430222373,10.268717870444421
5.69,1.000000000001136,0.0030119871081200496,3631.4493822870477,10.268544542385197
5.6925,1.0000000000011364,0.0030459657267882536,3666.1900029669537,10.26838613008791
5.695,1.000000000001137,0.0027590237891232717,3720.268418321152,10.268246381950311
5.6975,1.000000000001137,0.002150166934629064,3760.683340680076,10.268129009202541
5.7,1.0000000000011378,0.0016832432491481065,3787.0108032164558,10.26803693217387
5.7025,1.0000000000011382,0.0019150491075727125,3823.129013285497,10.267971637244832
5.705,1.0000000000011393,0.0019785207049617115,3878.7046034901364,10.267932759788076
5.7075000000000005,1.0000000000011398,0.0018103514657328544,3933.8620732321365,10.267917960070655
5.71,1.0000000000011402,0.002140638079944273,3953.913628499379,10.26792310284071
5.7125,1.00000000000114,0.0031576519827199285,3918.3438537840993,10.267942698643981
5.715,1.0000000000011418,0.0038626000790885945,3848.1654643903526,10.267970525190568
5.7175,1.0000000000011409,0.00399026430651251,3797.7412826407863,10.268000326705803
5.72,1.0000000000011422,0.003503549877287813,3808.9807517020354,10.268026489724493
5.7225,1.0000000000011418,0.002579044655942637,3869.367442379399,10.268044611404783
5.7250000000000005,1.0000000000011424,0.0019608242356192597,3920.651528347854,10.268051904273404
5.7275,1.000000000001143,0.002087893924784534,3931.4736723931946,10.268047411633054
5.73,1.0000000000011435,0.002232056775786495,3931.7952917972407,10.268032034083916
5.7325,1.0000000000011442,0.002103822157493574,3946.9073516339276,10.268008386104666
5.735,1.0000000000011438,0.001898808458659386,3955.9465373581093,10.267980510671794
5.7375,1.000000000001145,0.0020437131858677734,3940.528210614882,10.267953480193095
5.74,1.000000000001145,0.002025835718807041,3928.717380637123,10.267932908794776
5.7425,1.0000000000011455,0.0018444291845848362,3955.636455750061,10.267924400509834
5.745,1.0000000000011458,0.0015574515392128957,4011.2083849451237,10.267932963072132
5.7475000000000005,1.0000000000011469,0.0014620547479604526,4059.55775785504,10.267962427301628
5.75,1.0000000000011477,0.0014369382378484452,4092.9670047531754,10.268014925366437
5.7525,1.000000000001148,0.001246744033710669,4133.126299565327,10.26809049414241
5.755,1.000000000001148,0.0010084595561212204,4187.637987635453,10.26818687613057
5.7575,1.0000000000011486,0.0011008938889212928,4231.0429368553805,10.268299582238607
5.76,1.000000000001149,0.0011087474587529816,4235.074950399904,10.268422254647088
5.7625,1.0000000000011504,0.0010658690747460838,4205.340737470822,10.26854732663142
5.765,1.0000000000011509,0.0012105676724730393,4164.846529814436,10.268666925436893
5.7675,1.0000000000011495,0.0015435752268587273,4113.275212444438,10.268773911980027
5.7700000000000005,1.0000000000011509,0.0019691232583063482,4034.6285630353186,10.268862908487703
5.7725,1.000000000001152,0.002301614576135331,3938.8571333340738,10.268931144514172
5.775,1.0000000000011526,0.0024409190816674594,3861.093961239422,10.268978961970396
5.7775,1.0000000000011524,0.002729537719598098,3824.263308231317,10.269009862931512
5.78,1.0000000000011526,0.00293577662032091,3824.9005929872383,10.269030054561533
5.7825,1.0000000000011529,0.0028034982801824165,3845.0777795203803,10.269047532136772
5.785,1.0000000000011537,0.00229336378336801,3868.5685959042435,10.269070828299629
5.7875000000000005,1.0000000000011535,0.0015408488919241435,3888.6144620424916,10.269107627044768
5.79,1.0000000000011546,0.0015959757152614613,3906.424909864533,10.26916347896338
5.7925,1.000000000001155,0.0017043531481986728,3928.2541968018622,10.269240849372718
5.795,1.0000000000011557,0.0017857933468773532,3954.4328995909,10.269338680932153
5.7975,1.0000000000011562,0.0027981588730971755,3962.289354767499,10.26945256453775
5.8,1.0000000000011573,0.0038486349782423496,3916.535793040317,10.269575502074758
5.8025,1.0000000000011573,0.004634982211675151,3820.4080342112775,10.269699133089487
5.805,1.000000000001157,0.004937334476312896,3738.3618973566477,10.269815207291023
5.8075,1.0000000000011582,0.004686063382589846,3732.8772555612027,10.269917034600804
5.8100000000000005,1.0000000000011584,0.0039519218938864125,3785.631158367394,10.270000644955411
5.8125,1.0000000000011586,0.0029012741500814743,3804.9944656092457,10.270065442194321
5.815,1.000000000001159,0.001816867105006324,3743.2306446175594,10.2701142306359
5.8175,1.0000000000011608,0.0015987346906058222,3657.9648114535953,10.270152611780066
5.82,1.0000000000011604,0.0016600501659429308,3610.364042927784,10.270187869423015
5.8225,1.0000000000011604,0.0015706789481938228,3581.3640241457,10.270227560075359
5.825,1.0000000000011613,0.0013491920574950742,3518.4026098558325,10.270278081061342
5.8275,1.0000000000011613,0.0013719394522199342,3428.524290249738,10.270343489304013
5.83,1.000000000001162,0.0014068312289864386,3359.7316539444155,10.27042479103479
5.8325000000000005,1.0000000000011622,0.0013832754251528992,3316.8967066734454,10.270519828479351
5.835,1.0000000000011633,0.001339037627709053,3267.159009594482,10.270623772160134
5.8375,1.000000000001163,0.0013678926210724614,3208.0659659615153,10.270730110081882
5.84,1.0000000000011637,0.0013816980770094643,3170.0577062681646,10.27083193193911
5.8425,1.0000000000011635,0.0013824432220846472,3159.4431990596345,10.270923256516818
5.845,1.0000000000011648,0.0012926387445337832,3151.669791242337,10.271000152274597
5.8475,1.0000000000011657,0.0011328872878484232,3129.344221795956,10.27106145234197
5.8500000000000005,1.0000000000011662,0.0011185943214647416,3098.5311661606884,10.271108953957075
5.8525,1.000000000001166,0.001196852006567013,3077.5360787530426,10.271147098720746
5.855,1.0000000000011668,0.001234756253481864,3073.354025241372,10.27118223117939
5.8575,1.0000000000011675,0.0011547712357227221,3071.6430480298586,10.271221608738685
5.86,1.0000000000011677,0.0010235769075079447,3058.6669891622205,10.271272370849031
5.8625,1.0000000000011677,0.0010230826778263118,3036.261874622692,10.271340664548903
5.865,1.0000000000011682,0.0010027286391528127,3007.9661550881933,10.27143107162732
5.8675,1.000000000001169,0.0011064527113167557,2972.635337607946,10.271546403253412
5.87,1.0000000000011697,0.0012123108883930092,2932.474673570979,10.27168784044521
5.8725000000000005,1.0000000000011697,0.0013239645841147851,2892.028599964104,10.2718553235749
5.875,1.0000000000011704,0.0013659943744803067,2851.1316875485754,10.2720480474157
5.8775,1.0000000000011713,0.0014102450600524978,2802.264257400349,10.272264909169586
5.88,1.0000000000011713,0.0018864794127982068,2737.429821996263,10.27250478587027
5.8825,1.0000000000011717,0.0021293243661713646,2661.50177017142,10.272766575966022
5.885,1.000000000001172,0.0020432860674197057,2587.25802275832,10.27304901224888
5.8875,1.0000000000011733,0.002190808201570135,2517.759814153114,10.27335032132387
5.89,1.000000000001172,0.0024258301416728626,2447.5407211670586,10.273667851808659
5.8925,1.0000000000011737,0.0025463129362509316,2373.3029175227484,10.273997807531918
5.8950000000000005,1.0000000000011737,0.002792824223433016,2296.8723289119466,10.274335199308945
5.8975,1.0000000000011744,0.0031248294378475043,2222.751307875096,10.274674075131713
5.9,1.000000000001175,0.00336439015332132,2153.0569593324376,10.275008017113445
5.9025,1.0000000000011753,0.003476658462013338,2088.211955078556,10.275330821605436
5.905,1.000000000001176,0.003430891684988474,2029.0702554422155,10.275637223908603
5.9075,1.0000000000011766,0.003217985122246217,1972.2156930820008,10.275923504793889
5.91,1.0000000000011762,0.0028703223815105946,1909.5568496264623,10.276187830324782
5.9125000000000005,1.0000000000011768,0.002737687988484125,1838.3048031740227,10.276430227122624
5.915,1.000000000001178,0.0030755028944372312,1770.537555393725,10.276652170700165
5.9175,1.000000000001178,0.003208390897559682,1724.7776069124482,10.27685584929099
5.92,1.0000000000011786,0.003253350248392039,1703.8074392231802,10.27704324190591
5.9225,1.0000000000011788,0.003368220562380803,1686.4498856959046,10.277215198944223
5.925,1.00000000000118,0.004506527312217567,1647.2349146148686,10.27737072356926
5.9275,1.00000000000118,0.005618934414516414,1588.4012116403549,10.277506618908507
5.93,1.0000000000011802,0.006429109336089739,1544.4718177405525,10.27761759774583
5.9325,1.0000000000011795,0.006554600178895325,1550.2936929811738,10.277696862201074
5.9350000000000005,1.0000000000011815,0.00630016431003392,1611.4609395770478,10.277737068144488
5.9375,1.0000000000011813,0.00585926083796892,1695.265581626029,10.277731511336832
5.94,1.0000000000011817,0.004572905041911191,1747.1925192899078,10.27767532477269
5.9425,1.0000000000011826,0.003742898266229774,1741.6320644432285,10.277566469243865
5.945,1.0000000000011828,0.00507309426661511,1708.5846244954428,10.277406335159492
5.9475,1.000000000001183,0.006176707523043192,1689.8052336686826,10.277199846410282
5.95,1.0000000000011835,0.007258170920840706,1700.1800132651122,10.276955050359568
5.9525,1.000000000001184,0.008127086860820976,1736.5300801574938,10.276682270724766
5.955,1.000000000001184,0.007350838362003188,1793.0597544438206,10.276392973117597
5.9575000000000005,1.000000000001185,0.005393724717579762,1857.5952213146477,10.276098535779118
5.96,1.000000000001186,0.0032555460791249494,1913.0777232376984,10.275809124779325
5.9625,1.000000000001186,0.0028190107035484437,1954.7950774080527,10.27553284115729
5.965,1.0000000000011864,0.002590291660563374,1990.796609786839,10.275275245203934
5.9675,1.0000000000011868,0.002252928155372621,2025.7659411597247,10.27503928673448
5.97,1.000000000001187,0.002115284849768104,2057.3913110058274,10.274825595313546
5.9725,1.0000000000011873,0.002166525110614564,2082.793841619972,10.274633024505565
5.9750000000000005,1.0000000000011877,0.0024774123165724627,2104.2163288053894,10.274459311182618
5.9775,1.000000000001189,0.0027402780235698913,2128.869453684946,10.274301709823785
5.98,1.0000000000011886,0.0029830653475668993,2158.174875377317,10.274157489078044
5.9825,1.0000000000011893,0.003052938958175836,2183.665449270208,10.27402422481831
5.985,1.0000000000011902,0.0028931434141979033,2201.6589818236657,10.273899878978918
5.9875,1.000000000001191,0.0025693697673642183,2222.5582697635887,10.273782704476053
5.99,1.0000000000011908,0.0022444144393754016,2259.511505390708,10.273671052496137
5.9925,1.000000000001191,0.002047487392840193,2312.0917878594387,10.273563172313063
5.995,1.000000000001191,0.0023040292070315668,2365.750083128673,10.27345708430316
5.9975000000000005,1.0000000000011922,0.0024982077062685954,2409.584578960301,10.273350578604674
6.0,1.0000000000011924,0.0023594591354995946,2444.317743174161,10.273241353960122
