t,Re_c,Im_c,abs_c,rho2,V_mem_x0
0.000000,1.000000000000e+00,0.000000000000e+00,1.000000000000e+00,4.737439579767e-01,0.000000000000e+00
0.010000,9.999766647470e-01,-5.252460664967e-04,9.999768026919e-01,4.737330496968e-01,0.000000000000e+00
0.020000,9.999066642455e-01,-1.048808527589e-03,9.999072142964e-01,4.738047615722e-01,0.000000000000e+00
0.030000,9.997900143827e-01,-1.569005803601e-03,9.997912455301e-01,4.739481497855e-01,0.000000000000e+00
0.040000,9.996267420161e-01,-2.084160390911e-03,9.996289146870e-01,4.741631395602e-01,0.000000000000e+00
0.050000,9.994168855325e-01,-2.592600960664e-03,9.994202482775e-01,4.744496095838e-01,0.000000000000e+00
0.060000,9.991604956111e-01,-3.092664528074e-03,9.991652819047e-01,4.748073813226e-01,0.000000000000e+00
0.070000,9.988576361730e-01,-3.582698712144e-03,9.988640613573e-01,4.752362052591e-01,0.000000000000e+00
0.080000,9.985083854920e-01,-4.061064102522e-03,9.985166438971e-01,4.757357444576e-01,0.000000000000e+00
0.090000,9.981128374409e-01,-4.526136746364e-03,9.981230997118e-01,4.763055559553e-01,0.000000000000e+00
0.100000,9.976711028405e-01,-4.976310763575e-03,9.976835135010e-01,4.769450705603e-01,0.000000000000e+00
0.110000,9.971833108770e-01,-5.410001093722e-03,9.971979861609e-01,4.776535717070e-01,0.000000000000e+00
0.120000,9.966496105521e-01,-5.825646372369e-03,9.966666365287e-01,4.784301740771e-01,0.000000000000e+00
0.130000,9.960701721268e-01,-6.221711928809e-03,9.960896031483e-01,4.792738027171e-01,0.000000000000e+00
0.140000,9.954451885224e-01,-6.596692891358e-03,9.954670460189e-01,4.801831733899e-01,0.000000000000e+00
0.150000,9.947748766418e-01,-6.949117380871e-03,9.947991482858e-01,4.811567748573e-01,0.000000000000e+00
0.160000,9.940594785780e-01,-7.277549768148e-03,9.940861178396e-01,4.821928537276e-01,0.000000000000e+00
0.170000,9.932992626787e-01,-7.580593966769e-03,9.933281887891e-01,4.832894023995e-01,0.000000000000e+00
0.180000,9.924945244415e-01,-7.856896729768e-03,9.925256227788e-01,4.844441505142e-01,0.000000000000e+00
0.190000,9.916455872185e-01,-8.105150916621e-03,9.916787101281e-01,4.856545601844e-01,0.000000000000e+00
0.200000,9.907528027162e-01,-8.324098696310e-03,9.907877707709e-01,4.869178251293e-01,0.000000000000e+00
0.210000,9.898165512785e-01,-8.512534652700e-03,9.898531549836e-01,4.882308736986e-01,0.000000000000e+00
0.220000,9.888372419505e-01,-8.669308760070e-03,9.888752438921e-01,4.895903756419e-01,0.000000000000e+00
0.230000,9.878153123235e-01,-8.793329199162e-03,9.878544497542e-01,4.909927523678e-01,0.000000000000e+00
0.240000,9.867512281656e-01,-8.883564987442e-03,9.867912160194e-01,4.924341903471e-01,0.000000000000e+00
0.250000,9.856454828484e-01,-8.939048401082e-03,9.856860171707e-01,4.939106572507e-01,0.000000000000e+00
0.260000,9.844985965823e-01,-8.958877170410e-03,9.845393583563e-01,4.954179203718e-01,0.000000000000e+00
0.270000,9.833111154754e-01,-8.942216434884e-03,9.833517748254e-01,4.969515668631e-01,0.000000000000e+00
0.280000,9.820836104337e-01,-8.888300447970e-03,9.821238311778e-01,4.985070253230e-01,0.000000000000e+00
0.290000,9.808166759214e-01,-8.796434026461e-03,9.808561204464e-01,5.000795882833e-01,0.000000000000e+00
0.300000,9.795109285998e-01,-8.665993742565e-03,9.795492630256e-01,5.016644351808e-01,0.000000000000e+00
0.310000,9.781670058643e-01,-8.496428860622e-03,9.782039054639e-01,5.032566554395e-01,0.000000000000e+00
0.320000,9.767855642985e-01,-8.287262023287e-03,9.768207191363e-01,5.048512713341e-01,0.000000000000e+00
0.330000,9.753672780641e-01,-8.038089694614e-03,9.754003988127e-01,5.064432603566e-01,0.000000000000e+00
0.340000,9.739128372416e-01,-7.748582369574e-03,9.739436611390e-01,5.080275768603e-01,0.000000000000e+00
0.350000,9.724229461410e-01,-7.418484561181e-03,9.724512430424e-01,5.095991728004e-01,0.000000000000e+00
0.360000,9.708983215930e-01,-7.047614577607e-03,9.709239000784e-01,5.111530174402e-01,0.000000000000e+00
0.370000,9.693396912373e-01,-6.635864102485e-03,9.693624047282e-01,5.126841159311e-01,0.000000000000e+00
0.380000,9.677477918164e-01,-6.183197592059e-03,9.677675446604e-01,5.141875267120e-01,0.000000000000e+00
0.390000,9.661233674869e-01,-5.689651502991e-03,9.661401209651e-01,5.156583777062e-01,0.000000000000e+00
0.400000,9.644671681554e-01,-5.155333364523e-03,9.644809463706e-01,5.170918813180e-01,0.000000000000e+00
0.410000,9.627799478469e-01,-4.580420708365e-03,9.627908434494e-01,5.184833482551e-01,0.000000000000e+00
0.420000,9.610624631107e-01,-3.965159869189e-03,9.610706428214e-01,5.198282002175e-01,0.000000000000e+00
0.430000,9.593154714687e-01,-3.309864667989e-03,9.593211813587e-01,5.211219815051e-01,0.000000000000e+00
0.440000,9.575397299102e-01,-2.614914989834e-03,9.575433003979e-01,5.223603696080e-01,0.000000000000e+00
0.450000,9.557359934341e-01,-1.880755266783e-03,9.557378439645e-01,5.235391848429e-01,0.000000000000e+00
0.460000,9.539050136423e-01,-1.107892875924e-03,9.539056570115e-01,5.246543991061e-01,0.000000000000e+00
0.470000,9.520475373834e-01,-2.968964616633e-04,9.520475836771e-01,5.257021438104e-01,0.000000000000e+00
0.480000,9.501643054488e-01,5.516058093726e-04,9.501644655627e-01,5.266787170721e-01,0.000000000000e+00
0.490000,9.482560513194e-01,1.436928053269e-03,9.482571400344e-01,5.275805902107e-01,0.000000000000e+00
0.500000,9.463234999644e-01,2.358328526742e-03,9.463264385498e-01,5.284044136189e-01,0.000000000000e+00
0.510000,9.443673666894e-01,3.315011531893e-03,9.443731850118e-01,5.291470220575e-01,0.000000000000e+00
0.520000,9.423883560344e-01,4.306129362271e-03,9.423981941512e-01,5.298054394200e-01,0.000000000000e+00
0.530000,9.403871607201e-01,5.330784285287e-03,9.404022699400e-01,5.303768830107e-01,0.000000000000e+00
0.540000,9.383644606404e-01,6.388030556535e-03,9.383862040371e-01,5.308587673713e-01,0.000000000000e+00
0.550000,9.363209219008e-01,7.476876462021e-03,9.363507742672e-01,5.312487076860e-01,0.000000000000e+00
0.560000,9.342571959017e-01,8.596286384686e-03,9.342967431355e-01,5.315445227911e-01,0.000000000000e+00
0.570000,9.321739184637e-01,9.745182891975e-03,9.322248563804e-01,5.317442378094e-01,0.000000000000e+00
0.580000,9.300717089952e-01,1.092244884144e-02,9.301358415640e-01,5.318460864248e-01,0.000000000000e+00
0.590000,9.279511697006e-01,1.212692950164e-02,9.280304067043e-01,5.318485128089e-01,0.000000000000e+00
0.600000,9.258128848279e-01,1.335743468579e-02,9.259092389509e-01,5.317501732098e-01,0.000000000000e+00
0.610000,9.236574199548e-01,1.461274089570e-02,9.237730033044e-01,5.315499372066e-01,0.000000000000e+00
0.620000,9.214853213129e-01,1.589159347379e-02,9.216223413841e-01,5.312468886348e-01,0.000000000000e+00
0.630000,9.192971151484e-01,1.719270876087e-02,9.194578702446e-01,5.308403261829e-01,0.000000000000e+00
0.640000,9.170933071194e-01,1.851477625765e-02,9.172801812441e-01,5.303297636589e-01,0.000000000000e+00
0.650000,9.148743817291e-01,1.985646078775e-02,9.150898389662e-01,5.297149299282e-01,0.000000000000e+00
0.660000,9.126408017941e-01,2.121640466020e-02,9.128873801987e-01,5.289957685173e-01,0.000000000000e+00
0.670000,9.103930079481e-01,2.259322982929e-02,9.106733129695e-01,5.281724368829e-01,0.000000000000e+00
0.680000,9.081314181805e-01,2.398554004966e-02,9.084481156444e-01,5.272453053431e-01,0.000000000000e+00
0.690000,9.058564274092e-01,2.539192302459e-02,9.062122360868e-01,5.262149556678e-01,0.000000000000e+00
0.700000,9.035684070888e-01,2.681095254520e-02,9.039660908824e-01,5.250821793262e-01,0.000000000000e+00
0.710000,9.012677048528e-01,2.824119061857e-02,9.017100646318e-01,5.238479753902e-01,0.000000000000e+00
0.720000,8.989546441913e-01,2.968118958242e-02,8.994445093101e-01,5.225135480924e-01,0.000000000000e+00
0.730000,8.966295241621e-01,3.112949420427e-02,8.971697436988e-01,5.210803040389e-01,0.000000000000e+00
0.740000,8.942926191386e-01,3.258464376276e-02,8.948860528889e-01,5.195498490774e-01,0.000000000000e+00
0.750000,8.919441785914e-01,3.404517410890e-02,8.925936878576e-01,5.179239848240e-01,0.000000000000e+00
0.760000,8.895844269056e-01,3.550961970496e-02,8.902928651206e-01,5.162047048506e-01,0.000000000000e+00
0.770000,8.872135632338e-01,3.697651563879e-02,8.879837664590e-01,5.143941905378e-01,0.000000000000e+00
0.780000,8.848317613843e-01,3.844439961118e-02,8.856665387243e-01,5.124948065994e-01,0.000000000000e+00
0.790000,8.824391697460e-01,3.991181389410e-02,8.833412937197e-01,5.105090962850e-01,0.000000000000e+00
0.800000,8.800359112481e-01,4.137730725756e-02,8.810081081592e-01,5.084397762680e-01,0.000000000000e+00
0.810000,8.776220833571e-01,4.283943686274e-02,8.786670237051e-01,5.062897312300e-01,0.000000000000e+00
0.820000,8.751977581092e-01,4.429677011935e-02,8.763180470824e-01,5.040620081500e-01,0.000000000000e+00
0.830000,8.727629821798e-01,4.574788650504e-02,8.739611502710e-01,5.017598103112e-01,0.000000000000e+00
0.840000,8.703177769888e-01,4.719137934463e-02,8.715962707740e-01,4.993864910366e-01,0.000000000000e+00
0.850000,8.678621388428e-01,4.862585754725e-02,8.692233119625e-01,4.969455471683e-01,0.000000000000e+00
0.860000,8.653960391133e-01,5.004994729936e-02,8.668421434942e-01,4.944406123028e-01,0.000000000000e+00
0.870000,8.629194244512e-01,5.146229371175e-02,8.644526018060e-01,4.918754497985e-01,0.000000000000e+00
0.880000,8.604322170376e-01,5.286156241860e-02,8.620544906777e-01,4.892539455708e-01,0.000000000000e+00
0.890000,8.579343148706e-01,5.424644112701e-02,8.596475818657e-01,4.865801006909e-01,0.000000000000e+00
0.900000,8.554255920872e-01,5.561564111524e-02,8.572316158043e-01,4.838580238052e-01,0.000000000000e+00
0.910000,8.529058993208e-01,5.696789867806e-02,8.548063023726e-01,4.810919233914e-01,0.000000000000e+00
0.920000,8.503750640937e-01,5.830197651789e-02,8.523713217244e-01,4.782860998710e-01,0.000000000000e+00
0.930000,8.478328912441e-01,5.961666508022e-02,8.499263251780e-01,4.754449375932e-01,0.000000000000e+00
0.940000,8.452791633864e-01,6.091078383222e-02,8.474709361637e-01,4.725728967103e-01,0.000000000000e+00
0.950000,8.427136414053e-01,6.218318248329e-02,8.450047512259e-01,4.696745049605e-01,0.000000000000e+00
0.960000,8.401360649825e-01,6.343274214658e-02,8.425273410760e-01,4.667543493779e-01,0.000000000000e+00
0.970000,8.375461531553e-01,6.465837644063e-02,8.400382516941e-01,4.638170679451e-01,0.000000000000e+00
0.980000,8.349436049058e-01,6.585903253020e-02,8.375370054744e-01,4.608673412082e-01,0.000000000000e+00
0.990000,8.323280997814e-01,6.703369210593e-02,8.350231024128e-01,4.579098838695e-01,0.000000000000e+00
1.000000,8.296992985433e-01,6.818137230191e-02,8.324960213312e-01,4.549494363758e-01,0.000000000000e+00
1.010000,8.270568438448e-01,6.930112655106e-02,8.299552211365e-01,4.519907565189e-01,0.000000000000e+00
1.020000,8.244003609358e-01,7.039204537791e-02,8.274001421099e-01,4.490386110627e-01,0.000000000000e+00
1.030000,8.217294583938e-01,7.145325712854e-02,8.248302072224e-01,4.460977674150e-01,0.000000000000e+00
1.040000,8.190437288808e-01,7.248392863779e-02,8.222448234740e-01,4.431729853562e-01,0.000000000000e+00
1.050000,8.163427499226e-01,7.348326583360e-02,8.196433832520e-01,4.402690088412e-01,0.000000000000e+00
1.060000,8.136260847121e-01,7.445051427885e-02,8.170252657050e-01,4.373905578867e-01,0.000000000000e+00
1.070000,8.108932829334e-01,7.538495965085e-02,8.143898381291e-01,4.345423205583e-01,0.000000000000e+00
1.080000,8.081438816056e-01,7.628592815897e-02,8.117364573626e-01,4.317289450681e-01,0.000000000000e+00
1.090000,8.053774059460e-01,7.715278690079e-02,8.090644711856e-01,4.289550319964e-01,0.000000000000e+00
1.100000,8.025933702497e-01,7.798494415757e-02,8.063732197215e-01,4.262251266459e-01,0.000000000000e+00
1.110000,7.997912787856e-01,7.878184962955e-02,8.036620368368e-01,4.235437115417e-01,0.000000000000e+00
1.120000,7.969706267066e-01,7.954299461199e-02,8.009302515357e-01,4.209151990827e-01,0.000000000000e+00
1.130000,7.941309009719e-01,8.026791211286e-02,7.981771893467e-01,4.183439243577e-01,0.000000000000e+00
1.140000,7.912715812818e-01,8.095617691306e-02,7.954021736986e-01,4.158341381299e-01,0.000000000000e+00
1.150000,7.883921410208e-01,8.160740557033e-02,7.926045272816e-01,4.133900000007e-01,0.000000000000e+00
1.160000,7.854920482103e-01,8.222125636800e-02,7.897835733923e-01,4.110155717571e-01,0.000000000000e+00
1.170000,7.825707664666e-01,8.279742920965e-02,7.869386372595e-01,4.087148109106e-01,0.000000000000e+00
1.180000,7.796277559645e-01,8.333566546120e-02,7.840690473473e-01,4.064915644318e-01,0.000000000000e+00
1.190000,7.766624744045e-01,8.383574774162e-02,7.811741366350e-01,4.043495626869e-01,0.000000000000e+00
1.200000,7.736743779808e-01,8.429749966365e-02,7.782532438696e-01,4.022924135798e-01,0.000000000000e+00
1.210000,7.706629223509e-01,8.472078552621e-02,7.753057147903e-01,4.003235969033e-01,0.000000000000e+00
1.220000,7.676275636024e-01,8.510550995977e-02,7.723309033230e-01,3.984464589044e-01,0.000000000000e+00
1.230000,7.645677592179e-01,8.545161752641e-02,7.693281727413e-01,3.966642070661e-01,0.000000000000e+00
1.240000,7.614829690345e-01,8.575909227619e-02,7.662968967950e-01,3.949799051075e-01,0.000000000000e+00
1.250000,7.583726561976e-01,8.602795726134e-02,7.632364608028e-01,3.933964682061e-01,0.000000000000e+00
1.260000,7.552362881068e-01,8.625827401021e-02,7.601462627077e-01,3.919166584443e-01,0.000000000000e+00
1.270000,7.520733373529e-01,8.645014196239e-02,7.570257140959e-01,3.905430804811e-01,0.000000000000e+00
1.280000,7.488832826438e-01,8.660369786707e-02,7.538742411753e-01,3.892781774513e-01,0.000000000000e+00
1.290000,7.456656097182e-01,8.671911514611e-02,7.506912857148e-01,3.881242270948e-01,0.000000000000e+00
1.300000,7.424198122460e-01,8.679660322389e-02,7.474763059433e-01,3.870833381155e-01,0.000000000000e+00
1.310000,7.391453927132e-01,8.683640682546e-02,7.442287774062e-01,3.861574467736e-01,0.000000000000e+00
1.320000,7.358418632905e-01,8.683880524510e-02,7.409481937809e-01,3.853483137111e-01,0.000000000000e+00
1.330000,7.325087466838e-01,8.680411158685e-02,7.376340676492e-01,3.846575210124e-01,0.000000000000e+00
1.340000,7.291455769664e-01,8.673267197899e-02,7.342859312273e-01,3.840864695027e-01,0.000000000000e+00
1.350000,7.257519003894e-01,8.662486476425e-02,7.309033370523e-01,3.836363762839e-01,0.000000000000e+00
1.360000,7.223272761715e-01,8.648109966762e-02,7.274858586261e-01,3.833082725118e-01,0.000000000000e+00
1.370000,7.188712772655e-01,8.630181694346e-02,7.240330910152e-01,3.831030014151e-01,0.000000000000e+00
1.380000,7.153834911008e-01,8.608748650389e-02,7.205446514076e-01,3.830212165591e-01,0.000000000000e+00
1.390000,7.118635203009e-01,8.583860703005e-02,7.170201796268e-01,3.830633803560e-01,0.000000000000e+00
1.400000,7.083109833745e-01,8.555570506829e-02,7.134593386022e-01,3.832297628250e-01,0.000000000000e+00
1.410000,7.047255153795e-01,8.523933411272e-02,7.098618147970e-01,3.835204406035e-01,0.000000000000e+00
1.420000,7.011067685593e-01,8.489007367618e-02,7.062273185939e-01,3.839352962141e-01,0.000000000000e+00
1.430000,6.974544129490e-01,8.450852835113e-02,7.025555846381e-01,3.844740175899e-01,0.000000000000e+00
1.440000,6.937681369531e-01,8.409532686227e-02,6.988463721387e-01,3.851360978600e-01,0.000000000000e+00
1.450000,6.900476478915e-01,8.365112111257e-02,6.950994651300e-01,3.859208354018e-01,0.000000000000e+00
1.460000,6.862926725147e-01,8.317658522420e-02,6.913146726903e-01,3.868273341610e-01,0.000000000000e+00
1.470000,6.825029574864e-01,8.267241457623e-02,6.874918291220e-01,3.878545042450e-01,0.000000000000e+00
1.480000,6.786782698343e-01,8.213932484041e-02,6.836307940918e-01,3.890010627928e-01,0.000000000000e+00
1.490000,6.748183973672e-01,8.157805101675e-02,6.797314527318e-01,3.902655351264e-01,0.000000000000e+00
1.500000,6.709231490579e-01,8.098934647030e-02,6.757937157028e-01,3.916462561879e-01,0.000000000000e+00
1.510000,6.669923553934e-01,8.037398197063e-02,6.718175192201e-01,3.931413722650e-01,0.000000000000e+00
1.520000,6.630258686890e-01,7.973274473549e-02,6.678028250419e-01,3.947488430125e-01,0.000000000000e+00
1.530000,6.590235633695e-01,7.906643747982e-02,6.637496204232e-01,3.964664437709e-01,0.000000000000e+00
1.540000,6.549853362132e-01,7.837587747179e-02,6.596579180331e-01,3.982917681879e-01,0.000000000000e+00
1.550000,6.509111065632e-01,7.766189559672e-02,6.555277558388e-01,4.002222311464e-01,0.000000000000e+00
1.560000,6.468008165016e-01,7.692533543055e-02,6.513591969553e-01,4.022550720036e-01,0.000000000000e+00
1.570000,6.426544309895e-01,7.616705232368e-02,6.471523294635e-01,4.043873581430e-01,0.000000000000e+00
1.580000,6.384719379710e-01,7.538791249660e-02,6.429072661956e-01,4.066159888447e-01,0.000000000000e+00
1.590000,6.342533484433e-01,7.458879214818e-02,6.386241444901e-01,4.089376994745e-01,0.000000000000e+00
1.600000,6.299986964905e-01,7.377057657785e-02,6.343031259172e-01,4.113490659958e-01,0.000000000000e+00
1.610000,6.257080392836e-01,7.293415932239e-02,6.299443959749e-01,4.138465098057e-01,0.000000000000e+00
1.620000,6.213814570460e-01,7.208044130857e-02,6.255481637570e-01,4.164263028950e-01,0.000000000000e+00
1.630000,6.170190529845e-01,7.121033002223e-02,6.211146615946e-01,4.190845733348e-01,0.000000000000e+00
1.640000,6.126209531877e-01,7.032473869475e-02,6.166441446711e-01,4.218173110867e-01,0.000000000000e+00
1.650000,6.081873064903e-01,6.942458550763e-02,6.121368906126e-01,4.246203741376e-01,0.000000000000e+00
1.660000,6.037182843056e-01,6.851079281589e-02,6.075931990544e-01,4.274894949549e-01,0.000000000000e+00
1.670000,5.992140804257e-01,6.758428639086e-02,6.030133911842e-01,4.304202872600e-01,0.000000000000e+00
1.680000,5.946749107914e-01,6.664599468306e-02,5.983978092641e-01,4.334082531160e-01,0.000000000000e+00
1.690000,5.901010132305e-01,6.569684810553e-02,5.937468161318e-01,4.364487903223e-01,0.000000000000e+00
1.700000,5.854926471675e-01,6.473777833819e-02,5.890607946820e-01,4.395372001116e-01,0.000000000000e+00
1.710000,5.808500933045e-01,6.376971765361e-02,5.843401473298e-01,4.426686951400e-01,0.000000000000e+00
1.720000,5.761736532740e-01,6.279359826439e-02,5.795852954572e-01,4.458384077606e-01,0.000000000000e+00
1.730000,5.714636492655e-01,6.181035169270e-02,5.747966788424e-01,4.490413985715e-01,0.000000000000e+00
1.740000,5.667204236260e-01,6.082090816192e-02,5.699747550765e-01,4.522726652240e-01,0.000000000000e+00
1.750000,5.619443384364e-01,5.982619601068e-02,5.651199989646e-01,4.555271514792e-01,0.000000000000e+00
1.760000,5.571357750642e-01,5.882714112946e-02,5.602329019166e-01,4.587997564973e-01,0.000000000000e+00
1.770000,5.522951336947e-01,5.782466641962e-02,5.553139713256e-01,4.620853443429e-01,0.000000000000e+00
1.780000,5.474228328406e-01,5.681969127502e-02,5.503637299385e-01,4.653787536890e-01,0.000000000000e+00
1.790000,5.425193088324e-01,5.581313108607e-02,5.453827152171e-01,4.686748077001e-01,0.000000000000e+00
1.800000,5.375850152908e-01,5.480589676615e-02,5.403714786936e-01,4.719683240731e-01,0.000000000000e+00
1.810000,5.326204225822e-01,5.379889430015e-02,5.353305853205e-01,4.752541252146e-01,0.000000000000e+00
1.820000,5.276260172590e-01,5.279302431501e-02,5.302606128169e-01,4.785270485307e-01,0.000000000000e+00
1.830000,5.226023014856e-01,5.178918167190e-02,5.251621510127e-01,4.817819568041e-01,0.000000000000e+00
1.840000,5.175497924527e-01,5.078825507976e-02,5.200358011924e-01,4.850137486326e-01,0.000000000000e+00
1.850000,5.124690217801e-01,4.979112672981e-02,5.148821754395e-01,4.882173689023e-01,0.000000000000e+00
1.860000,5.073605349112e-01,4.879867195071e-02,5.097018959838e-01,4.913878192655e-01,0.000000000000e+00
1.870000,5.022248904985e-01,4.781175888375e-02,5.044955945534e-01,4.945201685960e-01,0.000000000000e+00
1.880000,4.970626597843e-01,4.683124817771e-02,4.992639117318e-01,4.976095633905e-01,0.000000000000e+00
1.890000,4.918744259758e-01,4.585799270284e-02,4.940074963235e-01,5.006512380846e-01,0.000000000000e+00
1.900000,4.866607836182e-01,4.489283728330e-02,4.887270047289e-01,5.036405252533e-01,0.000000000000e+00
1.910000,4.814223379658e-01,4.393661844760e-02,4.834231003304e-01,5.065728656629e-01,0.000000000000e+00
1.920000,4.761597043539e-01,4.299016419630e-02,4.780964528921e-01,5.094438181427e-01,0.000000000000e+00
1.930000,4.708735075721e-01,4.205429378632e-02,4.727477379736e-01,5.122490692430e-01,0.000000000000e+00
1.940000,4.655643812419e-01,4.112981753121e-02,4.673776363620e-01,5.149844426486e-01,0.000000000000e+00
1.950000,4.602329671987e-01,4.021753661663e-02,4.619868335223e-01,5.176459083142e-01,0.000000000000e+00
1.960000,4.548799148802e-01,3.931824293037e-02,4.565760190686e-01,5.202295912902e-01,0.000000000000e+00
1.970000,4.495058807241e-01,3.843271890601e-02,4.511458862586e-01,5.227317802082e-01,0.000000000000e+00
1.980000,4.441115275744e-01,3.756173737965e-02,4.456971315136e-01,5.251489353947e-01,0.000000000000e+00
1.990000,4.386975240988e-01,3.670606145874e-02,4.402304539650e-01,5.274776965843e-01,0.000000000000e+00
2.000000,4.332645442199e-01,3.586644440231e-02,4.347465550320e-01,5.297148902024e-01,0.000000000000e+00
2.010000,4.278132665585e-01,3.504362951179e-02,4.292461380291e-01,5.318575361928e-01,0.000000000000e+00
2.020000,4.223443738939e-01,3.423835003158e-02,4.237299078100e-01,5.339028543604e-01,0.000000000000e+00
2.030000,4.168585526393e-01,3.345132905856e-02,4.181985704474e-01,5.358482702089e-01,0.000000000000e+00
2.040000,4.113564923362e-01,3.268327945967e-02,4.126528329520e-01,5.376914202480e-01,0.000000000000e+00
2.050000,4.058388851669e-01,3.193490379685e-02,4.070934030343e-01,5.394301567513e-01,0.000000000000e+00
2.060000,4.003064254877e-01,3.120689425840e-02,4.015209889109e-01,5.410625519453e-01,0.000000000000e+00
2.070000,3.947598093824e-01,3.049993259599e-02,3.959362991593e-01,5.425869016141e-01,0.000000000000e+00
2.080000,3.891997342386e-01,2.981469006652e-02,3.903400426233e-01,5.440017281051e-01,0.000000000000e+00
2.090000,3.836268983468e-01,2.915182737801e-02,3.847329283732e-01,5.453057827250e-01,0.000000000000e+00
2.100000,3.780420005228e-01,2.851199463863e-02,3.791156657243e-01,5.464980475159e-01,0.000000000000e+00
2.110000,3.724457397555e-01,2.789583130831e-02,3.734889643168e-01,5.475777364060e-01,0.000000000000e+00
2.120000,3.668388148787e-01,2.730396615180e-02,3.678535342623e-01,5.485442957300e-01,0.000000000000e+00
2.130000,3.612219242696e-01,2.673701719281e-02,3.622100863607e-01,5.493974041194e-01,0.000000000000e+00
2.140000,3.555957655732e-01,2.619559166812e-02,3.565593323928e-01,5.501369717625e-01,0.000000000000e+00
2.150000,3.499610354529e-01,2.568028598114e-02,3.509019854936e-01,5.507631390394e-01,0.000000000000e+00
2.160000,3.443184293688e-01,2.519168565409e-02,3.452387606123e-01,5.512762745384e-01,0.000000000000e+00
2.170000,3.386686413824e-01,2.473036527817e-02,3.395703750662e-01,5.516769724629e-01,0.000000000000e+00
2.180000,3.330123639886e-01,2.429688846091e-02,3.338975491946e-01,5.519660494412e-01,0.000000000000e+00
2.190000,3.273502879754e-01,2.389180777012e-02,3.282210071219e-01,5.521445407540e-01,0.000000000000e+00
2.200000,3.216831023103e-01,2.351566467378e-02,3.225414776382e-01,5.522136959957e-01,0.000000000000e+00
2.210000,3.160114940539e-01,2.316898947514e-02,3.168596952082e-01,5.521749741891e-01,0.000000000000e+00
2.220000,3.103361483001e-01,2.285230124252e-02,3.111764011197e-01,5.520300383749e-01,0.000000000000e+00
2.230000,3.046577481429e-01,2.256610773310e-02,3.054923447842e-01,5.517807497006e-01,0.000000000000e+00
2.240000,2.989769746687e-01,2.231090531026e-02,2.998082852054e-01,5.514291610317e-01,0.000000000000e+00
2.250000,2.932945069741e-01,2.208717885377e-02,2.941249926323e-01,5.509775101157e-01,0.000000000000e+00
2.260000,2.876110222090e-01,2.189540166235e-02,2.884432504152e-01,5.504282123246e-01,0.000000000000e+00
2.270000,2.819271956422e-01,2.173603534817e-02,2.827638570881e-01,5.497838530084e-01,0.000000000000e+00
2.280000,2.762437007517e-01,2.160952972260e-02,2.770876287022e-01,5.490471794907e-01,0.000000000000e+00
2.290000,2.705612093359e-01,2.151632267304e-02,2.714154014397e-01,5.482210927376e-01,0.000000000000e+00
2.300000,2.648803916467e-01,2.145684003005e-02,2.657480345421e-01,5.473086387356e-01,0.000000000000e+00
2.310000,2.592019165421e-01,2.143149542470e-02,2.600864135922e-01,5.463129996108e-01,0.000000000000e+00
2.320000,2.535264516577e-01,2.144069013558e-02,2.544314541947e-01,5.452374845246e-01,0.000000000000e+00
2.330000,2.478546635957e-01,2.148481292512e-02,2.487841061092e-01,5.440855203817e-01,0.000000000000e+00
2.340000,2.421872181298e-01,2.156423986500e-02,2.431453578961e-01,5.428606423840e-01,0.000000000000e+00
2.350000,2.365247804247e-01,2.167933415040e-02,2.375162421481e-01,5.415664844658e-01,0.000000000000e+00
2.360000,2.308680152685e-01,2.183044590270e-02,2.318978413922e-01,5.402067696457e-01,0.000000000000e+00
2.370000,2.252175873162e-01,2.201791196062e-02,2.262912947588e-01,5.387853003279e-01,0.000000000000e+00
2.380000,2.195741613426e-01,2.224205565962e-02,2.206978055380e-01,5.373059485874e-01,0.000000000000e+00
2.390000,2.139384025036e-01,2.250318659940e-02,2.151186497561e-01,5.357726464714e-01,0.000000000000e+00
2.400000,2.083109766015e-01,2.280160039956e-02,2.095551859378e-01,5.341893763486e-01,0.000000000000e+00
2.410000,2.026925503557e-01,2.313757844348e-02,2.040088662434e-01,5.325601613372e-01,0.000000000000e+00
2.420000,1.970837916737e-01,2.351138761041e-02,1.984812492097e-01,5.308890558401e-01,0.000000000000e+00
2.430000,1.914853699217e-01,2.392327999605e-02,1.929740143642e-01,5.291801362161e-01,0.000000000000e+00
2.440000,1.858979561923e-01,2.437349262189e-02,1.874889790336e-01,5.274374916137e-01,0.000000000000e+00
2.450000,1.803222235663e-01,2.486224713358e-02,1.820281177302e-01,5.256652149909e-01,0.000000000000e+00
2.460000,1.747588473675e-01,2.538974948884e-02,1.765935845729e-01,5.238673943470e-01,0.000000000000e+00
2.470000,1.692085054062e-01,2.595618963541e-02,1.711877392870e-01,5.220481041843e-01,0.000000000000e+00
2.480000,1.636718782103e-01,2.656174117979e-02,1.658131774359e-01,5.202113972237e-01,0.000000000000e+00
2.490000,1.581496492404e-01,2.720656104737e-02,1.604727656610e-01,5.183612963887e-01,0.000000000000e+00
2.500000,1.526425050869e-01,2.789078913507e-02,1.551696828565e-01,5.165017870772e-01,0.000000000000e+00
2.510000,1.471511356452e-01,2.861454795732e-02,1.499074683812e-01,5.146368097333e-01,0.000000000000e+00
2.520000,1.416762342678e-01,2.937794228671e-02,1.446900786140e-01,5.127702527343e-01,0.000000000000e+00
2.530000,1.362184978890e-01,3.018105879055e-02,1.395219533867e-01,5.109059456036e-01,0.000000000000e+00
2.540000,1.307786271194e-01,3.102396566483e-02,1.344080940897e-01,5.090476525587e-01,0.000000000000e+00
2.550000,1.253573263088e-01,3.190671226727e-02,1.293541555073e-01,5.071990664053e-01,0.000000000000e+00
2.560000,1.199553035722e-01,3.282932875127e-02,1.243665537086e-01,5.053638027820e-01,0.000000000000e+00
2.570000,1.145732707780e-01,3.379182570261e-02,1.194525925256e-01,5.035453947652e-01,0.000000000000e+00
2.580000,1.092119434944e-01,3.479419378136e-02,1.146206112473e-01,5.017472878365e-01,0.000000000000e+00
2.590000,1.038720408914e-01,3.583640337095e-02,1.098801560133e-01,4.999728352203e-01,0.000000000000e+00
2.600000,9.855428559572e-02,3.691840423732e-02,1.052421768148e-01,4.982252935941e-01,0.000000000000e+00
2.610000,9.325940349581e-02,3.804012520046e-02,1.007192507203e-01,4.965078191750e-01,0.000000000000e+00
2.620000,8.798812349409e-02,3.920147382158e-02,9.632582948408e-02,4.948234641879e-01,0.000000000000e+00
2.630000,8.274117720440e-02,4.040233610855e-02,9.207850546245e-02,4.931751737172e-01,0.000000000000e+00
2.640000,7.751929859190e-02,4.164257624310e-02,8.799628293481e-02,4.915657829467e-01,0.000000000000e+00
2.650000,7.232322355353e-02,4.292203633294e-02,8.410083155439e-02,4.899980147908e-01,0.000000000000e+00
2.660000,6.715368943685e-02,4.424053619221e-02,8.041668388808e-02,4.884744779220e-01,0.000000000000e+00
2.670000,6.201143449576e-02,4.559787315390e-02,7.697131962219e-02,4.869976651976e-01,0.000000000000e+00
2.680000,5.689719728153e-02,4.699382191772e-02,7.379505645318e-02,4.855699524907e-01,0.000000000000e+00
2.690000,5.181171596814e-02,4.842813443724e-02,7.092064661743e-02,4.841935979282e-01,0.000000000000e+00
2.700000,4.675572761098e-02,4.990053984981e-02,6.838246808748e-02,4.828707415393e-01,0.000000000000e+00
2.710000,4.172996733873e-02,5.141074445305e-02,6.621521591982e-02,4.816034053160e-01,0.000000000000e+00
2.720000,3.673516747823e-02,5.295843173151e-02,6.445205986712e-02,4.803934936839e-01,0.000000000000e+00
2.730000,3.177205661292e-02,5.454326243702e-02,6.312234991418e-02,4.792427943803e-01,0.000000000000e+00
2.740000,2.684135857566e-02,5.616487472623e-02,6.224910989886e-02,4.781529797306e-01,0.000000000000e+00
2.750000,2.194379137749e-02,5.782288435859e-02,6.184671321554e-02,4.771256083089e-01,0.000000000000e+00
2.760000,1.708006607425e-02,5.951688495777e-02,6.191920745760e-02,4.761621269603e-01,0.000000000000e+00
2.770000,1.225088557355e-02,6.124644833962e-02,6.245968004685e-02,4.752638731538e-01,0.000000000000e+00
2.780000,7.456943385331e-03,6.301112490914e-02,6.345083030952e-02,4.744320776237e-01,0.000000000000e+00
2.790000,2.698922319790e-03,6.481044412876e-02,6.486661583477e-02,4.736678672414e-01,0.000000000000e+00
2.800000,-2.022506862908e-03,6.664391506017e-02,6.667459747578e-02,4.729722680477e-01,0.000000000000e+00
2.810000,-6.706686845928e-03,6.851102698122e-02,6.883851005412e-02,4.723462083537e-01,0.000000000000e+00
2.820000,-1.135297518620e-02,7.041125007942e-02,7.132064345843e-02,4.717905218039e-01,0.000000000000e+00
2.830000,-1.596074577528e-02,7.234403622289e-02,7.408377003583e-02,4.713059502704e-01,0.000000000000e+00
2.840000,-2.052939032322e-02,7.430881980957e-02,7.709251953681e-02,4.708931464302e-01,0.000000000000e+00
2.850000,-2.505831985705e-02,7.630501869476e-02,8.031422832890e-02,4.705526758531e-01,0.000000000000e+00
2.860000,-2.954696622469e-02,7.833203519693e-02,8.371935828216e-02,4.702850184149e-01,0.000000000000e+00
2.870000,-3.399478359428e-02,8.038925718104e-02,8.728160162223e-02,4.700905688292e-01,0.000000000000e+00
2.880000,-3.840124993768e-02,8.247605921837e-02,9.097777938028e-02,4.699696360860e-01,0.000000000000e+00
2.890000,-4.276586848638e-02,8.459180382099e-02,9.478761934495e-02,4.699224415804e-01,0.000000000000e+00
2.900000,-4.708816914681e-02,8.673584274872e-02,9.869347542228e-02,4.699491157194e-01,0.000000000000e+00
2.910000,-5.136770986126e-02,8.890751838533e-02,1.026800294207e-01,4.700496928143e-01,0.000000000000e+00
2.920000,-5.560407789981e-02,9.110616518012e-02,1.067340002666e-01,4.702241040928e-01,0.000000000000e+00
2.930000,-5.979689106799e-02,9.333111114990e-02,1.108438743904e-01,4.704721687117e-01,0.000000000000e+00
2.940000,-6.394579881437e-02,9.558167943511e-02,1.149996636067e-01,4.707935827054e-01,0.000000000000e+00
2.950000,-6.805048322183e-02,9.785718990264e-02,1.191926922356e-01,4.711879058812e-01,0.000000000000e+00
2.960000,-7.211065986673e-02,1.001569607861e-01,1.234154125720e-01,4.716545467535e-01,0.000000000000e+00
2.970000,-7.612607853002e-02,1.024803103526e-01,1.276612464389e-01,4.721927457053e-01,0.000000000000e+00
2.980000,-8.009652374578e-02,1.048265585835e-01,1.319244499728e-01,4.728015566628e-01,0.000000000000e+00
2.990000,-8.402181517381e-02,1.071950288539e-01,1.361999986640e-01,4.734798276680e-01,0.000000000000e+00
3.000000,-8.790180778499e-02,1.095850495939e-01,1.404834897999e-01,4.742261808240e-01,0.000000000000e+00
3.010000,-9.173639185073e-02,1.119959559137e-01,1.447710597144e-01,4.750389921628e-01,0.000000000000e+00
3.020000,-9.552549273135e-02,1.144270911710e-01,1.490593135481e-01,4.759163720434e-01,0.000000000000e+00
3.030000,-9.926907046179e-02,1.168778084579e-01,1.533452655294e-01,4.768561467111e-01,0.000000000000e+00
3.040000,-1.029671191378e-01,1.193474719868e-01,1.576262880778e-01,4.778558416539e-01,0.000000000000e+00
3.050000,-1.066196661107e-01,1.218354583491e-01,1.619000682912e-01,4.789126673557e-01,0.000000000000e+00
3.060000,-1.102267710030e-01,1.243411576251e-01,1.661645706078e-01,4.800235079911e-01,0.000000000000e+00
3.070000,-1.137885245641e-01,1.268639743238e-01,1.704180046348e-01,4.811849135301e-01,0.000000000000e+00
3.080000,-1.173050473886e-01,1.294033281329e-01,1.746587973013e-01,4.823930956249e-01,0.000000000000e+00
3.090000,-1.207764885248e-01,1.319586544627e-01,1.788855686409e-01,4.836439275577e-01,0.000000000000e+00
3.100000,-1.242030240043e-01,1.345294047733e-01,1.830971106284e-01,4.849329484316e-01,0.000000000000e+00
3.110000,-1.275848553278e-01,1.371150466793e-01,1.872923685976e-01,4.862553716983e-01,0.000000000000e+00
3.120000,-1.309222079413e-01,1.397150638291e-01,1.914704248520e-01,4.876060980366e-01,0.000000000000e+00
3.130000,-1.342153297369e-01,1.423289555683e-01,1.956304841520e-01,4.889797325241e-01,0.000000000000e+00
3.140000,-1.374644896138e-01,1.449562363956e-01,1.997718608182e-01,4.903706059873e-01,0.000000000000e+00
3.150000,-1.406699761270e-01,1.475964352319e-01,2.038939672397e-01,4.917728003547e-01,0.000000000000e+00
3.160000,-1.438320962508e-01,1.502490945226e-01,2.079963036132e-01,4.931801777904e-01,0.000000000000e+00
3.170000,-1.469511742757e-01,1.529137692018e-01,2.120784487696e-01,4.945864133393e-01,0.000000000000e+00
3.180000,-1.500275508536e-01,1.555900255464e-01,2.161400519678e-01,4.959850307636e-01,0.000000000000e+00
3.190000,-1.530615821977e-01,1.582774399493e-01,2.201808255543e-01,4.973694412065e-01,0.000000000000e+00
3.200000,-1.560536394383e-01,1.609755976441e-01,2.242005383999e-01,4.987329842621e-01,0.000000000000e+00
3.210000,-1.590041081302e-01,1.636840914066e-01,2.281990100370e-01,5.000689709715e-01,0.000000000000e+00
3.220000,-1.619133879023e-01,1.664025202631e-01,2.321761054284e-01,5.013707282022e-01,0.000000000000e+00
3.230000,-1.647818922366e-01,1.691304882251e-01,2.361317303039e-01,5.026316437981e-01,0.000000000000e+00
3.240000,-1.676100483589e-01,1.718676030741e-01,2.400658270086e-01,5.038452118290e-01,0.000000000000e+00
3.250000,-1.703982972259e-01,1.746134752107e-01,2.439783708091e-01,5.050050772156e-01,0.000000000000e+00
3.260000,-1.731470935874e-01,1.773677165819e-01,2.478693666092e-01,5.061050789831e-01,0.000000000000e+00
3.270000,-1.758569061061e-01,1.801299396967e-01,2.517388460296e-01,5.071392913971e-01,0.000000000000e+00
3.280000,-1.785282175166e-01,1.828997567362e-01,2.555868648108e-01,5.081020622712e-01,0.000000000000e+00
3.290000,-1.811615248066e-01,1.856767787621e-01,2.594135005001e-01,5.089880478091e-01,0.000000000000e+00
3.300000,-1.837573394056e-01,1.884606150251e-01,2.632188503908e-01,5.097922434428e-01,0.000000000000e+00
3.310000,-1.863161873676e-01,1.912508723724e-01,2.670030296802e-01,5.105100102509e-01,0.000000000000e+00
3.320000,-1.888386095385e-01,1.940471547520e-01,2.707661698214e-01,5.111370966844e-01,0.000000000000e+00
3.330000,-1.913251616983e-01,1.968490628102e-01,2.745084170442e-01,5.116696554640e-01,0.000000000000e+00
3.340000,-1.937764146730e-01,1.996561935783e-01,2.782299310242e-01,5.121042556555e-01,0.000000000000e+00
3.350000,-1.961929544129e-01,2.024681402424e-01,2.819308836834e-01,5.124378900568e-01,0.000000000000e+00
3.360000,-1.985753820331e-01,2.052844919917e-01,2.856114581068e-01,5.126679781360e-01,0.000000000000e+00
3.370000,-2.009243138176e-01,2.081048339399e-01,2.892718475625e-01,5.127923648529e-01,0.000000000000e+00
3.380000,-2.032403811872e-01,2.109287471126e-01,2.929122546150e-01,5.128093157609e-01,0.000000000000e+00
3.390000,-2.055242306317e-01,2.137558084978e-01,2.965328903230e-01,5.127175088312e-01,0.000000000000e+00
3.400000,-2.077765236095e-01,2.165855911515e-01,3.001339735147e-01,5.125160234658e-01,0.000000000000e+00
3.410000,-2.099979364171e-01,2.194176643560e-01,3.037157301341e-01,5.122043271720e-01,0.000000000000e+00
3.420000,-2.121891600305e-01,2.222515938242e-01,3.072783926537e-01,5.117822603620e-01,0.000000000000e+00
3.430000,-2.143508999221e-01,2.250869419464e-01,3.108221995485e-01,5.112500197184e-01,0.000000000000e+00
3.440000,-2.164838758546e-01,2.279232680756e-01,3.143473948282e-01,5.106081405370e-01,0.000000000000e+00
3.450000,-2.185888216542e-01,2.307601288467e-01,3.178542276225e-01,5.098574784193e-01,0.000000000000e+00
3.460000,-2.206664849661e-01,2.335970785252e-01,3.213429518175e-01,5.089991906453e-01,0.000000000000e+00
3.470000,-2.227176269916e-01,2.364336693839e-01,3.248138257389e-01,5.080347175138e-01,0.000000000000e+00
3.480000,-2.247430222101e-01,2.392694521012e-01,3.282671118783e-01,5.069657638917e-01,0.000000000000e+00
3.490000,-2.267434580851e-01,2.421039761794e-01,3.317030766608e-01,5.057942811748e-01,0.000000000000e+00
3.500000,-2.287197347562e-01,2.449367903791e-01,3.351219902485e-01,5.045224498153e-01,0.000000000000e+00
3.510000,-2.306726647152e-01,2.477674431659e-01,3.385241263777e-01,5.031526625404e-01,0.000000000000e+00
3.520000,-2.326030724688e-01,2.505954831672e-01,3.419097622264e-01,5.016875083489e-01,0.000000000000e+00
3.530000,-2.345117941854e-01,2.534204596339e-01,3.452791783081e-01,5.001297573419e-01,0.000000000000e+00
3.540000,-2.363996773276e-01,2.562419229070e-01,3.486326583894e-01,4.984823464206e-01,0.000000000000e+00
3.550000,-2.382675802685e-01,2.590594248824e-01,3.519704894269e-01,4.967483658594e-01,0.000000000000e+00
3.560000,-2.401163718930e-01,2.618725194743e-01,3.552929615217e-01,4.949310467453e-01,0.000000000000e+00
3.570000,-2.419469311823e-01,2.646807630717e-01,3.586003678871e-01,4.930337492597e-01,0.000000000000e+00
3.580000,-2.437601467831e-01,2.674837149875e-01,3.618930048278e-01,4.910599517670e-01,0.000000000000e+00
3.590000,-2.455569165598e-01,2.702809378958e-01,3.651711717266e-01,4.890132406643e-01,0.000000000000e+00
3.600000,-2.473381471302e-01,2.730719982559e-01,3.684351710372e-01,4.868973009442e-01,0.000000000000e+00
3.610000,-2.491047533858e-01,2.758564667214e-01,3.716853082804e-01,4.847159074131e-01,0.000000000000e+00
3.620000,-2.508576579960e-01,2.786339185308e-01,3.749218920403e-01,4.824729165105e-01,0.000000000000e+00
3.630000,-2.525977908957e-01,2.814039338785e-01,3.781452339613e-01,4.801722586708e-01,0.000000000000e+00
3.640000,-2.543260887598e-01,2.841660982652e-01,3.813556487416e-01,4.778179311722e-01,0.000000000000e+00
3.650000,-2.560434944621e-01,2.869200028249e-01,3.845534541223e-01,4.754139914155e-01,0.000000000000e+00
3.660000,-2.577509565210e-01,2.896652446280e-01,3.877389708720e-01,4.729645505836e-01,0.000000000000e+00
3.670000,-2.594494285330e-01,2.924014269594e-01,3.909125227644e-01,4.704737676293e-01,0.000000000000e+00
3.680000,-2.611398685944e-01,2.951281595706e-01,3.940744365485e-01,4.679458435469e-01,0.000000000000e+00
3.690000,-2.628232387122e-01,2.978450589043e-01,3.972250419107e-01,4.653850158855e-01,0.000000000000e+00
3.700000,-2.645005042063e-01,3.005517482932e-01,4.003646714278e-01,4.627955534636e-01,0.000000000000e+00
3.710000,-2.661726331024e-01,3.032478581296e-01,4.034936605114e-01,4.601817512525e-01,0.000000000000e+00
3.720000,-2.678405955193e-01,3.059330260085e-01,4.066123473418e-01,4.575479253956e-01,0.000000000000e+00
3.730000,-2.695053630489e-01,3.086068968424e-01,4.097210727932e-01,4.548984083370e-01,0.000000000000e+00
3.740000,-2.711679081328e-01,3.112691229488e-01,4.128201803479e-01,4.522375440355e-01,0.000000000000e+00
3.750000,-2.728292034349e-01,3.139193641107e-01,4.159100160017e-01,4.495696832423e-01,0.000000000000e+00
3.760000,-2.744902212116e-01,3.165572876099e-01,4.189909281592e-01,4.468991788257e-01,0.000000000000e+00
3.770000,-2.761519326813e-01,3.191825682352e-01,4.220632675190e-01,4.442303811279e-01,0.000000000000e+00
3.780000,-2.778153073937e-01,3.217948882641e-01,4.251273869503e-01,4.415676333408e-01,0.000000000000e+00
3.790000,-2.794813126004e-01,3.243939374210e-01,4.281836413601e-01,4.389152668915e-01,0.000000000000e+00
3.800000,-2.811509126268e-01,3.269794128117e-01,4.312323875517e-01,4.362775968298e-01,0.000000000000e+00
3.810000,-2.828250682471e-01,3.295510188348e-01,4.342739840747e-01,4.336589172115e-01,0.000000000000e+00
3.820000,-2.845047360640e-01,3.321084670731e-01,4.373087910670e-01,4.310634964730e-01,0.000000000000e+00
3.830000,-2.861908678911e-01,3.346514761632e-01,4.403371700895e-01,4.284955727953e-01,0.000000000000e+00
3.840000,-2.878844101417e-01,3.371797716478e-01,4.433594839530e-01,4.259593494558e-01,0.000000000000e+00
3.850000,-2.895863032228e-01,3.396930858095e-01,4.463760965385e-01,4.234589901668e-01,0.000000000000e+00
3.860000,-2.912974809355e-01,3.421911574886e-01,4.493873726116e-01,4.209986144031e-01,0.000000000000e+00
3.870000,-2.930188698818e-01,3.446737318866e-01,4.523936776298e-01,4.185822927185e-01,0.000000000000e+00
3.880000,-2.947513888780e-01,3.471405603558e-01,4.553953775453e-01,4.162140420551e-01,0.000000000000e+00
3.890000,-2.964959483765e-01,3.495914001771e-01,4.583928386019e-01,4.138978210479e-01,0.000000000000e+00
3.900000,-2.982534498933e-01,3.520260143283e-01,4.613864271271e-01,4.116375253272e-01,0.000000000000e+00
3.910000,-3.000247854444e-01,3.544441712419e-01,4.643765093201e-01,4.094369828250e-01,0.000000000000e+00
3.920000,-3.018108369886e-01,3.568456445572e-01,4.673634510349e-01,4.072999490873e-01,0.000000000000e+00
3.930000,-3.036124758787e-01,3.592302128655e-01,4.703476175602e-01,4.052301025981e-01,0.000000000000e+00
3.940000,-3.054305623189e-01,3.615976594511e-01,4.733293733955e-01,4.032310401207e-01,0.000000000000e+00
3.950000,-3.072659448304e-01,3.639477720298e-01,4.763090820234e-01,4.013062720595e-01,0.000000000000e+00
3.960000,-3.091194597231e-01,3.662803424857e-01,4.792871056798e-01,3.994592178490e-01,0.000000000000e+00
3.970000,-3.109919305742e-01,3.685951666080e-01,4.822638051203e-01,3.976932013746e-01,0.000000000000e+00
3.980000,-3.128841677132e-01,3.708920438295e-01,4.852395393841e-01,3.960114464318e-01,0.000000000000e+00
3.990000,-3.147969677122e-01,3.731707769680e-01,4.882146655558e-01,3.944170722269e-01,0.000000000000e+00
4.000000,-3.167311128823e-01,3.754311719719e-01,4.911895385244e-01,3.929130889282e-01,0.000000000000e+00
4.010000,-3.186873707741e-01,3.776730376717e-01,4.941645107402e-01,3.915023932705e-01,0.000000000000e+00
4.020000,-3.206664936838e-01,3.798961855381e-01,4.971399319688e-01,3.901877642205e-01,0.000000000000e+00
4.030000,-3.226692181621e-01,3.821004294491e-01,5.001161490439e-01,3.889718587080e-01,0.000000000000e+00
4.040000,-3.246962645268e-01,3.842855854657e-01,5.030935056174e-01,3.878572074296e-01,0.000000000000e+00
4.050000,-3.267483363789e-01,3.864514716191e-01,5.060723419068e-01,3.868462107305e-01,0.000000000000e+00
4.060000,-3.288261201200e-01,3.885979077097e-01,5.090529944412e-01,3.859411345710e-01,0.000000000000e+00
4.070000,-3.309302844721e-01,3.907247151183e-01,5.120357958044e-01,3.851441065834e-01,0.000000000000e+00
4.080000,-3.330614799978e-01,3.928317166330e-01,5.150210743757e-01,3.844571122267e-01,0.000000000000e+00
4.090000,-3.352203386224e-01,3.949187362892e-01,5.180091540681e-01,3.838819910442e-01,0.000000000000e+00
4.100000,-3.374074731545e-01,3.969855992272e-01,5.210003540635e-01,3.834204330331e-01,0.000000000000e+00
4.110000,-3.396234768072e-01,3.990321315660e-01,5.239949885454e-01,3.830739751307e-01,0.000000000000e+00
4.120000,-3.418689227181e-01,4.010581602949e-01,5.269933664285e-01,3.828439978255e-01,0.000000000000e+00
4.130000,-3.441443634677e-01,4.030635131838e-01,5.299957910840e-01,3.827317219005e-01,0.000000000000e+00
4.140000,-3.464503305962e-01,4.050480187125e-01,5.330025600625e-01,3.827382053166e-01,0.000000000000e+00
4.150000,-3.487873341181e-01,4.070115060199e-01,5.360139648123e-01,3.828643402431e-01,0.000000000000e+00
4.160000,-3.511558620342e-01,4.089538048738e-01,5.390302903936e-01,3.831108502437e-01,0.000000000000e+00
4.170000,-3.535563798409e-01,4.108747456618e-01,5.420518151882e-01,3.834782876271e-01,0.000000000000e+00
4.180000,-3.559893300364e-01,4.127741594025e-01,5.450788106047e-01,3.839670309694e-01,0.000000000000e+00
4.190000,-3.584551316240e-01,4.146518777800e-01,5.481115407780e-01,3.845772828185e-01,0.000000000000e+00
4.200000,-3.609541796117e-01,4.165077331991e-01,5.511502622641e-01,3.853090675883e-01,0.000000000000e+00
4.210000,-3.634868445094e-01,4.183415588628e-01,5.541952237282e-01,3.861622296538e-01,0.000000000000e+00
4.220000,-3.660534718219e-01,4.201531888731e-01,5.572466656277e-01,3.871364316541e-01,0.000000000000e+00
4.230000,-3.686543815400e-01,4.219424583529e-01,5.603048198878e-01,3.882311530159e-01,0.000000000000e+00
4.240000,-3.712898676278e-01,4.237092035905e-01,5.633699095713e-01,3.894456887058e-01,0.000000000000e+00
4.250000,-3.739601975086e-01,4.254532622067e-01,5.664421485403e-01,3.907791482219e-01,0.000000000000e+00
4.260000,-3.766656115479e-01,4.271744733434e-01,5.695217411117e-01,3.922304548354e-01,0.000000000000e+00
4.270000,-3.794063225358e-01,4.288726778735e-01,5.726088817042e-01,3.937983450927e-01,0.000000000000e+00
4.280000,-3.821825151677e-01,4.305477186327e-01,5.757037544778e-01,3.954813685879e-01,0.000000000000e+00
4.290000,-3.849943455259e-01,4.321994406715e-01,5.788065329656e-01,3.972778880177e-01,0.000000000000e+00
4.300000,-3.878419405608e-01,4.338276915272e-01,5.819173796973e-01,3.991860795276e-01,0.000000000000e+00
4.310000,-3.907253975746e-01,4.354323215160e-01,5.850364458140e-01,4.012039333618e-01,0.000000000000e+00
4.320000,-3.936447837074e-01,4.370131840430e-01,5.881638706750e-01,4.033292548257e-01,0.000000000000e+00
4.330000,-3.966001354273e-01,4.385701359306e-01,5.912997814570e-01,4.055596655725e-01,0.000000000000e+00
4.340000,-3.995914580251e-01,4.401030377636e-01,5.944442927435e-01,4.078926052232e-01,0.000000000000e+00
4.350000,-4.026187251162e-01,4.416117542501e-01,5.975975061076e-01,4.103253333302e-01,0.000000000000e+00
4.360000,-4.056818781498e-01,4.430961545974e-01,6.007595096860e-01,4.128549316941e-01,0.000000000000e+00
4.370000,-4.087808259277e-01,4.445561129010e-01,6.039303777454e-01,4.154783070415e-01,0.000000000000e+00
4.380000,-4.119154441345e-01,4.459915085464e-01,6.071101702426e-01,4.181921940733e-01,0.000000000000e+00
4.390000,-4.150855748807e-01,4.474022266211e-01,6.102989323762e-01,4.209931588914e-01,0.000000000000e+00
4.400000,-4.182910262597e-01,4.487881583369e-01,6.134966941336e-01,4.238776028092e-01,0.000000000000e+00
4.410000,-4.215315719225e-01,4.501492014591e-01,6.167034698311e-01,4.268417665535e-01,0.000000000000e+00
4.420000,-4.248069506709e-01,4.514852607425e-01,6.199192576506e-01,4.298817348627e-01,0.000000000000e+00
4.430000,-4.281168660707e-01,4.527962483718e-01,6.231440391705e-01,4.329934414853e-01,0.000000000000e+00
4.440000,-4.314609860886e-01,4.540820844047e-01,6.263777788954e-01,4.361726745811e-01,0.000000000000e+00
4.450000,-4.348389427541e-01,4.553426972163e-01,6.296204237823e-01,4.394150825288e-01,0.000000000000e+00
4.460000,-4.382503318486e-01,4.565780239421e-01,6.328719027673e-01,4.427161801381e-01,0.000000000000e+00
4.470000,-4.416947126241e-01,4.577880109181e-01,6.361321262917e-01,4.460713552680e-01,0.000000000000e+00
4.480000,-4.451716075547e-01,4.589726141166e-01,6.394009858311e-01,4.494758758461e-01,0.000000000000e+00
4.490000,-4.486805021216e-01,4.601317995743e-01,6.426783534270e-01,4.529248972876e-01,0.000000000000e+00
4.500000,-4.522208446357e-01,4.612655438122e-01,6.459640812239e-01,4.564134703064e-01,0.000000000000e+00
4.510000,-4.557920460990e-01,4.623738342432e-01,6.492580010134e-01,4.599365491117e-01,0.000000000000e+00
4.520000,-4.593934801077e-01,4.634566695680e-01,6.525599237867e-01,4.634889999811e-01,0.000000000000e+00
4.530000,-4.630244827993e-01,4.645140601541e-01,6.558696392977e-01,4.670656101985e-01,0.000000000000e+00
4.540000,-4.666843528464e-01,4.655460283984e-01,6.591869156386e-01,4.706610973437e-01,0.000000000000e+00
4.550000,-4.703723514980e-01,4.665526090690e-01,6.625114988306e-01,4.742701189195e-01,0.000000000000e+00
4.560000,-4.740877026729e-01,4.675338496263e-01,6.658431124312e-01,4.778872822985e-01,0.000000000000e+00
4.570000,-4.778295931054e-01,4.684898105191e-01,6.691814571605e-01,4.815071549708e-01,0.000000000000e+00
4.580000,-4.815971725456e-01,4.694205654555e-01,6.725262105498e-01,4.851242750715e-01,0.000000000000e+00
4.590000,-4.853895540176e-01,4.703262016446e-01,6.758770266127e-01,4.887331621651e-01,0.000000000000e+00
4.600000,-4.892058141361e-01,4.712068200092e-01,6.792335355441e-01,4.923283282616e-01,0.000000000000e+00
4.610000,-4.930449934830e-01,4.720625353661e-01,6.825953434465e-01,4.959042890367e-01,0.000000000000e+00
4.620000,-4.969060970470e-01,4.728934765717e-01,6.859620320882e-01,4.994555752285e-01,0.000000000000e+00
4.630000,-5.007880947264e-01,4.736997866331e-01,6.893331586947e-01,5.029767441783e-01,0.000000000000e+00
4.640000,-5.046899218965e-01,4.744816227811e-01,6.927082557764e-01,5.064623914845e-01,0.000000000000e+00
4.650000,-5.086104800431e-01,4.752391565041e-01,6.960868309948e-01,5.099071627348e-01,0.000000000000e+00
4.660000,-5.125486374626e-01,4.759725735425e-01,6.994683670685e-01,5.133057652802e-01,0.000000000000e+00
4.670000,-5.165032300301e-01,4.766820738399e-01,7.028523217234e-01,5.166529800157e-01,0.000000000000e+00
4.680000,-5.204730620348e-01,4.773678714527e-01,7.062381276873e-01,5.199436731278e-01,0.000000000000e+00
4.690000,-5.244569070839e-01,4.780301944148e-01,7.096251927322e-01,5.231728077705e-01,0.000000000000e+00
4.700000,-5.284535090749e-01,4.786692845575e-01,7.130128997658e-01,5.263354556290e-01,0.000000000000e+00
4.710000,-5.324615832358e-01,4.792853972845e-01,7.164006069736e-01,5.294268083302e-01,0.000000000000e+00
4.720000,-5.364798172333e-01,4.798788012993e-01,7.197876480151e-01,5.324421886604e-01,0.000000000000e+00
4.730000,-5.405068723472e-01,4.804497782873e-01,7.231733322730e-01,5.353770615456e-01,0.000000000000e+00
4.740000,-5.445413847118e-01,4.809986225502e-01,7.265569451592e-01,5.382270447558e-01,0.000000000000e+00
4.750000,-5.485819666214e-01,4.815256405941e-01,7.299377484771e-01,5.409879192907e-01,0.000000000000e+00
4.760000,-5.526272078999e-01,4.820311506708e-01,7.333149808427e-01,5.436556394053e-01,0.000000000000e+00
4.770000,-5.566756773314e-01,4.825154822730e-01,7.366878581636e-01,5.462263422373e-01,0.000000000000e+00
4.780000,-5.607259241516e-01,4.829789755836e-01,7.400555741777e-01,5.486963569947e-01,0.000000000000e+00
4.790000,-5.647764795959e-01,4.834219808805e-01,7.434173010518e-01,5.510622136681e-01,0.000000000000e+00
4.800000,-5.688258585035e-01,4.838448578976e-01,7.467721900393e-01,5.533206512290e-01,0.000000000000e+00
4.810000,-5.728725609737e-01,4.842479751431e-01,7.501193721980e-01,5.554686252816e-01,0.000000000000e+00
4.820000,-5.769150740723e-01,4.846317091769e-01,7.534579591666e-01,5.575033151333e-01,0.000000000000e+00
4.830000,-5.809518735842e-01,4.849964438483e-01,7.567870440001e-01,5.594221302549e-01,0.000000000000e+00
4.840000,-5.849814258097e-01,4.853425694962e-01,7.601057020622e-01,5.612227161019e-01,0.000000000000e+00
4.850000,-5.890021894006e-01,4.856704821138e-01,7.634129919744e-01,5.629029592705e-01,0.000000000000e+00
4.860000,-5.930126172322e-01,4.859805824799e-01,7.667079566198e-01,5.644609919669e-01,0.000000000000e+00
4.870000,-5.970111583082e-01,4.862732752589e-01,7.699896241999e-01,5.658951957692e-01,0.000000000000e+00
4.880000,-6.009962596930e-01,4.865489680730e-01,7.732570093429e-01,5.672042046663e-01,0.000000000000e+00
4.890000,-6.049663684690e-01,4.868080705483e-01,7.765091142604e-01,5.683869073588e-01,0.000000000000e+00
4.900000,-6.089199337133e-01,4.870509933383e-01,7.797449299516e-01,5.694424488133e-01,0.000000000000e+00
4.910000,-6.128554084900e-01,4.872781471278e-01,7.829634374501e-01,5.703702310639e-01,0.000000000000e+00
4.920000,-6.167712518532e-01,4.874899416200e-01,7.861636091128e-01,5.711699132563e-01,0.000000000000e+00
4.930000,-6.206659308571e-01,4.876867845106e-01,7.893444099460e-01,5.718414109366e-01,0.000000000000e+00
4.940000,-6.245379225670e-01,4.878690804514e-01,7.925047989664e-01,5.723848945881e-01,0.000000000000e+00
4.950000,-6.283857160685e-01,4.880372300081e-01,7.956437305936e-01,5.728007874252e-01,0.000000000000e+00
4.960000,-6.322078144681e-01,4.881916286147e-01,7.987601560694e-01,5.730897624535e-01,0.000000000000e+00
4.970000,-6.360027368829e-01,4.883326655282e-01,8.018530249020e-01,5.732527388135e-01,0.000000000000e+00
4.980000,-6.397690204122e-01,4.884607227881e-01,8.049212863292e-01,5.732908774237e-01,0.000000000000e+00
4.990000,-6.435052220888e-01,4.885761741830e-01,8.079638907988e-01,5.732055759465e-01,0.000000000000e+00
5.000000,-6.472099208038e-01,4.886793842287e-01,8.109797914603e-01,5.729984631005e-01,0.000000000000e+00
5.010000,-6.508817192016e-01,4.887707071614e-01,8.139679456649e-01,5.726713923466e-01,0.000000000000e+00
5.020000,-6.545192455390e-01,4.888504859490e-01,8.169273164692e-01,5.722264349795e-01,0.000000000000e+00
5.030000,-6.581211555068e-01,4.889190513241e-01,8.198568741392e-01,5.716658726564e-01,0.000000000000e+00
5.040000,-6.616861340070e-01,4.889767208426e-01,8.227555976492e-01,5.709921893987e-01,0.000000000000e+00
5.050000,-6.652128968839e-01,4.890237979704e-01,8.256224761730e-01,5.702080631044e-01,0.000000000000e+00
5.060000,-6.687001926032e-01,4.890605712024e-01,8.284565105619e-01,5.693163566116e-01,0.000000000000e+00
5.070000,-6.721468038774e-01,4.890873132154e-01,8.312567148065e-01,5.683201083516e-01,0.000000000000e+00
5.080000,-6.755515492325e-01,4.891042800593e-01,8.340221174781e-01,5.672225226379e-01,0.000000000000e+00
5.090000,-6.789132845136e-01,4.891117103881e-01,8.367517631459e-01,5.660269596315e-01,0.000000000000e+00
5.100000,-6.822309043258e-01,4.891098247350e-01,8.394447137659e-01,5.647369250292e-01,0.000000000000e+00
5.110000,-6.855033434081e-01,4.890988248311e-01,8.421000500385e-01,5.633560595191e-01,0.000000000000e+00
5.120000,-6.887295779364e-01,4.890788929736e-01,8.447168727312e-01,5.618881280493e-01,0.000000000000e+00
5.130000,-6.919086267553e-01,4.890501914425e-01,8.472943039631e-01,5.603370089550e-01,0.000000000000e+00
5.140000,-6.950395525340e-01,4.890128619689e-01,8.498314884479e-01,5.587066829894e-01,0.000000000000e+00
5.150000,-6.981214628464e-01,4.889670252566e-01,8.523275946929e-01,5.570012223035e-01,0.000000000000e+00
5.160000,-7.011535111724e-01,4.889127805582e-01,8.547818161511e-01,5.552247794182e-01,0.000000000000e+00
5.170000,-7.041348978196e-01,4.888502053062e-01,8.571933723235e-01,5.533815762331e-01,0.000000000000e+00
5.180000,-7.070648707636e-01,4.887793548016e-01,8.595615098108e-01,5.514758931123e-01,0.000000000000e+00
5.190000,-7.099427264064e-01,4.887002619585e-01,8.618855033099e-01,5.495120580891e-01,0.000000000000e+00
5.200000,-7.127678102521e-01,4.886129371076e-01,8.641646565560e-01,5.474944362273e-01,0.000000000000e+00
5.210000,-7.155395174987e-01,4.885173678566e-01,8.663983032069e-01,5.454274191767e-01,0.000000000000e+00
5.220000,-7.182572935468e-01,4.884135190093e-01,8.685858076691e-01,5.433154149588e-01,0.000000000000e+00
5.230000,-7.209206344241e-01,4.883013325422e-01,8.707265658638e-01,5.411628380128e-01,0.000000000000e+00
5.240000,-7.235290871266e-01,4.881807276381e-01,8.728200059322e-01,5.389740995361e-01,0.000000000000e+00
5.250000,-7.260822498766e-01,4.880516007774e-01,8.748655888805e-01,5.367535981441e-01,0.000000000000e+00
5.260000,-7.285797722982e-01,4.879138258839e-01,8.768628091616e-01,5.345057108782e-01,0.000000000000e+00
5.270000,-7.310213555107e-01,4.877672545269e-01,8.788111951958e-01,5.322347845821e-01,0.000000000000e+00
5.280000,-7.334067521418e-01,4.876117161761e-01,8.807103098292e-01,5.299451276692e-01,0.000000000000e+00
5.290000,-7.357357662611e-01,4.874470185091e-01,8.825597507303e-01,5.276410022980e-01,0.000000000000e+00
5.300000,-7.380082532351e-01,4.872729477701e-01,8.843591507254e-01,5.253266169695e-01,0.000000000000e+00
5.310000,-7.402241195066e-01,4.870892691771e-01,8.861081780724e-01,5.230061195612e-01,0.000000000000e+00
5.320000,-7.423833222982e-01,4.868957273772e-01,8.878065366760e-01,5.206835908050e-01,0.000000000000e+00
5.330000,-7.444858692440e-01,4.866920469469e-01,8.894539662429e-01,5.183630382170e-01,0.000000000000e+00
5.340000,-7.465318179496e-01,4.864779329360e-01,8.910502423796e-01,5.160483904825e-01,0.000000000000e+00
5.350000,-7.485212754841e-01,4.862530714529e-01,8.925951766337e-01,5.137434922988e-01,0.000000000000e+00
5.360000,-7.504543978057e-01,4.860171302893e-01,8.940886164808e-01,5.114520996730e-01,0.000000000000e+00
5.370000,-7.523313891230e-01,4.857697595815e-01,8.955304452578e-01,5.091778756718e-01,0.000000000000e+00
5.380000,-7.541525011958e-01,4.855105925068e-01,8.969205820451e-01,5.069243866170e-01,0.000000000000e+00
5.390000,-7.559180325762e-01,4.852392460122e-01,8.982589814994e-01,5.046950987178e-01,0.000000000000e+00
5.400000,-7.576283277951e-01,4.849553215731e-01,8.995456336394e-01,5.024933751284e-01,0.000000000000e+00
5.410000,-7.592837764945e-01,4.846584059805e-01,9.007805635865e-01,5.003224734188e-01,0.000000000000e+00
5.420000,-7.608848125099e-01,4.843480721532e-01,9.019638312631e-01,4.981855434408e-01,0.000000000000e+00
5.430000,-7.624319129061e-01,4.840238799737e-01,9.030955310500e-01,4.960856255750e-01,0.000000000000e+00
5.440000,-7.639255969678e-01,4.836853771458e-01,9.041757914075e-01,4.940256493356e-01,0.000000000000e+00
5.450000,-7.653664251493e-01,4.833321000713e-01,9.052047744600e-01,4.920084323149e-01,0.000000000000e+00
5.460000,-7.667549979864e-01,4.829635747435e-01,9.061826755496e-01,4.900366794418e-01,0.000000000000e+00
5.470000,-7.680919549728e-01,4.825793176575e-01,9.071097227594e-01,4.881129825305e-01,0.000000000000e+00
5.480000,-7.693779734043e-01,4.821788367329e-01,9.079861764107e-01,4.862398200937e-01,0.000000000000e+00
5.490000,-7.706137671947e-01,4.817616322501e-01,9.088123285356e-01,4.844195573908e-01,0.000000000000e+00
5.500000,-7.718000856650e-01,4.813271977963e-01,9.095885023301e-01,4.826544466832e-01,0.000000000000e+00
5.510000,-7.729377123104e-01,4.808750212223e-01,9.103150515877e-01,4.809466276660e-01,0.000000000000e+00
5.520000,-7.740274635469e-01,4.804045856067e-01,9.109923601199e-01,4.792981280444e-01,0.000000000000e+00
5.530000,-7.750701874414e-01,4.799153702291e-01,9.116208411629e-01,4.777108642220e-01,0.000000000000e+00
5.540000,-7.760667624274e-01,4.794068515497e-01,9.122009367773e-01,4.761866420678e-01,0.000000000000e+00
5.550000,-7.770180960099e-01,4.788785041960e-01,9.127331172406e-01,4.747271577276e-01,0.000000000000e+00
5.560000,-7.779251234613e-01,4.783298019558e-01,9.132178804378e-01,4.733339984438e-01,0.000000000000e+00
5.570000,-7.787888065121e-01,4.777602187775e-01,9.136557512514e-01,4.720086433494e-01,0.000000000000e+00
5.580000,-7.796101320375e-01,4.771692297772e-01,9.140472809553e-01,4.707524641978e-01,0.000000000000e+00
5.590000,-7.803901107444e-01,4.765563122532e-01,9.143930466140e-01,4.695667259937e-01,0.000000000000e+00
5.600000,-7.811297758583e-01,4.759209467098e-01,9.146936504916e-01,4.684525874863e-01,0.000000000000e+00
5.610000,-7.818301818151e-01,4.752626178902e-01,9.149497194714e-01,4.674111014898e-01,0.000000000000e+00
5.620000,-7.824924029577e-01,4.745808158210e-01,9.151619044911e-01,4.664432149907e-01,0.000000000000e+00
5.630000,-7.831175322406e-01,4.738750368694e-01,9.153308799940e-01,4.655497690082e-01,0.000000000000e+00
5.640000,-7.837066799428e-01,4.731447848155e-01,9.154573434001e-01,4.647314981692e-01,0.000000000000e+00
5.650000,-7.842609723918e-01,4.723895719418e-01,9.155420145992e-01,4.639890299615e-01,0.000000000000e+00
5.660000,-7.847815506990e-01,4.716089201420e-01,9.155856354678e-01,4.633228836308e-01,0.000000000000e+00
5.670000,-7.852695695070e-01,4.708023620527e-01,9.155889694115e-01,4.627334686867e-01,0.000000000000e+00
5.680000,-7.857261957512e-01,4.699694422106e-01,9.155528009358e-01,4.622210829854e-01,0.000000000000e+00
5.690000,-7.861526074341e-01,4.691097182376e-01,9.154779352450e-01,4.617859103570e-01,0.000000000000e+00
5.700000,-7.865499924133e-01,4.682227620589e-01,9.153651978721e-01,4.614280177515e-01,0.000000000000e+00
5.710000,-7.869195472029e-01,4.673081611561e-01,9.152154343394e-01,4.611473518743e-01,0.000000000000e+00
5.720000,-7.872624757873e-01,4.663655198590e-01,9.150295098499e-01,4.609437352930e-01,0.000000000000e+00
5.730000,-7.875799884466e-01,4.653944606812e-01,9.148083090103e-01,4.608168619953e-01,0.000000000000e+00
5.740000,-7.878733005919e-01,4.643946257010e-01,9.145527355847e-01,4.607662923871e-01,0.000000000000e+00
5.750000,-7.881436316087e-01,4.633656779925e-01,9.142637122771e-01,4.607914477238e-01,0.000000000000e+00
5.760000,-7.883922037058e-01,4.623073031101e-01,9.139421805415e-01,4.608916039770e-01,0.000000000000e+00
5.770000,-7.886202407668e-01,4.612192106290e-01,9.135891004167e-01,4.610658851456e-01,0.000000000000e+00
5.780000,-7.888289672011e-01,4.601011357442e-01,9.132054503827e-01,4.613132560319e-01,0.000000000000e+00
5.790000,-7.890196067902e-01,4.589528409308e-01,9.127922272335e-01,4.616325145142e-01,0.000000000000e+00
5.800000,-7.891933815246e-01,4.577741176665e-01,9.123504459622e-01,4.620222833598e-01,0.000000000000e+00
5.810000,-7.893515104266e-01,4.565647882166e-01,9.118811396515e-01,4.624810016392e-01,0.000000000000e+00
5.820000,-7.894952083540e-01,4.553247074821e-01,9.113853593610e-01,4.630069158175e-01,0.000000000000e+00
5.830000,-7.896256847769e-01,4.540537649083e-01,9.108641740055e-01,4.635980706173e-01,0.000000000000e+00
5.840000,-7.897441425239e-01,4.527518864511e-01,9.103186702116e-01,4.642522997713e-01,0.000000000000e+00
5.850000,-7.898517764884e-01,4.514190365970e-01,9.097499521429e-01,4.649672167996e-01,0.000000000000e+00
5.860000,-7.899497722893e-01,4.500552204297e-01,9.091591412816e-01,4.657402059758e-01,0.000000000000e+00
5.870000,-7.900393048785e-01,4.486604857351e-01,9.085473761521e-01,4.665684136670e-01,0.000000000000e+00
5.880000,-7.901215370875e-01,4.472349251346e-01,9.079158119725e-01,4.674487402624e-01,0.000000000000e+00
5.890000,-7.901976181069e-01,4.457786782329e-01,9.072656202176e-01,4.683778329266e-01,0.000000000000e+00
5.900000,-7.902686818908e-01,4.442919337646e-01,9.065979880773e-01,4.693520794430e-01,0.000000000000e+00
5.910000,-7.903358454809e-01,4.427749317224e-01,9.059141177914e-01,4.703676034348e-01,0.000000000000e+00
5.920000,-7.904002072435e-01,4.412279654440e-01,9.052152258443e-01,4.714202612709e-01,0.000000000000e+00
5.930000,-7.904628450171e-01,4.396513836355e-01,9.045025420004e-01,4.725056409811e-01,0.000000000000e+00
5.940000,-7.905248141658e-01,4.380455923026e-01,9.037773081615e-01,4.736190635174e-01,0.000000000000e+00
5.950000,-7.905871455386e-01,4.364110565616e-01,9.030407770306e-01,4.747555866968e-01,0.000000000000e+00
5.960000,-7.906508433359e-01,4.347483022971e-01,9.022942105643e-01,4.759100121581e-01,0.000000000000e+00
5.970000,-7.907168828856e-01,4.330579176331e-01,9.015388781994e-01,4.770768956459e-01,0.000000000000e+00
5.980000,-7.907862083372e-01,4.313405541817e-01,9.007760548428e-01,4.782505609015e-01,0.000000000000e+00
5.990000,-7.908597302826e-01,4.295969280312e-01,9.000070186151e-01,4.794251173966e-01,0.000000000000e+00
6.000000,-7.909383233164e-01,4.278278204392e-01,8.992330483431e-01,4.805944820820e-01,0.000000000000e+00
6.010000,-7.910228235540e-01,4.260340781924e-01,8.984554207999e-01,4.817524052443e-01,0.000000000000e+00
6.020000,-7.911140261268e-01,4.242166135984e-01,8.976754076989e-01,4.828925004689e-01,0.000000000000e+00
6.030000,-7.912126826787e-01,4.223764040783e-01,8.968942724500e-01,4.840082785967e-01,0.000000000000e+00
6.040000,-7.913194988930e-01,4.205144913322e-01,8.961132666960e-01,4.850931854388e-01,0.000000000000e+00
6.050000,-7.914351320785e-01,4.186319800526e-01,8.953336266503e-01,4.861406428840e-01,0.000000000000e+00
6.060000,-7.915601888489e-01,4.167300361719e-01,8.945565692668e-01,4.871440928970e-01,0.000000000000e+00
6.070000,-7.916952229309e-01,4.148098846318e-01,8.937832882751e-01,4.880970437766e-01,0.000000000000e+00
6.080000,-7.918407331357e-01,4.128728066756e-01,8.930149501241e-01,4.889931179224e-01,0.000000000000e+00
6.090000,-7.919971615306e-01,4.109201366693e-01,8.922526898771e-01,4.898261002595e-01,0.000000000000e+00
6.100000,-7.921648918441e-01,4.089532584695e-01,8.914976071102e-01,4.905899864010e-01,0.000000000000e+00
6.110000,-7.923442481362e-01,4.069736013643e-01,8.907507618644e-01,4.912790295906e-01,0.000000000000e+00
6.120000,-7.925354937623e-01,4.049826356205e-01,8.900131707044e-01,4.918877854759e-01,0.000000000000e+00
6.130000,-7.927388306527e-01,4.029818676825e-01,8.892858029371e-01,4.924111538155e-01,0.000000000000e+00
6.140000,-7.929543989247e-01,4.009728350698e-01,8.885695770382e-01,4.928444163147e-01,0.000000000000e+00
6.150000,-7.931822768389e-01,3.989571010301e-01,8.878653573339e-01,4.931832699232e-01,0.000000000000e+00
6.160000,-7.934224811018e-01,3.969362490053e-01,8.871739509770e-01,4.934238550879e-01,0.000000000000e+00
6.170000,-7.936749675117e-01,3.949118769705e-01,8.864961052521e-01,4.935627786374e-01,0.000000000000e+00
6.180000,-7.939396319383e-01,3.928855917063e-01,8.858325052360e-01,4.935971311549e-01,0.000000000000e+00
6.190000,-7.942163116185e-01,3.908590030621e-01,8.851837718325e-01,4.935244988713e-01,0.000000000000e+00
6.200000,-7.945047867476e-01,3.888337182651e-01,8.845504601914e-01,4.933429702513e-01,0.000000000000e+00
6.210000,-7.948047823395e-01,3.868113363255e-01,8.839330585172e-01,4.930511375645e-01,0.000000000000e+00
6.220000,-7.951159703248e-01,3.847934425828e-01,8.833319872621e-01,4.926480938100e-01,0.000000000000e+00
6.230000,-7.954379718569e-01,3.827816034337e-01,8.827475986935e-01,4.921334254102e-01,0.000000000000e+00
6.240000,-7.957703597893e-01,3.807773612734e-01,8.821801768219e-01,4.915072011126e-01,0.000000000000e+00
6.250000,-7.961126612915e-01,3.787822296812e-01,8.816299376671e-01,4.907699575406e-01,0.000000000000e+00
6.260000,-7.964643605674e-01,3.767976888704e-01,8.810970298395e-01,4.899226818284e-01,0.000000000000e+00
6.270000,-7.968249016424e-01,3.748251814214e-01,8.805815354100e-01,4.889667917673e-01,0.000000000000e+00
6.280000,-7.971936911853e-01,3.728661083108e-01,8.800834710369e-01,4.879041138734e-01,0.000000000000e+00
6.290000,-7.975701013336e-01,3.709218252435e-01,8.796027893222e-01,4.867368597800e-01,0.000000000000e+00
6.300000,-7.979534724932e-01,3.689936392938e-01,8.791393803620e-01,4.854676013343e-01,0.000000000000e+00
6.310000,-7.983431160834e-01,3.670828058547e-01,8.786930734630e-01,4.840992447654e-01,0.000000000000e+00
6.320000,-7.987383172038e-01,3.651905258940e-01,8.782636389902e-01,4.826350042656e-01,0.000000000000e+00
6.330000,-7.991383372011e-01,3.633179435123e-01,8.778507903184e-01,4.810783753008e-01,0.000000000000e+00
6.340000,-7.995424161150e-01,3.614661437941e-01,8.774541858561e-01,4.794331079442e-01,0.000000000000e+00
6.350000,-7.999497749891e-01,3.596361509433e-01,8.770734311165e-01,4.777031804942e-01,0.000000000000e+00
6.360000,-8.003596180336e-01,3.578289266906e-01,8.767080808088e-01,4.758927736111e-01,0.000000000000e+00
6.370000,-8.007711346296e-01,3.560453689608e-01,8.763576409288e-01,4.740062451747e-01,0.000000000000e+00
6.380000,-8.011835011705e-01,3.542863107834e-01,8.760215708282e-01,4.720481060304e-01,0.000000000000e+00
6.390000,-8.015958827381e-01,3.525525194333e-01,8.756992852466e-01,4.700229967567e-01,0.000000000000e+00
6.400000,-8.020074346135e-01,3.508446957848e-01,8.753901562935e-01,4.679356655535e-01,0.000000000000e+00
6.410000,-8.024173036283e-01,3.491634738635e-01,8.750935153699e-01,4.657909473144e-01,0.000000000000e+00
6.420000,-8.028246293635e-01,3.475094205800e-01,8.748086550238e-01,4.635937439209e-01,0.000000000000e+00
6.430000,-8.032285452041e-01,3.458830356320e-01,8.745348307350e-01,4.613490057735e-01,0.000000000000e+00
6.440000,-8.036281792620e-01,3.442847515589e-01,8.742712626296e-01,4.590617145567e-01,0.000000000000e+00
6.450000,-8.040226551800e-01,3.427149339370e-01,8.740171371238e-01,4.567368672302e-01,0.000000000000e+00
6.460000,-8.044110928293e-01,3.411738817019e-01,8.737716085010e-01,4.543794612289e-01,0.000000000000e+00
6.470000,-8.047926089154e-01,3.396618275866e-01,8.735338004247e-01,4.519944808590e-01,0.000000000000e+00
6.480000,-8.051663175053e-01,3.381789386656e-01,8.733028073939e-01,4.495868848745e-01,0.000000000000e+00
6.490000,-8.055313304900e-01,3.367253169919e-01,8.730776961441e-01,4.471615952205e-01,0.000000000000e+00
6.500000,-8.058867579949e-01,3.353010003210e-01,8.728575070009e-01,4.447234869288e-01,0.000000000000e+00
6.510000,-8.062317087493e-01,3.339059629092e-01,8.726412551898e-01,4.422773791463e-01,0.000000000000e+00
6.520000,-8.065652904269e-01,3.325401163802e-01,8.724279321088e-01,4.398280272747e-01,0.000000000000e+00
6.530000,-8.068866099667e-01,3.312033106510e-01,8.722165065681e-01,4.373801161879e-01,0.000000000000e+00
6.540000,-8.071947738834e-01,3.298953349092e-01,8.720059260002e-01,4.349382544868e-01,0.000000000000e+00
6.550000,-8.074888885748e-01,3.286159186364e-01,8.717951176469e-01,4.325069697415e-01,0.000000000000e+00
6.560000,-8.077680606341e-01,3.273647326695e-01,8.715829897241e-01,4.300907046588e-01,0.000000000000e+00
6.570000,-8.080313971719e-01,3.261413902959e-01,8.713684325701e-01,4.276938141042e-01,0.000000000000e+00
6.580000,-8.082780061534e-01,3.249454483769e-01,8.711503197797e-01,4.253205629016e-01,0.000000000000e+00
6.590000,-8.085069967554e-01,3.237764084957e-01,8.709275093261e-01,4.229751243237e-01,0.000000000000e+00
6.600000,-8.087174797459e-01,3.226337181258e-01,8.706988446749e-01,4.206615791853e-01,0.000000000000e+00
6.610000,-8.089085678889e-01,3.215167718176e-01,8.704631558912e-01,4.183839154470e-01,0.000000000000e+00
6.620000,-8.090793763776e-01,3.204249124016e-01,8.702192607424e-01,4.161460282389e-01,0.000000000000e+00
6.630000,-8.092290232953e-01,3.193574322048e-01,8.699659657986e-01,4.139517202124e-01,0.000000000000e+00
6.640000,-8.093566301068e-01,3.183135742825e-01,8.697020675325e-01,4.118047021367e-01,0.000000000000e+00
6.650000,-8.094613221792e-01,3.172925336622e-01,8.694263534204e-01,4.097085936561e-01,0.000000000000e+00
6.660000,-8.095422293328e-01,3.162934586014e-01,8.691376030452e-01,4.076669241341e-01,0.000000000000e+00
6.670000,-8.095984864206e-01,3.153154518605e-01,8.688345892036e-01,4.056831335165e-01,0.000000000000e+00
6.680000,-8.096292339370e-01,3.143575719892e-01,8.685160790177e-01,4.037605731521e-01,0.000000000000e+00
6.690000,-8.096336186516e-01,3.134188346314e-01,8.681808350526e-01,4.019025065182e-01,0.000000000000e+00
6.700000,-8.096107942704e-01,3.124982138458e-01,8.678276164400e-01,4.001121098070e-01,0.000000000000e+00
6.710000,-8.095599221185e-01,3.115946434476e-01,8.674551800097e-01,3.983924723341e-01,0.000000000000e+00
6.720000,-8.094801718457e-01,3.107070183707e-01,8.670622814286e-01,3.967465967407e-01,0.000000000000e+00
6.730000,-8.093707221502e-01,3.098341960529e-01,8.666476763470e-01,3.951773989656e-01,0.000000000000e+00
6.740000,-8.092307615199e-01,3.089749978458e-01,8.662101215548e-01,3.936877079714e-01,0.000000000000e+00
6.750000,-8.090594889881e-01,3.081282104508e-01,8.657483761447e-01,3.922802652137e-01,0.000000000000e+00
6.760000,-8.088561149001e-01,3.072925873839e-01,8.652612026853e-01,3.909577238488e-01,0.000000000000e+00
6.770000,-8.086198616907e-01,3.064668504689e-01,8.647473684014e-01,3.897226476780e-01,0.000000000000e+00
6.780000,-8.083499646672e-01,3.056496913620e-01,8.642056463639e-01,3.885775098338e-01,0.000000000000e+00
6.790000,-8.080456727966e-01,3.048397731083e-01,8.636348166871e-01,3.875246912131e-01,0.000000000000e+00
6.800000,-8.077062494949e-01,3.040357317314e-01,8.630336677341e-01,3.865664786679e-01,0.000000000000e+00
6.810000,-8.073309734144e-01,3.032361778562e-01,8.624009973296e-01,3.857050629659e-01,0.000000000000e+00
6.820000,-8.069191392282e-01,3.024396983668e-01,8.617356139797e-01,3.849425365355e-01,0.000000000000e+00
6.830000,-8.064700584077e-01,3.016448580987e-01,8.610363380981e-01,3.842808910090e-01,0.000000000000e+00
6.840000,-8.059830599921e-01,3.008502015659e-01,8.603020032387e-01,3.837220145840e-01,0.000000000000e+00
6.850000,-8.054574913467e-01,3.000542547232e-01,8.595314573325e-01,3.832676892177e-01,0.000000000000e+00
6.860000,-8.048927189082e-01,2.992555267621e-01,8.587235639302e-01,3.829195876750e-01,0.000000000000e+00
6.870000,-8.042881289139e-01,2.984525119422e-01,8.578772034484e-01,3.826792704475e-01,0.000000000000e+00
6.880000,-8.036431281149e-01,2.976436914546e-01,8.569912744182e-01,3.825481825640e-01,0.000000000000e+00
6.890000,-8.029571444683e-01,2.968275353188e-01,8.560646947376e-01,3.825276503107e-01,0.000000000000e+00
6.900000,-8.022296278096e-01,2.960025043099e-01,8.550964029238e-01,3.826188778805e-01,0.000000000000e+00
6.910000,-8.014600505007e-01,2.951670519170e-01,8.540853593675e-01,3.828229439706e-01,0.000000000000e+00
6.920000,-8.006479080547e-01,2.943196263289e-01,8.530305475859e-01,3.831407983486e-01,0.000000000000e+00
6.930000,-7.997927197333e-01,2.934586724477e-01,8.519309754746e-01,3.835732584030e-01,0.000000000000e+00
6.940000,-7.988940291180e-01,2.925826339269e-01,8.507856765578e-01,3.841210057001e-01,0.000000000000e+00
6.950000,-7.979514046513e-01,2.916899552320e-01,8.495937112339e-01,3.847845825633e-01,0.000000000000e+00
6.960000,-7.969644401489e-01,2.907790837229e-01,8.483541680175e-01,3.855643886941e-01,0.000000000000e+00
6.970000,-7.959327552808e-01,2.898484717539e-01,8.470661647752e-01,3.864606778522e-01,0.000000000000e+00
6.980000,-7.948559960199e-01,2.888965787898e-01,8.457288499544e-01,3.874735546132e-01,0.000000000000e+00
6.990000,-7.937338350591e-01,2.879218735353e-01,8.443414038040e-01,3.886029712206e-01,0.000000000000e+00
7.000000,-7.925659721942e-01,2.869228360748e-01,8.429030395849e-01,3.898487245503e-01,0.000000000000e+00
7.010000,-7.913521346737e-01,2.858979600203e-01,8.414130047701e-01,3.912104532050e-01,0.000000000000e+00
7.020000,-7.900920775133e-01,2.848457546626e-01,8.398705822319e-01,3.926876347544e-01,0.000000000000e+00
7.030000,-7.887855837771e-01,2.837647471255e-01,8.382750914144e-01,3.942795831403e-01,0.000000000000e+00
7.040000,-7.874324648231e-01,2.826534845165e-01,8.366258894911e-01,3.959854462622e-01,0.000000000000e+00
7.050000,-7.860325605138e-01,2.815105360737e-01,8.349223725044e-01,3.978042037602e-01,0.000000000000e+00
7.060000,-7.845857393924e-01,2.803344953028e-01,8.331639764863e-01,3.997346650129e-01,0.000000000000e+00
7.070000,-7.830918988233e-01,2.791239821028e-01,8.313501785575e-01,4.017754673671e-01,0.000000000000e+00
7.080000,-7.815509650991e-01,2.778776448751e-01,8.294804980038e-01,4.039250746138e-01,0.000000000000e+00
7.090000,-7.799628935116e-01,2.765941626135e-01,8.275544973275e-01,4.061817757304e-01,0.000000000000e+00
7.100000,-7.783276683907e-01,2.752722469705e-01,8.255717832719e-01,4.085436839018e-01,0.000000000000e+00
7.110000,-7.766453031076e-01,2.739106442965e-01,8.235320078164e-01,4.110087358396e-01,0.000000000000e+00
7.120000,-7.749158400469e-01,2.725081376480e-01,8.214348691406e-01,4.135746914124e-01,0.000000000000e+00
7.130000,-7.731393505447e-01,2.710635487606e-01,8.192801125546e-01,4.162391336059e-01,0.000000000000e+00
7.140000,-7.713159347958e-01,2.695757399833e-01,8.170675313935e-01,4.189994688242e-01,0.000000000000e+00
7.150000,-7.694457217295e-01,2.680436161694e-01,8.147969678742e-01,4.218529275514e-01,0.000000000000e+00
7.160000,-7.675288688551e-01,2.664661265211e-01,8.124683139108e-01,4.247965653835e-01,0.000000000000e+00
7.170000,-7.655655620782e-01,2.648422663821e-01,8.100815118878e-01,4.278272644482e-01,0.000000000000e+00
7.180000,-7.635560154880e-01,2.631710789765e-01,8.076365553871e-01,4.309417352228e-01,0.000000000000e+00
7.190000,-7.615004711179e-01,2.614516570877e-01,8.051334898678e-01,4.341365187639e-01,0.000000000000e+00
7.200000,-7.593991986780e-01,2.596831446753e-01,8.025724132944e-01,4.374079893609e-01,0.000000000000e+00
7.210000,-7.572524952638e-01,2.578647384241e-01,7.999534767134e-01,4.407523576225e-01,0.000000000000e+00
7.220000,-7.550606850389e-01,2.559956892236e-01,7.972768847724e-01,4.441656740067e-01,0.000000000000e+00
7.230000,-7.528241188947e-01,2.540753035726e-01,7.945428961831e-01,4.476438328030e-01,0.000000000000e+00
7.240000,-7.505431740879e-01,2.521029449055e-01,7.917518241217e-01,4.511825765730e-01,0.000000000000e+00
7.250000,-7.482182538564e-01,2.500780348372e-01,7.889040365671e-01,4.547775010563e-01,0.000000000000e+00
7.260000,-7.458497870146e-01,2.480000543223e-01,7.859999565735e-01,4.584240605452e-01,0.000000000000e+00
7.270000,-7.434382275302e-01,2.458685447266e-01,7.830400624740e-01,4.621175737317e-01,0.000000000000e+00
7.280000,-7.409840540824e-01,2.436831088057e-01,7.800248880142e-01,4.658532300271e-01,0.000000000000e+00
7.290000,-7.384877696030e-01,2.414434115891e-01,7.769550224131e-01,4.696260963544e-01,0.000000000000e+00
7.300000,-7.359499008020e-01,2.391491811671e-01,7.738311103486e-01,4.734311244103e-01,0.000000000000e+00
7.310000,-7.333709976777e-01,2.368002093756e-01,7.706538518654e-01,4.772631583924e-01,0.000000000000e+00
7.320000,-7.307516330129e-01,2.343963523793e-01,7.674240022046e-01,4.811169431854e-01,0.000000000000e+00
7.330000,-7.280924018584e-01,2.319375311485e-01,7.641423715508e-01,4.849871329961e-01,0.000000000000e+00
7.340000,-7.253939210044e-01,2.294237318284e-01,7.608098246975e-01,4.888683004283e-01,0.000000000000e+00
7.350000,-7.226568284401e-01,2.268550059992e-01,7.574272806270e-01,4.927549459821e-01,0.000000000000e+00
7.360000,-7.198817828037e-01,2.242314708249e-01,7.539957120044e-01,4.966415079636e-01,0.000000000000e+00
7.370000,-7.170694628229e-01,2.215533090892e-01,7.505161445842e-01,5.005223727862e-01,0.000000000000e+00
7.380000,-7.142205667460e-01,2.188207691190e-01,7.469896565287e-01,5.043918856427e-01,0.000000000000e+00
7.390000,-7.113358117654e-01,2.160341645921e-01,7.434173776359e-01,5.082443615263e-01,0.000000000000e+00
7.400000,-7.084159334343e-01,2.131938742305e-01,7.398004884785e-01,5.120740965743e-01,0.000000000000e+00
7.410000,-7.054616850752e-01,2.103003413795e-01,7.361402194511e-01,5.158753797077e-01,0.000000000000e+00
7.420000,-7.024738371842e-01,2.073540734703e-01,7.324378497273e-01,5.196425045361e-01,0.000000000000e+00
7.430000,-6.994531768278e-01,2.043556413691e-01,7.286947061245e-01,5.233697814954e-01,0.000000000000e+00
7.440000,-6.964005070357e-01,2.013056786119e-01,7.249121618796e-01,5.270515501858e-01,0.000000000000e+00
7.450000,-6.933166461885e-01,1.982048805274e-01,7.210916353328e-01,5.306821918704e-01,0.000000000000e+00
7.460000,-6.902024274010e-01,1.950540032471e-01,7.172345885225e-01,5.342561420989e-01,0.000000000000e+00
7.470000,-6.870586979015e-01,1.918538626080e-01,7.133425256914e-01,5.377679034150e-01,0.000000000000e+00
7.480000,-6.838863184072e-01,1.886053329461e-01,7.094169917054e-01,5.412120581043e-01,0.000000000000e+00
7.490000,-6.806861624965e-01,1.853093457862e-01,7.054595703865e-01,5.445832809420e-01,0.000000000000e+00
7.500000,-6.774591159770e-01,1.819668884292e-01,7.014718827615e-01,5.478763518930e-01,0.000000000000e+00
7.510000,-6.742060762518e-01,1.785790024406e-01,6.974555852293e-01,5.510861687204e-01,0.000000000000e+00
7.520000,-6.709279516814e-01,1.751467820433e-01,6.934123676483e-01,5.542077594548e-01,0.000000000000e+00
7.530000,-6.676256609437e-01,1.716713724189e-01,6.893439513470e-01,5.572362946771e-01,0.000000000000e+00
7.540000,-6.643001323902e-01,1.681539679214e-01,6.852520870609e-01,5.601670995687e-01,0.000000000000e+00
7.550000,-6.609523034004e-01,1.645958102078e-01,6.811385527984e-01,5.629956656792e-01,0.000000000000e+00
7.560000,-6.575831197331e-01,1.609981862895e-01,6.770051516395e-01,5.657176623657e-01,0.000000000000e+00
7.570000,-6.541935348748e-01,1.573624265110e-01,6.728537094714e-01,5.683289478563e-01,0.000000000000e+00
7.580000,-6.507845093858e-01,1.536899024595e-01,6.686860726638e-01,5.708255798918e-01,0.000000000000e+00
7.590000,-6.473570102436e-01,1.499820248117e-01,6.645041056895e-01,5.732038258999e-01,0.000000000000e+00
7.600000,-6.439120101839e-01,1.462402411234e-01,6.603096886938e-01,5.754601726590e-01,0.000000000000e+00
7.610000,-6.404504870390e-01,1.424660335670e-01,6.561047150180e-01,5.775913354086e-01,0.000000000000e+00
7.620000,-6.369734230734e-01,1.386609166239e-01,6.518910886804e-01,5.795942663670e-01,0.000000000000e+00
7.630000,-6.334818043181e-01,1.348264347374e-01,6.476707218225e-01,5.814661626179e-01,0.000000000000e+00
7.640000,-6.299766199012e-01,1.309641599322e-01,6.434455321229e-01,5.832044733303e-01,0.000000000000e+00
7.650000,-6.264588613779e-01,1.270756894074e-01,6.392174401854e-01,5.848069062798e-01,0.000000000000e+00
7.660000,-6.229295220570e-01,1.231626431081e-01,6.349883669073e-01,5.862714336400e-01,0.000000000000e+00
7.670000,-6.193895963273e-01,1.192266612847e-01,6.307602308322e-01,5.875962970197e-01,0.000000000000e+00
7.680000,-6.158400789804e-01,1.152694020425e-01,6.265349454946e-01,5.887800117203e-01,0.000000000000e+00
7.690000,-6.122819645343e-01,1.112925388922e-01,6.223144167598e-01,5.898213701956e-01,0.000000000000e+00
7.700000,-6.087162465542e-01,1.072977583042e-01,6.181005401681e-01,5.907194446975e-01,0.000000000000e+00
7.710000,-6.051439169732e-01,1.032867572752e-01,6.138951982856e-01,5.914735890958e-01,0.000000000000e+00
7.720000,-6.015659654131e-01,9.926124091208e-02,6.097002580702e-01,5.920834398629e-01,0.000000000000e+00
7.730000,-5.979833785045e-01,9.522292004010e-02,6.055175682576e-01,5.925489162212e-01,0.000000000000e+00
7.740000,-5.943971392072e-01,9.117350884045e-02,6.013489567731e-01,5.928702194520e-01,0.000000000000e+00
7.750000,-5.908082261325e-01,8.711472252335e-02,5.971962281747e-01,5.930478313696e-01,0.000000000000e+00
7.760000,-5.872176128654e-01,8.304827504220e-02,5.930611611351e-01,5.930825119699e-01,0.000000000000e+00
7.770000,-5.836262672903e-01,7.897587685383e-02,5.889455059647e-01,5.929752962641e-01,0.000000000000e+00
7.780000,-5.800351509177e-01,7.489923273018e-02,5.848509821858e-01,5.927274903150e-01,0.000000000000e+00
7.790000,-5.764452182153e-01,7.082003962583e-02,5.807792761591e-01,5.923406664944e-01,0.000000000000e+00
7.800000,-5.728574159414e-01,6.673998460615e-02,5.767320387704e-01,5.918166579850e-01,0.000000000000e+00
7.810000,-5.692726824843e-01,6.266074283996e-02,5.727108831828e-01,5.911575525552e-01,0.000000000000e+00
7.820000,-5.656919472049e-01,5.858397566067e-02,5.687173826574e-01,5.903656856347e-01,0.000000000000e+00
7.830000,-5.621161297866e-01,5.451132869926e-02,5.647530684493e-01,5.894436327266e-01,0.000000000000e+00
7.840000,-5.585461395907e-01,5.044443009233e-02,5.608194277831e-01,5.883942011899e-01,0.000000000000e+00
7.850000,-5.549828750189e-01,4.638488876788e-02,5.569179019121e-01,5.872204214327e-01,0.000000000000e+00
7.860000,-5.514272228842e-01,4.233429281127e-02,5.530498842651e-01,5.859255375563e-01,0.000000000000e+00
7.870000,-5.478800577901e-01,3.829420791334e-02,5.492167186856e-01,5.845129974941e-01,0.000000000000e+00
7.880000,-5.443422415189e-01,3.426617590238e-02,5.454196977676e-01,5.829864426890e-01,0.000000000000e+00
7.890000,-5.408146224306e-01,3.025171336118e-02,5.416600612894e-01,5.813496973567e-01,0.000000000000e+00
7.900000,-5.372980348720e-01,2.625231033004e-02,5.379389947521e-01,5.796067573819e-01,0.000000000000e+00
7.910000,-5.337932985977e-01,2.226942909633e-02,5.342576280224e-01,5.777617788951e-01,0.000000000000e+00
7.920000,-5.303012182037e-01,1.830450307069e-02,5.306170340848e-01,5.758190665801e-01,0.000000000000e+00
7.930000,-5.268225825731e-01,1.435893574978e-02,5.270182279057e-01,5.737830617598e-01,0.000000000000e+00
7.940000,-5.233581643361e-01,1.043409976489e-02,5.234621654095e-01,5.716583303104e-01,0.000000000000e+00
7.950000,-5.199087193446e-01,6.531336015753e-03,5.199497425720e-01,5.694495504507e-01,0.000000000000e+00
7.960000,-5.164749861608e-01,2.651952888171e-03,5.164817946297e-01,5.671615004572e-01,0.000000000000e+00
7.970000,-5.130576855626e-01,-1.202774445871e-03,5.130590954083e-01,5.647990463485e-01,0.000000000000e+00
7.980000,-5.096575200648e-01,-5.031604647468e-03,5.096823567713e-01,5.623671295869e-01,0.000000000000e+00
7.990000,-5.062751734571e-01,-8.833330751429e-03,5.063522281882e-01,5.598707548413e-01,0.000000000000e+00
8.000000,-5.029113103600e-01,-1.260678063060e-02,5.030692964253e-01,5.573149778519e-01,0.000000000000e+00
8.010000,-4.995665757982e-01,-1.635081738634e-02,4.998340853563e-01,5.547048934399e-01,0.000000000000e+00
8.020000,-4.962415947933e-01,-2.006433966796e-02,4.966470558951e-01,5.520456236990e-01,0.000000000000e+00
8.030000,-4.929369719751e-01,-2.374628192397e-02,4.935086060498e-01,5.493423064046e-01,0.000000000000e+00
8.040000,-4.896532912129e-01,-2.739561458817e-02,4.904190710956e-01,5.466000836767e-01,0.000000000000e+00
8.050000,-4.863911152665e-01,-3.101134420396e-02,4.873787238684e-01,5.438240909252e-01,0.000000000000e+00
8.060000,-4.831509854582e-01,-3.459251349000e-02,4.843877751747e-01,5.410194461079e-01,0.000000000000e+00
8.070000,-4.799334213653e-01,-3.813820135084e-02,4.814463743198e-01,5.381912393267e-01,0.000000000000e+00
8.080000,-4.767389205349e-01,-4.164752283585e-02,4.785546097481e-01,5.353445227845e-01,0.000000000000e+00
8.090000,-4.735679582192e-01,-4.511962905020e-02,4.757125097971e-01,5.324843011251e-01,0.000000000000e+00
8.100000,-4.704209871339e-01,-4.855370702132e-02,4.729200435608e-01,5.296155221709e-01,0.000000000000e+00
8.110000,-4.672984372393e-01,-5.194897952445e-02,4.701771218593e-01,5.267430680753e-01,0.000000000000e+00
8.120000,-4.642007155428e-01,-5.530470487100e-02,4.674835983126e-01,5.238717469007e-01,0.000000000000e+00
8.130000,-4.611282059266e-01,-5.862017666313e-02,4.648392705152e-01,5.210062846317e-01,0.000000000000e+00
8.140000,-4.580812689970e-01,-6.189472351805e-02,4.622438813064e-01,5.181513176289e-01,0.000000000000e+00
8.150000,-4.550602419583e-01,-6.512770876561e-02,4.596971201348e-01,5.153113855282e-01,0.000000000000e+00
8.160000,-4.520654385110e-01,-6.831853012232e-02,4.571986245104e-01,5.124909245871e-01,0.000000000000e+00
8.170000,-4.490971487728e-01,-7.146661934523e-02,4.547479815420e-01,5.096942614741e-01,0.000000000000e+00
8.180000,-4.461556392257e-01,-7.457144186863e-02,4.523447295540e-01,5.069256075016e-01,0.000000000000e+00
8.190000,-4.432411526862e-01,-7.763249642669e-02,4.499883597783e-01,5.041890532929e-01,0.000000000000e+00
8.200000,-4.403539083011e-01,-8.064931466473e-02,4.476783181169e-01,5.014885638772e-01,0.000000000000e+00
8.210000,-4.374941015681e-01,-8.362146074197e-02,4.454140069682e-01,4.988279742026e-01,0.000000000000e+00
8.220000,-4.346619043808e-01,-8.654853092812e-02,4.431947871148e-01,4.962109850544e-01,0.000000000000e+00
8.230000,-4.318574650995e-01,-8.943015319634e-02,4.410199796641e-01,4.936411593668e-01,0.000000000000e+00
8.240000,-4.290809086468e-01,-9.226598681445e-02,4.388888680384e-01,4.911219189115e-01,0.000000000000e+00
8.250000,-4.263323366281e-01,-9.505572193666e-02,4.368007000082e-01,4.886565413480e-01,0.000000000000e+00
8.260000,-4.236118274780e-01,-9.779907919742e-02,4.347546897632e-01,4.862481576179e-01,0.000000000000e+00
8.270000,-4.209194366307e-01,-1.004958093090e-01,4.327500200141e-01,4.838997496649e-01,0.000000000000e+00
8.280000,-4.182551967168e-01,-1.031456926640e-01,4.307858441219e-01,4.816141484600e-01,0.000000000000e+00
8.290000,-4.156191177839e-01,-1.057485389449e-01,4.288612882465e-01,4.793940323134e-01,0.000000000000e+00
8.300000,-4.130111875422e-01,-1.083041867395e-01,4.269754535103e-01,4.772419254518e-01,0.000000000000e+00
8.310000,-4.104313716351e-01,-1.108125031660e-01,4.251274181703e-01,4.751601968388e-01,0.000000000000e+00
8.320000,-4.078796139335e-01,-1.132733835058e-01,4.233162397940e-01,4.731510592198e-01,0.000000000000e+00
8.330000,-4.053558368545e-01,-1.156867508450e-01,4.215409574324e-01,4.712165683668e-01,0.000000000000e+00
8.340000,-4.028599417032e-01,-1.180525557266e-01,4.198005937855e-01,4.693586225039e-01,0.000000000000e+00
8.350000,-4.003918090381e-01,-1.203707758103e-01,4.180941573545e-01,4.675789618914e-01,0.000000000000e+00
8.360000,-3.979512990588e-01,-1.226414155428e-01,4.164206445758e-01,4.658791685482e-01,0.000000000000e+00
8.370000,-3.955382520159e-01,-1.248645058357e-01,4.147790419313e-01,4.642606660903e-01,0.000000000000e+00
8.380000,-3.931524886423e-01,-1.270401037533e-01,4.131683280302e-01,4.627247196684e-01,0.000000000000e+00
8.390000,-3.907938106053e-01,-1.291682922062e-01,4.115874756584e-01,4.612724359821e-01,0.000000000000e+00
8.400000,-3.884620009784e-01,-1.312491796540e-01,4.100354537890e-01,4.599047633552e-01,0.000000000000e+00
8.410000,-3.861568247325e-01,-1.332828998123e-01,4.085112295517e-01,4.586224918530e-01,0.000000000000e+00
8.420000,-3.838780292450e-01,-1.352696113661e-01,4.070137701555e-01,4.574262534253e-01,0.000000000000e+00
8.430000,-3.816253448263e-01,-1.372094976866e-01,4.055420447613e-01,4.563165220610e-01,0.000000000000e+00
8.440000,-3.793984852616e-01,-1.391027665507e-01,4.040950263006e-01,4.552936139394e-01,0.000000000000e+00
8.450000,-3.771971483689e-01,-1.409496498627e-01,4.026716932366e-01,4.543576875652e-01,0.000000000000e+00
8.460000,-3.750210165690e-01,-1.427504033756e-01,4.012710312648e-01,4.535087438782e-01,0.000000000000e+00
8.470000,-3.728697574688e-01,-1.445053064118e-01,3.998920349494e-01,4.527466263261e-01,0.000000000000e+00
8.480000,-3.707430244555e-01,-1.462146615802e-01,3.985337092937e-01,4.520710208937e-01,0.000000000000e+00
8.490000,-3.686404572993e-01,-1.478787944909e-01,3.971950712407e-01,4.514814560824e-01,0.000000000000e+00
8.500000,-3.665616827648e-01,-1.494980534626e-01,3.958751511025e-01,4.509773028366e-01,0.000000000000e+00
8.510000,-3.645063152280e-01,-1.510728092240e-01,3.945729939161e-01,4.505577744133e-01,0.000000000000e+00
8.520000,-3.624739572981e-01,-1.526034546068e-01,3.932876607234e-01,4.502219261976e-01,0.000000000000e+00
8.530000,-3.604642004414e-01,-1.540904042283e-01,3.920182297739e-01,4.499686554639e-01,0.000000000000e+00
8.540000,-3.584766256069e-01,-1.555340941628e-01,3.907637976497e-01,4.497967010896e-01,0.000000000000e+00
8.550000,-3.565108038506e-01,-1.569349816010e-01,3.895234803093e-01,4.497046432271e-01,0.000000000000e+00
8.560000,-3.545662969563e-01,-1.582935444942e-01,3.882964140522e-01,4.496909029445e-01,0.000000000000e+00
8.570000,-3.526426580524e-01,-1.596102811848e-01,3.870817564005e-01,4.497537418478e-01,0.000000000000e+00
8.580000,-3.507394322214e-01,-1.608857100195e-01,3.858786868998e-01,4.498912616993e-01,0.000000000000e+00
8.590000,-3.488561571011e-01,-1.621203689453e-01,3.846864078367e-01,4.501014040502e-01,0.000000000000e+00
8.600000,-3.469923634741e-01,-1.633148150881e-01,3.835041448754e-01,4.503819499099e-01,0.000000000000e+00
8.610000,-3.451475758454e-01,-1.644696243106e-01,3.823311476100e-01,4.507305194755e-01,0.000000000000e+00
8.620000,-3.433213130048e-01,-1.655853907524e-01,3.811666900372e-01,4.511445719496e-01,0.000000000000e+00
8.630000,-3.415130885730e-01,-1.666627263476e-01,3.800100709458e-01,4.516214054775e-01,0.000000000000e+00
8.640000,-3.397224115284e-01,-1.677022603237e-01,3.788606142268e-01,4.521581572393e-01,0.000000000000e+00
8.650000,-3.379487867143e-01,-1.687046386772e-01,3.777176691033e-01,4.527518037344e-01,0.000000000000e+00
8.660000,-3.361917153233e-01,-1.696705236298e-01,3.765806102826e-01,4.533991613012e-01,0.000000000000e+00
8.670000,-3.344506953579e-01,-1.706005930616e-01,3.754488380304e-01,4.540968869183e-01,0.000000000000e+00
8.680000,-3.327252220657e-01,-1.714955399244e-01,3.743217781704e-01,4.548414793359e-01,0.000000000000e+00
8.690000,-3.310147883476e-01,-1.723560716324e-01,3.731988820098e-01,4.556292805929e-01,0.000000000000e+00
8.700000,-3.293188851372e-01,-1.731829094338e-01,3.720796261931e-01,4.564564779761e-01,0.000000000000e+00
8.710000,-3.276370017510e-01,-1.739767877606e-01,3.709635124859e-01,4.573191064835e-01,0.000000000000e+00
8.720000,-3.259686262076e-01,-1.747384535606e-01,3.698500674928e-01,4.582130518574e-01,0.000000000000e+00
8.730000,-3.243132455151e-01,-1.754686656088e-01,3.687388423085e-01,4.591340542548e-01,0.000000000000e+00
8.740000,-3.226703459262e-01,-1.761681938020e-01,3.676294121090e-01,4.600777126287e-01,0.000000000000e+00
8.750000,-3.210394131603e-01,-1.768378184365e-01,3.665213756818e-01,4.610394898949e-01,0.000000000000e+00
8.760000,-3.194199325910e-01,-1.774783294693e-01,3.654143549010e-01,4.620147189609e-01,0.000000000000e+00
8.770000,-3.178113894016e-01,-1.780905257654e-01,3.643079941489e-01,4.629986096979e-01,0.000000000000e+00
8.780000,-3.162132687048e-01,-1.786752143313e-01,3.632019596882e-01,4.639862569354e-01,0.000000000000e+00
8.790000,-3.146250556299e-01,-1.792332095369e-01,3.620959389872e-01,4.649726495603e-01,0.000000000000e+00
8.800000,-3.130462353757e-01,-1.797653323270e-01,3.609896400031e-01,4.659526807996e-01,0.000000000000e+00
8.810000,-3.114762932313e-01,-1.802724094235e-01,3.598827904256e-01,4.669211597667e-01,0.000000000000e+00
8.820000,-3.099147145632e-01,-1.807552725207e-01,3.587751368849e-01,4.678728243444e-01,0.000000000000e+00
8.830000,-3.083609847716e-01,-1.812147574747e-01,3.576664441291e-01,4.688023554762e-01,0.000000000000e+00
8.840000,-3.068145892161e-01,-1.816517034892e-01,3.565564941722e-01,4.697043929266e-01,0.000000000000e+00
8.850000,-3.052750131110e-01,-1.820669522987e-01,3.554450854201e-01,4.705735525658e-01,0.000000000000e+00
8.860000,-3.037417413927e-01,-1.824613473522e-01,3.543320317750e-01,4.714044452184e-01,0.000000000000e+00
8.870000,-3.022142585589e-01,-1.828357329976e-01,3.532171617250e-01,4.721916971055e-01,0.000000000000e+00
8.880000,-3.006920484829e-01,-1.831909536712e-01,3.521003174208e-01,4.729299718879e-01,0.000000000000e+00
8.890000,-2.991745942019e-01,-1.835278530918e-01,3.509813537446e-01,4.736139943006e-01,0.000000000000e+00
8.900000,-2.976613776820e-01,-1.838472734642e-01,3.498601373746e-01,4.742385753433e-01,0.000000000000e+00
8.910000,-2.961518795616e-01,-1.841500546923e-01,3.487365458495e-01,4.747986389648e-01,0.000000000000e+00
8.920000,-2.946455788722e-01,-1.844370336071e-01,3.476104666358e-01,4.752892501466e-01,0.000000000000e+00
8.930000,-2.931419527411e-01,-1.847090432097e-01,3.464817962034e-01,4.757056442580e-01,0.000000000000e+00
8.940000,-2.916404760730e-01,-1.849669119344e-01,3.453504391117e-01,4.760432575160e-01,0.000000000000e+00
8.950000,-2.901406212156e-01,-1.852114629353e-01,3.442163071123e-01,4.762977583416e-01,0.000000000000e+00
8.960000,-2.886418576066e-01,-1.854435133995e-01,3.430793182699e-01,4.764650793604e-01,0.000000000000e+00
8.970000,-2.871436514058e-01,-1.856638738916e-01,3.419393961086e-01,4.765414497510e-01,0.000000000000e+00
8.980000,-2.856454651108e-01,-1.858733477355e-01,3.407964687857e-01,4.765234275935e-01,0.000000000000e+00
8.990000,-2.841467571588e-01,-1.860727304364e-01,3.396504682993e-01,4.764079318287e-01,0.000000000000e+00
9.000000,-2.826469815153e-01,-1.862628091512e-01,3.385013297354e-01,4.761922733879e-01,0.000000000000e+00
9.010000,-2.811455872500e-01,-1.864443622129e-01,3.373489905590e-01,4.758741850135e-01,0.000000000000e+00
9.020000,-2.796420181029e-01,-1.866181587152e-01,3.361933899572e-01,4.754518492527e-01,0.000000000000e+00
9.030000,-2.781357120411e-01,-1.867849581661e-01,3.350344682413e-01,4.749239240738e-01,0.000000000000e+00
9.040000,-2.766261008104e-01,-1.869455102171e-01,3.338721663151e-01,4.742895655361e-01,0.000000000000e+00
9.050000,-2.751126094838e-01,-1.871005544773e-01,3.327064252200e-01,4.735484469337e-01,0.000000000000e+00
9.060000,-2.735946560126e-01,-1.872508204194e-01,3.315371857671e-01,4.727007738390e-01,0.000000000000e+00
9.070000,-2.720716507840e-01,-1.873970273882e-01,3.303643882659e-01,4.717472944938e-01,0.000000000000e+00
9.080000,-2.705429961936e-01,-1.875398847164e-01,3.291879723636e-01,4.706893050369e-01,0.000000000000e+00
9.090000,-2.690080862391e-01,-1.876800919587e-01,3.280078770086e-01,4.695286491191e-01,0.000000000000e+00
9.100000,-2.674663061473e-01,-1.878183392485e-01,3.268240405511e-01,4.682677115412e-01,0.000000000000e+00
9.110000,-2.659170320431e-01,-1.879553077832e-01,3.256364009973e-01,4.669094056539e-01,0.000000000000e+00
9.120000,-2.643596306755e-01,-1.880916704423e-01,3.244448964318e-01,4.654571543906e-01,0.000000000000e+00
9.130000,-2.627934592140e-01,-1.882280925395e-01,3.232494656248e-01,4.639148649469e-01,0.000000000000e+00
9.140000,-2.612178651320e-01,-1.883652327074e-01,3.220500488388e-01,4.622868972865e-01,0.000000000000e+00
9.150000,-2.596321861935e-01,-1.885037439121e-01,3.208465888497e-01,4.605780268273e-01,0.000000000000e+00
9.160000,-2.580357505612e-01,-1.886442745885e-01,3.196390321952e-01,4.587934018406e-01,0.000000000000e+00
9.170000,-2.564278770446e-01,-1.887874698871e-01,3.184273306611e-01,4.569384962736e-01,0.000000000000e+00
9.180000,-2.548078755046e-01,-1.889339730166e-01,3.172114430140e-01,4.550190588692e-01,0.000000000000e+00
9.190000,-2.531750474327e-01,-1.890844266634e-01,3.159913369844e-01,4.530410596025e-01,0.000000000000e+00
9.200000,-2.515286867179e-01,-1.892394744653e-01,3.147669915000e-01,4.510106345645e-01,0.000000000000e+00
9.210000,-2.498680806152e-01,-1.893997625141e-01,3.135383991646e-01,4.489340304990e-01,0.000000000000e+00
9.220000,-2.481925109226e-01,-1.895659408558e-01,3.123055689715e-01,4.468175502231e-01,0.000000000000e+00
9.230000,-2.465012553717e-01,-1.897386649592e-01,3.110685292349e-01,4.446675001391e-01,0.000000000000e+00
9.240000,-2.447935892314e-01,-1.899185971172e-01,3.098273307179e-01,4.424901409654e-01,0.000000000000e+00
9.250000,-2.430687871163e-01,-1.901064077486e-01,3.085820499272e-01,4.402916426887e-01,0.000000000000e+00
9.260000,-2.413261249894e-01,-1.903027765671e-01,3.073327925419e-01,4.380780445647e-01,0.000000000000e+00
9.270000,-2.395648823395e-01,-1.905083935867e-01,3.060796969374e-01,4.358552207927e-01,0.000000000000e+00
9.280000,-2.377843445079e-01,-1.907239599351e-01,3.048229377628e-01,4.336288522617e-01,0.000000000000e+00
9.290000,-2.359838051361e-01,-1.909501884543e-01,3.035627295260e-01,4.314044045387e-01,0.000000000000e+00
9.300000,-2.341625686998e-01,-1.911878040680e-01,3.022993301422e-01,4.291871120503e-01,0.000000000000e+00
9.310000,-2.323199530902e-01,-1.914375439086e-01,3.010330444014e-01,4.269819682162e-01,0.000000000000e+00
9.320000,-2.304552922054e-01,-1.917001571962e-01,2.997642273096e-01,4.247937211305e-01,0.000000000000e+00
9.330000,-2.285679385107e-01,-1.919764048766e-01,2.984932872686e-01,4.226268742657e-01,0.000000000000e+00
9.340000,-2.266572655302e-01,-1.922670590251e-01,2.972206890575e-01,4.204856915909e-01,0.000000000000e+00
9.350000,-2.247226702332e-01,-1.925729020351e-01,2.959469565901e-01,4.183742064444e-01,0.000000000000e+00
9.360000,-2.227635752859e-01,-1.928947256108e-01,2.946726754259e-01,4.162962334790e-01,0.000000000000e+00
9.370000,-2.207794311414e-01,-1.932333295904e-01,2.933984950195e-01,4.142553830010e-01,0.000000000000e+00
9.380000,-2.187697179479e-01,-1.935895206271e-01,2.921251307019e-01,4.122550770342e-01,0.000000000000e+00
9.390000,-2.167339472622e-01,-1.939641107549e-01,2.908533653868e-01,4.102985664754e-01,0.000000000000e+00
9.400000,-2.146716635601e-01,-1.943579158685e-01,2.895840510049e-01,4.083889487419e-01,0.000000000000e+00
9.410000,-2.125824455401e-01,-1.947717541404e-01,2.883181096684e-01,4.065291853693e-01,0.000000000000e+00
9.420000,-2.104659072231e-01,-1.952064443998e-01,2.870565345685e-01,4.047221190745e-01,0.000000000000e+00
9.430000,-2.083216988514e-01,-1.956628044912e-01,2.858003906115e-01,4.029704898702e-01,0.000000000000e+00
9.440000,-2.061495075935e-01,-1.961416496299e-01,2.845508147951e-01,4.012769498899e-01,0.000000000000e+00
9.450000,-2.039490580621e-01,-1.966437907668e-01,2.833090163259e-01,3.996440766539e-01,0.000000000000e+00
9.460000,-2.017201126541e-01,-1.971700329734e-01,2.820762764784e-01,3.980743845757e-01,0.000000000000e+00
9.470000,-1.994624717177e-01,-1.977211738556e-01,2.808539481911e-01,3.965703345740e-01,0.000000000000e+00
9.480000,-1.971759735572e-01,-1.982980020035e-01,2.796434553978e-01,3.951343417155e-01,0.000000000000e+00
9.490000,-1.948604942808e-01,-1.989012954845e-01,2.784462920866e-01,3.937687808701e-01,0.000000000000e+00
9.500000,-1.925159474983e-01,-1.995318203834e-01,2.772640210822e-01,3.924759904192e-01,0.000000000000e+00
9.510000,-1.901422838787e-01,-2.001903293973e-01,2.760982725459e-01,3.912582741087e-01,0.000000000000e+00
9.520000,-1.877394905718e-01,-2.008775604891e-01,2.749507421852e-01,3.901179011916e-01,0.000000000000e+00
9.530000,-1.853075905044e-01,-2.015942356037e-01,2.738231891700e-01,3.890571050480e-01,0.000000000000e+00
9.540000,-1.828466415599e-01,-2.023410594539e-01,2.727174337491e-01,3.880780805024e-01,0.000000000000e+00
9.550000,-1.803567356483e-01,-2.031187183767e-01,2.716353545632e-01,3.871829800824e-01,0.000000000000e+00
9.560000,-1.778379976796e-01,-2.039278792657e-01,2.705788856517e-01,3.863739094661e-01,0.000000000000e+00
9.570000,-1.752905844490e-01,-2.047691885828e-01,2.695500131503e-01,3.856529223609e-01,0.000000000000e+00
9.580000,-1.727146834455e-01,-2.056432714487e-01,2.685507716798e-01,3.850220150357e-01,0.000000000000e+00
9.590000,-1.701105115960e-01,-2.065507308167e-01,2.675832404250e-01,3.844831207007e-01,0.000000000000e+00
9.600000,-1.674783139549e-01,-2.074921467279e-01,2.666495389063e-01,3.840381038955e-01,0.000000000000e+00
9.610000,-1.648183623520e-01,-2.084680756493e-01,2.657518224459e-01,3.836887550084e-01,0.000000000000e+00
9.620000,-1.621309540096e-01,-2.094790498918e-01,2.648922773348e-01,3.834367850154e-01,0.000000000000e+00
9.630000,-1.594164101391e-01,-2.105255771079e-01,2.640731157052e-01,3.832838204941e-01,0.000000000000e+00
9.640000,-1.566750745285e-01,-2.116081398647e-01,2.632965701173e-01,3.832313989390e-01,0.000000000000e+00
9.650000,-1.539073121293e-01,-2.127271952910e-01,2.625648878720e-01,3.832809643802e-01,0.000000000000e+00
9.660000,-1.511135076529e-01,-2.138831747915e-01,2.618803250610e-01,3.834338632931e-01,0.000000000000e+00
9.670000,-1.482940641829e-01,-2.150764838269e-01,2.612451403706e-01,3.836913407697e-01,0.000000000000e+00
9.680000,-1.454494018121e-01,-2.163075017531e-01,2.606615886589e-01,3.840545369178e-01,0.000000000000e+00
9.690000,-1.425799563080e-01,-2.175765817153e-01,2.601319143276e-01,3.845244834483e-01,0.000000000000e+00
9.700000,-1.396861778137e-01,-2.188840505921e-01,2.596583445141e-01,3.851021004127e-01,0.000000000000e+00
9.710000,-1.367685295865e-01,-2.202302089841e-01,2.592430821342e-01,3.857881930515e-01,0.000000000000e+00
9.720000,-1.338274867791e-01,-2.216153312427e-01,2.588882988075e-01,3.865834487228e-01,0.000000000000e+00
9.730000,-1.308635352634e-01,-2.230396655337e-01,2.585961277031e-01,3.874884338806e-01,0.000000000000e+00
9.740000,-1.278771704996e-01,-2.245034339317e-01,2.583686563461e-01,3.885035910830e-01,0.000000000000e+00
9.750000,-1.248688964516e-01,-2.260068325405e-01,2.582079194293e-01,3.896292360120e-01,0.000000000000e+00
9.760000,-1.218392245477e-01,-2.275500316368e-01,2.581158916772e-01,3.908655544970e-01,0.000000000000e+00
9.770000,-1.187886726869e-01,-2.291331758320e-01,2.580944808119e-01,3.922125995366e-01,0.000000000000e+00
9.780000,-1.157177642897e-01,-2.307563842498e-01,2.581455206743e-01,3.936702883206e-01,0.000000000000e+00
9.790000,-1.126270273923e-01,-2.324197507174e-01,2.582707645529e-01,3.952383992578e-01,0.000000000000e+00
9.800000,-1.095169937831e-01,-2.341233439667e-01,2.584718787750e-01,3.969165690202e-01,0.000000000000e+00
9.810000,-1.063881981793e-01,-2.358672078441e-01,2.587504366142e-01,3.987042896171e-01,0.000000000000e+00
9.820000,-1.032411774425e-01,-2.376513615268e-01,2.591079125678e-01,4.006009055156e-01,0.000000000000e+00
9.830000,-1.000764698309e-01,-2.394757997445e-01,2.595456770533e-01,4.026056108268e-01,0.000000000000e+00
9.840000,-9.689461428778e-02,-2.413404930053e-01,2.600649915733e-01,4.047174465773e-01,0.000000000000e+00
9.850000,-9.369614976256e-02,-2.432453878245e-01,2.606670043911e-01,4.069352980902e-01,0.000000000000e+00
9.860000,-9.048161456440e-02,-2.451904069561e-01,2.613527467571e-01,4.092578924956e-01,0.000000000000e+00
9.870000,-8.725154574630e-02,-2.471754496260e-01,2.621231297175e-01,4.116837963968e-01,0.000000000000e+00
9.880000,-8.400647851823e-02,-2.492003917672e-01,2.629789415333e-01,4.142114137138e-01,0.000000000000e+00
9.890000,-8.074694568811e-02,-2.512650862568e-01,2.639208457277e-01,4.168389837289e-01,0.000000000000e+00
9.900000,-7.747347712947e-02,-2.533693631536e-01,2.649493797754e-01,4.195645793582e-01,0.000000000000e+00
9.910000,-7.418659927489e-02,-2.555130299379e-01,2.660649544378e-01,4.223861056702e-01,0.000000000000e+00
9.920000,-7.088683463420e-02,-2.576958717531e-01,2.672678537405e-01,4.253012986773e-01,0.000000000000e+00
9.930000,-6.757470133673e-02,-2.599176516489e-01,2.685582355830e-01,4.283077244189e-01,0.000000000000e+00
9.940000,-6.425071269712e-02,-2.621781108262e-01,2.699361329620e-01,4.314027783598e-01,0.000000000000e+00
9.950000,-6.091537680402e-02,-2.644769688851e-01,2.714014557843e-01,4.345836851240e-01,0.000000000000e+00
9.960000,-5.756919613133e-02,-2.668139240750e-01,2.729539932360e-01,4.378474985832e-01,0.000000000000e+00
9.970000,-5.421266717165e-02,-2.691886535474e-01,2.745934166737e-01,4.411911023193e-01,0.000000000000e+00
9.980000,-5.084628009173e-02,-2.716008136128e-01,2.763192829939e-01,4.446112104793e-01,0.000000000000e+00
9.990000,-4.747051840970e-02,-2.740500399995e-01,2.781310384366e-01,4.481043690397e-01,0.000000000000e+00
10.000000,-4.408585869392e-02,-2.765359481174e-01,2.800280227726e-01,4.516669574955e-01,0.000000000000e+00
10.010000,-4.069277028348e-02,-2.790581333248e-01,2.820094738268e-01,4.552951909910e-01,0.000000000000e+00
10.020000,-3.729171503007e-02,-2.816161711998e-01,2.840745322817e-01,4.589851229031e-01,0.000000000000e+00
10.030000,-3.388314706145e-02,-2.842096178150e-01,2.862222467128e-01,4.627326478936e-01,0.000000000000e+00
10.040000,-3.046751256621e-02,-2.868380100179e-01,2.884515788013e-01,4.665335054386e-01,0.000000000000e+00
10.050000,-2.704524959990e-02,-2.895008657145e-01,2.907614086762e-01,4.703832838461e-01,0.000000000000e+00
10.060000,-2.361678791251e-02,-2.921976841583e-01,2.931505403352e-01,4.742774247718e-01,0.000000000000e+00
10.070000,-2.018254879705e-02,-2.949279462435e-01,2.956177071005e-01,4.782112282374e-01,0.000000000000e+00
10.080000,-1.674294495927e-02,-2.976911148027e-01,2.981615770659e-01,4.821798581582e-01,0.000000000000e+00
10.090000,-1.329838040821e-02,-3.004866349102e-01,3.007807584955e-01,4.861783483839e-01,0.000000000000e+00
10.100000,-9.849250367531e-03,-3.033139341888e-01,3.034738051396e-01,4.902016092525e-01,0.000000000000e+00
10.110000,-6.395941207221e-03,-3.061724231221e-01,3.062392214339e-01,4.942444346588e-01,0.000000000000e+00
10.120000,-2.938830395418e-03,-3.090614953714e-01,3.090754675566e-01,4.983015096334e-01,0.000000000000e+00
10.130000,5.217135299920e-04,-3.119805280968e-01,3.119809643176e-01,5.023674184284e-01,0.000000000000e+00
10.140000,3.985330970484e-03,-3.149288822833e-01,3.149540978606e-01,5.064366531032e-01,0.000000000000e+00
10.150000,7.451671257200e-03,-3.179059030715e-01,3.179932241609e-01,5.105036225993e-01,0.000000000000e+00
10.160000,1.092039262301e-02,-3.209109200923e-01,3.210966733081e-01,5.145626622952e-01,0.000000000000e+00
10.170000,1.439116215698e-02,-3.239432478065e-01,3.242627535621e-01,5.186080440236e-01,0.000000000000e+00
10.180000,1.786365574192e-02,-3.270021858488e-01,3.274897551777e-01,5.226339865375e-01,0.000000000000e+00
10.190000,2.133755797581e-02,-3.300870193756e-01,3.307759539940e-01,5.266346664033e-01,0.000000000000e+00
10.200000,2.481256207795e-02,-3.331970194177e-01,3.341196147874e-01,5.306042292995e-01,0.000000000000e+00
10.210000,2.828836978065e-02,-3.363314432370e-01,3.375189943910e-01,5.345368016971e-01,0.000000000000e+00
10.220000,3.176469120754e-02,-3.394895346870e-01,3.409723445816e-01,5.384265028929e-01,0.000000000000e+00
10.230000,3.524124473939e-02,-3.426705245783e-01,3.444779147428e-01,5.422674573670e-01,0.000000000000e+00
10.240000,3.871775686862e-02,-3.458736310473e-01,3.480339543073e-01,5.460538074307e-01,0.000000000000e+00
10.250000,4.219396204355e-02,-3.490980599299e-01,3.516387149899e-01,5.497797261311e-01,0.000000000000e+00
10.260000,4.566960250359e-02,-3.523430051385e-01,3.552904528170e-01,5.534394303737e-01,0.000000000000e+00
10.270000,4.914442810652e-02,-3.556076490439e-01,3.589874299644e-01,5.570271942240e-01,0.000000000000e+00
10.280000,5.261819614922e-02,-3.588911628607e-01,3.627279164132e-01,5.605373623459e-01,0.000000000000e+00
10.290000,5.609067118298e-02,-3.621927070371e-01,3.665101914335e-01,5.639643635330e-01,0.000000000000e+00
10.300000,5.956162482480e-02,-3.655114316493e-01,3.703325449081e-01,5.673027242866e-01,0.000000000000e+00
10.310000,6.303083556586e-02,-3.688464767995e-01,3.741932785066e-01,5.705470823942e-01,0.000000000000e+00
10.320000,6.649808857867e-02,-3.721969730185e-01,3.780907067210e-01,5.736922004573e-01,0.000000000000e+00
10.330000,6.996317552398e-02,-3.755620416728e-01,3.820231577729e-01,5.767329793216e-01,0.000000000000e+00
10.340000,7.342589435901e-02,-3.789407953756e-01,3.859889744051e-01,5.796644713553e-01,0.000000000000e+00
10.350000,7.688604914809e-02,-3.823323384033e-01,3.899865145649e-01,5.824818935262e-01,0.000000000000e+00
10.360000,8.034344987713e-02,-3.857357671152e-01,3.940141519922e-01,5.851806402243e-01,0.000000000000e+00
10.370000,8.379791227313e-02,-3.891501703793e-01,3.980702767196e-01,5.877562957785e-01,0.000000000000e+00
10.380000,8.724925762998e-02,-3.925746300015e-01,4.021532954954e-01,5.902046466140e-01,0.000000000000e+00
10.390000,9.069731264160e-02,-3.960082211605e-01,4.062616321376e-01,5.925216930013e-01,0.000000000000e+00
10.400000,9.414190924374e-02,-3.994500128474e-01,4.103937278271e-01,5.947036603432e-01,0.000000000000e+00
10.410000,9.758288446541e-02,-4.028990683098e-01,4.145480413480e-01,5.967470099533e-01,0.000000000000e+00
10.420000,1.010200802909e-01,-4.063544455017e-01,4.187230492831e-01,5.986484492758e-01,0.000000000000e+00
10.430000,1.044533435333e-01,-4.098151975378e-01,4.229172461703e-01,6.004049415015e-01,0.000000000000e+00
10.440000,1.078825257207e-01,-4.132803731537e-01,4.271291446271e-01,6.020137145357e-01,0.000000000000e+00
10.450000,1.113074829953e-01,-4.167490171700e-01,4.313572754492e-01,6.034722692759e-01,0.000000000000e+00
10.460000,1.147280760268e-01,-4.202201709636e-01,4.356001876876e-01,6.047783871616e-01,0.000000000000e+00
10.470000,1.181441699395e-01,-4.236928729421e-01,4.398564487110e-01,6.059301369583e-01,0.000000000000e+00
10.480000,1.215556342553e-01,-4.271661590255e-01,4.441246442563e-01,6.069258807445e-01,0.000000000000e+00
10.490000,1.249623428516e-01,-4.306390631317e-01,4.484033784729e-01,6.077642790719e-01,0.000000000000e+00
10.500000,1.283641739347e-01,-4.341106176681e-01,4.526912739629e-01,6.084442952729e-01,0.000000000000e+00
10.510000,1.317610100292e-01,-4.375798540281e-01,4.569869718221e-01,6.089651988940e-01,0.000000000000e+00
10.520000,1.351527379836e-01,-4.410458030927e-01,4.612891316844e-01,6.093265682370e-01,0.000000000000e+00
10.530000,1.385392489911e-01,-4.445074957379e-01,4.655964317714e-01,6.095282919954e-01,0.000000000000e+00
10.540000,1.419204386263e-01,-4.479639633465e-01,4.699075689505e-01,6.095705699746e-01,0.000000000000e+00
10.550000,1.452962068979e-01,-4.514142383248e-01,4.742212588036e-01,6.094539128940e-01,0.000000000000e+00
10.560000,1.486664583154e-01,-4.548573546247e-01,4.785362357065e-01,6.091791412670e-01,0.000000000000e+00
10.570000,1.520311019711e-01,-4.582923482700e-01,4.828512529230e-01,6.087473833655e-01,0.000000000000e+00
10.580000,1.553900516360e-01,-4.617182578875e-01,4.871650827123e-01,6.081600722751e-01,0.000000000000e+00
10.590000,1.587432258681e-01,-4.651341252424e-01,4.914765164523e-01,6.074189420543e-01,0.000000000000e+00
10.600000,1.620905481344e-01,-4.685389957777e-01,4.957843647786e-01,6.065260230144e-01,0.000000000000e+00
10.610000,1.654319469432e-01,-4.719319191576e-01,5.000874577403e-01,6.054836361392e-01,0.000000000000e+00
10.620000,1.687673559877e-01,-4.753119498146e-01,5.043846449721e-01,6.042943866719e-01,0.000000000000e+00
10.630000,1.720967142985e-01,-4.786781475003e-01,5.086747958831e-01,6.029611568939e-01,0.000000000000e+00
10.640000,1.754199664050e-01,-4.820295778387e-01,5.129567998622e-01,6.014870981308e-01,0.000000000000e+00
10.650000,1.787370625026e-01,-4.853653128829e-01,5.172295665002e-01,5.998756220176e-01,0.000000000000e+00
10.660000,1.820479586271e-01,-4.886844316741e-01,5.214920258268e-01,5.981303910640e-01,0.000000000000e+00
10.670000,1.853526168323e-01,-4.919860208028e-01,5.257431285637e-01,5.962553085580e-01,0.000000000000e+00
10.680000,1.886510053707e-01,-4.952691749718e-01,5.299818463916e-01,5.942545078531e-01,0.000000000000e+00
10.690000,1.919430988762e-01,-4.985329975609e-01,5.342071722312e-01,5.921323410842e-01,0.000000000000e+00
10.700000,1.952288785457e-01,-5.017766011921e-01,5.384181205365e-01,5.898933673592e-01,0.000000000000e+00
10.710000,1.985083323196e-01,-5.049991082964e-01,5.426137276005e-01,5.875423404747e-01,0.000000000000e+00
10.720000,2.017814550598e-01,-5.081996516800e-01,5.467930518704e-01,5.850841962080e-01,0.000000000000e+00
10.730000,2.050482487210e-01,-5.113773750909e-01,5.509551742732e-01,5.825240392338e-01,0.000000000000e+00
10.740000,2.083087225181e-01,-5.145314337848e-01,5.550991985490e-01,5.798671297193e-01,0.000000000000e+00
10.750000,2.115628930833e-01,-5.176609950897e-01,5.592242515905e-01,5.771188696487e-01,0.000000000000e+00
10.760000,2.148107846155e-01,-5.207652389697e-01,5.633294837893e-01,5.742847889285e-01,0.000000000000e+00
10.770000,2.180524290181e-01,-5.238433585864e-01,5.674140693848e-01,5.713705313260e-01,0.000000000000e+00
10.780000,2.212878660235e-01,-5.268945608579e-01,5.714772068166e-01,5.683818402911e-01,0.000000000000e+00
10.790000,2.245171433050e-01,-5.299180670155e-01,5.755181190781e-01,5.653245447112e-01,0.000000000000e+00
10.800000,2.277403165725e-01,-5.329131131563e-01,5.795360540695e-01,5.622045446487e-01,0.000000000000e+00
10.810000,2.309574496513e-01,-5.358789507932e-01,5.835302849490e-01,5.590277971070e-01,0.000000000000e+00
10.820000,2.341686145434e-01,-5.388148473994e-01,5.875001104811e-01,5.558003018717e-01,0.000000000000e+00
10.830000,2.373738914690e-01,-5.417200869497e-01,5.914448553804e-01,5.525280874701e-01,0.000000000000e+00
10.840000,2.405733688875e-01,-5.445939704550e-01,5.953638706488e-01,5.492171972913e-01,0.000000000000e+00
10.850000,2.437671434978e-01,-5.474358164931e-01,5.992565339055e-01,5.458736759054e-01,0.000000000000e+00
10.860000,2.469553202145e-01,-5.502449617317e-01,6.031222497084e-01,5.425035556199e-01,0.000000000000e+00
10.870000,2.501380121219e-01,-5.530207614467e-01,6.069604498642e-01,5.391128433072e-01,0.000000000000e+00
10.880000,2.533153404032e-01,-5.557625900323e-01,6.107705937281e-01,5.357075075370e-01,0.000000000000e+00
10.890000,2.564874342441e-01,-5.584698415044e-01,6.145521684894e-01,5.322934660403e-01,0.000000000000e+00
10.900000,2.596544307119e-01,-5.611419299965e-01,6.183046894440e-01,5.288765735351e-01,0.000000000000e+00
10.910000,2.628164746065e-01,-5.637782902472e-01,6.220277002503e-01,5.254626099363e-01,0.000000000000e+00
10.920000,2.659737182864e-01,-5.663783780797e-01,6.257207731691e-01,5.220572689714e-01,0.000000000000e+00
10.930000,2.691263214668e-01,-5.689416708718e-01,6.293835092856e-01,5.186661472222e-01,0.000000000000e+00
10.940000,2.722744509899e-01,-5.714676680178e-01,6.330155387125e-01,5.152947336073e-01,0.000000000000e+00
10.950000,2.754182805683e-01,-5.739558913799e-01,6.366165207728e-01,5.119483993206e-01,0.000000000000e+00
10.960000,2.785579905009e-01,-5.764058857307e-01,6.401861441619e-01,5.086323882361e-01,0.000000000000e+00
10.970000,2.816937673604e-01,-5.788172191852e-01,6.437241270879e-01,5.053518077892e-01,0.000000000000e+00
10.980000,2.848258036542e-01,-5.811894836226e-01,6.472302173885e-01,5.021116203391e-01,0.000000000000e+00
10.990000,2.879542974579e-01,-5.835222950972e-01,6.507041926251e-01,4.989166350191e-01,0.000000000000e+00
11.000000,2.910794520211e-01,-5.858152942391e-01,6.541458601515e-01,4.957715000755e-01,0.000000000000e+00
11.010000,2.942014753479e-01,-5.880681466435e-01,6.575550571576e-01,4.926806956960e-01,0.000000000000e+00
11.020000,2.973205797503e-01,-5.902805432484e-01,6.609316506877e-01,4.896485273261e-01,0.000000000000e+00
11.030000,3.004369813768e-01,-5.924522007018e-01,6.642755376312e-01,4.866791194712e-01,0.000000000000e+00
11.040000,3.035508997152e-01,-5.945828617158e-01,6.675866446868e-01,4.837764099785e-01,0.000000000000e+00
11.050000,3.066625570727e-01,-5.966722954106e-01,6.708649282985e-01,4.809441447931e-01,0.000000000000e+00
11.060000,3.097721780307e-01,-5.987202976452e-01,6.741103745636e-01,4.781858731820e-01,0.000000000000e+00
11.070000,3.128799888784e-01,-6.007266913365e-01,6.773229991110e-01,4.755049434166e-01,0.000000000000e+00
11.080000,3.159862170244e-01,-6.026913267666e-01,6.805028469515e-01,4.729044989043e-01,0.000000000000e+00
11.090000,3.190910903868e-01,-6.046140818765e-01,6.836499922970e-01,4.703874747604e-01,0.000000000000e+00
11.100000,3.221948367641e-01,-6.064948625490e-01,6.867645383505e-01,4.679565948083e-01,0.000000000000e+00
11.110000,3.252976831871e-01,-6.083336028774e-01,6.898466170655e-01,4.656143689973e-01,0.000000000000e+00
11.120000,3.283998552532e-01,-6.101302654222e-01,6.928963888739e-01,4.633630912262e-01,0.000000000000e+00
11.130000,3.315015764436e-01,-6.118848414551e-01,6.959140423839e-01,4.612048375613e-01,0.000000000000e+00
11.140000,3.346030674252e-01,-6.135973511892e-01,6.988997940454e-01,4.591414648363e-01,0.000000000000e+00
11.150000,3.377045453381e-01,-6.152678439968e-01,7.018538877847e-01,4.571746096220e-01,0.000000000000e+00
11.160000,3.408062230697e-01,-6.168963986134e-01,7.047765946066e-01,4.553056875548e-01,0.000000000000e+00
11.170000,3.439083085164e-01,-6.184831233280e-01,7.076682121646e-01,4.535358930108e-01,0.000000000000e+00
11.180000,3.470110038354e-01,-6.200281561600e-01,7.105290642993e-01,4.518661991158e-01,0.000000000000e+00
11.190000,3.501145046853e-01,-6.215316650216e-01,7.133595005434e-01,4.502973580790e-01,0.000000000000e+00
11.200000,3.532189994592e-01,-6.229938478663e-01,7.161598955947e-01,4.488299018401e-01,0.000000000000e+00
11.210000,3.563246685101e-01,-6.244149328225e-01,7.189306487559e-01,4.474641430196e-01,0.000000000000e+00
11.220000,3.594316833702e-01,-6.257951783123e-01,7.216721833418e-01,4.462001761645e-01,0.000000000000e+00
11.230000,3.625402059654e-01,-6.271348731543e-01,7.243849460526e-01,4.450378792773e-01,0.000000000000e+00
11.240000,3.656503878254e-01,-6.284343366513e-01,7.270694063150e-01,4.439769156242e-01,0.000000000000e+00
11.250000,3.687623692926e-01,-6.296939186611e-01,7.297260555887e-01,4.430167358118e-01,0.000000000000e+00
11.260000,3.718762787278e-01,-6.309139996505e-01,7.323554066404e-01,4.421565801282e-01,0.000000000000e+00
11.270000,3.749922317175e-01,-6.320949907314e-01,7.349579927834e-01,4.413954811410e-01,0.000000000000e+00
11.280000,3.781103302810e-01,-6.332373336794e-01,7.375343670844e-01,4.407322665487e-01,0.000000000000e+00
11.290000,3.812306620805e-01,-6.343415009318e-01,7.400851015354e-01,4.401655622806e-01,0.000000000000e+00
11.300000,3.843532996337e-01,-6.354079955674e-01,7.426107861931e-01,4.396937958416e-01,0.000000000000e+00
11.310000,3.874782995319e-01,-6.364373512642e-01,7.451120282832e-01,4.393151999007e-01,0.000000000000e+00
11.320000,3.906057016630e-01,-6.374301322353e-01,7.475894512720e-01,4.390278161201e-01,0.000000000000e+00
11.330000,3.937355284423e-01,-6.383869331425e-01,7.500436939038e-01,4.388294992254e-01,0.000000000000e+00
11.340000,3.968677840504e-01,-6.393083789846e-01,7.524754092042e-01,4.387179213156e-01,0.000000000000e+00
11.350000,4.000024536811e-01,-6.401951249616e-01,7.548852634510e-01,4.386905764144e-01,0.000000000000e+00
11.360000,4.031395027998e-01,-6.410478563104e-01,7.572739351106e-01,4.387447852642e-01,0.000000000000e+00
11.370000,4.062788764133e-01,-6.418672881139e-01,7.596421137420e-01,4.388777003638e-01,0.000000000000e+00
11.380000,4.094204983530e-01,-6.426541650789e-01,7.619904988678e-01,4.390863112533e-01,0.000000000000e+00
11.390000,4.125642705721e-01,-6.434092612830e-01,7.643197988130e-01,4.393674500500e-01,0.000000000000e+00
11.400000,4.157100724589e-01,-6.441333798888e-01,7.666307295111e-01,4.397177972367e-01,0.000000000000e+00
11.410000,4.188577601664e-01,-6.448273528219e-01,7.689240132802e-01,4.401338877090e-01,0.000000000000e+00
11.420000,4.220071659606e-01,-6.454920404134e-01,7.712003775668e-01,4.406121170845e-01,0.000000000000e+00
11.430000,4.251580975891e-01,-6.461283310022e-01,7.734605536608e-01,4.411487482795e-01,0.000000000000e+00
11.440000,4.283103376701e-01,-6.467371404973e-01,7.757052753809e-01,4.417399183567e-01,0.000000000000e+00
11.450000,4.314636431048e-01,-6.473194118965e-01,7.779352777316e-01,4.423816456510e-01,0.000000000000e+00
11.460000,4.346177445144e-01,-6.478761147604e-01,7.801512955342e-01,4.430698371767e-01,0.000000000000e+00
11.470000,4.377723457027e-01,-6.484082446381e-01,7.823540620312e-01,4.438002963224e-01,0.000000000000e+00
11.480000,4.409271231474e-01,-6.489168224444e-01,7.845443074667e-01,4.445687308370e-01,0.000000000000e+00
11.490000,4.440817255204e-01,-6.494028937841e-01,7.867227576448e-01,4.453707611126e-01,0.000000000000e+00
11.500000,4.472357732402e-01,-6.498675282216e-01,7.888901324663e-01,4.462019287681e-01,0.000000000000e+00
11.510000,4.503888580579e-01,-6.503118184955e-01,7.910471444470e-01,4.470577055369e-01,0.000000000000e+00
11.520000,4.535405426793e-01,-6.507368796721e-01,7.931944972195e-01,4.479335024621e-01,0.000000000000e+00
11.530000,4.566903604244e-01,-6.511438482392e-01,7.953328840205e-01,4.488246794009e-01,0.000000000000e+00
11.540000,4.598378149280e-01,-6.515338811353e-01,7.974629861661e-01,4.497265548409e-01,0.000000000000e+00
11.550000,4.629823798823e-01,-6.519081547134e-01,7.995854715184e-01,4.506344160273e-01,0.000000000000e+00
11.560000,4.661234988256e-01,-6.522678636371e-01,8.017009929463e-01,4.515435294014e-01,0.000000000000e+00
11.570000,4.692605849782e-01,-6.526142197058e-01,8.038101867831e-01,4.524491513479e-01,0.000000000000e+00
11.580000,4.723930211296e-01,-6.529484506089e-01,8.059136712852e-01,4.533465392481e-01,0.000000000000e+00
11.590000,4.755201595786e-01,-6.532717986052e-01,8.080120450949e-01,4.542309628332e-01,0.000000000000e+00
11.600000,4.786413221306e-01,-6.535855191278e-01,8.101058857116e-01,4.550977158320e-01,0.000000000000e+00
11.610000,4.817558001543e-01,-6.538908793118e-01,8.121957479755e-01,4.559421279041e-01,0.000000000000e+00
11.620000,4.848628547008e-01,-6.541891564428e-01,8.142821625677e-01,4.567595768476e-01,0.000000000000e+00
11.630000,4.879617166891e-01,-6.544816363283e-01,8.163656345322e-01,4.575455010691e-01,0.000000000000e+00
11.640000,4.910515871617e-01,-6.547696115869e-01,8.184466418232e-01,4.582954122995e-01,0.000000000000e+00
11.650000,4.941316376117e-01,-6.550543798592e-01,8.205256338844e-01,4.590049085397e-01,0.000000000000e+00
11.660000,4.972010103880e-01,-6.553372419363e-01,8.226030302640e-01,4.596696872139e-01,0.000000000000e+00
11.670000,5.002588191794e-01,-6.556194998100e-01,8.246792192713e-01,4.602855585065e-01,0.000000000000e+00
11.680000,5.033041495833e-01,-6.559024546419e-01,8.267545566811e-01,4.608484588586e-01,0.000000000000e+00
11.690000,5.063360597611e-01,-6.561874046549e-01,8.288293644908e-01,4.613544645900e-01,0.000000000000e+00
11.700000,5.093535811855e-01,-6.564756429479e-01,8.309039297357e-01,4.617998056159e-01,0.000000000000e+00
11.710000,5.123557194817e-01,-6.567684552348e-01,8.329785033704e-01,4.621808792202e-01,0.000000000000e+00
11.720000,5.153414553682e-01,-6.570671175125e-01,8.350532992194e-01,4.624942638425e-01,0.000000000000e+00
11.730000,5.183097456988e-01,-6.573728936585e-01,8.371284930065e-01,4.627367328349e-01,0.000000000000e+00
11.740000,5.212595246100e-01,-6.576870329648e-01,8.392042214661e-01,4.629052681377e-01,0.000000000000e+00
11.750000,5.241897047776e-01,-6.580107676090e-01,8.412805815447e-01,4.629970738197e-01,0.000000000000e+00
11.760000,5.270991787852e-01,-6.583453100714e-01,8.433576296976e-01,4.630095894234e-01,0.000000000000e+00
11.770000,5.299868206070e-01,-6.586918505012e-01,8.454353812881e-01,4.629405030521e-01,0.000000000000e+00
11.780000,5.328514872084e-01,-6.590515540386e-01,8.475138100945e-01,4.627877641287e-01,0.000000000000e+00
11.790000,5.356920202656e-01,-6.594255581023e-01,8.495928479306e-01,4.625495957522e-01,0.000000000000e+00
11.800000,5.385072480075e-01,-6.598149696469e-01,8.516723843866e-01,4.622245065732e-01,0.000000000000e+00
11.810000,5.412959871796e-01,-6.602208624018e-01,8.537522666953e-01,4.618113021038e-01,0.000000000000e+00
11.820000,5.440570451312e-01,-6.606442741004e-01,8.558322997284e-01,4.613090953718e-01,0.000000000000e+00
11.830000,5.467892220273e-01,-6.610862037087e-01,8.579122461297e-01,4.607173168249e-01,0.000000000000e+00
11.840000,5.494913131828e-01,-6.615476086671e-01,8.599918265871e-01,4.600357233863e-01,0.000000000000e+00
11.850000,5.521621115187e-01,-6.620294021543e-01,8.620707202507e-01,4.592644065563e-01,0.000000000000e+00
11.860000,5.548004101380e-01,-6.625324503881e-01,8.641485652979e-01,4.584037994531e-01,0.000000000000e+00
11.870000,5.574050050175e-01,-6.630575699763e-01,8.662249596504e-01,4.574546826808e-01,0.000000000000e+00
11.880000,5.599746978126e-01,-6.636055253305e-01,8.682994618445e-01,4.564181889096e-01,0.000000000000e+00
11.890000,5.625082987674e-01,-6.641770261588e-01,8.703715920567e-01,4.552958060511e-01,0.000000000000e+00
11.900000,5.650046297261e-01,-6.647727250520e-01,8.724408332861e-01,4.540893789120e-01,0.000000000000e+00
11.910000,5.674625272348e-01,-6.653932151791e-01,8.745066326919e-01,4.528011092059e-01,0.000000000000e+00
11.920000,5.698808457270e-01,-6.660390281075e-01,8.765684030860e-01,4.514335538092e-01,0.000000000000e+00
11.930000,5.722584607791e-01,-6.667106317653e-01,8.786255245792e-01,4.499896211443e-01,0.000000000000e+00
11.940000,5.745942724258e-01,-6.674084285605e-01,8.806773463750e-01,4.484725655842e-01,0.000000000000e+00
11.950000,5.768872085191e-01,-6.681327536741e-01,8.827231887092e-01,4.468859797745e-01,0.000000000000e+00
11.960000,5.791362281160e-01,-6.688838735421e-01,8.847623449272e-01,4.452337847815e-01,0.000000000000e+00
11.970000,5.813403248773e-01,-6.696619845429e-01,8.867940836915e-01,4.435202179844e-01,0.000000000000e+00
11.980000,5.834985304576e-01,-6.704672119024e-01,8.888176513112e-01,4.417498186482e-01,0.000000000000e+00
11.990000,5.856099178660e-01,-6.712996088330e-01,8.908322741809e-01,4.399274111274e-01,0.000000000000e+00
12.000000,5.876736047747e-01,-6.721591559162e-01,8.928371613183e-01,4.380580856751e-01,0.000000000000e+00
12.010000,5.896887567511e-01,-6.730457607410e-01,8.948315069833e-01,4.361471768560e-01,0.000000000000e+00
12.020000,5.916545903884e-01,-6.739592578065e-01,8.968144933656e-01,4.342002395905e-01,0.000000000000e+00
12.030000,5.935703763079e-01,-6.748994086946e-01,8.987852933190e-01,4.322230228878e-01,0.000000000000e+00
12.040000,5.954354420052e-01,-6.758659025186e-01,9.007430731253e-01,4.302214413641e-01,0.000000000000e+00
12.050000,5.972491745123e-01,-6.768583566477e-01,9.026869952644e-01,4.282015446790e-01,0.000000000000e+00
12.060000,5.990110228467e-01,-6.778763177061e-01,9.046162211671e-01,4.261694850659e-01,0.000000000000e+00
12.070000,6.007205002196e-01,-6.789192628433e-01,9.065299139266e-01,4.241314831786e-01,0.000000000000e+00
12.080000,6.023771859754e-01,-6.799866012652e-01,9.084272409411e-01,4.220937925199e-01,0.000000000000e+00
12.090000,6.039807272342e-01,-6.810776760154e-01,9.103073764596e-01,4.200626627716e-01,0.000000000000e+00
12.100000,6.055308402143e-01,-6.821917659911e-01,9.121695040050e-01,4.180443023866e-01,0.000000000000e+00
12.110000,6.070273112105e-01,-6.833280881727e-01,9.140128186416e-01,4.160448408587e-01,0.000000000000e+00
12.120000,6.084699972070e-01,-6.844858000450e-01,9.158365290620e-01,4.140702911239e-01,0.000000000000e+00
12.130000,6.098588261109e-01,-6.856640021819e-01,9.176398594620e-01,4.121265125931e-01,0.000000000000e+00
12.140000,6.111937965911e-01,-6.868617409646e-01,9.194220511780e-01,4.102191753474e-01,0.000000000000e+00
12.150000,6.124749775163e-01,-6.880780113987e-01,9.211823640593e-01,4.083537260555e-01,0.000000000000e+00
12.160000,6.137025069892e-01,-6.893117599942e-01,9.229200775534e-01,4.065353561903e-01,0.000000000000e+00
12.170000,6.148765909812e-01,-6.905618876693e-01,9.246344914819e-01,4.047689731257e-01,0.000000000000e+00
12.180000,6.159975015755e-01,-6.918272526378e-01,9.263249264916e-01,4.030591746858e-01,0.000000000000e+00
12.190000,6.170655748382e-01,-6.931066732398e-01,9.279907241670e-01,4.014102276945e-01,0.000000000000e+00
12.200000,6.180812083386e-01,-6.943989306735e-01,9.296312467972e-01,3.998260510311e-01,0.000000000000e+00
12.210000,6.190448583495e-01,-6.957027715916e-01,9.312458767958e-01,3.983102036358e-01,0.000000000000e+00
12.220000,6.199570367667e-01,-6.970169105220e-01,9.328340157768e-01,3.968658778324e-01,0.000000000000e+00
12.230000,6.208183077883e-01,-6.983400320831e-01,9.343950832999e-01,3.954958982341e-01,0.000000000000e+00
12.240000,6.216292844066e-01,-6.996707929615e-01,9.359285153019e-01,3.942027263846e-01,0.000000000000e+00
12.250000,6.223906247641e-01,-7.010078236324e-01,9.374337622404e-01,3.929884711560e-01,0.000000000000e+00
12.260000,6.231030284344e-01,-7.023497298047e-01,9.389102869821e-01,3.918549047795e-01,0.000000000000e+00
12.270000,6.237672326866e-01,-7.036950935827e-01,9.403575624760e-01,3.908034842339e-01,0.000000000000e+00
12.280000,6.243840087974e-01,-7.050424743454e-01,9.417750692564e-01,3.898353775635e-01,0.000000000000e+00
12.290000,6.249541584702e-01,-7.063904093511e-01,9.431622928279e-01,3.889514945395e-01,0.000000000000e+00
12.300000,6.254785104216e-01,-7.077374140858e-01,9.445187209876e-01,3.881525209408e-01,0.000000000000e+00
12.310000,6.259579171890e-01,-7.090819823809e-01,9.458438411433e-01,3.874389555999e-01,0.000000000000e+00
12.320000,6.263932522091e-01,-7.104225863372e-01,9.471371376898e-01,3.868111492556e-01,0.000000000000e+00
12.330000,6.267854072089e-01,-7.117576760949e-01,9.483980895015e-01,3.862693441792e-01,0.000000000000e+00
12.340000,6.271352899403e-01,-7.130856795001e-01,9.496261676031e-01,3.858137135018e-01,0.000000000000e+00
12.350000,6.274438222825e-01,-7.144050017195e-01,9.508208330712e-01,3.854443991646e-01,0.000000000000e+00
12.360000,6.277119387236e-01,-7.157140248607e-01,9.519815352192e-01,3.851615474575e-01,0.000000000000e+00
12.370000,6.279405852211e-01,-7.170111076541e-01,9.531077101079e-01,3.849653411823e-01,0.000000000000e+00
12.380000,6.281307184329e-01,-7.182945852530e-01,9.541987794180e-01,3.848560275991e-01,0.000000000000e+00
12.390000,6.282833052965e-01,-7.195627692043e-01,9.552541497105e-01,3.848339414546e-01,0.000000000000e+00
12.400000,6.283993229275e-01,-7.208139476384e-01,9.562732120926e-01,3.848995225685e-01,0.000000000000e+00
12.410000,6.284797587999e-01,-7.220463857196e-01,9.572553422948e-01,3.850533276401e-01,0.000000000000e+00
12.420000,6.285256111615e-01,-7.232583263893e-01,9.581999011571e-01,3.852960361352e-01,0.000000000000e+00
12.430000,6.285378896391e-01,-7.244479914283e-01,9.591062355113e-01,3.856284503109e-01,0.000000000000e+00
12.440000,6.285176159786e-01,-7.256135828517e-01,9.599736794383e-01,3.860514896202e-01,0.000000000000e+00
12.450000,6.284658248692e-01,-7.267532846417e-01,9.608015558720e-01,3.865661799136e-01,0.000000000000e+00
12.460000,6.283835648013e-01,-7.278652648147e-01,9.615891785144e-01,3.871736379986e-01,0.000000000000e+00
12.470000,6.282718989067e-01,-7.289476778089e-01,9.623358540233e-01,3.878750522460e-01,0.000000000000e+00
12.480000,6.281319057398e-01,-7.299986671712e-01,9.630408844281e-01,3.886716600197e-01,0.000000000000e+00
12.490000,6.279646799571e-01,-7.310163685150e-01,9.637035697301e-01,3.895647227661e-01,0.000000000000e+00
12.500000,6.277713328636e-01,-7.319989127158e-01,9.643232106418e-01,3.905554996219e-01,0.000000000000e+00
12.510000,6.275529927974e-01,-7.329444293056e-01,9.648991114199e-01,3.916452203823e-01,0.000000000000e+00
12.520000,6.273108053318e-01,-7.338510500269e-01,9.654305827514e-01,3.928350586231e-01,0.000000000000e+00
12.530000,6.270459332822e-01,-7.347169125033e-01,9.659169446511e-01,3.941261056845e-01,0.000000000000e+00
12.540000,6.267595565072e-01,-7.355401639845e-01,9.663575293376e-01,3.955193461200e-01,0.000000000000e+00
12.550000,6.264528715033e-01,-7.363189651270e-01,9.667516840536e-01,3.970156350906e-01,0.000000000000e+00
12.560000,6.261270907956e-01,-7.370514937698e-01,9.670987738057e-01,3.986156780597e-01,0.000000000000e+00
12.570000,6.257834421301e-01,-7.377359486701e-01,9.673981839989e-01,4.003200130278e-01,0.000000000000e+00
12.580000,6.254231674804e-01,-7.383705531666e-01,9.676493229496e-01,4.021289954372e-01,0.000000000000e+00
12.590000,6.250475218801e-01,-7.389535587418e-01,9.678516242614e-01,4.040427857923e-01,0.000000000000e+00
12.600000,6.246577720980e-01,-7.394832484572e-01,9.680045490551e-01,4.060613399619e-01,0.000000000000e+00
12.610000,6.242551951749e-01,-7.399579402426e-01,9.681075880453e-01,4.081844020683e-01,0.000000000000e+00
12.620000,6.238410768382e-01,-7.403759900204e-01,9.681602634633e-01,4.104114998119e-01,0.000000000000e+00
12.630000,6.234167098180e-01,-7.407357946555e-01,9.681621308253e-01,4.127419420280e-01,0.000000000000e+00
12.640000,6.229833920808e-01,-7.410357947218e-01,9.681127805516e-01,4.151748182291e-01,0.000000000000e+00
12.650000,6.225424250026e-01,-7.412744770809e-01,9.680118394419e-01,4.177089998518e-01,0.000000000000e+00
12.660000,6.220951114981e-01,-7.414503772760e-01,9.678589720164e-01,4.203431429063e-01,0.000000000000e+00
12.670000,6.216427541229e-01,-7.415620817420e-01,9.676538817320e-01,4.230756917168e-01,0.000000000000e+00
12.680000,6.211866531629e-01,-7.416082298408e-01,9.673963120848e-01,4.259048834548e-01,0.000000000000e+00
12.690000,6.207281047239e-01,-7.415875157296e-01,9.670860476091e-01,4.288287531845e-01,0.000000000000e+00
12.700000,6.202683988302e-01,-7.414986900734e-01,9.667229147837e-01,4.318451391806e-01,0.000000000000e+00
12.710000,6.198088175409e-01,-7.413405616131e-01,9.663067828564e-01,4.349516883138e-01,0.000000000000e+00
12.720000,6.193506330894e-01,-7.411119986020e-01,9.658375645936e-01,4.381458613493e-01,0.000000000000e+00
12.730000,6.188951060503e-01,-7.408119301214e-01,9.653152169644e-01,4.414249380445e-01,0.000000000000e+00
12.740000,6.184434835354e-01,-7.404393472890e-01,9.647397417652e-01,4.447860219745e-01,0.000000000000e+00
12.750000,6.179969974222e-01,-7.399933043690e-01,9.641111861885e-01,4.482260450500e-01,0.000000000000e+00
12.760000,6.175568626118e-01,-7.394729197951e-01,9.634296433416e-01,4.517417717232e-01,0.000000000000e+00
12.770000,6.171242753195e-01,-7.388773771151e-01,9.626952527156e-01,4.553298029010e-01,0.000000000000e+00
12.780000,6.167004113940e-01,-7.382059258640e-01,9.619082006066e-01,4.589865796051e-01,0.000000000000e+00
12.790000,6.162864246668e-01,-7.374578823726e-01,9.610687204889e-01,4.627083864315e-01,0.000000000000e+00
12.800000,6.158834453278e-01,-7.366326305174e-01,9.601770933384e-01,4.664913548721e-01,0.000000000000e+00
12.810000,6.154925783280e-01,-7.357296224134e-01,9.592336479052e-01,4.703314665668e-01,0.000000000000e+00
12.820000,6.151149018071e-01,-7.347483790554e-01,9.582387609305e-01,4.742245565557e-01,0.000000000000e+00
12.830000,6.147514655444e-01,-7.336884909066e-01,9.571928573061e-01,4.781663166036e-01,0.000000000000e+00
12.840000,6.144032894343e-01,-7.325496184381e-01,9.560964101708e-01,4.821522986647e-01,0.000000000000e+00
12.850000,6.140713619830e-01,-7.313314926157e-01,9.549499409389e-01,4.861779185525e-01,0.000000000000e+00
12.860000,6.137566388301e-01,-7.300339153363e-01,9.537540192571e-01,4.902384598748e-01,0.000000000000e+00
12.870000,6.134600412912e-01,-7.286567598092e-01,9.525092628823e-01,4.943290782895e-01,0.000000000000e+00
12.880000,6.131824549266e-01,-7.271999708827e-01,9.512163374762e-01,4.984448061294e-01,0.000000000000e+00
12.890000,6.129247281332e-01,-7.256635653112e-01,9.498759563108e-01,5.025805574367e-01,0.000000000000e+00
12.900000,6.126876707644e-01,-7.240476319607e-01,9.484888798792e-01,5.067311334446e-01,0.000000000000e+00
12.910000,6.124720527770e-01,-7.223523319492e-01,9.470559154059e-01,5.108912285345e-01,0.000000000000e+00
12.920000,6.122786029104e-01,-7.205778987192e-01,9.455779162526e-01,5.150554366897e-01,0.000000000000e+00
12.930000,6.121080073966e-01,-7.187246380374e-01,9.440557812126e-01,5.192182584655e-01,0.000000000000e+00
12.940000,6.119609087081e-01,-7.167929279187e-01,9.424904536923e-01,5.233741084830e-01,0.000000000000e+00
12.950000,6.118379043428e-01,-7.147832184725e-01,9.408829207720e-01,5.275173234541e-01,0.000000000000e+00
12.960000,6.117395456517e-01,-7.126960316643e-01,9.392342121453e-01,5.316421707375e-01,0.000000000000e+00
12.970000,6.116663367113e-01,-7.105319609937e-01,9.375453989324e-01,5.357428574203e-01,0.000000000000e+00
12.980000,6.116187332452e-01,-7.082916710823e-01,9.358175923656e-01,5.398135399170e-01,0.000000000000e+00
12.990000,6.115971415965e-01,-7.059758971707e-01,9.340519423432e-01,5.438483340721e-01,0.000000000000e+00
13.000000,6.116019177576e-01,-7.035854445214e-01,9.322496358525e-01,5.478413257491e-01,0.000000000000e+00
13.010000,6.116333664576e-01,-7.011211877249e-01,9.304118952599e-01,5.517865818858e-01,0.000000000000e+00
13.020000,6.116917403141e-01,-6.985840699081e-01,9.285399764672e-01,5.556781619901e-01,0.000000000000e+00
13.030000,6.117772390494e-01,-6.959751018425e-01,9.266351669366e-01,5.595101300503e-01,0.000000000000e+00
13.040000,6.118900087789e-01,-6.932953609512e-01,9.246987835830e-01,5.632765668280e-01,0.000000000000e+00
13.050000,6.120301413700e-01,-6.905459902139e-01,9.227321705381e-01,5.669715825006e-01,0.000000000000e+00
13.060000,6.121976738795e-01,-6.877281969685e-01,9.207366967863e-01,5.705893296172e-01,0.000000000000e+00
13.070000,6.123925880691e-01,-6.848432516100e-01,9.187137536783e-01,5.741240163279e-01,0.000000000000e+00
13.080000,6.126148100032e-01,-6.818924861867e-01,9.166647523239e-01,5.775699198461e-01,0.000000000000e+00
13.090000,6.128642097323e-01,-6.788772928925e-01,9.145911208708e-01,5.809214000993e-01,0.000000000000e+00
13.100000,6.131406010630e-01,-6.757991224586e-01,9.124943016741e-01,5.841729135222e-01,0.000000000000e+00
13.110000,6.134437414179e-01,-6.726594824438e-01,9.103757483624e-01,5.873190269452e-01,0.000000000000e+00
13.120000,6.137733317872e-01,-6.694599354252e-01,9.082369228085e-01,5.903544315263e-01,0.000000000000e+00
13.130000,6.141290167729e-01,-6.662020970924e-01,9.060792920119e-01,5.932739566776e-01,0.000000000000e+00
13.140000,6.145103847288e-01,-6.628876342448e-01,9.039043249007e-01,5.960725839312e-01,0.000000000000e+00
13.150000,6.149169679953e-01,-6.595182626976e-01,9.017134890641e-01,5.987454606913e-01,0.000000000000e+00
13.160000,6.153482432317e-01,-6.560957450967e-01,8.995082474232e-01,6.012879138179e-01,0.000000000000e+00
13.170000,6.158036318455e-01,-6.526218886477e-01,8.972900548520e-01,6.036954629859e-01,0.000000000000e+00
13.180000,6.162825005195e-01,-6.490985427603e-01,8.950603547583e-01,6.059638337635e-01,0.000000000000e+00
13.190000,6.167841618361e-01,-6.455275966146e-01,8.928205756382e-01,6.080889703542e-01,0.000000000000e+00
13.200000,6.173078749996e-01,-6.419109766507e-01,8.905721276130e-01,6.100670479459e-01,0.000000000000e+00
13.210000,6.178528466545e-01,-6.382506439884e-01,8.883163989653e-01,6.118944846129e-01,0.000000000000e+00
13.220000,6.184182317997e-01,-6.345485917798e-01,8.860547526829e-01,6.135679527148e-01,0.000000000000e+00
13.230000,6.190031347972e-01,-6.308068425010e-01,8.837885230274e-01,6.150843897401e-01,0.000000000000e+00
13.240000,6.196066104741e-01,-6.270274451877e-01,8.815190121386e-01,6.164410085428e-01,0.000000000000e+00
13.250000,6.202276653149e-01,-6.232124726198e-01,8.792474866901e-01,6.176353069219e-01,0.000000000000e+00
13.260000,6.208652587432e-01,-6.193640184621e-01,8.769751746086e-01,6.186650764960e-01,0.000000000000e+00
13.270000,6.215183044907e-01,-6.154841943646e-01,8.747032618721e-01,6.195284108285e-01,0.000000000000e+00
13.280000,6.221856720489e-01,-6.115751270312e-01,8.724328893996e-01,6.202237127610e-01,0.000000000000e+00
13.290000,6.228661882027e-01,-6.076389552614e-01,8.701651500476e-01,6.207497009147e-01,0.000000000000e+00
13.300000,6.235586386418e-01,-6.036778269715e-01,8.679010857245e-01,6.211054153270e-01,0.000000000000e+00
13.310000,6.242617696466e-01,-5.996938962025e-01,8.656416846391e-01,6.212902221874e-01,0.000000000000e+00
13.320000,6.249742898450e-01,-5.956893201213e-01,8.633878786929e-01,6.213038176479e-01,0.000000000000e+00
13.330000,6.256948720363e-01,-5.916662560213e-01,8.611405410308e-01,6.211462306824e-01,0.000000000000e+00
13.340000,6.264221550786e-01,-5.876268583295e-01,8.589004837602e-01,6.208178249752e-01,0.000000000000e+00
13.350000,6.271547458350e-01,-5.835732756278e-01,8.566684558511e-01,6.203192998242e-01,0.000000000000e+00
13.360000,6.278912211749e-01,-5.795076476933e-01,8.544451412253e-01,6.196516900478e-01,0.000000000000e+00
13.370000,6.286301300251e-01,-5.754321025668e-01,8.522311570459e-01,6.188163648887e-01,0.000000000000e+00
13.380000,6.293699954678e-01,-5.713487536542e-01,8.500270522150e-01,6.178150259148e-01,0.000000000000e+00
13.390000,6.301093168786e-01,-5.672596968690e-01,8.478333060862e-01,6.166497039186e-01,0.000000000000e+00
13.400000,6.308465721021e-01,-5.631670078213e-01,8.456503273998e-01,6.153227548250e-01,0.000000000000e+00
13.410000,6.315802196587e-01,-5.590727390606e-01,8.434784534443e-01,6.138368546189e-01,0.000000000000e+00
13.420000,6.323087009787e-01,-5.549789173782e-01,8.413179494505e-01,6.121949933103e-01,0.000000000000e+00
13.430000,6.330304426585e-01,-5.508875411753e-01,8.391690082185e-01,6.104004679585e-01,0.000000000000e+00
13.440000,6.337438587343e-01,-5.468005779033e-01,8.370317499825e-01,6.084568747810e-01,0.000000000000e+00
13.450000,6.344473529685e-01,-5.427199615813e-01,8.349062225110e-01,6.063681003780e-01,0.000000000000e+00
13.460000,6.351393211435e-01,-5.386475903963e-01,8.327924014436e-01,6.041383121046e-01,0.000000000000e+00
13.470000,6.358181533593e-01,-5.345853243915e-01,8.306901908630e-01,6.017719476303e-01,0.000000000000e+00
13.480000,6.364822363294e-01,-5.305349832480e-01,8.285994240964e-01,5.992737037245e-01,0.000000000000e+00
13.490000,6.371299556701e-01,-5.264983441637e-01,8.265198647457e-01,5.966485243142e-01,0.000000000000e+00
13.500000,6.377596981800e-01,-5.224771398333e-01,8.244512079384e-01,5.939015878584e-01,0.000000000000e+00
13.510000,6.383698541044e-01,-5.184730565356e-01,8.223930817940e-01,5.910382940894e-01,0.000000000000e+00
13.520000,6.389588193800e-01,-5.144877323281e-01,8.203450490980e-01,5.880642501733e-01,0.000000000000e+00
13.530000,6.395249978570e-01,-5.105227553560e-01,8.183066091755e-01,5.849852563404e-01,0.000000000000e+00
13.540000,6.400668034937e-01,-5.065796622752e-01,8.162771999544e-01,5.818072910422e-01,0.000000000000e+00
13.550000,6.405826625194e-01,-5.026599367934e-01,8.142562002083e-01,5.785364956902e-01,0.000000000000e+00
13.560000,6.410710155637e-01,-4.987650083318e-01,8.122429319681e-01,5.751791590322e-01,0.000000000000e+00
13.570000,6.415303197459e-01,-4.948962508075e-01,8.102366630908e-01,5.717417012239e-01,0.000000000000e+00
13.580000,6.419590507241e-01,-4.910549815395e-01,8.082366099735e-01,5.682306576528e-01,0.000000000000e+00
13.590000,6.423557046986e-01,-4.872424602783e-01,8.062419403981e-01,5.646526625700e-01,0.000000000000e+00
13.600000,6.427188003675e-01,-4.834598883600e-01,8.042517764972e-01,5.610144325890e-01,0.000000000000e+00
13.610000,6.430468808315e-01,-4.797084079853e-01,8.022651978236e-01,5.573227501039e-01,0.000000000000e+00
13.620000,6.433385154455e-01,-4.759891016224e-01,8.002812445128e-01,5.535844466831e-01,0.000000000000e+00
13.630000,6.435923016140e-01,-4.723029915347e-01,7.982989205238e-01,5.498063864929e-01,0.000000000000e+00
13.640000,6.438068665285e-01,-4.686510394303e-01,7.963171969438e-01,5.459954497990e-01,0.000000000000e+00
13.650000,6.439808688439e-01,-4.650341462345e-01,7.943350153437e-01,5.421585166003e-01,0.000000000000e+00
13.660000,6.441130002938e-01,-4.614531519812e-01,7.923512911713e-01,5.383024504389e-01,0.000000000000e+00
13.670000,6.442019872400e-01,-4.579088358232e-01,7.903649171674e-01,5.344340824349e-01,0.000000000000e+00
13.680000,6.442465921578e-01,-4.544019161587e-01,7.883747667928e-01,5.305601955873e-01,0.000000000000e+00
13.690000,6.442456150531e-01,-4.509330508700e-01,7.863796976538e-01,5.266875093847e-01,0.000000000000e+00
13.700000,6.441978948111e-01,-4.475028376741e-01,7.843785549118e-01,5.228226647615e-01,0.000000000000e+00
13.710000,6.441023104760e-01,-4.441118145803e-01,7.823701746682e-01,5.189722094381e-01,0.000000000000e+00
13.720000,6.439577824590e-01,-4.407604604514e-01,7.803533873104e-01,5.151425836774e-01,0.000000000000e+00
13.730000,6.437632736755e-01,-4.374491956662e-01,7.783270208096e-01,5.113401064887e-01,0.000000000000e+00
13.740000,6.435177906102e-01,-4.341783828785e-01,7.762899039604e-01,5.075709623070e-01,0.000000000000e+00
13.750000,6.432203843086e-01,-4.309483278691e-01,7.742408695511e-01,5.038411881746e-01,0.000000000000e+00
13.760000,6.428701512960e-01,-4.277592804857e-01,7.721787574577e-01,5.001566614457e-01,0.000000000000e+00
13.770000,6.424662344225e-01,-4.246114356679e-01,7.701024176517e-01,4.965230880369e-01,0.000000000000e+00
13.780000,6.420078236343e-01,-4.215049345519e-01,7.680107131149e-01,4.929459912398e-01,0.000000000000e+00
13.790000,6.414941566713e-01,-4.184398656496e-01,7.659025226543e-01,4.894307011129e-01,0.000000000000e+00
13.800000,6.409245196904e-01,-4.154162660989e-01,7.637767436102e-01,4.859823444642e-01,0.000000000000e+00
13.810000,6.402982478149e-01,-4.124341229799e-01,7.616322944525e-01,4.826058354382e-01,0.000000000000e+00
13.820000,6.396147256110e-01,-4.094933746907e-01,7.594681172597e-01,4.793058667132e-01,0.000000000000e+00
13.830000,6.388733874899e-01,-4.065939123801e-01,7.572831800769e-01,4.760869013192e-01,0.000000000000e+00
13.840000,6.380737180378e-01,-4.037355814308e-01,7.550764791489e-01,4.729531650789e-01,0.000000000000e+00
13.850000,6.372152522727e-01,-4.009181829879e-01,7.528470410244e-01,4.699086396767e-01,0.000000000000e+00
13.860000,6.362975758290e-01,-3.981414755287e-01,7.505939245305e-01,4.669570563579e-01,0.000000000000e+00
13.870000,6.353203250717e-01,-3.954051764681e-01,7.483162226138e-01,4.641018902567e-01,0.000000000000e+00
13.880000,6.342831871383e-01,-3.927089637944e-01,7.460130640483e-01,4.613463553544e-01,0.000000000000e+00
13.890000,6.331858999113e-01,-3.900524777308e-01,7.436836150074e-01,4.586934000636e-01,0.000000000000e+00
13.900000,6.320282519215e-01,-3.874353224181e-01,7.413270805011e-01,4.561457034366e-01,0.000000000000e+00
13.910000,6.308100821823e-01,-3.848570676124e-01,7.389427056775e-01,4.537056719928e-01,0.000000000000e+00
13.920000,6.295312799564e-01,-3.823172503943e-01,7.365297769897e-01,4.513754371608e-01,0.000000000000e+00
13.930000,6.281917844560e-01,-3.798153768841e-01,7.340876232274e-01,4.491568533283e-01,0.000000000000e+00
13.940000,6.267915844771e-01,-3.773509239589e-01,7.316156164162e-01,4.470514964947e-01,0.000000000000e+00
13.950000,6.253307179692e-01,-3.749233409655e-01,7.291131725847e-01,4.450606635181e-01,0.000000000000e+00
13.960000,6.238092715409e-01,-3.725320514272e-01,7.265797524023e-01,4.431853719495e-01,0.000000000000e+00
13.970000,6.222273799042e-01,-3.701764547371e-01,7.240148616874e-01,4.414263604465e-01,0.000000000000e+00
13.980000,6.205852252561e-01,-3.678559278370e-01,7.214180517918e-01,4.397840897577e-01,0.000000000000e+00
13.990000,6.188830366016e-01,-3.655698268739e-01,7.187889198602e-01,4.382587442697e-01,0.000000000000e+00
14.000000,6.171210890168e-01,-3.633174888338e-01,7.161271089700e-01,4.368502341074e-01,0.000000000000e+00
14.010000,6.152997028557e-01,-3.610982331467e-01,7.134323081526e-01,4.355581977783e-01,0.000000000000e+00
14.020000,6.134192429005e-01,-3.589113632595e-01,7.107042523001e-01,4.343820053522e-01,0.000000000000e+00
14.030000,6.114801174578e-01,-3.567561681741e-01,7.079427219603e-01,4.333207621662e-01,0.000000000000e+00
14.040000,6.094827774019e-01,-3.546319239462e-01,7.051475430229e-01,4.323733130455e-01,0.000000000000e+00
14.050000,6.074277151664e-01,-3.525378951422e-01,7.023185863008e-01,4.315382470309e-01,0.000000000000e+00
14.060000,6.053154636871e-01,-3.504733362510e-01,6.994557670087e-01,4.308139026011e-01,0.000000000000e+00
14.070000,6.031465952965e-01,-3.484374930483e-01,6.965590441446e-01,4.301983733820e-01,0.000000000000e+00
14.080000,6.009217205719e-01,-3.464296039098e-01,6.936284197755e-01,4.296895143312e-01,0.000000000000e+00
14.090000,5.986414871400e-01,-3.444489010714e-01,6.906639382323e-01,4.292849483868e-01,0.000000000000e+00
14.100000,5.963065784388e-01,-3.424946118339e-01,6.876656852168e-01,4.289820735704e-01,0.000000000000e+00
14.110000,5.939177124394e-01,-3.405659597107e-01,6.846337868255e-01,4.287780705324e-01,0.000000000000e+00
14.120000,5.914756403297e-01,-3.386621655152e-01,6.815684084924e-01,4.286699105282e-01,0.000000000000e+00
14.130000,5.889811451614e-01,-3.367824483874e-01,6.784697538560e-01,4.286543638129e-01,0.000000000000e+00
14.140000,5.864350404644e-01,-3.349260267580e-01,6.753380635537e-01,4.287280084422e-01,0.000000000000e+00
14.150000,5.838381688286e-01,-3.330921192481e-01,6.721736139468e-01,4.288872394660e-01,0.000000000000e+00
14.160000,5.811914004568e-01,-3.312799455036e-01,6.689767157815e-01,4.291282785010e-01,0.000000000000e+00
14.170000,5.784956316913e-01,-3.294887269639e-01,6.657477127878e-01,4.294471836681e-01,0.000000000000e+00
14.180000,5.757517835159e-01,-3.277176875639e-01,6.624869802223e-01,4.298398598796e-01,0.000000000000e+00
14.190000,5.729608000366e-01,-3.259660543680e-01,6.591949233563e-01,4.303020694592e-01,0.000000000000e+00
14.200000,5.701236469426e-01,-3.242330581371e-01,6.558719759161e-01,4.308294430796e-01,0.000000000000e+00
14.210000,5.672413099527e-01,-3.225179338284e-01,6.525185984765e-01,4.314174909988e-01,0.000000000000e+00
14.220000,5.643147932463e-01,-3.208199210264e-01,6.491352768137e-01,4.320616145778e-01,0.000000000000e+00
14.230000,5.613451178856e-01,-3.191382643085e-01,6.457225202204e-01,4.327571180588e-01,0.000000000000e+00
14.240000,5.583333202290e-01,-3.174722135425e-01,6.422808597876e-01,4.334992205845e-01,0.000000000000e+00
14.250000,5.552804503406e-01,-3.158210241195e-01,6.388108466568e-01,4.342830684369e-01,0.000000000000e+00
14.260000,5.521875703979e-01,-3.141839571213e-01,6.353130502472e-01,4.351037474726e-01,0.000000000000e+00
14.270000,5.490557531007e-01,-3.125602794247e-01,6.317880564612e-01,4.359562957317e-01,0.000000000000e+00
14.280000,5.458860800851e-01,-3.109492637436e-01,6.282364658736e-01,4.368357161949e-01,0.000000000000e+00
14.290000,5.426796403450e-01,-3.093501886103e-01,6.246588919068e-01,4.377369896643e-01,0.000000000000e+00
14.300000,5.394375286649e-01,-3.077623382982e-01,6.210559589980e-01,4.386550877398e-01,0.000000000000e+00
14.310000,5.361608440665e-01,-3.061850026884e-01,6.174283007617e-01,4.395849858649e-01,0.000000000000e+00
14.320000,5.328506882731e-01,-3.046174770803e-01,6.137765581511e-01,4.405216764121e-01,0.000000000000e+00
14.330000,5.295081641943e-01,-3.030590619519e-01,6.101013776247e-01,4.414601817792e-01,0.000000000000e+00
14.340000,5.261343744354e-01,-3.015090626691e-01,6.064034093193e-01,4.423955674658e-01,0.000000000000e+00
14.350000,5.227304198329e-01,-2.999667891489e-01,6.026833052367e-01,4.433229550982e-01,0.000000000000e+00
14.360000,5.192973980214e-01,-2.984315554783e-01,5.989417174459e-01,4.442375353716e-01,0.000000000000e+00
14.370000,5.158364020333e-01,-2.969026794928e-01,5.951792963071e-01,4.451345808771e-01,0.000000000000e+00
14.380000,5.123485189356e-01,-2.953794823162e-01,5.913966887199e-01,4.460094587790e-01,0.000000000000e+00
14.390000,5.088348285063e-01,-2.938612878678e-01,5.875945364011e-01,4.468576433105e-01,0.000000000000e+00
14.400000,5.052964019540e-01,-2.923474223368e-01,5.837734741958e-01,4.476747280528e-01,0.000000000000e+00
14.410000,5.017343006826e-01,-2.908372136308e-01,5.799341284267e-01,4.484564379637e-01,0.000000000000e+00
14.420000,4.981495751051e-01,-2.893299908008e-01,5.760771152843e-01,4.491986411208e-01,0.000000000000e+00
14.430000,4.945432635092e-01,-2.878250834455e-01,5.722030392638e-01,4.498973601468e-01,0.000000000000e+00
14.440000,4.909163909758e-01,-2.863218211008e-01,5.683124916516e-01,4.505487832804e-01,0.000000000000e+00
14.450000,4.872699683557e-01,-2.848195326174e-01,5.644060490655e-01,4.511492750602e-01,0.000000000000e+00
14.460000,4.836049913040e-01,-2.833175455301e-01,5.604842720535e-01,4.516953865884e-01,0.000000000000e+00
14.470000,4.799224393768e-01,-2.818151854243e-01,5.565477037533e-01,4.521838653402e-01,0.000000000000e+00
14.480000,4.762232751908e-01,-2.803117753027e-01,5.525968686183e-01,4.526116644884e-01,0.000000000000e+00
14.490000,4.725084436491e-01,-2.788066349562e-01,5.486322712120e-01,4.529759517092e-01,0.000000000000e+00
14.500000,4.687788712332e-01,-2.772990803450e-01,5.446543950753e-01,4.532741174417e-01,0.000000000000e+00
14.510000,4.650354653651e-01,-2.757884229918e-01,5.406637016701e-01,4.535037825691e-01,0.000000000000e+00
14.520000,4.612791138385e-01,-2.742739693927e-01,5.366606294019e-01,4.536628054953e-01,0.000000000000e+00
14.530000,4.575106843229e-01,-2.727550204497e-01,5.326455927257e-01,4.537492885888e-01,0.000000000000e+00
14.540000,4.537310239390e-01,-2.712308709287e-01,5.286189813368e-01,4.537615839688e-01,0.000000000000e+00
14.550000,4.499409589082e-01,-2.697008089473e-01,5.245811594502e-01,4.536982986103e-01,0.000000000000e+00
14.560000,4.461412942760e-01,-2.681641154959e-01,5.205324651719e-01,4.535582987446e-01,0.000000000000e+00
14.570000,4.423328137092e-01,-2.666200639972e-01,5.164732099633e-01,4.533407135359e-01,0.000000000000e+00
14.580000,4.385162793685e-01,-2.650679199064e-01,5.124036782017e-01,4.530449380150e-01,0.000000000000e+00
14.590000,4.346924318542e-01,-2.635069403566e-01,5.083241268398e-01,4.526706352531e-01,0.000000000000e+00
14.600000,4.308619902269e-01,-2.619363738535e-01,5.042347851644e-01,4.522177377607e-01,0.000000000000e+00
14.610000,4.270256521006e-01,-2.603554600212e-01,5.001358546583e-01,4.516864480995e-01,0.000000000000e+00
14.620000,4.231840938092e-01,-2.587634294045e-01,4.960275089653e-01,4.510772386962e-01,0.000000000000e+00
14.630000,4.193379706436e-01,-2.571595033289e-01,4.919098939601e-01,4.503908508495e-01,0.000000000000e+00
14.640000,4.154879171590e-01,-2.555428938224e-01,4.877831279250e-01,4.496282929235e-01,0.000000000000e+00
14.650000,4.116345475513e-01,-2.539128036017e-01,4.836473018333e-01,4.487908377248e-01,0.000000000000e+00
14.660000,4.077784560989e-01,-2.522684261243e-01,4.795024797408e-01,4.478800190588e-01,0.000000000000e+00
14.670000,4.039202176701e-01,-2.506089457107e-01,4.753486992860e-01,4.468976274675e-01,0.000000000000e+00
14.680000,4.000603882923e-01,-2.489335377369e-01,4.711859722984e-01,4.458457051500e-01,0.000000000000e+00
14.690000,3.961995057810e-01,-2.472413689001e-01,4.670142855168e-01,4.447265400704e-01,0.000000000000e+00
14.700000,3.923380904255e-01,-2.455315975592e-01,4.628336014149e-01,4.435426592609e-01,0.000000000000e+00
14.710000,3.884766457292e-01,-2.438033741505e-01,4.586438591371e-01,4.422968213277e-01,0.000000000000e+00
14.720000,3.846156592004e-01,-2.420558416810e-01,4.544449755406e-01,4.409920081727e-01,0.000000000000e+00
14.730000,3.807556031908e-01,-2.402881362989e-01,4.502368463456e-01,4.396314159440e-01,0.000000000000e+00
14.740000,3.768969357782e-01,-2.384993879421e-01,4.460193473917e-01,4.382184452318e-01,0.000000000000e+00
14.750000,3.730401016892e-01,-2.366887210659e-01,4.417923359997e-01,4.367566905276e-01,0.000000000000e+00
14.760000,3.691855332592e-01,-2.348552554476e-01,4.375556524366e-01,4.352499289688e-01,0.000000000000e+00
14.770000,3.653336514245e-01,-2.329981070698e-01,4.333091214840e-01,4.337021083922e-01,0.000000000000e+00
14.780000,3.614848667430e-01,-2.311163890805e-01,4.290525541071e-01,4.321173347213e-01,0.000000000000e+00
14.790000,3.576395804402e-01,-2.292092128285e-01,4.247857492229e-01,4.304998587189e-01,0.000000000000e+00
14.800000,3.537981854741e-01,-2.272756889741e-01,4.205084955663e-01,4.288540621348e-01,0.000000000000e+00
14.810000,3.499610676175e-01,-2.253149286721e-01,4.162205736511e-01,4.271844432849e-01,0.000000000000e+00
14.820000,3.461286065504e-01,-2.233260448255e-01,4.119217578254e-01,4.254956020998e-01,0.000000000000e+00
14.830000,3.423011769613e-01,-2.213081534078e-01,4.076118184178e-01,4.237922246828e-01,0.000000000000e+00
14.840000,3.384791496495e-01,-2.192603748504e-01,4.032905239738e-01,4.220790674259e-01,0.000000000000e+00
14.850000,3.346628926275e-01,-2.171818354933e-01,3.989576435789e-01,4.203609407290e-01,0.000000000000e+00
14.860000,3.308527722163e-01,-2.150716690941e-01,3.946129492681e-01,4.186426923777e-01,0.000000000000e+00
14.870000,3.270491541314e-01,-2.129290183930e-01,3.902562185178e-01,4.169291906367e-01,0.000000000000e+00
14.880000,3.232524045537e-01,-2.107530367297e-01,3.858872368200e-01,4.152253071193e-01,0.000000000000e+00
14.890000,3.194628911825e-01,-2.085428897067e-01,3.815058003359e-01,4.135358995017e-01,0.000000000000e+00
14.900000,3.156809842647e-01,-2.062977568963e-01,3.771117186282e-01,4.118657941520e-01,0.000000000000e+00
14.910000,3.119070575985e-01,-2.040168335841e-01,3.727048174702e-01,4.102197687516e-01,0.000000000000e+00
14.920000,3.081414895063e-01,-2.016993325471e-01,3.682849417300e-01,4.086025349921e-01,0.000000000000e+00
14.930000,3.043846637725e-01,-1.993444858570e-01,3.638519583313e-01,4.070187214342e-01,0.000000000000e+00
14.940000,3.006369705448e-01,-1.969515467075e-01,3.594057592873e-01,4.054728566240e-01,0.000000000000e+00
14.950000,2.968988071933e-01,-1.945197912557e-01,3.549462648106e-01,4.039693525666e-01,0.000000000000e+00
14.960000,2.931705791253e-01,-1.920485204745e-01,3.504734264978e-01,4.025124886609e-01,0.000000000000e+00
14.970000,2.894527005521e-01,-1.895370620088e-01,3.459872305907e-01,4.011063962096e-01,0.000000000000e+00
14.980000,2.857455952059e-01,-1.869847720285e-01,3.414877013160e-01,3.997550436193e-01,0.000000000000e+00
14.990000,2.820496970020e-01,-1.843910370729e-01,3.369749043056e-01,3.984622224147e-01,0.000000000000e+00
15.000000,2.783654506455e-01,-1.817552758795e-01,3.324489501008e-01,3.972315341920e-01,0.000000000000e+00
15.010000,2.746933121788e-01,-1.790769411900e-01,3.279099977459e-01,3.960663786446e-01,0.000000000000e+00
15.020000,2.710337494677e-01,-1.763555215272e-01,3.233582584745e-01,3.949699427936e-01,0.000000000000e+00
15.030000,2.673872426242e-01,-1.735905429364e-01,3.187939994968e-01,3.939451915597e-01,0.000000000000e+00
15.040000,2.637542843631e-01,-1.707815706832e-01,3.142175478946e-01,3.929948598141e-01,0.000000000000e+00
15.050000,2.601353802906e-01,-1.679282109014e-01,3.096292946339e-01,3.921214460427e-01,0.000000000000e+00
15.060000,2.565310491228e-01,-1.650301121847e-01,3.050296987044e-01,3.913272077577e-01,0.000000000000e+00
15.070000,2.529418228321e-01,-1.620869671135e-01,3.004192914007e-01,3.906141587844e-01,0.000000000000e+00
15.080000,2.493682467198e-01,-1.590985137124e-01,2.957986807570e-01,3.899840685416e-01,0.000000000000e+00
15.090000,2.458108794118e-01,-1.560645368280e-01,2.911685561536e-01,3.894384634276e-01,0.000000000000e+00
15.100000,2.422702927778e-01,-1.529848694239e-01,2.865296931127e-01,3.889786304047e-01,0.000000000000e+00
15.110000,2.387470717690e-01,-1.498593937824e-01,2.818829583056e-01,3.886056228637e-01,0.000000000000e+00
15.120000,2.352418141761e-01,-1.466880426088e-01,2.772293147942e-01,3.883202688227e-01,0.000000000000e+00
15.130000,2.317551303024e-01,-1.434708000291e-01,2.725698275350e-01,3.881231814948e-01,0.000000000000e+00
15.140000,2.282876425524e-01,-1.402077024757e-01,2.679056691741e-01,3.880147722282e-01,0.000000000000e+00
15.150000,2.248399849342e-01,-1.368988394532e-01,2.632381261688e-01,3.879952657860e-01,0.000000000000e+00
15.160000,2.214128024731e-01,-1.335443541780e-01,2.585686052710e-01,3.880647179014e-01,0.000000000000e+00
15.170000,2.180067505362e-01,-1.301444440835e-01,2.538986404161e-01,3.882230349956e-01,0.000000000000e+00
15.180000,2.146224940666e-01,-1.266993611856e-01,2.492299000606e-01,3.884699959046e-01,0.000000000000e+00
15.190000,2.112607067267e-01,-1.232094123001e-01,2.445641950204e-01,3.888052754092e-01,0.000000000000e+00
15.200000,2.079220699507e-01,-1.196749591049e-01,2.399034868636e-01,3.892284693115e-01,0.000000000000e+00
15.210000,2.046072719061e-01,-1.160964180414e-01,2.352498969158e-01,3.897391207472e-01,0.000000000000e+00
15.220000,2.013170063663e-01,-1.124742600470e-01,2.306057159426e-01,3.903367473649e-01,0.000000000000e+00
15.230000,1.980519714955e-01,-1.088090101123e-01,2.259734145754e-01,3.910208689539e-01,0.000000000000e+00
15.240000,1.948128685493e-01,-1.051012466577e-01,2.213556545503e-01,3.917910350419e-01,0.000000000000e+00
15.250000,1.916004004952e-01,-1.013516007217e-01,2.167553008320e-01,3.926468519404e-01,0.000000000000e+00
15.260000,1.884152705586e-01,-9.756075495745e-02,2.121754346939e-01,3.935880086669e-01,0.000000000000e+00
15.270000,1.852581807004e-01,-9.372944243215e-02,2.076193678226e-01,3.946143011391e-01,0.000000000000e+00
15.280000,1.821298300358e-01,-8.985844522559e-02,2.030906575085e-01,3.957256540090e-01,0.000000000000e+00
15.290000,1.790309132035e-01,-8.594859282626e-02,1.985931229708e-01,3.969221394922e-01,0.000000000000e+00
15.300000,1.759621186973e-01,-8.200076032394e-02,1.941308628481e-01,3.982039925472e-01,0.000000000000e+00
15.310000,1.729241271738e-01,-7.801586639988e-02,1.897082738547e-01,3.995716217837e-01,0.000000000000e+00
15.320000,1.699176097507e-01,-7.399487111799e-02,1.853300705637e-01,4.010256155127e-01,0.000000000000e+00
15.330000,1.669432263135e-01,-6.993877352253e-02,1.810013062212e-01,4.025667424177e-01,0.000000000000e+00
15.340000,1.640016238472e-01,-6.584860905091e-02,1.767273944199e-01,4.041959464077e-01,0.000000000000e+00
15.350000,1.610934348128e-01,-6.172544677296e-02,1.725141313606e-01,4.059143353246e-01,0.000000000000e+00
15.360000,1.582192755888e-01,-5.757038647134e-02,1.683677183022e-01,4.077231633062e-01,0.000000000000e+00
15.370000,1.553797449963e-01,-5.338455558117e-02,1.642947836352e-01,4.096238067653e-01,0.000000000000e+00
15.380000,1.525754229296e-01,-4.916910601048e-02,1.603024038124e-01,4.116177341151e-01,0.000000000000e+00
15.390000,1.498068691085e-01,-4.492521086637e-02,1.563981221226e-01,4.137064695662e-01,0.000000000000e+00
15.400000,1.470746219719e-01,-4.065406111512e-02,1.525899639994e-01,4.158915515150e-01,0.000000000000e+00
15.410000,1.443791977270e-01,-3.635686220746e-02,1.488864472202e-01,4.181744862517e-01,0.000000000000e+00
15.420000,1.417210895653e-01,-3.203483070253e-02,1.452965849760e-01,4.205566979082e-01,0.000000000000e+00
15.430000,1.391007670550e-01,-2.768919092616e-02,1.418298793958e-01,4.230394757541e-01,0.000000000000e+00
15.440000,1.365186757138e-01,-2.332117169963e-02,1.384963027236e-01,4.256239201001e-01,0.000000000000e+00
15.450000,1.339752367608e-01,-1.893200317573e-02,1.353062630086e-01,4.283108881959e-01,0.000000000000e+00
15.460000,1.314708470419e-01,-1.452291381738e-02,1.322705509464e-01,4.311009415782e-01,0.000000000000e+00
15.470000,1.290058791189e-01,-1.009512755220e-02,1.294002644801e-01,4.339942963539e-01,0.000000000000e+00
15.480000,1.265806815034e-01,-5.649861132757e-03,1.267067080335e-01,4.369907778550e-01,0.000000000000e+00
15.490000,1.241955790174e-01,-1.188321727808e-03,1.242012639066e-01,4.400897810077e-01,0.000000000000e+00
15.500000,1.218508732521e-01,3.288295235976e-03,1.218952345166e-01,4.432902375821e-01,0.000000000000e+00
15.510000,1.195468430984e-01,7.778807968946e-03,1.197996558769e-01,4.465905912699e-01,0.000000000000e+00
15.520000,1.172837453166e-01,1.228204994446e-02,1.179250849749e-01,4.499887812569e-01,0.000000000000e+00
15.530000,1.150618151137e-01,1.679687125800e-02,1.162813664407e-01,4.534822346495e-01,0.000000000000e+00
15.540000,1.128812666972e-01,2.132213972916e-02,1.148773868688e-01,4.570678677824e-01,0.000000000000e+00
15.550000,1.107422937765e-01,2.585674176318e-02,1.137208280197e-01,4.607420961094e-01,0.000000000000e+00
15.560000,1.086450699856e-01,3.039958299540e-02,1.128179324330e-01,4.645008520745e-01,0.000000000000e+00
15.570000,1.065897492083e-01,3.494958874635e-02,1.121732962422e-01,4.683396100996e-01,0.000000000000e+00
15.580000,1.045764657915e-01,3.950570431930e-02,1.117897037799e-01,4.722534176253e-01,0.000000000000e+00
15.590000,1.026053346381e-01,4.406689517282e-02,1.116680166671e-01,4.762369310112e-01,0.000000000000e+00
15.600000,1.006764511822e-01,4.863214700113e-02,1.118071265375e-01,4.802844550520e-01,0.000000000000e+00
15.610000,9.878989124926e-02,5.320046575235e-02,1.122039757286e-01,4.843899848876e-01,0.000000000000e+00
15.620000,9.694571081697e-02,5.777087761130e-02,1.128536448051e-01,4.885472491716e-01,0.000000000000e+00
15.630000,9.514394569059e-02,6.234242896817e-02,1.137495004439e-01,4.927497535003e-01,0.000000000000e+00
15.640000,9.338461111396e-02,6.691418638931e-02,1.148833927644e-01,4.969908232631e-01,0.000000000000e+00
15.650000,9.166770133585e-02,7.148523660046e-02,1.162458881854e-01,5.012636452442e-01,0.000000000000e+00
15.660000,8.999318915232e-02,7.605468648788e-02,1.178265226109e-01,5.055613074532e-01,0.000000000000e+00
15.670000,8.836102544319e-02,8.062166311863e-02,1.196140601325e-01,5.098768367840e-01,0.000000000000e+00
15.680000,8.677113871840e-02,8.518531377857e-02,1.215967441918e-01,5.142032341815e-01,0.000000000000e+00
15.690000,8.522343468669e-02,8.974480602473e-02,1.237625307927e-01,5.185335070401e-01,0.000000000000e+00
15.700000,8.371779585550e-02,9.429932774848e-02,1.260992964164e-01,5.228606985817e-01,0.000000000000e+00
15.710000,8.225408116793e-02,9.884808724640e-02,1.285950163150e-01,5.271779139669e-01,0.000000000000e+00
15.720000,8.083212567999e-02,1.033903132966e-01,1.312379115405e-01,5.314783429140e-01,0.000000000000e+00
15.730000,7.945174027878e-02,1.079252552399e-01,1.340165652146e-01,5.357552786388e-01,0.000000000000e+00
15.740000,7.811271144096e-02,1.124521830668e-01,1.369200100977e-01,5.400021329973e-01,0.000000000000e+00
15.750000,7.681480102944e-02,1.169703875116e-01,1.399377905064e-01,5.442124478117e-01,0.000000000000e+00
15.760000,7.555774612553e-02,1.214791801572e-01,1.430600021363e-01,5.483799024830e-01,0.000000000000e+00
15.770000,7.434125889324e-02,1.259778935540e-01,1.462773134773e-01,5.524983181218e-01,0.000000000000e+00
15.780000,7.316502647277e-02,1.304658813564e-01,1.495809723758e-01,5.565616585566e-01,0.000000000000e+00
15.790000,7.202871089970e-02,1.349425184816e-01,1.529628009943e-01,5.605640286864e-01,0.000000000000e+00
15.800000,7.093194904763e-02,1.394072012927e-01,1.564151820251e-01,5.644996707231e-01,0.000000000000e+00
15.810000,6.987435259189e-02,1.438593478110e-01,1.599310385846e-01,5.683629589161e-01,0.000000000000e+00
15.820000,6.885550799330e-02,1.482983979576e-01,1.635038097960e-01,5.721483933644e-01,0.000000000000e+00
15.830000,6.787497650114e-02,1.527238138253e-01,1.671274236754e-01,5.758505935015e-01,0.000000000000e+00
15.840000,6.693229417602e-02,1.571350799825e-01,1.707962685914e-01,5.794642917936e-01,0.000000000000e+00
15.850000,6.602697193329e-02,1.615317038048e-01,1.745051642696e-01,5.829843281283e-01,0.000000000000e+00
15.860000,6.515849560899e-02,1.659132158344e-01,1.782493330662e-01,5.864056452915e-01,0.000000000000e+00
15.870000,6.432632605055e-02,1.702791701616e-01,1.820243720333e-01,5.897232858449e-01,0.000000000000e+00
15.880000,6.352989923475e-02,1.746291448252e-01,1.858262261338e-01,5.929323906328e-01,0.000000000000e+00
15.890000,6.276862641599e-02,1.789627422254e-01,1.896511628411e-01,5.960281990580e-01,0.000000000000e+00
15.900000,6.204189430777e-02,1.832795895450e-01,1.934957482558e-01,5.990060511932e-01,0.000000000000e+00
15.910000,6.134906530032e-02,1.875793391702e-01,1.973568248041e-01,6.018613917209e-01,0.000000000000e+00
15.920000,6.068947771698e-02,1.918616691067e-01,2.012314905226e-01,6.045897756368e-01,0.000000000000e+00
15.930000,6.006244611200e-02,1.961262833833e-01,2.051170799000e-01,6.071868756023e-01,0.000000000000e+00
15.940000,5.946726161150e-02,2.003729124371e-01,2.090111462149e-01,6.096484907911e-01,0.000000000000e+00
15.950000,5.890319229953e-02,2.046013134735e-01,2.129114452963e-01,6.119705570510e-01,0.000000000000e+00
15.960000,5.836948364999e-02,2.088112707964e-01,2.168159206174e-01,6.141491581763e-01,0.000000000000e+00
15.970000,5.786535900532e-02,2.130025961019e-01,2.207226896333e-01,6.161805380828e-01,0.000000000000e+00
15.980000,5.739002010194e-02,2.171751287307e-01,2.246300312659e-01,6.180611136688e-01,0.000000000000e+00
15.990000,5.694264764197e-02,2.213287358766e-01,2.285363744466e-01,6.197874881509e-01,0.000000000000e+00
16.000000,5.652240191057e-02,2.254633127448e-01,2.324402876258e-01,6.213564646687e-01,0.000000000000e+00
16.010000,5.612842343738e-02,2.295787826585e-01,2.363404691637e-01,6.227650599654e-01,0.000000000000e+00
16.020000,5.575983370048e-02,2.336750971113e-01,2.402357385242e-01,6.240105179626e-01,0.000000000000e+00
16.030000,5.541573587083e-02,2.377522357623e-01,2.441250281968e-01,6.250903230641e-01,0.000000000000e+00
16.040000,5.509521559473e-02,2.418102063732e-01,2.480073762768e-01,6.260022130381e-01,0.000000000000e+00
16.050000,5.479734181178e-02,2.458490446869e-01,2.518819196431e-01,6.267441913436e-01,0.000000000000e+00
16.060000,5.452116760554e-02,2.498688142459e-01,2.557478876741e-01,6.273145387830e-01,0.000000000000e+00
16.070000,5.426573108378e-02,2.538696061521e-01,2.596045964498e-01,6.277118243772e-01,0.000000000000e+00
16.080000,5.403005628540e-02,2.578515387666e-01,2.634514433942e-01,6.279349153741e-01,0.000000000000e+00
16.090000,5.381315411076e-02,2.618147573528e-01,2.672879023133e-01,6.279829863151e-01,0.000000000000e+00
16.100000,5.361402327223e-02,2.657594336611e-01,2.711135187911e-01,6.278555270963e-01,0.000000000000e+00
16.110000,5.343165126184e-02,2.696857654590e-01,2.749279059095e-01,6.275523499721e-01,0.000000000000e+00
16.120000,5.326501533267e-02,2.735939760068e-01,2.787307402595e-01,6.270735954584e-01,0.000000000000e+00
16.130000,5.311308349115e-02,2.774843134821e-01,2.825217582180e-01,6.264197371051e-01,0.000000000000e+00
16.140000,5.297481549689e-02,2.813570503538e-01,2.863007524627e-01,6.255915851112e-01,0.000000000000e+00
16.150000,5.284916386739e-02,2.852124827091e-01,2.900675687053e-01,6.245902887674e-01,0.000000000000e+00
16.160000,5.273507488449e-02,2.890509295354e-01,2.938221026206e-01,6.234173377167e-01,0.000000000000e+00
16.170000,5.263148960012e-02,2.928727319595e-01,2.975642969561e-01,6.220745620292e-01,0.000000000000e+00
16.180000,5.253734483849e-02,2.966782524470e-01,3.012941388041e-01,6.205641310947e-01,0.000000000000e+00
16.190000,5.245157419244e-02,3.004678739647e-01,3.050116570233e-01,6.188885513410e-01,0.000000000000e+00
16.200000,5.237310901149e-02,3.042419991080e-01,3.087169197967e-01,6.170506627916e-01,0.000000000000e+00
16.210000,5.230087937956e-02,3.080010491973e-01,3.124100323142e-01,6.150536344811e-01,0.000000000000e+00
16.220000,5.223381508017e-02,3.117454633446e-01,3.160911345700e-01,6.129009587508e-01,0.000000000000e+00
16.230000,5.217084654746e-02,3.154756974944e-01,3.197603992665e-01,6.105964444530e-01,0.000000000000e+00
16.240000,5.211090580109e-02,3.191922234416e-01,3.234180298143e-01,6.081442090929e-01,0.000000000000e+00
16.250000,5.205292736370e-02,3.228955278277e-01,3.270642584237e-01,6.055486699459e-01,0.000000000000e+00
16.260000,5.199584915934e-02,3.265861111202e-01,3.306993442788e-01,6.028145341872e-01,0.000000000000e+00
16.270000,5.193861339183e-02,3.302644865761e-01,3.343235717900e-01,5.999467880769e-01,0.000000000000e+00
16.280000,5.188016740176e-02,3.339311791931e-01,3.379372489190e-01,5.969506852454e-01,0.000000000000e+00
16.290000,5.181946450147e-02,3.375867246510e-01,3.415407055708e-01,5.938317341288e-01,0.000000000000e+00
16.300000,5.175546478701e-02,3.412316682452e-01,3.451342920498e-01,5.905956846031e-01,0.000000000000e+00
16.310000,5.168713592670e-02,3.448665638165e-01,3.487183775755e-01,5.872485138741e-01,0.000000000000e+00
16.320000,5.161345392567e-02,3.484919726768e-01,3.522933488534e-01,5.837964116752e-01,0.000000000000e+00
16.330000,5.153340386623e-02,3.521084625365e-01,3.558596086997e-01,5.802457648348e-01,0.000000000000e+00
16.340000,5.144598062385e-02,3.557166064329e-01,3.594175747156e-01,5.766031412685e-01,0.000000000000e+00
16.350000,5.135018955875e-02,3.593169816635e-01,3.629676780093e-01,5.728752734613e-01,0.000000000000e+00
16.360000,5.124504718340e-02,3.629101687263e-01,3.665103619624e-01,5.690690414975e-01,0.000000000000e+00
16.370000,5.112958180600e-02,3.664967502686e-01,3.700460810401e-01,5.651914557035e-01,0.000000000000e+00
16.380000,5.100283415057e-02,3.700773100459e-01,3.735752996415e-01,5.612496389656e-01,0.000000000000e+00
16.390000,5.086385795416e-02,3.736524318944e-01,3.770984909896e-01,5.572508087858e-01,0.000000000000e+00
16.400000,5.071172054175e-02,3.772226987174e-01,3.806161360583e-01,5.532022591378e-01,0.000000000000e+00
16.410000,5.054550337992e-02,3.807886914876e-01,3.841287225355e-01,5.491113421874e-01,0.000000000000e+00
16.420000,5.036430260992e-02,3.843509882680e-01,3.876367438208e-01,5.449854499364e-01,0.000000000000e+00
16.430000,5.016722956142e-02,3.879101632510e-01,3.911406980554e-01,5.408319958531e-01,0.000000000000e+00
16.440000,4.995341124791e-02,3.914667858192e-01,3.946410871855e-01,5.366583965468e-01,0.000000000000e+00
16.450000,4.972199084511e-02,3.950214196279e-01,3.981384160546e-01,5.324720535449e-01,0.000000000000e+00
16.460000,4.947212815362e-02,3.985746217107e-01,4.016331915267e-01,5.282803352286e-01,0.000000000000e+00
16.470000,4.920300004717e-02,4.021269416102e-01,4.051259216372e-01,5.240905589812e-01,0.000000000000e+00
16.480000,4.891380090812e-02,4.056789205335e-01,4.086171147719e-01,5.199099736014e-01,0.000000000000e+00
16.490000,4.860374305140e-02,4.092310905349e-01,4.121072788717e-01,5.157457420307e-01,0.000000000000e+00
16.500000,4.827205713879e-02,4.127839737257e-01,4.155969206637e-01,5.116049244428e-01,0.000000000000e+00
16.510000,4.791799258486e-02,4.163380815117e-01,4.190865449166e-01,5.074944617400e-01,0.000000000000e+00
16.520000,4.754081795635e-02,4.198939138603e-01,4.225766537196e-01,5.034211594985e-01,0.000000000000e+00
16.530000,4.713982136655e-02,4.234519585966e-01,4.260677457843e-01,4.993916724031e-01,0.000000000000e+00
16.540000,4.671431086632e-02,4.270126907291e-01,4.295603157688e-01,4.954124892074e-01,0.000000000000e+00
16.550000,4.626361483333e-02,4.305765718065e-01,4.330548536225e-01,4.914899182548e-01,0.000000000000e+00
16.560000,4.578708236125e-02,4.341440493040e-01,4.365518439512e-01,4.876300735909e-01,0.000000000000e+00
16.570000,4.528408365027e-02,4.377155560417e-01,4.400517654014e-01,4.838388616985e-01,0.000000000000e+00
16.580000,4.475401040062e-02,4.412915096330e-01,4.435550900634e-01,4.801219688782e-01,0.000000000000e+00
16.590000,4.419627621043e-02,4.448723119648e-01,4.470622828911e-01,4.764848493021e-01,0.000000000000e+00
16.600000,4.361031697942e-02,4.484583487084e-01,4.505738011395e-01,4.729327137593e-01,0.000000000000e+00
16.610000,4.299559131968e-02,4.520499888614e-01,4.540900938168e-01,4.694705191131e-01,0.000000000000e+00
16.620000,4.235158097474e-02,4.556475843211e-01,4.576116011518e-01,4.661029584867e-01,0.000000000000e+00
16.630000,4.167779124808e-02,4.592514694878e-01,4.611387540752e-01,4.628344521907e-01,0.000000000000e+00
16.640000,4.097375144207e-02,4.628619608994e-01,4.646719737136e-01,4.596691394053e-01,0.000000000000e+00
16.650000,4.023901530819e-02,4.664793568955e-01,4.682116708954e-01,4.566108706274e-01,0.000000000000e+00
16.660000,3.947316150931e-02,4.701039373117e-01,4.717582456677e-01,4.536632008897e-01,0.000000000000e+00
16.670000,3.867579409456e-02,4.737359632030e-01,4.753120868238e-01,4.508293837590e-01,0.000000000000e+00
16.680000,3.784654298734e-02,4.773756765967e-01,4.788735714385e-01,4.481123661177e-01,0.000000000000e+00
16.690000,3.698506448657e-02,4.810233002729e-01,4.824430644133e-01,4.455147837314e-01,0.000000000000e+00
16.700000,3.609104178152e-02,4.846790375738e-01,4.860209180276e-01,4.430389576046e-01,0.000000000000e+00
16.710000,3.516418547992e-02,4.883430722397e-01,4.896074714963e-01,4.406868911229e-01,0.000000000000e+00
16.720000,3.420423414929e-02,4.920155682722e-01,4.932030505339e-01,4.384602679818e-01,0.000000000000e+00
16.730000,3.321095487090e-02,4.956966698230e-01,4.968079669219e-01,4.363604508990e-01,0.000000000000e+00
16.740000,3.218414380579e-02,4.993865011093e-01,5.004225180812e-01,4.343884811049e-01,0.000000000000e+00
16.750000,3.112362677206e-02,5.030851663525e-01,5.040469866465e-01,4.325450786084e-01,0.000000000000e+00
16.760000,3.002925983231e-02,5.067927497425e-01,5.076816400438e-01,4.308306432300e-01,0.000000000000e+00
16.770000,2.890092989000e-02,5.105093154243e-01,5.113267300694e-01,4.292452563966e-01,0.000000000000e+00
16.780000,2.773855529338e-02,5.142349075086e-01,5.149824924695e-01,4.277886836876e-01,0.000000000000e+00
16.790000,2.654208644520e-02,5.179695501034e-01,5.186491465213e-01,4.264603781262e-01,0.000000000000e+00
16.800000,2.531150641653e-02,5.217132473677e-01,5.223268946129e-01,4.252594842027e-01,0.000000000000e+00
16.810000,2.404683156241e-02,5.254659835851e-01,5.260159218249e-01,4.241848426206e-01,0.000000000000e+00
16.820000,2.274811213731e-02,5.292277232585e-01,5.297163955092e-01,4.232349957529e-01,0.000000000000e+00
16.830000,2.141543290783e-02,5.329984112229e-01,5.334284648693e-01,4.224081937957e-01,0.000000000000e+00
16.840000,2.004891376007e-02,5.367779727774e-01,5.371522605389e-01,4.217024016042e-01,0.000000000000e+00
16.850000,1.864871029874e-02,5.405663138349e-01,5.408878941600e-01,4.211153061981e-01,0.000000000000e+00
16.860000,1.721501443528e-02,5.443633210887e-01,5.446354579613e-01,4.206443249170e-01,0.000000000000e+00
16.870000,1.574805496157e-02,5.481688621962e-01,5.483950243360e-01,4.202866142126e-01,0.000000000000e+00
16.880000,1.424809810616e-02,5.519827859775e-01,5.521666454207e-01,4.200390790552e-01,0.000000000000e+00
16.890000,1.271544806942e-02,5.558049226303e-01,5.559503526752e-01,4.198983829377e-01,0.000000000000e+00
16.900000,1.115044753419e-02,5.596350839578e-01,5.597461564644e-01,4.198609584558e-01,0.000000000000e+00
16.910000,9.553478148166e-03,5.634730636120e-01,5.635540456433e-01,4.199230184403e-01,0.000000000000e+00
16.920000,7.924960974286e-03,5.673186373488e-01,5.673739871458e-01,4.200805676209e-01,0.000000000000e+00
16.930000,6.265356905260e-03,5.711715632969e-01,5.712059255787e-01,4.203294147938e-01,0.000000000000e+00
16.940000,4.575167038343e-03,5.750315822379e-01,5.750497828227e-01,4.206651854686e-01,0.000000000000e+00
16.950000,2.854933006373e-03,5.788984178980e-01,5.789054576416e-01,4.210833349659e-01,0.000000000000e+00
16.960000,1.105237261096e-03,5.827717772503e-01,5.827728253006e-01,4.215791619352e-01,0.000000000000e+00
16.970000,-6.732966952103e-04,5.866513508281e-01,5.866517371975e-01,4.221478222642e-01,0.000000000000e+00
16.980000,-2.480004133803e-03,5.905368130467e-01,5.905420205065e-01,4.227843433455e-01,0.000000000000e+00
16.990000,-4.314178983163e-03,5.944278225353e-01,5.944434778382e-01,4.234836386661e-01,0.000000000000e+00
17.000000,-6.175073776195e-03,5.983240224768e-01,5.983558869176e-01,4.242405226858e-01,0.000000000000e+00
17.010000,-8.061899664750e-03,6.022250409560e-01,6.022790002820e-01,4.250497259657e-01,0.000000000000e+00
17.020000,-9.973826505157e-03,6.061304913153e-01,6.062125450016e-01,4.259059105091e-01,0.000000000000e+00
17.030000,-1.190998301836e-02,6.100399725171e-01,6.101562224251e-01,4.268036852736e-01,0.000000000000e+00
17.040000,-1.386945702808e-02,6.139530695128e-01,6.141097079533e-01,4.277376218137e-01,0.000000000000e+00
17.050000,-1.585129578024e-02,6.178693536184e-01,6.180726508419e-01,4.287022700116e-01,0.000000000000e+00
17.060000,-1.785450634676e-02,6.217883828943e-01,6.220446740381e-01,4.296921738497e-01,0.000000000000e+00
17.070000,-1.987805611656e-02,6.257097025313e-01,6.260253740519e-01,4.307018871830e-01,0.000000000000e+00
17.080000,-2.192087337631e-02,6.296328452409e-01,6.300143208656e-01,4.317259894625e-01,0.000000000000e+00
17.090000,-2.398184798338e-02,6.335573316491e-01,6.340110578838e-01,4.327591013643e-01,0.000000000000e+00
17.100000,-2.605983213306e-02,6.374826706944e-01,6.380151019266e-01,4.337959002762e-01,0.000000000000e+00
17.110000,-2.815364122172e-02,6.414083600292e-01,6.420259432681e-01,4.348311355939e-01,0.000000000000e+00
17.120000,-3.026205480744e-02,6.453338864231e-01,6.460430457230e-01,4.358596437787e-01,0.000000000000e+00
17.130000,-3.238381766935e-02,6.492587261695e-01,6.500658467833e-01,4.368763631279e-01,0.000000000000e+00
17.140000,-3.451764096619e-02,6.531823454938e-01,6.540937578074e-01,4.378763482106e-01,0.000000000000e+00
17.150000,-3.666220349482e-02,6.571042009627e-01,6.581261642633e-01,4.388547839195e-01,0.000000000000e+00
17.160000,-3.881615304843e-02,6.610237398954e-01,6.621624260276e-01,4.398069990934e-01,0.000000000000e+00
17.170000,-4.097810787445e-02,6.649404007756e-01,6.662018777432e-01,4.407284796621e-01,0.000000000000e+00
17.180000,-4.314665823102e-02,6.688536136631e-01,6.702438292343e-01,4.416148812701e-01,0.000000000000e+00
17.190000,-4.532036804128e-02,6.727628006068e-01,6.742875659833e-01,4.424620413339e-01,0.000000000000e+00
17.200000,-4.749777664368e-02,6.766673760568e-01,6.783323496677e-01,4.432659904915e-01,0.000000000000e+00
17.210000,-4.967740063651e-02,6.805667472760e-01,6.823774187588e-01,4.440229634025e-01,0.000000000000e+00
17.220000,-5.185773581425e-02,6.844603147518e-01,6.864219891830e-01,4.447294088618e-01,0.000000000000e+00
17.230000,-5.403725919299e-02,6.883474726058e-01,6.904652550447e-01,4.453819991893e-01,0.000000000000e+00
17.240000,-5.621443112179e-02,6.922276090036e-01,6.945063894113e-01,4.459776388634e-01,0.000000000000e+00
17.250000,-5.838769747641e-02,6.961001065619e-01,6.985445451595e-01,4.465134723662e-01,0.000000000000e+00
17.260000,-6.055549193153e-02,6.999643427557e-01,7.025788558820e-01,4.469868912132e-01,0.000000000000e+00
17.270000,-6.271623830710e-02,7.038196903223e-01,7.066084368537e-01,4.473955401438e-01,0.000000000000e+00
17.280000,-6.486835298422e-02,7.076655176650e-01,7.106323860556e-01,4.477373224481e-01,0.000000000000e+00
17.290000,-6.701024738539e-02,7.115011892540e-01,7.146497852546e-01,4.480104044163e-01,0.000000000000e+00
17.300000,-6.914033051406e-02,7.153260660256e-01,7.186597011377e-01,4.482132188925e-01,0.000000000000e+00
17.310000,-7.125701154753e-02,7.191395057803e-01,7.226611864966e-01,4.483444679243e-01,0.000000000000e+00
17.320000,-7.335870247746e-02,7.229408635777e-01,7.266532814621e-01,4.484031245013e-01,0.000000000000e+00
17.330000,-7.544382079171e-02,7.267294921308e-01,7.306350147839e-01,4.483884333783e-01,0.000000000000e+00
17.340000,-7.751079219101e-02,7.305047421971e-01,7.346054051520e-01,4.482999109846e-01,0.000000000000e+00
17.350000,-7.955805333388e-02,7.342659629695e-01,7.385634625581e-01,4.481373444249e-01,0.000000000000e+00
17.360000,-8.158405460289e-02,7.380125024637e-01,7.425081896910e-01,4.479007895783e-01,0.000000000000e+00
17.370000,-8.358726288509e-02,7.417437079053e-01,7.464385833635e-01,4.475905683102e-01,0.000000000000e+00
17.380000,-8.556616435974e-02,7.454589261146e-01,7.503536359658e-01,4.472072648102e-01,0.000000000000e+00
17.390000,-8.751926728571e-02,7.491575038899e-01,7.542523369409e-01,4.467517210792e-01,0.000000000000e+00
17.400000,-8.944510478140e-02,7.528387883902e-01,7.581336742779e-01,4.462250315851e-01,0.000000000000e+00
17.410000,-9.134223758970e-02,7.565021275150e-01,7.619966360180e-01,4.456285371173e-01,0.000000000000e+00
17.420000,-9.320925682053e-02,7.601468702848e-01,7.658402117680e-01,4.449638178670e-01,0.000000000000e+00
17.430000,-9.504478666353e-02,7.637723672186e-01,7.696633942176e-01,4.442326857682e-01,0.000000000000e+00
17.440000,-9.684748706350e-02,7.673779707116e-01,7.734651806539e-01,4.434371761331e-01,0.000000000000e+00
17.450000,-9.861605635127e-02,7.709630354113e-01,7.772445744686e-01,4.425795386231e-01,0.000000000000e+00
17.460000,-1.003492338227e-01,7.745269185920e-01,7.810005866531e-01,4.416622275932e-01,0.000000000000e+00
17.470000,-1.020458022590e-01,7.780689805293e-01,7.847322372763e-01,4.406878918552e-01,0.000000000000e+00
17.480000,-1.037045903804e-01,7.815885848721e-01,7.884385569392e-01,4.396593639034e-01,0.000000000000e+00
17.490000,-1.053244752283e-01,7.850850990138e-01,7.921185882023e-01,4.385796486496e-01,0.000000000000e+00
17.500000,-1.069043844666e-01,7.885578944622e-01,7.957713869805e-01,4.374519117167e-01,0.000000000000e+00
17.510000,-1.084432985988e-01,7.920063472070e-01,7.993960239000e-01,4.362794673386e-01,0.000000000000e+00
17.520000,-1.099402530924e-01,7.954298380851e-01,8.029915856135e-01,4.350657659179e-01,0.000000000000e+00
17.530000,-1.113943404055e-01,7.988277531440e-01,8.065571760684e-01,4.338143812928e-01,0.000000000000e+00
17.540000,-1.128047119110e-01,8.021994840013e-01,8.100919177237e-01,4.325289977637e-01,0.000000000000e+00
17.550000,-1.141705797112e-01,8.055444282013e-01,8.135949527115e-01,4.312133969319e-01,0.000000000000e+00
17.560000,-1.154912183396e-01,8.088619895667e-01,8.170654439391e-01,4.298714444024e-01,0.000000000000e+00
17.570000,-1.167659663444e-01,8.121515785460e-01,8.205025761271e-01,4.285070764034e-01,0.000000000000e+00
17.580000,-1.179942277497e-01,8.154126125544e-01,8.239055567812e-01,4.271242863711e-01,0.000000000000e+00
17.590000,-1.191754733903e-01,8.186445163080e-01,8.272736170935e-01,4.257271115545e-01,0.000000000000e+00
17.600000,-1.203092421172e-01,8.218467221508e-01,8.306060127695e-01,4.243196196867e-01,0.000000000000e+00
17.610000,-1.213951418696e-01,8.250186703720e-01,8.339020247799e-01,4.229058957748e-01,0.000000000000e+00
17.620000,-1.224328506120e-01,8.281598095132e-01,8.371609600322e-01,4.214900290547e-01,0.000000000000e+00
17.630000,-1.234221171330e-01,8.312695966645e-01,8.403821519620e-01,4.200761001588e-01,0.000000000000e+00
17.640000,-1.243627617047e-01,8.343474977467e-01,8.435649610403e-01,4.186681685425e-01,0.000000000000e+00
17.650000,-1.252546766008e-01,8.373929877798e-01,8.467087751955e-01,4.172702602141e-01,0.000000000000e+00
17.660000,-1.260978264725e-01,8.404055511348e-01,8.498130101495e-01,4.158863558104e-01,0.000000000000e+00
17.670000,-1.268922485814e-01,8.433846817674e-01,8.528771096647e-01,4.145203790614e-01,0.000000000000e+00
17.680000,-1.276380528902e-01,8.463298834320e-01,8.559005457036e-01,4.131761856828e-01,0.000000000000e+00
17.690000,-1.283354220098e-01,8.492406698742e-01,8.588828184978e-01,4.118575527356e-01,0.000000000000e+00
17.700000,-1.289846110054e-01,8.521165649990e-01,8.618234565280e-01,4.105681684905e-01,0.000000000000e+00
17.710000,-1.295859470611e-01,8.549571030141e-01,8.647220164133e-01,4.093116228312e-01,0.000000000000e+00
17.720000,-1.301398290064e-01,8.577618285443e-01,8.675780827115e-01,4.080913982326e-01,0.000000000000e+00
17.730000,-1.306467267048e-01,8.605302967170e-01,8.703912676300e-01,4.069108613439e-01,0.000000000000e+00
17.740000,-1.311071803085e-01,8.632620732152e-01,8.731612106480e-01,4.057732552093e-01,0.000000000000e+00
17.750000,-1.315217993816e-01,8.659567342958e-01,8.758875780515e-01,4.046816921553e-01,0.000000000000e+00
17.760000,-1.318912618951e-01,8.686138667728e-01,8.785700623822e-01,4.036391473704e-01,0.000000000000e+00
17.770000,-1.322163130982e-01,8.712330679608e-01,8.812083818017e-01,4.026484532056e-01,0.000000000000e+00
17.780000,-1.324977642689e-01,8.738139455793e-01,8.838022793731e-01,4.017122942175e-01,0.000000000000e+00
17.790000,-1.327364913506e-01,8.763561176141e-01,8.863515222618e-01,4.008332029796e-01,0.000000000000e+00
17.800000,-1.329334334782e-01,8.788592121349e-01,8.888559008583e-01,4.000135566788e-01,0.000000000000e+00
17.810000,-1.330895913996e-01,8.813228670669e-01,8.913152278257e-01,3.992555745202e-01,0.000000000000e+00
17.820000,-1.332060257997e-01,8.837467299163e-01,8.937293370742e-01,3.985613159540e-01,0.000000000000e+00
17.830000,-1.332838555321e-01,8.861304574458e-01,8.960980826665e-01,3.979326797423e-01,0.000000000000e+00
17.840000,-1.333242557656e-01,8.884737153023e-01,8.984213376576e-01,3.973714038765e-01,0.000000000000e+00
17.850000,-1.333284560529e-01,8.907761775939e-01,9.006989928729e-01,3.968790663584e-01,0.000000000000e+00
17.860000,-1.332977383295e-01,8.930375264158e-01,9.029309556276e-01,3.964570868510e-01,0.000000000000e+00
17.870000,-1.332334348494e-01,8.952574513271e-01,9.051171483949e-01,3.961067292066e-01,0.000000000000e+00
17.880000,-1.331369260668e-01,8.974356487762e-01,9.072575074239e-01,3.958291048729e-01,0.000000000000e+00
17.890000,-1.330096384724e-01,8.995718214775e-01,9.093519813158e-01,3.956251771778e-01,0.000000000000e+00
17.900000,-1.328530423923e-01,9.016656777397e-01,9.114005295624e-01,3.954957664874e-01,0.000000000000e+00
17.910000,-1.326686497587e-01,9.037169307485e-01,9.134031210535e-01,3.954415562296e-01,0.000000000000e+00
17.920000,-1.324580118620e-01,9.057252978049e-01,9.153597325589e-01,3.954630997702e-01,0.000000000000e+00
17.930000,-1.322227170931e-01,9.076904995227e-01,9.172703471928e-01,3.955608281230e-01,0.000000000000e+00
17.940000,-1.319643886854e-01,9.096122589893e-01,9.191349528686e-01,3.957350584722e-01,0.000000000000e+00
17.950000,-1.316846824655e-01,9.114903008932e-01,9.209535407492e-01,3.959860034761e-01,0.000000000000e+00
17.960000,-1.313852846223e-01,9.133243506243e-01,9.227261037050e-01,3.963137813181e-01,0.000000000000e+00
17.970000,-1.310679095042e-01,9.151141333517e-01,9.244526347855e-01,3.967184264607e-01,0.000000000000e+00
17.980000,-1.307342974519e-01,9.168593730869e-01,9.261331257155e-01,3.971999010533e-01,0.000000000000e+00
17.990000,-1.303862126767e-01,9.185597917387e-01,9.277675654253e-01,3.977581069328e-01,0.000000000000e+00
18.000000,-1.300254411924e-01,9.202151081692e-01,9.293559386264e-01,3.983928981508e-01,0.000000000000e+00
18.010000,-1.296537888083e-01,9.218250372591e-01,9.308982244425e-01,3.991040939485e-01,0.000000000000e+00
18.020000,-1.292730791907e-01,9.233892889928e-01,9.323943951087e-01,3.998914920903e-01,0.000000000000e+00
18.030000,-1.288851519999e-01,9.249075675741e-01,9.338444147512e-01,4.007548824578e-01,0.000000000000e+00
18.040000,-1.284918611068e-01,9.263795705846e-01,9.352482382593e-01,4.016940607929e-01,0.000000000000e+00
18.050000,-1.280950728965e-01,9.278049881959e-01,9.366058102647e-01,4.027088424666e-01,0.000000000000e+00
18.060000,-1.276966646593e-01,9.291835024513e-01,9.379170642401e-01,4.037990761373e-01,0.000000000000e+00
18.070000,-1.272985230746e-01,9.305147866282e-01,9.391819217333e-01,4.049646571521e-01,0.000000000000e+00
18.080000,-1.269025427866e-01,9.317985046981e-01,9.404002917499e-01,4.062055405270e-01,0.000000000000e+00
18.090000,-1.265106250719e-01,9.330343108981e-01,9.415720703001e-01,4.075217533342e-01,0.000000000000e+00
18.100000,-1.261246765975e-01,9.342218494298e-01,9.426971401245e-01,4.089134063074e-01,0.000000000000e+00
18.110000,-1.257466082647e-01,9.353607543018e-01,9.437753706143e-01,4.103807044674e-01,0.000000000000e+00
18.120000,-1.253783341333e-01,9.364506493311e-01,9.448066179397e-01,4.119239565568e-01,0.000000000000e+00
18.130000,-1.250217704181e-01,9.374911483203e-01,9.457907254025e-01,4.135435830624e-01,0.000000000000e+00
18.140000,-1.246788345489e-01,9.384818554255e-01,9.467275240254e-01,4.152401225980e-01,0.000000000000e+00
18.150000,-1.243514442803e-01,9.394223657306e-01,9.476168333929e-01,4.170142364088e-01,0.000000000000e+00
18.160000,-1.240415168387e-01,9.403122660431e-01,9.484584627545e-01,4.188667107601e-01,0.000000000000e+00
18.170000,-1.237509680891e-01,9.411511359228e-01,9.492522124029e-01,4.207984569662e-01,0.000000000000e+00
18.180000,-1.234817117033e-01,9.419385489591e-01,9.499978753347e-01,4.228105088226e-01,0.000000000000e+00
18.190000,-1.232356583091e-01,9.426740743042e-01,9.506952392035e-01,4.249040172092e-01,0.000000000000e+00
18.200000,-1.230147145969e-01,9.433572784726e-01,9.513440885687e-01,4.270802416420e-01,0.000000000000e+00
18.210000,-1.228207823596e-01,9.439877274135e-01,9.519442074443e-01,4.293405385715e-01,0.000000000000e+00
18.220000,-1.226557574389e-01,9.445649888583e-01,9.524953821462e-01,4.316863462468e-01,0.000000000000e+00
18.230000,-1.225215285512e-01,9.450886349459e-01,9.529974044364e-01,4.341191659935e-01,0.000000000000e+00
18.240000,-1.224199759624e-01,9.455582451211e-01,9.534500749547e-01,4.366405397944e-01,0.000000000000e+00
18.250000,-1.223529699847e-01,9.459734093008e-01,9.538532069287e-01,4.392520241025e-01,0.000000000000e+00
18.260000,-1.223223692627e-01,9.463337312976e-01,9.542066301456e-01,4.419551598740e-01,0.000000000000e+00
18.270000,-1.223300188231e-01,9.466388324851e-01,9.545101951650e-01,4.447514388673e-01,0.000000000000e+00
18.280000,-1.223777478563e-01,9.468883556856e-01,9.547637777499e-01,4.476422663272e-01,0.000000000000e+00
18.290000,-1.224673672072e-01,9.470819692564e-01,9.549672834821e-01,4.506289202520e-01,0.000000000000e+00
18.300000,-1.226006665482e-01,9.472193713449e-01,9.551206525299e-01,4.537125075276e-01,0.000000000000e+00
18.310000,-1.227794112162e-01,9.473002942785e-01,9.552238645253e-01,4.568939173086e-01,0.000000000000e+00
18.320000,-1.230053386971e-01,9.473245090493e-01,9.552769435057e-01,4.601737721243e-01,0.000000000000e+00
18.330000,-1.232801547455e-01,9.472918298514e-01,9.552799628681e-01,4.635523772954e-01,0.000000000000e+00
18.340000,-1.236055291376e-01,9.472021186201e-01,9.552330502824e-01,4.670296693501e-01,0.000000000000e+00
18.350000,-1.239830910558e-01,9.470552895234e-01,9.551363925021e-01,4.706051642359e-01,0.000000000000e+00
18.360000,-1.244144241179e-01,9.468513133468e-01,9.549902400104e-01,4.742779062253e-01,0.000000000000e+00
18.370000,-1.249010610677e-01,9.465902217165e-01,9.547949114366e-01,4.780464185070e-01,0.000000000000e+00
18.380000,-1.254444781550e-01,9.462721110978e-01,9.545507976745e-01,4.819086565356e-01,0.000000000000e+00
18.390000,-1.260460892414e-01,9.458971465098e-01,9.542583656371e-01,4.858619652778e-01,0.000000000000e+00
18.400000,-1.267072396806e-01,9.454655648961e-01,9.539181615798e-01,4.899030415367e-01,0.000000000000e+00
18.410000,-1.274292000272e-01,9.449776780921e-01,9.535308139289e-01,4.940279025477e-01,0.000000000000e+00
18.420000,-1.282131596433e-01,9.444338753348e-01,9.530970355559e-01,4.982318620267e-01,0.000000000000e+00
18.430000,-1.290602202762e-01,9.438346252652e-01,9.526176254444e-01,5.025095147927e-01,0.000000000000e+00
18.440000,-1.299713896911e-01,9.431804773796e-01,9.520934697015e-01,5.068547309902e-01,0.000000000000e+00
18.450000,-1.309475754496e-01,9.424720628926e-01,9.515255418795e-01,5.112606607986e-01,0.000000000000e+00
18.460000,-1.319895789279e-01,9.417100949884e-01,9.509149025800e-01,5.157197503229e-01,0.000000000000e+00
18.470000,-1.330980896736e-01,9.408953684420e-01,9.502626983263e-01,5.202237691300e-01,0.000000000000e+00
18.480000,-1.342736801993e-01,9.400287586078e-01,9.495701597059e-01,5.247638496119e-01,0.000000000000e+00
18.490000,-1.355168013099e-01,9.391112197833e-01,9.488385987934e-01,5.293305380444e-01,0.000000000000e+00
18.500000,-1.368277780549e-01,9.381437829709e-01,9.480694058846e-01,5.339138568590e-01,0.000000000000e+00
18.510000,-1.382068063889e-01,9.371275530694e-01,9.472640455829e-01,5.385033772809e-01,0.000000000000e+00
18.520000,-1.396539506134e-01,9.360637055450e-01,9.464240522940e-01,5.430883011136e-01,0.000000000000e+00
18.530000,-1.411691416585e-01,9.349534826370e-01,9.455510251973e-01,5.476575500909e-01,0.000000000000e+00
18.540000,-1.427521762469e-01,9.337981891679e-01,9.446466227730e-01,5.521998608909e-01,0.000000000000e+00
18.550000,-1.444027169621e-01,9.325991880332e-01,9.437125569717e-01,5.567038836287e-01,0.000000000000e+00
18.560000,-1.461202932281e-01,9.313578954515e-01,9.427505871189e-01,5.611582814421e-01,0.000000000000e+00
18.570000,-1.479043031791e-01,9.300757760598e-01,9.417625136478e-01,5.655518286733e-01,0.000000000000e+00
18.580000,-1.497540163839e-01,9.287543379357e-01,9.407501717552e-01,5.698735051430e-01,0.000000000000e+00
18.590000,-1.516685773654e-01,9.273951276283e-01,9.397154250669e-01,5.741125841265e-01,0.000000000000e+00
18.600000,-1.536470098403e-01,9.259997252700e-01,9.386601593936e-01,5.782587118788e-01,0.000000000000e+00
18.610000,-1.556882215866e-01,9.245697398331e-01,9.375862766465e-01,5.823019769015e-01,0.000000000000e+00
18.620000,-1.577910098364e-01,9.231068045847e-01,9.364956889681e-01,5.862329676031e-01,0.000000000000e+00
18.630000,-1.599540670844e-01,9.216125727780e-01,9.353903131203e-01,5.900428175358e-01,0.000000000000e+00
18.640000,-1.621759871970e-01,9.200887136058e-01,9.342720651545e-01,5.937232379716e-01,0.000000000000e+00
18.650000,-1.644552717125e-01,9.185369084267e-01,9.331428553743e-01,5.972665381695e-01,0.000000000000e+00
18.660000,-1.667903362259e-01,9.169588472610e-01,9.320045835878e-01,6.006656342359e-01,0.000000000000e+00
18.670000,-1.691795167615e-01,9.153562255421e-01,9.308591346334e-01,6.039140479527e-01,0.000000000000e+00
18.680000,-1.716210760530e-01,9.137307410976e-01,9.297083741541e-01,6.070058972998e-01,0.000000000000e+00
18.690000,-1.741132096618e-01,9.120840913297e-01,9.285541445901e-01,6.099358806055e-01,0.000000000000e+00
18.700000,-1.766540518812e-01,9.104179705591e-01,9.273982613543e-01,6.126992562993e-01,0.000000000000e+00
18.710000,-1.792416813917e-01,9.087340674940e-01,9.262425091585e-01,6.152918201222e-01,0.000000000000e+00
18.720000,-1.818741266432e-01,9.070340627913e-01,9.250886384590e-01,6.177098813897e-01,0.000000000000e+00
18.730000,-1.845493709557e-01,9.053196266771e-01,9.239383619955e-01,6.199502395345e-01,0.000000000000e+00
18.740000,-1.872653573363e-01,9.035924166021e-01,9.227933514060e-01,6.220101617356e-01,0.000000000000e+00
18.750000,-1.900199930188e-01,9.018540749116e-01,9.216552339034e-01,6.238873620117e-01,0.000000000000e+00
18.760000,-1.928111537347e-01,9.001062265195e-01,9.205255890108e-01,6.255799817858e-01,0.000000000000e+00
18.770000,-1.956366877274e-01,8.983504765783e-01,9.194059453546e-01,6.270865716371e-01,0.000000000000e+00
18.780000,-1.984944195187e-01,8.965884081469e-01,9.182977775229e-01,6.284060737929e-01,0.000000000000e+00
18.790000,-2.013821534384e-01,8.948215798573e-01,9.172025029958e-01,6.295378048585e-01,0.000000000000e+00
18.800000,-2.042976769228e-01,8.930515235894e-01,9.161214791617e-01,6.304814383434e-01,0.000000000000e+00
18.810000,-2.072387635917e-01,8.912797421597e-01,9.150560004280e-01,6.312369866743e-01,0.000000000000e+00
18.820000,-2.102031761073e-01,8.895077070345e-01,9.140072954410e-01,6.318047825592e-01,0.000000000000e+00
18.830000,-2.131886688230e-01,8.877368560750e-01,9.129765244235e-01,6.321854597518e-01,0.000000000000e+00
18.840000,-2.161929902309e-01,8.859685913233e-01,9.119647766424e-01,6.323799334212e-01,0.000000000000e+00
18.850000,-2.192138852159e-01,8.842042768354e-01,9.109730680133e-01,6.323893804544e-01,0.000000000000e+00
18.860000,-2.222490971307e-01,8.824452365679e-01,9.100023388524e-01,6.322152200936e-01,0.000000000000e+00
18.870000,-2.252963697048e-01,8.806927523230e-01,9.090534517818e-01,6.318590953412e-01,0.000000000000e+00
18.880000,-2.283534488061e-01,8.789480617555e-01,9.081271897952e-01,6.313228555661e-01,0.000000000000e+00
18.890000,-2.314180840732e-01,8.772123564443e-01,9.072242544898e-01,6.306085407140e-01,0.000000000000e+00
18.900000,-2.344880304402e-01,8.754867800295e-01,9.063452644694e-01,6.297183674859e-01,0.000000000000e+00
18.910000,-2.375610495758e-01,8.737724264151e-01,9.054907539224e-01,6.286547177854e-01,0.000000000000e+00
18.920000,-2.406349112600e-01,8.720703380362e-01,9.046611713784e-01,6.274201296717e-01,0.000000000000e+00
18.930000,-2.437073947216e-01,8.703815041881e-01,9.038568786455e-01,6.260172909684e-01,0.000000000000e+00
18.940000,-2.467762899598e-01,8.687068594157e-01,9.030781499307e-01,6.244490355848e-01,0.000000000000e+00
18.950000,-2.498393990722e-01,8.670472819600e-01,9.023251711456e-01,6.227183425004e-01,0.000000000000e+00
18.960000,-2.528945376090e-01,8.654035922591e-01,9.015980393986e-01,6.208283372537e-01,0.000000000000e+00
18.970000,-2.559395359736e-01,8.637765515039e-01,9.008967626772e-01,6.187822956662e-01,0.000000000000e+00
18.980000,-2.589722408842e-01,8.621668602465e-01,9.002212597222e-01,6.165836494413e-01,0.000000000000e+00
18.990000,-2.619905169096e-01,8.605751570647e-01,8.995713600974e-01,6.142359931969e-01,0.000000000000e+00
19.000000,-2.649922480896e-01,8.590020172850e-01,8.989468044591e-01,6.117430924438e-01,0.000000000000e+00
19.010000,-2.679753396446e-01,8.574479517684e-01,8.983472450281e-01,6.091088919987e-01,0.000000000000e+00
19.020000,-2.709377197776e-01,8.559134057671e-01,8.977722462686e-01,6.063375243233e-01,0.000000000000e+00
19.030000,-2.738773415677e-01,8.543987578583e-01,8.972212857784e-01,6.034333173141e-01,0.000000000000e+00
19.040000,-2.767921849500e-01,8.529043189650e-01,8.966937553917e-01,6.004008011151e-01,0.000000000000e+00
19.050000,-2.796802587765e-01,8.514303314733e-01,8.961889624973e-01,5.972447135870e-01,0.000000000000e+00
19.060000,-2.825396029460e-01,8.499769684556e-01,8.957061315732e-01,5.939700041430e-01,0.000000000000e+00
19.070000,-2.853682905945e-01,8.485443330115e-01,8.952444059377e-01,5.905818357286e-01,0.000000000000e+00
19.080000,-2.881644303314e-01,8.471324577338e-01,8.948028497129e-01,5.870855848027e-01,0.000000000000e+00
19.090000,-2.909261685075e-01,8.457413043118e-01,8.943804499997e-01,5.834868392417e-01,0.000000000000e+00
19.100000,-2.936516915011e-01,8.443707632794e-01,8.939761192574e-01,5.797913941495e-01,0.000000000000e+00
19.110000,-2.963392280064e-01,8.430206539148e-01,8.935886978820e-01,5.760052456113e-01,0.000000000000e+00
19.120000,-2.989870513092e-01,8.416907243013e-01,8.932169569738e-01,5.721345824724e-01,0.000000000000e+00
19.130000,-3.015934815366e-01,8.403806515524e-01,8.928596012862e-01,5.681857762544e-01,0.000000000000e+00
19.140000,-3.041568878642e-01,8.390900422069e-01,8.925152723432e-01,5.641653693540e-01,0.000000000000e+00
19.150000,-3.066756906693e-01,8.378184327975e-01,8.921825517139e-01,5.600800616810e-01,0.000000000000e+00
19.160000,-3.091483636164e-01,8.365652905945e-01,8.918599644306e-01,5.559366959081e-01,0.000000000000e+00
19.170000,-3.115734356636e-01,8.353300145253e-01,8.915459825372e-01,5.517422415090e-01,0.000000000000e+00
19.180000,-3.139494929789e-01,8.341119362706e-01,8.912390287520e-01,5.475037777612e-01,0.000000000000e+00
19.190000,-3.162751807561e-01,8.329103215343e-01,8.909374802312e-01,5.432284758877e-01,0.000000000000e+00
19.200000,-3.185492049228e-01,8.317243714862e-01,8.906396724158e-01,5.389235805063e-01,0.000000000000e+00
19.210000,-3.207703337303e-01,8.305532243738e-01,8.903439029494e-01,5.345963905439e-01,0.000000000000e+00
19.220000,-3.229373992214e-01,8.293959572989e-01,8.900484356481e-01,5.302542397675e-01,0.000000000000e+00
19.230000,-3.250492985666e-01,8.282515881531e-01,8.897515045095e-01,5.259044770698e-01,0.000000000000e+00
19.240000,-3.271049952674e-01,8.271190777095e-01,8.894513177459e-01,5.215544466379e-01,0.000000000000e+00
19.250000,-3.291035202184e-01,8.259973318600e-01,8.891460618257e-01,5.172114681223e-01,0.000000000000e+00
19.260000,-3.310439726285e-01,8.248852039956e-01,8.888339055102e-01,5.128828169128e-01,0.000000000000e+00
19.270000,-3.329255207948e-01,8.237814975188e-01,8.885130038726e-01,5.085757046174e-01,0.000000000000e+00
19.280000,-3.347474027303e-01,8.226849684827e-01,8.881815022854e-01,5.042972598307e-01,0.000000000000e+00
19.290000,-3.365089266415e-01,8.215943283474e-01,8.878375403653e-01,5.000545092702e-01,0.000000000000e+00
19.300000,-3.382094712565e-01,8.205082468451e-01,8.874792558637e-01,4.958543593488e-01,0.000000000000e+00
19.310000,-3.398484860031e-01,8.194253549456e-01,8.871047884925e-01,4.917035782477e-01,0.000000000000e+00
19.320000,-3.414254910363e-01,8.183442479128e-01,8.867122836757e-01,4.876087785415e-01,0.000000000000e+00
19.330000,-3.429400771176e-01,8.172634884425e-01,8.862998962172e-01,4.835764004281e-01,0.000000000000e+00
19.340000,-3.443919053455e-01,8.161816098730e-01,8.858657938776e-01,4.796126956045e-01,0.000000000000e+00
19.350000,-3.457807067409e-01,8.150971194585e-01,8.854081608522e-01,4.757237118280e-01,0.000000000000e+00
19.360000,-3.471062816877e-01,8.140085016944e-01,8.849252011429e-01,4.719152781964e-01,0.000000000000e+00
19.370000,-3.483684992328e-01,8.129142216872e-01,8.844151418192e-01,4.681929911776e-01,0.000000000000e+00
19.380000,-3.495672962473e-01,8.118127285575e-01,8.838762361629e-01,4.645622014144e-01,0.000000000000e+00
19.390000,-3.507026764527e-01,8.107024588661e-01,8.833067666913e-01,4.610280013290e-01,0.000000000000e+00
19.400000,-3.517747093167e-01,8.095818400554e-01,8.827050480553e-01,4.575952135445e-01,0.000000000000e+00
19.410000,-3.527835288205e-01,8.084492938940e-01,8.820694298096e-01,4.542683801444e-01,0.000000000000e+00
19.420000,-3.537293321046e-01,8.073032399170e-01,8.813982990519e-01,4.510517527821e-01,0.000000000000e+00
19.430000,-3.546123779961e-01,8.061420988512e-01,8.806900829283e-01,4.479492836547e-01,0.000000000000e+00
19.440000,-3.554329854230e-01,8.049642960160e-01,8.799432510039e-01,4.449646173515e-01,0.000000000000e+00
19.450000,-3.561915317210e-01,8.037682646921e-01,8.791563174976e-01,4.421010835850e-01,0.000000000000e+00
19.460000,-3.568884508387e-01,8.025524494465e-01,8.783278433789e-01,4.393616908123e-01,0.000000000000e+00
19.470000,-3.575242314461e-01,8.013153094074e-01,8.774564383272e-01,4.367491207519e-01,0.000000000000e+00
19.480000,-3.580994149535e-01,8.000553214793e-01,8.765407625532e-01,4.342657237991e-01,0.000000000000e+00
19.490000,-3.586145934471e-01,7.987709834894e-01,8.755795284826e-01,4.319135153418e-01,0.000000000000e+00
19.500000,-3.590704075471e-01,7.974608172583e-01,8.745715023017e-01,4.296941729781e-01,0.000000000000e+00
19.510000,-3.594675441961e-01,7.961233715861e-01,8.735155053667e-01,4.276090346350e-01,0.000000000000e+00
19.520000,-3.598067343838e-01,7.947572251474e-01,8.724104154766e-01,4.256590975844e-01,0.000000000000e+00
19.530000,-3.600887508163e-01,7.933609892865e-01,8.712551680111e-01,4.238450183549e-01,0.000000000000e+00
19.540000,-3.603144055360e-01,7.919333107072e-01,8.700487569352e-01,4.221671135337e-01,0.000000000000e+00
19.550000,-3.604845475006e-01,7.904728740502e-01,8.687902356703e-01,4.206253614518e-01,0.000000000000e+00
19.560000,-3.606000601282e-01,7.889784043512e-01,8.674787178353e-01,4.192194047467e-01,0.000000000000e+00
19.570000,-3.606618588157e-01,7.874486693747e-01,8.661133778579e-01,4.179485537921e-01,0.000000000000e+00
19.580000,-3.606708884392e-01,7.858824818174e-01,8.646934514584e-01,4.168117909853e-01,0.000000000000e+00
19.590000,-3.606281208434e-01,7.842787013766e-01,8.632182360075e-01,4.158077758815e-01,0.000000000000e+00
19.600000,-3.605345523273e-01,7.826362366785e-01,8.616870907610e-01,4.149348511600e-01,0.000000000000e+00
19.610000,-3.603912011355e-01,7.809540470623e-01,8.600994369716e-01,4.141910494102e-01,0.000000000000e+00
19.620000,-3.601991049600e-01,7.792311442162e-01,8.584547578821e-01,4.135741007203e-01,0.000000000000e+00
19.630000,-3.599593184634e-01,7.774665936622e-01,8.567525986009e-01,4.130814410507e-01,0.000000000000e+00
19.640000,-3.596729108286e-01,7.756595160859e-01,8.549925658616e-01,4.127102213744e-01,0.000000000000e+00
19.650000,-3.593409633426e-01,7.738090885104e-01,8.531743276713e-01,4.124573175626e-01,0.000000000000e+00
19.660000,-3.589645670232e-01,7.719145453106e-01,8.512976128477e-01,4.123193409926e-01,0.000000000000e+00
19.670000,-3.585448202935e-01,7.699751790668e-01,8.493622104487e-01,4.122926498549e-01,0.000000000000e+00
19.680000,-3.580828267135e-01,7.679903412581e-01,8.473679690977e-01,4.123733611319e-01,0.000000000000e+00
19.690000,-3.575796927725e-01,7.659594427919e-01,8.453147962063e-01,4.125573632202e-01,0.000000000000e+00
19.700000,-3.570365257516e-01,7.638819543726e-01,8.432026570979e-01,4.128403291671e-01,0.000000000000e+00
19.710000,-3.564544316608e-01,7.617574067080e-01,8.410315740358e-01,4.132177304881e-01,0.000000000000e+00
19.720000,-3.558345132561e-01,7.595853905543e-01,8.388016251581e-01,4.136848515313e-01,0.000000000000e+00
19.730000,-3.551778681444e-01,7.573655566020e-01,8.365129433228e-01,4.142368043518e-01,0.000000000000e+00
19.740000,-3.544855869779e-01,7.550976152034e-01,8.341657148678e-01,4.148685440594e-01,0.000000000000e+00
19.750000,-3.537587517463e-01,7.527813359454e-01,8.317601782875e-01,4.155748845956e-01,0.000000000000e+00
19.760000,-3.529984341687e-01,7.504165470681e-01,8.292966228311e-01,4.163505149006e-01,0.000000000000e+00
19.770000,-3.522056941907e-01,7.480031347351e-01,8.267753870272e-01,4.171900154225e-01,0.000000000000e+00
19.780000,-3.513815785888e-01,7.455410421575e-01,8.241968571360e-01,4.180878749243e-01,0.000000000000e+00
19.790000,-3.505271196870e-01,7.430302685753e-01,8.215614655369e-01,4.190385075380e-01,0.000000000000e+00
19.800000,-3.496433341868e-01,7.404708681030e-01,8.188696890534e-01,4.200362700159e-01,0.000000000000e+00
19.810000,-3.487312221138e-01,7.378629484413e-01,8.161220472206e-01,4.210754791268e-01,0.000000000000e+00
19.820000,-3.477917658816e-01,7.352066694637e-01,8.133191005005e-01,4.221504291428e-01,0.000000000000e+00
19.830000,-3.468259294751e-01,7.325022416802e-01,8.104614484494e-01,4.232554093619e-01,0.000000000000e+00
19.840000,-3.458346577541e-01,7.297499245873e-01,8.075497278428e-01,4.243847216080e-01,0.000000000000e+00
19.850000,-3.448188758762e-01,7.269500249092e-01,8.045846107627e-01,4.255326976530e-01,0.000000000000e+00
19.860000,-3.437794888403e-01,7.241028947376e-01,8.015668026525e-01,4.266937164999e-01,0.000000000000e+00
19.870000,-3.427173811483e-01,7.212089295763e-01,7.984970403463e-01,4.278622214693e-01,0.000000000000e+00
19.880000,-3.416334165857e-01,7.182685663002e-01,7.953760900750e-01,4.290327370289e-01,0.000000000000e+00
19.890000,-3.405284381172e-01,7.152822810339e-01,7.922047454589e-01,4.301998853066e-01,0.000000000000e+00
19.900000,-3.394032678967e-01,7.122505869598e-01,7.889838254892e-01,4.313584022275e-01,0.000000000000e+00
19.910000,-3.382587073884e-01,7.091740320627e-01,7.857141725056e-01,4.325031532157e-01,0.000000000000e+00
19.920000,-3.370955375954e-01,7.060531968201e-01,7.823966501760e-01,4.336291484037e-01,0.000000000000e+00
19.930000,-3.359145193926e-01,7.028886918463e-01,7.790321414834e-01,4.347315572908e-01,0.000000000000e+00
19.940000,-3.347163939603e-01,6.996811554986e-01,7.756215467259e-01,4.358057227962e-01,0.000000000000e+00
19.950000,-3.335018833127e-01,6.964312514552e-01,7.721657815370e-01,4.368471746526e-01,0.000000000000e+00
19.960000,-3.322716909179e-01,6.931396662735e-01,7.686657749290e-01,4.378516420895e-01,0.000000000000e+00
19.970000,-3.310265024026e-01,6.898071069364e-01,7.651224673691e-01,4.388150657550e-01,0.000000000000e+00
19.980000,-3.297669863374e-01,6.864342983975e-01,7.615368088901e-01,4.397336088331e-01,0.000000000000e+00
19.990000,-3.284937950956e-01,6.830219811316e-01,7.579097572438e-01,4.406036673095e-01,0.000000000000e+00
20.000000,-3.272075657804e-01,6.795709087021e-01,7.542422761011e-01,4.414218793494e-01,0.000000000000e+00
20.010000,-3.259089212120e-01,6.760818453508e-01,7.505353333046e-01,4.421851337495e-01,0.000000000000e+00
20.020000,-3.245984709708e-01,6.725555636212e-01,7.467898991781e-01,4.428905774317e-01,0.000000000000e+00
20.030000,-3.232768124871e-01,6.689928420217e-01,7.430069448990e-01,4.435356219519e-01,0.000000000000e+00
20.040000,-3.219445321718e-01,6.653944627386e-01,7.391874409367e-01,4.441179489989e-01,0.000000000000e+00
20.050000,-3.206022065797e-01,6.617612094047e-01,7.353323555622e-01,4.446355148657e-01,0.000000000000e+00
20.060000,-3.192504036002e-01,6.580938649327e-01,7.314426534329e-01,4.450865538778e-01,0.000000000000e+00
20.070000,-3.178896836645e-01,6.543932094201e-01,7.275192942565e-01,4.454695807699e-01,0.000000000000e+00
20.080000,-3.165206009657e-01,6.506600181324e-01,7.235632315367e-01,4.457833920064e-01,0.000000000000e+00
20.090000,-3.151437046816e-01,6.468950595714e-01,7.195754114047e-01,4.460270660462e-01,0.000000000000e+00
20.100000,-3.137595401941e-01,6.430990936342e-01,7.155567715394e-01,4.461999625578e-01,0.000000000000e+00
20.110000,-3.123686502977e-01,6.392728698700e-01,7.115082401776e-01,4.463017205954e-01,0.000000000000e+00
20.120000,-3.109715763900e-01,6.354171258383e-01,7.074307352180e-01,4.463322557518e-01,0.000000000000e+00
20.130000,-3.095688596361e-01,6.315325855746e-01,7.033251634194e-01,4.462917563080e-01,0.000000000000e+00
20.140000,-3.081610421020e-01,6.276199581677e-01,6.991924196956e-01,4.461806784070e-01,0.000000000000e+00
20.150000,-3.067486678487e-01,6.236799364516e-01,6.950333865069e-01,4.459997402793e-01,0.000000000000e+00
20.160000,-3.053322839806e-01,6.197131958172e-01,6.908489333499e-01,4.457499155571e-01,0.000000000000e+00
20.170000,-3.039124416435e-01,6.157203931444e-01,6.866399163460e-01,4.454324257148e-01,0.000000000000e+00
20.180000,-3.024896969646e-01,6.117021658591e-01,6.824071779271e-01,4.450487316785e-01,0.000000000000e+00
20.190000,-3.010646119293e-01,6.076591311150e-01,6.781515466203e-01,4.446005246520e-01,0.000000000000e+00
20.200000,-2.996377551909e-01,6.035918851025e-01,6.738738369290e-01,4.440897162094e-01,0.000000000000e+00
20.210000,-2.982097028063e-01,5.995010024854e-01,6.695748493103e-01,4.435184277063e-01,0.000000000000e+00
20.220000,-2.967810388949e-01,5.953870359647e-01,6.652553702469e-01,4.428889790667e-01,0.000000000000e+00
20.230000,-2.953523562150e-01,5.912505159703e-01,6.609161724129e-01,4.422038770040e-01,0.000000000000e+00
20.240000,-2.939242566562e-01,5.870919504782e-01,6.565580149288e-01,4.414658027362e-01,0.000000000000e+00
20.250000,-2.924973516420e-01,5.829118249534e-01,6.521816437068e-01,4.406775992582e-01,0.000000000000e+00
20.260000,-2.910722624415e-01,5.787106024153e-01,6.477877918815e-01,4.398422582342e-01,0.000000000000e+00
20.270000,-2.896496203879e-01,5.744887236231e-01,6.433771803234e-01,4.389629065749e-01,0.000000000000e+00
20.280000,-2.882300670002e-01,5.702466073795e-01,6.389505182334e-01,4.380427927661e-01,0.000000000000e+00
20.290000,-2.868142540087e-01,5.659846509480e-01,6.345085038132e-01,4.370852730115e-01,0.000000000000e+00
20.300000,-2.854028432823e-01,5.617032305805e-01,6.300518250098e-01,4.360937972583e-01,0.000000000000e+00
20.310000,-2.839965066566e-01,5.574027021508e-01,6.255811603287e-01,4.350718951675e-01,0.000000000000e+00
20.320000,-2.825959256643e-01,5.530834018896e-01,6.210971797133e-01,4.340231620953e-01,0.000000000000e+00
20.330000,-2.812017911664e-01,5.487456472159e-01,6.166005454860e-01,4.329512451470e-01,0.000000000000e+00
20.340000,-2.798148028870e-01,5.443897376589e-01,6.120919133455e-01,4.318598293658e-01,0.000000000000e+00
20.350000,-2.784356688512e-01,5.400159558657e-01,6.075719334187e-01,4.307526241159e-01,0.000000000000e+00
20.360000,-2.770651047297e-01,5.356245686883e-01,6.030412513596e-01,4.296333497173e-01,0.000000000000e+00
20.370000,-2.757038330908e-01,5.312158283436e-01,5.985005094933e-01,4.285057243895e-01,0.000000000000e+00
20.380000,-2.743525825632e-01,5.267899736404e-01,5.939503479982e-01,4.273734515541e-01,0.000000000000e+00
20.390000,-2.730120869130e-01,5.223472312664e-01,5.893914061235e-01,4.262402075498e-01,0.000000000000e+00
20.400000,-2.716830840372e-01,5.178878171290e-01,5.848243234362e-01,4.251096298058e-01,0.000000000000e+00
20.410000,-2.703663148792e-01,5.134119377425e-01,5.802497410925e-01,4.239853055172e-01,0.000000000000e+00
20.420000,-2.690625222687e-01,5.089197916555e-01,5.756683031297e-01,4.228707608664e-01,0.000000000000e+00
20.430000,-2.677724496923e-01,5.044115709101e-01,5.710806577728e-01,4.217694508251e-01,0.000000000000e+00
20.440000,-2.664968399984e-01,4.998874625284e-01,5.664874587510e-01,4.206847495752e-01,0.000000000000e+00
20.450000,-2.652364340426e-01,4.953476500161e-01,5.618893666195e-01,4.196199415766e-01,0.000000000000e+00
20.460000,-2.639919692782e-01,4.907923148793e-01,5.572870500810e-01,4.185782133126e-01,0.000000000000e+00
20.470000,-2.627641782986e-01,4.862216381456e-01,5.526811873024e-01,4.175626457347e-01,0.000000000000e+00
20.480000,-2.615537873364e-01,4.816358018839e-01,5.480724672216e-01,4.165762074297e-01,0.000000000000e+00
20.490000,-2.603615147267e-01,4.770349907151e-01,5.434615908391e-01,4.156217485251e-01,0.000000000000e+00
20.500000,-2.591880693401e-01,4.724193933090e-01,5.388492724897e-01,4.147019953471e-01,0.000000000000e+00
20.510000,-2.580341489929e-01,4.677892038591e-01,5.342362410896e-01,4.138195458419e-01,0.000000000000e+00
20.520000,-2.569004388396e-01,4.631446235307e-01,5.296232413531e-01,4.129768657664e-01,0.000000000000e+00
20.530000,-2.557876097570e-01,4.584858618763e-01,5.250110349751e-01,4.121762856528e-01,0.000000000000e+00
20.540000,-2.546963167246e-01,4.538131382112e-01,5.204004017737e-01,4.114199985475e-01,0.000000000000e+00
20.550000,-2.536271972097e-01,4.491266829466e-01,5.157921407884e-01,4.107100585204e-01,0.000000000000e+00
20.560000,-2.525808695634e-01,4.444267388727e-01,5.111870713295e-01,4.100483799398e-01,0.000000000000e+00
20.570000,-2.515579314354e-01,4.397135623881e-01,5.065860339726e-01,4.094367375031e-01,0.000000000000e+00
20.580000,-2.505589582136e-01,4.349874246721e-01,5.019898914958e-01,4.088767670122e-01,0.000000000000e+00
20.590000,-2.495845014967e-01,4.302486127933e-01,4.973995297525e-01,4.083699668770e-01,0.000000000000e+00
20.600000,-2.486350876056e-01,4.254974307535e-01,4.928158584770e-01,4.079177003318e-01,0.000000000000e+00
20.610000,-2.477112161405e-01,4.207342004613e-01,4.882398120182e-01,4.075211983416e-01,0.000000000000e+00
20.620000,-2.468133585914e-01,4.159592626343e-01,4.836723499958e-01,4.071815631776e-01,0.000000000000e+00
20.630000,-2.459419570073e-01,4.111729776254e-01,4.791144578761e-01,4.068997726345e-01,0.000000000000e+00
20.640000,-2.450974227306e-01,4.063757261720e-01,4.745671474628e-01,4.066766848627e-01,0.000000000000e+00
20.650000,-2.442801352035e-01,4.015679100663e-01,4.700314572984e-01,4.065130437847e-01,0.000000000000e+00
20.660000,-2.434904408510e-01,3.967499527441e-01,4.655084529719e-01,4.064094850631e-01,0.000000000000e+00
20.670000,-2.427286520476e-01,3.919222997919e-01,4.609992273302e-01,4.063665425847e-01,0.000000000000e+00
20.680000,-2.419950461712e-01,3.870854193712e-01,4.565049005884e-01,4.063846554235e-01,0.000000000000e+00
20.690000,-2.412898647502e-01,3.822398025589e-01,4.520266203349e-01,4.064641752450e-01,0.000000000000e+00
20.700000,-2.406133127086e-01,3.773859636042e-01,4.475655614300e-01,4.066053741068e-01,0.000000000000e+00
20.710000,-2.399655577124e-01,3.725244401030e-01,4.431229257918e-01,4.068084526161e-01,0.000000000000e+00
20.720000,-2.393467296210e-01,3.676557930880e-01,4.386999420691e-01,4.070735483950e-01,0.000000000000e+00
20.730000,-2.387569200487e-01,3.627806070380e-01,4.342978651962e-01,4.074007448087e-01,0.000000000000e+00
20.740000,-2.381961820370e-01,3.578994898058e-01,4.299179758283e-01,4.077900799053e-01,0.000000000000e+00
20.750000,-2.376645298418e-01,3.530130724667e-01,4.255615796536e-01,4.082415555170e-01,0.000000000000e+00
20.760000,-2.371619388362e-01,3.481220090894e-01,4.212300065819e-01,4.087551464681e-01,0.000000000000e+00
20.770000,-2.366883455323e-01,3.432269764316e-01,4.169246098052e-01,4.093308098362e-01,0.000000000000e+00
20.780000,-2.362436477207e-01,3.383286735615e-01,4.126467647302e-01,4.099684942077e-01,0.000000000000e+00
20.790000,-2.358277047307e-01,3.334278214086e-01,4.083978677808e-01,4.106681488703e-01,0.000000000000e+00
20.800000,-2.354403378087e-01,3.285251622466e-01,4.041793350687e-01,4.114297328804e-01,0.000000000000e+00
20.810000,-2.350813306163e-01,3.236214591102e-01,3.999926009327e-01,4.122532239434e-01,0.000000000000e+00
20.820000,-2.347504298464e-01,3.187174951502e-01,3.958391163439e-01,4.131386270430e-01,0.000000000000e+00
20.830000,-2.344473459554e-01,3.138140729289e-01,3.917203471787e-01,4.140859827525e-01,0.000000000000e+00
20.840000,-2.341717540092e-01,3.089120136603e-01,3.876377723590e-01,4.150953751615e-01,0.000000000000e+00
20.850000,-2.339232946423e-01,3.040121563968e-01,3.835928818595e-01,4.161669393483e-01,0.000000000000e+00
20.860000,-2.337015751232e-01,2.991153571683e-01,3.795871745844e-01,4.173008683266e-01,0.000000000000e+00
20.870000,-2.335061705268e-01,2.942224880752e-01,3.756221561134e-01,4.184974193961e-01,0.000000000000e+00
20.880000,-2.333366250061e-01,2.893344363400e-01,3.716993363209e-01,4.197569198223e-01,0.000000000000e+00
20.890000,-2.331924531599e-01,2.844521033206e-01,3.678202268694e-01,4.210797717717e-01,0.000000000000e+00
20.900000,-2.330731414921e-01,2.795764034899e-01,3.639863385807e-01,4.224664564273e-01,0.000000000000e+00
20.910000,-2.329781499556e-01,2.747082633838e-01,3.601991786887e-01,4.239175372089e-01,0.000000000000e+00
20.920000,-2.329069135753e-01,2.698486205223e-01,3.564602479786e-01,4.254336620208e-01,0.000000000000e+00
20.930000,-2.328588441444e-01,2.649984223079e-01,3.527710378162e-01,4.270155644533e-01,0.000000000000e+00
20.940000,-2.328333319856e-01,2.601586249021e-01,3.491330270749e-01,4.286640638594e-01,0.000000000000e+00
20.950000,-2.328297477721e-01,2.553301920863e-01,3.455476789655e-01,4.303800642348e-01,0.000000000000e+00
20.960000,-2.328474443984e-01,2.505140941086e-01,3.420164377773e-01,4.321645518256e-01,0.000000000000e+00
20.970000,-2.328857588954e-01,2.457113065199e-01,3.385407255383e-01,4.340185913938e-01,0.000000000000e+00
20.980000,-2.329440143799e-01,2.409228090025e-01,3.351219386031e-01,4.359433210712e-01,0.000000000000e+00
20.990000,-2.330215220314e-01,2.361495841933e-01,3.317614441801e-01,4.379399457371e-01,0.000000000000e+00
21.000000,-2.331175830866e-01,2.313926165051e-01,3.284605768083e-01,4.400097288580e-01,0.000000000000e+00
21.010000,-2.332314908439e-01,2.266528909476e-01,3.252206347945e-01,4.421539827358e-01,0.000000000000e+00
21.020000,-2.333625326687e-01,2.219313919502e-01,3.220428766275e-01,4.443740571123e-01,0.000000000000e+00
21.030000,-2.335099919906e-01,2.172291021892e-01,3.189285173787e-01,4.466713260917e-01,0.000000000000e+00
21.040000,-2.336731502837e-01,2.125470014206e-01,3.158787251088e-01,4.490471733464e-01,0.000000000000e+00
21.050000,-2.338512890216e-01,2.078860653199e-01,3.128946172935e-01,4.515029755845e-01,0.000000000000e+00
21.060000,-2.340436915979e-01,2.032472643309e-01,3.099772572863e-01,4.540400842682e-01,0.000000000000e+00
21.070000,-2.342496452037e-01,1.986315625232e-01,3.071276508367e-01,4.566598055872e-01,0.000000000000e+00
21.080000,-2.344684426543e-01,1.940399164607e-01,3.043467426814e-01,4.593633787039e-01,0.000000000000e+00
21.090000,-2.346993841559e-01,1.894732740809e-01,3.016354132294e-01,4.621519523067e-01,0.000000000000e+00
21.100000,-2.349417790055e-01,1.849325735855e-01,2.989944753591e-01,4.650265595262e-01,0.000000000000e+00
21.110000,-2.351949472158e-01,1.804187423423e-01,2.964246713488e-01,4.679880912891e-01,0.000000000000e+00
21.120000,-2.354582210577e-01,1.759326957991e-01,2.939266699617e-01,4.710372682086e-01,0.000000000000e+00
21.130000,-2.357309465142e-01,1.714753364087e-01,2.915010637047e-01,4.741746111353e-01,0.000000000000e+00
21.140000,-2.360124846397e-01,1.670475525652e-01,2.891483662825e-01,4.774004105193e-01,0.000000000000e+00
21.150000,-2.363022128168e-01,1.626502175513e-01,2.868690102670e-01,4.807146947630e-01,0.000000000000e+00
21.160000,-2.365995259079e-01,1.582841884951e-01,2.846633450014e-01,4.841171977759e-01,0.000000000000e+00
21.170000,-2.369038372953e-01,1.539503053375e-01,2.825316347575e-01,4.876073259746e-01,0.000000000000e+00
21.180000,-2.372145798054e-01,1.496493898079e-01,2.804740571641e-01,4.911841250040e-01,0.000000000000e+00
21.190000,-2.375312065143e-01,1.453822444088e-01,2.784907019228e-01,4.948462464932e-01,0.000000000000e+00
21.200000,-2.378531914310e-01,1.411496514079e-01,2.765815698243e-01,4.985919151915e-01,0.000000000000e+00
21.210000,-2.381800300565e-01,1.369523718370e-01,2.747465720796e-01,5.024188968688e-01,0.000000000000e+00
21.220000,-2.385112398157e-01,1.327911444987e-01,2.729855299750e-01,5.063244673967e-01,0.000000000000e+00
21.230000,-2.388463603636e-01,1.286666849775e-01,2.712981748594e-01,5.103053834615e-01,0.000000000000e+00
21.240000,-2.391849537616e-01,1.245796846582e-01,2.696841484690e-01,5.143578553922e-01,0.000000000000e+00
21.250000,-2.395266045280e-01,1.205308097492e-01,2.681430035924e-01,5.184775226130e-01,0.000000000000e+00
21.260000,-2.398709195605e-01,1.165207003115e-01,2.666742050741e-01,5.226594322559e-01,0.000000000000e+00
21.270000,-2.402175279335e-01,1.125499692931e-01,2.652771311560e-01,5.268980214857e-01,0.000000000000e+00
21.280000,-2.405660805719e-01,1.086192015698e-01,2.639510751473e-01,5.311871041033e-01,0.000000000000e+00
21.290000,-2.409162498042e-01,1.047289529918e-01,2.626952474151e-01,5.355198619957e-01,0.000000000000e+00
21.300000,-2.412677287974e-01,1.008797494381e-01,2.615087776839e-01,5.398888419970e-01,0.000000000000e+00
21.310000,-2.416202308776e-01,9.707208587761e-02,2.603907176264e-01,5.442859587072e-01,0.000000000000e+00
21.320000,-2.419734887414e-01,9.330642543989e-02,2.593400437304e-01,5.487025037874e-01,0.000000000000e+00
21.330000,-2.423272535606e-01,8.958319849507e-02,2.583556604195e-01,5.531291622091e-01,0.000000000000e+00
21.340000,-2.426812939872e-01,8.590280174474e-02,2.574364034065e-01,5.575560358765e-01,0.000000000000e+00
21.350000,-2.430353950639e-01,8.226559732467e-02,2.565810432535e-01,5.619726749690e-01,0.000000000000e+00
21.360000,-2.433893570446e-01,7.867191192062e-02,2.557882891139e-01,5.663681172633e-01,0.000000000000e+00
21.370000,-2.437429941331e-01,7.512203589810e-02,2.550567926294e-01,5.707309355852e-01,0.000000000000e+00
21.380000,-2.440961331457e-01,7.161622244707e-02,2.543851519532e-01,5.750492934222e-01,0.000000000000e+00
21.390000,-2.444486121055e-01,6.815468674218e-02,2.537719158718e-01,5.793110085841e-01,0.000000000000e+00
21.400000,-2.448002787753e-01,6.473760511919e-02,2.532155879977e-01,5.835036246485e-01,0.000000000000e+00
21.410000,-2.451509891382e-01,6.136511426742e-02,2.527146310059e-01,5.876144897568e-01,0.000000000000e+00
21.420000,-2.455006058340e-01,5.803731043830e-02,2.522674708871e-01,5.916308421476e-01,0.000000000000e+00
21.430000,-2.458489965614e-01,5.475424866930e-02,2.518725011937e-01,5.955399016290e-01,0.000000000000e+00
21.440000,-2.461960324548e-01,5.151594202239e-02,2.515280872565e-01,5.993289659999e-01,0.000000000000e+00
21.450000,-2.465415864474e-01,4.832236083561e-02,2.512325703501e-01,6.029855112422e-01,0.000000000000e+00
21.460000,-2.468855316320e-01,4.517343198627e-02,2.509842717913e-01,6.064972941247e-01,0.000000000000e+00
21.470000,-2.472277396308e-01,4.206903816369e-02,2.507814969549e-01,6.098524556932e-01,0.000000000000e+00
21.480000,-2.475680789888e-01,3.900901714976e-02,2.506225391963e-01,6.130396239747e-01,0.000000000000e+00
21.490000,-2.479064136036e-01,3.599316110497e-02,2.505056836723e-01,6.160480141067e-01,0.000000000000e+00
21.500000,-2.482426012073e-01,3.302121585839e-02,2.504292110576e-01,6.188675240230e-01,0.000000000000e+00
21.510000,-2.485764919167e-01,3.009288020003e-02,2.503914011550e-01,6.214888237903e-01,0.000000000000e+00
21.520000,-2.489079268675e-01,2.720780517498e-02,2.503905364025e-01,6.239034367041e-01,0.000000000000e+00
21.530000,-2.492367369518e-01,2.436559337960e-02,2.504249052852e-01,6.261038103264e-01,0.000000000000e+00
21.540000,-2.495627416750e-01,2.156579826136e-02,2.504928056591e-01,6.280833757776e-01,0.000000000000e+00
21.550000,-2.498857481527e-01,1.880792342550e-02,2.505925480005e-01,6.298365937983e-01,0.000000000000e+00
21.560000,-2.502055502646e-01,1.609142195381e-02,2.507224585946e-01,6.313589863547e-01,0.000000000000e+00
21.570000,-2.505219279846e-01,1.341569574277e-02,2.508808826782e-01,6.326471528896e-01,0.000000000000e+00
21.580000,-2.508346469038e-01,1.078009487112e-02,2.510661875538e-01,6.336987707024e-01,0.000000000000e+00
21.590000,-2.511434579643e-01,8.183917009364e-03,2.512767656905e-01,6.345125793710e-01,0.000000000000e+00
21.600000,-2.514480974158e-01,5.626406886629e-03,2.515110378263e-01,6.350883495898e-01,0.000000000000e+00
21.610000,-2.517482870101e-01,3.106755832929e-03,2.517674560866e-01,6.354268372828e-01,0.000000000000e+00
21.620000,-2.520437344394e-01,6.241014176510e-04,2.520445071267e-01,6.355297243286e-01,0.000000000000e+00
21.630000,-2.523341340269e-01,-1.822472792845e-03,2.523407153081e-01,6.353995476916e-01,0.000000000000e+00
21.640000,-2.526191676682e-01,-4.233937333669e-03,2.526546459076e-01,6.350396191628e-01,0.000000000000e+00
21.650000,-2.528985060222e-01,-6.611316769978e-03,2.529849083595e-01,6.344539382537e-01,0.000000000000e+00
21.660000,-2.531718099420e-01,-8.955689429412e-03,2.533301595201e-01,6.336471010304e-01,0.000000000000e+00
21.670000,-2.534387321325e-01,-1.126818691272e-02,2.536891069424e-01,6.326242078082e-01,0.000000000000e+00
21.680000,-2.536989190152e-01,-1.354999335860e-02,2.540605121413e-01,6.313907726309e-01,0.000000000000e+00
21.690000,-2.539520127772e-01,-1.580234444152e-02,2.544431938242e-01,6.299526373238e-01,0.000000000000e+00
21.700000,-2.541976535749e-01,-1.802652608529e-02,2.548360310586e-01,6.283158926397e-01,0.000000000000e+00
21.710000,-2.544354818602e-01,-2.022387287996e-02,2.552379663445e-01,6.264868086144e-01,0.000000000000e+00
21.720000,-2.546651407929e-01,-2.239576619583e-02,2.556480085559e-01,6.244717757345e-01,0.000000000000e+00
21.730000,-2.548862787032e-01,-2.454363199454e-02,2.560652357167e-01,6.222772579222e-01,0.000000000000e+00
21.740000,-2.550985515635e-01,-2.666893834472e-02,2.564887975765e-01,6.199097576943e-01,0.000000000000e+00
21.750000,-2.553016254333e-01,-2.877319265659e-02,2.569179179515e-01,6.173757931941e-01,0.000000000000e+00
21.760000,-2.554951788408e-01,-3.085793865674e-02,2.573518968048e-01,6.146818861783e-01,0.000000000000e+00
21.770000,-2.556789050674e-01,-3.292475313094e-02,2.577901120392e-01,6.118345595009e-01,0.000000000000e+00
21.780000,-2.558525143064e-01,-3.497524246781e-02,2.582320209862e-01,6.088403422178e-01,0.000000000000e+00
21.790000,-2.560157356721e-01,-3.701103904031e-02,2.586771615790e-01,6.057057801695e-01,0.000000000000e+00
21.800000,-2.561683190392e-01,-3.903379746471e-02,2.591251532057e-01,6.024374498002e-01,0.000000000000e+00
21.810000,-2.563100367002e-01,-4.104519077753e-02,2.595756972430e-01,5.990419730418e-01,0.000000000000e+00
21.820000,-2.564406848306e-01,-4.304690657060e-02,2.600285772789e-01,5.955260313235e-01,0.000000000000e+00
21.830000,-2.565600847598e-01,-4.504064312237e-02,2.604836590361e-01,5.918963771206e-01,0.000000000000e+00
21.840000,-2.566680840449e-01,-4.702810556083e-02,2.609408900113e-01,5.881598419012e-01,0.000000000000e+00
21.850000,-2.567645573525e-01,-4.901100208976e-02,2.614002988488e-01,5.843233398041e-01,0.000000000000e+00
21.860000,-2.568494071518e-01,-5.099104030587e-02,2.618619944660e-01,5.803938668498e-01,0.000000000000e+00
21.870000,-2.569225642252e-01,-5.296992363075e-02,2.623261649503e-01,5.763784958871e-01,0.000000000000e+00
21.880000,-2.569839880031e-01,-5.494934787757e-02,2.627930762447e-01,5.722843677933e-01,0.000000000000e+00
21.890000,-2.570336667306e-01,-5.693099796952e-02,2.632630706400e-01,5.681186796448e-01,0.000000000000e+00
21.900000,-2.570716174736e-01,-5.891654482420e-02,2.637365650882e-01,5.638886706659e-01,0.000000000000e+00
21.910000,-2.570978859730e-01,-6.090764241577e-02,2.642140493548e-01,5.596016067521e-01,0.000000000000e+00
21.920000,-2.571125463569e-01,-6.290592502474e-02,2.646960840234e-01,5.552647642853e-01,0.000000000000e+00
21.930000,-2.571157007209e-01,-6.491300468301e-02,2.651832983696e-01,5.508854138322e-01,0.000000000000e+00
21.940000,-2.571074785905e-01,-6.693046881960e-02,2.656763881183e-01,5.464708041820e-01,0.000000000000e+00
21.950000,-2.570880362779e-01,-6.895987810984e-02,2.661761131021e-01,5.420281470570e-01,0.000000000000e+00
21.960000,-2.570575561492e-01,-7.100276452790e-02,2.666832948349e-01,5.375646027304e-01,0.000000000000e+00
21.970000,-2.570162458170e-01,-7.306062959939e-02,2.671988140156e-01,5.330872667168e-01,0.000000000000e+00
21.980000,-2.569643372761e-01,-7.513494284772e-02,2.677236079775e-01,5.286031576585e-01,0.000000000000e+00
21.990000,-2.569020859944e-01,-7.722714042482e-02,2.682586680919e-01,5.241192064952e-01,0.000000000000e+00
22.000000,-2.568297699772e-01,-7.933862391413e-02,2.688050371387e-01,5.196422469782e-01,0.000000000000e+00
22.010000,-2.567476888158e-01,-8.147075929181e-02,2.693638066478e-01,5.151790075453e-01,0.000000000000e+00
22.020000,-2.566561627316e-01,-8.362487603033e-02,2.699361142182e-01,5.107361045215e-01,0.000000000000e+00
22.030000,-2.565555316274e-01,-8.580226632769e-02,2.705231408134e-01,5.063200365464e-01,0.000000000000e+00
22.040000,-2.564461541506e-01,-8.800418444521e-02,2.711261080355e-01,5.019371800545e-01,0.000000000000e+00
22.050000,-2.563284067770e-01,-9.023184613673e-02,2.717462753711e-01,4.975937855738e-01,0.000000000000e+00
22.060000,-2.562026829173e-01,-9.248642815302e-02,2.723849374076e-01,4.932959745525e-01,0.000000000000e+00
22.070000,-2.560693920488e-01,-9.476906780622e-02,2.730434210105e-01,4.890497363928e-01,0.000000000000e+00
22.080000,-2.559289588740e-01,-9.708086258049e-02,2.737230824569e-01,4.848609253674e-01,0.000000000000e+00
22.090000,-2.557818225040e-01,-9.942286977712e-02,2.744253045151e-01,4.807352571096e-01,0.000000000000e+00
22.100000,-2.556284356662e-01,-1.017961061843e-01,2.751514934639e-01,4.766783044140e-01,0.000000000000e+00
22.110000,-2.554692639330e-01,-1.042015477634e-01,2.759030760444e-01,4.726954921397e-01,0.000000000000e+00
22.120000,-2.553047849685e-01,-1.066401293471e-01,2.766814963364e-01,4.687920910817e-01,0.000000000000e+00
22.130000,-2.551354877890e-01,-1.091127443443e-01,2.774882125563e-01,4.649732107465e-01,0.000000000000e+00
22.140000,-2.549618720346e-01,-1.116202444514e-01,2.783246937711e-01,4.612437910412e-01,0.000000000000e+00
22.150000,-2.547844472468e-01,-1.141634393690e-01,2.791924165293e-01,4.576085929514e-01,0.000000000000e+00
22.160000,-2.546037321503e-01,-1.167430965256e-01,2.800928614072e-01,4.540721883338e-01,0.000000000000e+00
22.170000,-2.544202539340e-01,-1.193599408101e-01,2.810275094756e-01,4.506389489949e-01,0.000000000000e+00
22.180000,-2.542345475304e-01,-1.220146543168e-01,2.819978386903e-01,4.473130352537e-01,0.000000000000e+00
22.190000,-2.540471548899e-01,-1.247078761055e-01,2.830053202157e-01,4.440983842014e-01,0.000000000000e+00
22.200000,-2.538586242502e-01,-1.274402019812e-01,2.840514146897e-01,4.409986978776e-01,0.000000000000e+00
22.210000,-2.536695093977e-01,-1.302121842974e-01,2.851375684430e-01,4.380174315743e-01,0.000000000000e+00
22.220000,-2.534803689231e-01,-1.330243317853e-01,2.862652096855e-01,4.351577824699e-01,0.000000000000e+00
22.230000,-2.532917654693e-01,-1.358771094142e-01,2.874357446758e-01,4.324226787727e-01,0.000000000000e+00
22.240000,-2.531042649747e-01,-1.387709382848e-01,2.886505538897e-01,4.298147695358e-01,0.000000000000e+00
22.250000,-2.529184359106e-01,-1.417061955588e-01,2.899109882071e-01,4.273364152794e-01,0.000000000000e+00
22.260000,-2.527348485165e-01,-1.446832144261e-01,2.912183651341e-01,4.249896795330e-01,0.000000000000e+00
22.270000,-2.525540740341e-01,-1.477022841125e-01,2.925739650811e-01,4.227763213885e-01,0.000000000000e+00
22.280000,-2.523766839426e-01,-1.507636499275e-01,2.939790277168e-01,4.206977891312e-01,0.000000000000e+00
22.290000,-2.522032491973e-01,-1.538675133543e-01,2.954347484158e-01,4.187552149980e-01,0.000000000000e+00
22.300000,-2.520343394752e-01,-1.570140321811e-01,2.969422748220e-01,4.169494110954e-01,0.000000000000e+00
22.310000,-2.518705224276e-01,-1.602033206744e-01,2.985027035440e-01,4.152808664915e-01,0.000000000000e+00
22.320000,-2.517123629459e-01,-1.634354497930e-01,3.001170770030e-01,4.137497454897e-01,0.000000000000e+00
22.330000,-2.515604224390e-01,-1.667104474421e-01,3.017863804482e-01,4.123558870757e-01,0.000000000000e+00
22.340000,-2.514152581288e-01,-1.700282987664e-01,3.035115391569e-01,4.110988055245e-01,0.000000000000e+00
22.350000,-2.512774223623e-01,-1.733889464810e-01,3.052934158327e-01,4.099776921486e-01,0.000000000000e+00
22.360000,-2.511474619456e-01,-1.767922912376e-01,3.071328082162e-01,4.089914181589e-01,0.000000000000e+00
22.370000,-2.510259174996e-01,-1.802381920258e-01,3.090304469162e-01,4.081385386127e-01,0.000000000000e+00
22.380000,-2.509133228398e-01,-1.837264666063e-01,3.109869934742e-01,4.074172974149e-01,0.000000000000e+00
22.390000,-2.508102043825e-01,-1.872568919753e-01,3.130030386668e-01,4.068256333390e-01,0.000000000000e+00
22.400000,-2.507170805775e-01,-1.908292048573e-01,3.150791010520e-01,4.063611870337e-01,0.000000000000e+00
22.410000,-2.506344613688e-01,-1.944431022248e-01,3.172156257634e-01,4.060213089788e-01,0.000000000000e+00
22.420000,-2.505628476852e-01,-1.980982418442e-01,3.194129835524e-01,4.058030683525e-01,0.000000000000e+00
22.430000,-2.505027309593e-01,-2.017942428435e-01,3.216714700792e-01,4.057032627740e-01,0.000000000000e+00
22.440000,-2.504545926777e-01,-2.055306863040e-01,3.239913054480e-01,4.057184288833e-01,0.000000000000e+00
22.450000,-2.504189039601e-01,-2.093071158702e-01,3.263726339853e-01,4.058448537178e-01,0.000000000000e+00
22.460000,-2.503961251704e-01,-2.131230383803e-01,3.288155242515e-01,4.060785868481e-01,0.000000000000e+00
22.470000,-2.503867055560e-01,-2.169779245132e-01,3.313199692824e-01,4.064154532326e-01,0.000000000000e+00
22.480000,-2.503910829179e-01,-2.208712094530e-01,3.338858870483e-01,4.068510667475e-01,0.000000000000e+00
22.490000,-2.504096833092e-01,-2.248022935678e-01,3.365131211236e-01,4.073808443523e-01,0.000000000000e+00
22.500000,-2.504429207623e-01,-2.287705431042e-01,3.392014415538e-01,4.080000208453e-01,0.000000000000e+00
22.510000,-2.504911970431e-01,-2.327752908951e-01,3.419505459089e-01,4.087036641649e-01,0.000000000000e+00
22.520000,-2.505549014316e-01,-2.368158370807e-01,3.447600605111e-01,4.094866911885e-01,0.000000000000e+00
22.530000,-2.506344105281e-01,-2.408914498428e-01,3.476295418231e-01,4.103438839828e-01,0.000000000000e+00
22.540000,-2.507300880824e-01,-2.450013661513e-01,3.505584779831e-01,4.112699064530e-01,0.000000000000e+00
22.550000,-2.508422848465e-01,-2.491447925231e-01,3.535462904746e-01,4.122593213402e-01,0.000000000000e+00
22.560000,-2.509713384477e-01,-2.533209057932e-01,3.565923359161e-01,4.133066075135e-01,0.000000000000e+00
22.570000,-2.511175732812e-01,-2.575288538990e-01,3.596959079572e-01,4.144061775008e-01,0.000000000000e+00
22.580000,-2.512813004210e-01,-2.617677566756e-01,3.628562392687e-01,4.155523952010e-01,0.000000000000e+00
22.590000,-2.514628175468e-01,-2.660367066655e-01,3.660725036137e-01,4.167395937196e-01,0.000000000000e+00
22.600000,-2.516624088853e-01,-2.703347699406e-01,3.693438179865e-01,4.179620932668e-01,0.000000000000e+00
22.610000,-2.518803451648e-01,-2.746609869385e-01,3.726692448088e-01,4.192142190571e-01,0.000000000000e+00
22.620000,-2.521168835805e-01,-2.790143733117e-01,3.760477941710e-01,4.204903191464e-01,0.000000000000e+00
22.630000,-2.523722677702e-01,-2.833939207934e-01,3.794784261089e-01,4.217847821454e-01,0.000000000000e+00
22.640000,-2.526467277962e-01,-2.877985980770e-01,3.829600529053e-01,4.230920547417e-01,0.000000000000e+00
22.650000,-2.529404801351e-01,-2.922273517129e-01,3.864915414082e-01,4.244066589688e-01,0.000000000000e+00
22.660000,-2.532537276711e-01,-2.966791070206e-01,3.900717153574e-01,4.257232091556e-01,0.000000000000e+00
22.670000,-2.535866596925e-01,-3.011527690197e-01,3.936993577112e-01,4.270364284912e-01,0.000000000000e+00
22.680000,-2.539394518895e-01,-3.056472233775e-01,3.973732129677e-01,4.283411651427e-01,0.000000000000e+00
22.690000,-2.543122663527e-01,-3.101613373764e-01,4.010919894744e-01,4.296324078604e-01,0.000000000000e+00
22.700000,-2.547052515694e-01,-3.146939608999e-01,4.048543617203e-01,4.309053010108e-01,0.000000000000e+00
22.710000,-2.551185424179e-01,-3.192439274390e-01,4.086589726069e-01,4.321551589741e-01,0.000000000000e+00
22.720000,-2.555522601579e-01,-3.238100551183e-01,4.125044356944e-01,4.333774798511e-01,0.000000000000e+00
22.730000,-2.560065124159e-01,-3.283911477437e-01,4.163893374184e-01,4.345679584198e-01,0.000000000000e+00
22.740000,-2.564813931649e-01,-3.329859958710e-01,4.203122392769e-01,4.357224982915e-01,0.000000000000e+00
22.750000,-2.569769826977e-01,-3.375933778961e-01,4.242716799831e-01,4.368372232145e-01,0.000000000000e+00
22.760000,-2.574933475921e-01,-3.422120611671e-01,4.282661775840e-01,4.379084874788e-01,0.000000000000e+00
22.770000,-2.580305406688e-01,-3.468408031176e-01,4.322942315427e-01,4.389328853791e-01,0.000000000000e+00
22.780000,-2.585886009404e-01,-3.514783524229e-01,4.363543247847e-01,4.399072596977e-01,0.000000000000e+00
22.790000,-2.591675535513e-01,-3.561234501768e-01,4.404449257054e-01,4.408287091724e-01,0.000000000000e+00
22.800000,-2.597674097088e-01,-3.607748310902e-01,4.445644901417e-01,4.416945949194e-01,0.000000000000e+00
22.810000,-2.603881666046e-01,-3.654312247107e-01,4.487114633049e-01,4.425025457881e-01,0.000000000000e+00
22.820000,-2.610298073269e-01,-3.700913566628e-01,4.528842816765e-01,4.432504626267e-01,0.000000000000e+00
22.830000,-2.616923007639e-01,-3.747539499068e-01,4.570813748665e-01,4.439365214453e-01,0.000000000000e+00
22.840000,-2.623756014970e-01,-3.794177260181e-01,4.613011674358e-01,4.445591754680e-01,0.000000000000e+00
22.850000,-2.630796496865e-01,-3.840814064823e-01,4.655420806808e-01,4.451171560706e-01,0.000000000000e+00
22.860000,-2.638043709488e-01,-3.887437140092e-01,4.698025343837e-01,4.456094726075e-01,0.000000000000e+00
22.870000,-2.645496762251e-01,-3.934033738601e-01,4.740809485260e-01,4.460354111351e-01,0.000000000000e+00
22.880000,-2.653154616441e-01,-3.980591151900e-01,4.783757449675e-01,4.463945320467e-01,0.000000000000e+00
22.890000,-2.661016083774e-01,-4.027096724022e-01,4.826853490912e-01,4.466866666384e-01,0.000000000000e+00
22.900000,-2.669079824901e-01,-4.073537865127e-01,4.870081914128e-01,4.469119126316e-01,0.000000000000e+00
22.910000,-2.677344347862e-01,-4.119902065233e-01,4.913427091567e-01,4.470706286819e-01,0.000000000000e+00
22.920000,-2.685808006503e-01,-4.166176908021e-01,4.956873477982e-01,4.471634279116e-01,0.000000000000e+00
22.930000,-2.694468998868e-01,-4.212350084665e-01,5.000405625711e-01,4.471911705060e-01,0.000000000000e+00
22.940000,-2.703325365572e-01,-4.258409407705e-01,5.044008199416e-01,4.471549554183e-01,0.000000000000e+00
22.950000,-2.712374988167e-01,-4.304342824894e-01,5.087665990477e-01,4.470561112349e-01,0.000000000000e+00
22.960000,-2.721615587517e-01,-4.350138433033e-01,5.131363931038e-01,4.468961862537e-01,0.000000000000e+00
22.970000,-2.731044722178e-01,-4.395784491735e-01,5.175087107703e-01,4.466769378340e-01,0.000000000000e+00
22.980000,-2.740659786821e-01,-4.441269437121e-01,5.218820774869e-01,4.464003210792e-01,0.000000000000e+00
22.990000,-2.750458010680e-01,-4.486581895390e-01,5.262550367698e-01,4.460684769160e-01,0.000000000000e+00
23.000000,-2.760436456051e-01,-4.531710696257e-01,5.306261514708e-01,4.456837196382e-01,0.000000000000e+00
23.010000,-2.770592016860e-01,-4.576644886220e-01,5.349940049986e-01,4.452485239822e-01,0.000000000000e+00
23.020000,-2.780921417290e-01,-4.621373741620e-01,5.393572025002e-01,4.447655118069e-01,0.000000000000e+00
23.030000,-2.791421210497e-01,-4.665886781484e-01,5.437143720010e-01,4.442374384475e-01,0.000000000000e+00
23.040000,-2.802087777410e-01,-4.710173780090e-01,5.480641655040e-01,4.436671788189e-01,0.000000000000e+00
23.050000,-2.812917325630e-01,-4.754224779252e-01,5.524052600446e-01,4.430577133392e-01,0.000000000000e+00
23.060000,-2.823905888445e-01,-4.798030100277e-01,5.567363587010e-01,4.424121137470e-01,0.000000000000e+00
23.070000,-2.835049323946e-01,-4.841580355565e-01,5.610561915584e-01,4.417335288864e-01,0.000000000000e+00
23.080000,-2.846343314270e-01,-4.884866459832e-01,5.653635166252e-01,4.410251705297e-01,0.000000000000e+00
23.090000,-2.857783364976e-01,-4.927879640909e-01,5.696571207000e-01,4.402902993080e-01,0.000000000000e+00
23.100000,-2.869364804540e-01,-4.970611450103e-01,5.739358201875e-01,4.395322108202e-01,0.000000000000e+00
23.110000,-2.881082783995e-01,-5.013053772080e-01,5.781984618623e-01,4.387542219846e-01,0.000000000000e+00
23.120000,-2.892932276703e-01,-5.055198834245e-01,5.824439235785e-01,4.379596576985e-01,0.000000000000e+00
23.130000,-2.904908078274e-01,-5.097039215597e-01,5.866711149235e-01,4.371518378668e-01,0.000000000000e+00
23.140000,-2.917004806615e-01,-5.138567855017e-01,5.908789778156e-01,4.363340648581e-01,0.000000000000e+00
23.150000,-2.929216902131e-01,-5.179778058985e-01,5.950664870422e-01,4.355096114431e-01,0.000000000000e+00
23.160000,-2.941538628055e-01,-5.220663508677e-01,5.992326507391e-01,4.346817092667e-01,0.000000000000e+00
23.170000,-2.953964070922e-01,-5.261218266445e-01,6.033765108079e-01,4.338535379012e-01,0.000000000000e+00
23.180000,-2.966487141170e-01,-5.301436781631e-01,6.074971432719e-01,4.330282145261e-01,0.000000000000e+00
23.190000,-2.979101573873e-01,-5.341313895717e-01,6.115936585678e-01,4.322087842710e-01,0.000000000000e+00
23.200000,-2.991800929602e-01,-5.380844846781e-01,6.156652017736e-01,4.313982112603e-01,0.000000000000e+00
23.210000,-3.004578595389e-01,-5.420025273243e-01,6.197109527713e-01,4.305993703883e-01,0.000000000000e+00
23.220000,-3.017427785819e-01,-5.458851216887e-01,6.237301263426e-01,4.298150398533e-01,0.000000000000e+00
23.230000,-3.030341544211e-01,-5.497319125143e-01,6.277219721997e-01,4.290478944711e-01,0.000000000000e+00
23.240000,-3.043312743898e-01,-5.535425852625e-01,6.316857749473e-01,4.283004997872e-01,0.000000000000e+00
23.250000,-3.056334089592e-01,-5.573168661905e-01,6.356208539785e-01,4.275753069998e-01,0.000000000000e+00
23.260000,-3.069398118826e-01,-5.610545223517e-01,6.395265633028e-01,4.268746487032e-01,0.000000000000e+00
23.270000,-3.082497203454e-01,-5.647553615199e-01,6.434022913065e-01,4.262007354557e-01,0.000000000000e+00
23.280000,-3.095623551213e-01,-5.684192320347e-01,6.472474604470e-01,4.255556531717e-01,0.000000000000e+00
23.290000,-3.108769207326e-01,-5.720460225697e-01,6.510615268790e-01,4.249413613343e-01,0.000000000000e+00
23.300000,-3.121926056142e-01,-5.756356618234e-01,6.548439800159e-01,4.243596920197e-01,0.000000000000e+00
23.310000,-3.135085822793e-01,-5.791881181322e-01,6.585943420258e-01,4.238123497207e-01,0.000000000000e+00
23.320000,-3.148240074868e-01,-5.827033990071e-01,6.623121672629e-01,4.233009119537e-01,0.000000000000e+00
23.330000,-3.161380224090e-01,-5.861815505940e-01,6.659970416372e-01,4.228268306283e-01,0.000000000000e+00
23.340000,-3.174497527985e-01,-5.896226570598e-01,6.696485819219e-01,4.223914341557e-01,0.000000000000e+00
23.350000,-3.187583091529e-01,-5.930268399039e-01,6.732664350021e-01,4.219959302693e-01,0.000000000000e+00
23.360000,-3.200627868780e-01,-5.963942571987e-01,6.768502770655e-01,4.216414095258e-01,0.000000000000e+00
23.370000,-3.213622664471e-01,-5.997251027585e-01,6.803998127386e-01,4.213288494550e-01,0.000000000000e+00
23.380000,-3.226558135564e-01,-6.030196052408e-01,6.839147741689e-01,4.210591193194e-01,0.000000000000e+00
23.390000,-3.239424792756e-01,-6.062780271811e-01,6.873949200582e-01,4.208329854460e-01,0.000000000000e+00
23.400000,-3.252213001945e-01,-6.095006639633e-01,6.908400346476e-01,4.206511170876e-01,0.000000000000e+00
23.410000,-3.264912985632e-01,-6.126878427300e-01,6.942499266595e-01,4.205140927702e-01,0.000000000000e+00
23.420000,-3.277514824275e-01,-6.158399212335e-01,6.976244281978e-01,4.204224070784e-01,0.000000000000e+00
23.430000,-3.290008457585e-01,-6.189572866319e-01,7.009633936124e-01,4.203764778334e-01,0.000000000000e+00
23.440000,-3.302383685772e-01,-6.220403542333e-01,7.042666983289e-01,4.203766536106e-01,0.000000000000e+00
23.450000,-3.314630170733e-01,-6.250895661912e-01,7.075342376510e-01,4.204232215472e-01,0.000000000000e+00
23.460000,-3.326737437212e-01,-6.281053901556e-01,7.107659255366e-01,4.205164153869e-01,0.000000000000e+00
23.470000,-3.338694873901e-01,-6.310883178824e-01,7.139616933546e-01,4.206564237065e-01,0.000000000000e+00
23.480000,-3.350491734530e-01,-6.340388638067e-01,7.171214886258e-01,4.208433982716e-01,0.000000000000e+00
23.490000,-3.362117138934e-01,-6.369575635822e-01,7.202452737532e-01,4.210774624642e-01,0.000000000000e+00
23.500000,-3.373560074117e-01,-6.398449725936e-01,7.233330247473e-01,4.213587197275e-01,0.000000000000e+00
23.510000,-3.384809395327e-01,-6.427016644435e-01,7.263847299506e-01,4.216872619707e-01,0.000000000000e+00
23.520000,-3.395853827174e-01,-6.455282294212e-01,7.294003887681e-01,4.220631778790e-01,0.000000000000e+00
23.530000,-3.406681964785e-01,-6.483252729562e-01,7.323800104083e-01,4.224865610707e-01,0.000000000000e+00
23.540000,-3.417282275051e-01,-6.510934140616e-01,7.353236126415e-01,4.229575180483e-01,0.000000000000e+00
23.550000,-3.427643097962e-01,-6.538332837734e-01,7.382312205806e-01,4.234761758852e-01,0.000000000000e+00
23.560000,-3.437752648085e-01,-6.565455235887e-01,7.411028654907e-01,4.240426895963e-01,0.000000000000e+00
23.570000,-3.447599016198e-01,-6.592307839095e-01,7.439385836337e-01,4.246572491377e-01,0.000000000000e+00
23.580000,-3.457170171114e-01,-6.618897224962e-01,7.467384151539e-01,4.253200859819e-01,0.000000000000e+00
23.590000,-3.466453961749e-01,-6.645230029359e-01,7.495024030116e-01,4.260314792201e-01,0.000000000000e+00
23.600000,-3.475438119442e-01,-6.671312931308e-01,7.522305919697e-01,4.267917611387e-01,0.000000000000e+00
23.610000,-3.484110260604e-01,-6.697152638116e-01,7.549230276410e-01,4.276013222238e-01,0.000000000000e+00
23.620000,-3.492457889697e-01,-6.722755870800e-01,7.575797556013e-01,4.284606155470e-01,0.000000000000e+00
23.630000,-3.500468402633e-01,-6.748129349873e-01,7.602008205760e-01,4.293701604870e-01,0.000000000000e+00
23.640000,-3.508129090600e-01,-6.773279781502e-01,7.627862657050e-01,4.303305457464e-01,0.000000000000e+00
23.650000,-3.515427144388e-01,-6.798213844128e-01,7.653361318924e-01,4.313424316220e-01,0.000000000000e+00
23.660000,-3.522349659260e-01,-6.822938175556e-01,7.678504572477e-01,4.324065514926e-01,0.000000000000e+00
23.670000,-3.528883640418e-01,-6.847459360575e-01,7.703292766236e-01,4.335237124877e-01,0.000000000000e+00
23.680000,-3.535016009117e-01,-6.871783919151e-01,7.727726212556e-01,4.346947953062e-01,0.000000000000e+00
23.690000,-3.540733609487e-01,-6.895918295224e-01,7.751805185101e-01,4.359207531547e-01,0.000000000000e+00
23.700000,-3.546023216110e-01,-6.919868846151e-01,7.775529917448e-01,4.372026097800e-01,0.000000000000e+00
23.710000,-3.550871542425e-01,-6.943641832825e-01,7.798900602864e-01,4.385414565719e-01,0.000000000000e+00
23.720000,-3.555265249993e-01,-6.967243410506e-01,7.821917395309e-01,4.399384487171e-01,0.000000000000e+00
23.730000,-3.559190958706e-01,-6.990679620391e-01,7.844580411691e-01,4.413948003878e-01,0.000000000000e+00
23.740000,-3.562635257977e-01,-7.013956381942e-01,7.866889735414e-01,4.429117789523e-01,0.000000000000e+00
23.750000,-3.565584718977e-01,-7.037079486005e-01,7.888845421262e-01,4.444906981990e-01,0.000000000000e+00
23.760000,-3.568025907973e-01,-7.060054588725e-01,7.910447501611e-01,4.461329105698e-01,0.000000000000e+00
23.770000,-3.569945400822e-01,-7.082887206279e-01,7.931695994031e-01,4.478397984007e-01,0.000000000000e+00
23.780000,-3.571329798667e-01,-7.105582710436e-01,7.952590910244e-01,4.496127641758e-01,0.000000000000e+00
23.790000,-3.572165744896e-01,-7.128146324946e-01,7.973132266485e-01,4.514532198017e-01,0.000000000000e+00
23.800000,-3.572439943404e-01,-7.150583122766e-01,7.993320095230e-01,4.533625749157e-01,0.000000000000e+00
23.810000,-3.572139178207e-01,-7.172898024102e-01,8.013154458304e-01,4.553422242475e-01,0.000000000000e+00
23.820000,-3.571250334441e-01,-7.195095795286e-01,8.032635461328e-01,4.573935340566e-01,0.000000000000e+00
23.830000,-3.569760420798e-01,-7.217181048449e-01,8.051763269495e-01,4.595178276755e-01,0.000000000000e+00
23.840000,-3.567656593412e-01,-7.239158241985e-01,8.070538124624e-01,4.617163701938e-01,0.000000000000e+00
23.850000,-3.564926181237e-01,-7.261031681781e-01,8.088960363452e-01,4.639903523236e-01,0.000000000000e+00
23.860000,-3.561556712931e-01,-7.282805523180e-01,8.107030437089e-01,4.663408734949e-01,0.000000000000e+00
23.870000,-3.557535945255e-01,-7.304483773646e-01,8.124748931582e-01,4.687689242343e-01,0.000000000000e+00
23.880000,-3.552851893004e-01,-7.326070296093e-01,8.142116589495e-01,4.712753678881e-01,0.000000000000e+00
23.890000,-3.547492860463e-01,-7.347568812833e-01,8.159134332413e-01,4.738609217595e-01,0.000000000000e+00
23.900000,-3.541447474370e-01,-7.368982910089e-01,8.175803284259e-01,4.765261377344e-01,0.000000000000e+00
23.910000,-3.534704718387e-01,-7.390316043022e-01,8.192124795310e-01,4.792713824818e-01,0.000000000000e+00
23.920000,-3.527253969022e-01,-7.411571541219e-01,8.208100466770e-01,4.820968173190e-01,0.000000000000e+00
23.930000,-3.519085032981e-01,-7.432752614563e-01,8.223732175761e-01,4.850023778442e-01,0.000000000000e+00
23.940000,-3.510188185895e-01,-7.453862359426e-01,8.239022100569e-01,4.879877534461e-01,0.000000000000e+00
23.950000,-3.500554212343e-01,-7.474903765113e-01,8.253972745972e-01,4.910523668077e-01,0.000000000000e+00
23.960000,-3.490174447116e-01,-7.495879720472e-01,8.268586968466e-01,4.941953535338e-01,0.000000000000e+00
23.970000,-3.479040817604e-01,-7.516793020600e-01,8.282868001187e-01,4.974155420400e-01,0.000000000000e+00
23.980000,-3.467145887225e-01,-7.537646373544e-01,8.296819478325e-01,5.007114338471e-01,0.000000000000e+00
23.990000,-3.454482899757e-01,-7.558442406934e-01,8.310445458798e-01,5.040811844413e-01,0.000000000000e+00
24.000000,-3.441045824444e-01,-7.579183674432e-01,8.323750448968e-01,5.075225848615e-01,0.000000000000e+00
24.010000,-3.426829401723e-01,-7.599872661931e-01,8.336739424144e-01,5.110330441910e-01,0.000000000000e+00
24.020000,-3.411829189406e-01,-7.620511793396e-01,8.349417848627e-01,5.146095731360e-01,0.000000000000e+00
24.030000,-3.396041609117e-01,-7.641103436258e-01,8.361791694036e-01,5.182487688817e-01,0.000000000000e+00
24.040000,-3.379463992806e-01,-7.661649906280e-01,8.373867455667e-01,5.219468014249e-01,0.000000000000e+00
24.050000,-3.362094629095e-01,-7.682153471791e-01,8.385652166596e-01,5.256994015897e-01,0.000000000000e+00
24.060000,-3.343932809237e-01,-7.702616357205e-01,8.397153409280e-01,5.295018509349e-01,0.000000000000e+00
24.070000,-3.324978872429e-01,-7.723040745752e-01,8.408379324379e-01,5.333489737702e-01,0.000000000000e+00
24.080000,-3.305234250206e-01,-7.743428781319e-01,8.419338616548e-01,5.372351314971e-01,0.000000000000e+00
24.090000,-3.284701509635e-01,-7.763782569349e-01,8.430040556933e-01,5.411542194940e-01,0.000000000000e+00
24.100000,-3.263384395012e-01,-7.784104176712e-01,8.440494982139e-01,5.450996667611e-01,0.000000000000e+00
24.110000,-3.241287867739e-01,-7.804395630501e-01,8.450712289442e-01,5.490644385399e-01,0.000000000000e+00
24.120000,-3.218418144058e-01,-7.824658915692e-01,8.460703428021e-01,5.530410421124e-01,0.000000000000e+00
24.130000,-3.194782730318e-01,-7.844895971632e-01,8.470479886032e-01,5.570215359789e-01,0.000000000000e+00
24.140000,-3.170390455396e-01,-7.865108687321e-01,8.480053673358e-01,5.609975425986e-01,0.000000000000e+00
24.150000,-3.145251499958e-01,-7.885298895469e-01,8.489437299897e-01,5.649602648615e-01,0.000000000000e+00
24.160000,-3.119377422170e-01,-7.905468365335e-01,8.498643749285e-01,5.689005064423e-01,0.000000000000e+00
24.170000,-3.092781179513e-01,-7.925618794338e-01,8.507686448002e-01,5.728086961596e-01,0.000000000000e+00
24.180000,-3.065477146341e-01,-7.945751798483e-01,8.516579229822e-01,5.766749164397e-01,0.000000000000e+00
24.190000,-3.037481126828e-01,-7.965868901643e-01,8.525336295654e-01,5.804889359501e-01,0.000000000000e+00
24.200000,-3.008810362950e-01,-7.985971523742e-01,8.533972168821e-01,5.842402464314e-01,0.000000000000e+00
24.210000,-2.979483537179e-01,-8.006060967936e-01,8.542501645925e-01,5.879181037166e-01,0.000000000000e+00
24.220000,-2.949520769558e-01,-8.026138406882e-01,8.550939743472e-01,5.915115728811e-01,0.000000000000e+00
24.230000,-2.918943608875e-01,-8.046204868200e-01,8.559301640486e-01,5.950095774181e-01,0.000000000000e+00
24.240000,-2.887775017645e-01,-8.066261219280e-01,8.567602617430e-01,5.984009522809e-01,0.000000000000e+00
24.250000,-2.856039350672e-01,-8.086308151575e-01,8.575857991759e-01,6.016745005775e-01,0.000000000000e+00
24.260000,-2.823762326982e-01,-8.106346164558e-01,8.584083050561e-01,6.048190536439e-01,0.000000000000e+00
24.270000,-2.790970994950e-01,-8.126375549526e-01,8.592292980723e-01,6.078235341609e-01,0.000000000000e+00
24.280000,-2.757693690514e-01,-8.146396373455e-01,8.600502797171e-01,6.106770219153e-01,0.000000000000e+00
24.290000,-2.723959988393e-01,-8.166408463142e-01,8.608727269768e-01,6.133688217452e-01,0.000000000000e+00
24.300000,-2.689800646296e-01,-8.186411389834e-01,8.616980849487e-01,6.158885331412e-01,0.000000000000e+00
24.310000,-2.655247542164e-01,-8.206404454621e-01,8.625277594547e-01,6.182261209187e-01,0.000000000000e+00
24.320000,-2.620333604550e-01,-8.226386674815e-01,8.633631097210e-01,6.203719863123e-01,0.000000000000e+00
24.330000,-2.585092736302e-01,-8.246356771579e-01,8.642054411970e-01,6.223170377919e-01,0.000000000000e+00
24.340000,-2.549559731803e-01,-8.266313159064e-01,8.650559985905e-01,6.240527608481e-01,0.000000000000e+00
24.350000,-2.513770188066e-01,-8.286253935290e-01,8.659159591931e-01,6.255712859525e-01,0.000000000000e+00
24.360000,-2.477760410079e-01,-8.306176875027e-01,8.667864265722e-01,6.268654538652e-01,0.000000000000e+00
24.370000,-2.441567310858e-01,-8.326079424883e-01,8.676684247045e-01,6.279288774378e-01,0.000000000000e+00
24.380000,-2.405228306730e-01,-8.345958700838e-01,8.685628926197e-01,6.287559990464e-01,0.000000000000e+00
24.390000,-2.368781208466e-01,-8.365811488377e-01,8.694706796243e-01,6.293421427935e-01,0.000000000000e+00
24.400000,-2.332264108916e-01,-8.385634245401e-01,8.703925411639e-01,6.296835606305e-01,0.000000000000e+00
24.410000,-2.295715267889e-01,-8.405423108031e-01,8.713291353802e-01,6.297774715854e-01,0.000000000000e+00
24.420000,-2.259172995071e-01,-8.425173899386e-01,8.722810204089e-01,6.296220933305e-01,0.000000000000e+00
24.430000,-2.222675531811e-01,-8.444882141373e-01,8.732486524547e-01,6.292166653857e-01,0.000000000000e+00
24.440000,-2.186260932664e-01,-8.464543069476e-01,8.742323846707e-01,6.285614633443e-01,0.000000000000e+00
24.450000,-2.149966947610e-01,-8.484151650480e-01,8.752324668576e-01,6.276578036044e-01,0.000000000000e+00
24.460000,-2.113830905862e-01,-8.503702603011e-01,8.762490459854e-01,6.265080382106e-01,0.000000000000e+00
24.470000,-2.077889602222e-01,-8.523190420695e-01,8.772821675291e-01,6.251155395500e-01,0.000000000000e+00
24.480000,-2.042179186908e-01,-8.542609397711e-01,8.783317775949e-01,6.234846747940e-01,0.000000000000e+00
24.490000,-2.006735059750e-01,-8.561953656422e-01,8.793977258030e-01,6.216207701473e-01,0.000000000000e+00
24.500000,-1.971591769658e-01,-8.581217176721e-01,8.804797688774e-01,6.195300651386e-01,0.000000000000e+00
24.510000,-1.936782920142e-01,-8.600393826680e-01,8.815775748835e-01,6.172196573771e-01,0.000000000000e+00
24.520000,-1.902341081663e-01,-8.619477394013e-01,8.826907280406e-01,6.146974383822e-01,0.000000000000e+00
24.530000,-1.868297711468e-01,-8.638461617856e-01,8.838187340278e-01,6.119720212889e-01,0.000000000000e+00
24.540000,-1.834683081472e-01,-8.657340220281e-01,8.849610256906e-01,6.090526614115e-01,0.000000000000e+00
24.550000,-1.801526214642e-01,-8.676106936994e-01,8.861169690521e-01,6.059491708278e-01,0.000000000000e+00
24.560000,-1.768854830215e-01,-8.694755546579e-01,8.872858695209e-01,6.026718283023e-01,0.000000000000e+00
24.570000,-1.736695297933e-01,-8.713279897719e-01,8.884669781925e-01,5.992312860110e-01,0.000000000000e+00
24.580000,-1.705072601348e-01,-8.731673933784e-01,8.896594981328e-01,5.956384746378e-01,0.000000000000e+00
24.590000,-1.674010310106e-01,-8.749931714233e-01,8.908625905385e-01,5.919045085019e-01,0.000000000000e+00
24.600000,-1.643530560957e-01,-8.768047432308e-01,8.920753806714e-01,5.880405924122e-01,0.000000000000e+00
24.610000,-1.613654047113e-01,-8.786015428562e-01,8.932969634712e-01,5.840579319547e-01,0.000000000000e+00
24.620000,-1.584400015424e-01,-8.803830199845e-01,8.945264087582e-01,5.799676488740e-01,0.000000000000e+00
24.630000,-1.555786270718e-01,-8.821486403463e-01,8.957627659522e-01,5.757807031210e-01,0.000000000000e+00
24.640000,-1.527829186548e-01,-8.838978856317e-01,8.970050682448e-01,5.715078230034e-01,0.000000000000e+00
24.650000,-1.500543721493e-01,-8.856302528973e-01,8.982523361774e-01,5.671594446886e-01,0.000000000000e+00
24.660000,-1.473943440074e-01,-8.873452534727e-01,8.995035805965e-01,5.627456620781e-01,0.000000000000e+00
24.670000,-1.448040537333e-01,-8.890424113846e-01,9.007578049721e-01,5.582761878011e-01,0.000000000000e+00
24.680000,-1.422845866074e-01,-8.907212613344e-01,9.020140070860e-01,5.537603257686e-01,0.000000000000e+00
24.690000,-1.398368965808e-01,-8.923813462726e-01,9.032711801118e-01,5.492069553971e-01,0.000000000000e+00
24.700000,-1.374618092444e-01,-8.940222146305e-01,9.045283131299e-01,5.446245272634e-01,0.000000000000e+00
24.710000,-1.351600247906e-01,-8.956434172785e-01,9.057843911305e-01,5.400210696013e-01,0.000000000000e+00
24.720000,-1.329321208868e-01,-8.972445042888e-01,9.070383945787e-01,5.354042047141e-01,0.000000000000e+00
24.730000,-1.307785554013e-01,-8.988250215899e-01,9.082892986207e-01,5.307811740569e-01,0.000000000000e+00
24.740000,-1.286996689292e-01,-9.003845076023e-01,9.095360720239e-01,5.261588704742e-01,0.000000000000e+00
24.750000,-1.266956870864e-01,-9.019224899489e-01,9.107776759462e-01,5.215438758506e-01,0.000000000000e+00
24.760000,-1.247667225533e-01,-9.034384823300e-01,9.120130626320e-01,5.169425022829e-01,0.000000000000e+00
24.770000,-1.229127768701e-01,-9.049319816501e-01,9.132411741326e-01,5.123608347959e-01,0.000000000000e+00
24.780000,-1.211337419976e-01,-9.064024654753e-01,9.144609411397e-01,5.078047736326e-01,0.000000000000e+00
24.790000,-1.194294016757e-01,-9.078493898908e-01,9.156712820165e-01,5.032800742352e-01,0.000000000000e+00
24.800000,-1.177994326245e-01,-9.092721878136e-01,9.168711020956e-01,4.987923832038e-01,0.000000000000e+00
24.810000,-1.162434056397e-01,-9.106702678039e-01,9.180592933012e-01,4.943472687726e-01,0.000000000000e+00
24.820000,-1.147607866476e-01,-9.120430133989e-01,9.192347341358e-01,4.899502446532e-01,0.000000000000e+00
24.830000,-1.133509377823e-01,-9.133897829808e-01,9.203962900566e-01,4.856067864605e-01,0.000000000000e+00
24.840000,-1.120131185540e-01,-9.147099101711e-01,9.215428142487e-01,4.813223403290e-01,0.000000000000e+00
24.850000,-1.107464871700e-01,-9.160027047289e-01,9.226731487863e-01,4.771023237265e-01,0.000000000000e+00
24.860000,-1.095501020675e-01,-9.172674539192e-01,9.237861261583e-01,4.729521188570e-01,0.000000000000e+00
24.870000,-1.084229237059e-01,-9.185034243029e-01,9.248805711231e-01,4.688770593880e-01,0.000000000000e+00
24.880000,-1.073638166576e-01,-9.197098638923e-01,9.259553028457e-01,4.648824115238e-01,0.000000000000e+00
24.890000,-1.063715520231e-01,-9.208860046122e-01,9.270091372637e-01,4.609733506540e-01,0.000000000000e+00
24.900000,-1.054448101831e-01,-9.220310649993e-01,9.280408896262e-01,4.571549349334e-01,0.000000000000e+00
24.910000,-1.045821838897e-01,-9.231442530763e-01,9.290493771458e-01,4.534320771801e-01,0.000000000000e+00
24.920000,-1.037821816851e-01,-9.242247693389e-01,9.300334217086e-01,4.498095164283e-01,0.000000000000e+00
24.930000,-1.030432316252e-01,-9.252718097959e-01,9.309918525888e-01,4.462917903431e-01,0.000000000000e+00
24.940000,-1.023636852821e-01,-9.262845690123e-01,9.319235091223e-01,4.428832095119e-01,0.000000000000e+00
24.950000,-1.017418219849e-01,-9.272622431117e-01,9.328272432993e-01,4.395878343994e-01,0.000000000000e+00
24.960000,-1.011758532636e-01,-9.282040326996e-01,9.337019222447e-01,4.364094554983e-01,0.000000000000e+00
24.970000,-1.006639274505e-01,-9.291091456808e-01,9.345464305627e-01,4.333515769597e-01,0.000000000000e+00
24.980000,-1.002041343999e-01,-9.299767999492e-01,9.353596725296e-01,4.304174037588e-01,0.000000000000e+00
24.990000,-9.979451028555e-02,-9.308062259354e-01,9.361405741251e-01,4.276098322606e-01,0.000000000000e+00
25.000000,-9.943304243757e-02,-9.315966690032e-01,9.368880848993e-01,4.249314439008e-01,0.000000000000e+00
25.010000,-9.911767418779e-02,-9.323473916910e-01,9.376011796757e-01,4.223845016091e-01,0.000000000000e+00
25.020000,-9.884630969284e-02,-9.330576757971e-01,9.382788600964e-01,4.199709485493e-01,0.000000000000e+00
25.030000,-9.861681871136e-02,-9.337268243118e-01,9.389201560155e-01,4.176924087534e-01,0.000000000000e+00
25.040000,-9.842704131517e-02,-9.343541631990e-01,9.395241267521e-01,4.155501892555e-01,0.000000000000e+00
25.050000,-9.827479251832e-02,-9.349390430342e-01,9.400898622122e-01,4.135452833783e-01,0.000000000000e+00
25.060000,-9.815786681209e-02,-9.354808405039e-01,9.406164838907e-01,4.116783748865e-01,0.000000000000e+00
25.070000,-9.807404259713e-02,-9.359789597744e-01,9.411031457666e-01,4.099498427706e-01,0.000000000000e+00
25.080000,-9.802108650730e-02,-9.364328337360e-01,9.415490351006e-01,4.083597664702e-01,0.000000000000e+00
25.090000,-9.799675762233e-02,-9.368419251304e-01,9.419533731489e-01,4.069079313772e-01,0.000000000000e+00
25.100000,-9.799881156918e-02,-9.372057275685e-01,9.423154158010e-01,4.055938344799e-01,0.000000000000e+00
25.110000,-9.802500451365e-02,-9.375237664439e-01,9.426344541533e-01,4.044166900327e-01,0.000000000000e+00
25.120000,-9.807309704580e-02,-9.377955997483e-01,9.429098150255e-01,4.033754351591e-01,0.000000000000e+00
25.130000,-9.814085796344e-02,-9.380208187932e-01,9.431408614259e-01,4.024687353286e-01,0.000000000000e+00
25.140000,-9.822606795842e-02,-9.381990488391e-01,9.433269929718e-01,4.016949896950e-01,0.000000000000e+00
25.150000,-9.832652321039e-02,-9.383299496363e-01,9.434676462662e-01,4.010523363290e-01,0.000000000000e+00
25.160000,-9.844003889142e-02,-9.384132158748e-01,9.435622952330e-01,4.005386574266e-01,0.000000000000e+00
25.170000,-9.856445258410e-02,-9.384485775445e-01,9.436104514091e-01,4.001515846124e-01,0.000000000000e+00
25.180000,-9.869762761358e-02,-9.384358002038e-01,9.436116641928e-01,3.998885044798e-01,0.000000000000e+00
25.190000,-9.883745629279e-02,-9.383746851546e-01,9.435655210453e-01,3.997465645165e-01,0.000000000000e+00
25.200000,-9.898186307807e-02,-9.382650695231e-01,9.434716476426e-01,3.997226795538e-01,0.000000000000e+00
25.210000,-9.912880763123e-02,-9.381068262442e-01,9.433297079751e-01,3.998135388582e-01,0.000000000000e+00
25.220000,-9.927628778257e-02,-9.378998639508e-01,9.431394043909e-01,4.000156139537e-01,0.000000000000e+00
25.230000,-9.942234238864e-02,-9.376441267650e-01,9.429004775812e-01,4.003251672342e-01,0.000000000000e+00
25.240000,-9.956505407765e-02,-9.373395939955e-01,9.426127065053e-01,4.007382613966e-01,0.000000000000e+00
25.250000,-9.970255187503e-02,-9.369862797397e-01,9.422759082513e-01,4.012507696976e-01,0.000000000000e+00
25.260000,-9.983301370132e-02,-9.365842323932e-01,9.418899378336e-01,4.018583870186e-01,0.000000000000e+00
25.270000,-9.995466873464e-02,-9.361335340701e-01,9.414546879231e-01,4.025566417065e-01,0.000000000000e+00
25.280000,-1.000657996298e-01,-9.356342999357e-01,9.409700885107e-01,4.033409081441e-01,0.000000000000e+00
25.290000,-1.001647445866e-01,-9.350866774560e-01,9.404361065026e-01,4.042064199983e-01,0.000000000000e+00
25.300000,-1.002498992599e-01,-9.344908455670e-01,9.398527452480e-01,4.051482840851e-01,0.000000000000e+00
25.310000,-1.003197185053e-01,-9.338470137696e-01,9.392200439979e-01,4.061614947899e-01,0.000000000000e+00
25.320000,-1.003727179524e-01,-9.331554211534e-01,9.385380772975e-01,4.072409489752e-01,0.000000000000e+00
25.330000,-1.004074754033e-01,-9.324163353552e-01,9.378069543110e-01,4.083814613098e-01,0.000000000000e+00
25.340000,-1.004226320470e-01,-9.316300514574e-01,9.370268180825e-01,4.095777799509e-01,0.000000000000e+00
25.350000,-1.004168934897e-01,-9.307968908333e-01,9.361978447332e-01,4.108246025107e-01,0.000000000000e+00
25.360000,-1.003890305951e-01,-9.299171999427e-01,9.353202425978e-01,4.121165922393e-01,0.000000000000e+00
25.370000,-1.003378801327e-01,-9.289913490874e-01,9.343942513033e-01,4.134483943563e-01,0.000000000000e+00
25.380000,-1.002623452329e-01,-9.280197311301e-01,9.334201407931e-01,4.148146524617e-01,0.000000000000e+00
25.390000,-1.001613956477e-01,-9.270027601857e-01,9.323982102996e-01,4.162100249610e-01,0.000000000000e+00
25.400000,-1.000340678176e-01,-9.259408702901e-01,9.313287872700e-01,4.176292014356e-01,0.000000000000e+00
25.410000,-9.987946474506e-02,-9.248345140541e-01,9.302122262492e-01,4.190669188921e-01,0.000000000000e+00
25.420000,-9.969675567729e-02,-9.236841613085e-01,9.290489077249e-01,4.205179778247e-01,0.000000000000e+00
25.430000,-9.948517560050e-02,-9.224902977482e-01,9.278392369392e-01,4.219772580251e-01,0.000000000000e+00
25.440000,-9.924402454985e-02,-9.212534235805e-01,9.265836426722e-01,4.234397340730e-01,0.000000000000e+00
25.450000,-9.897266673947e-02,-9.199740521853e-01,9.252825760035e-01,4.249004904447e-01,0.000000000000e+00
25.460000,-9.867052951776e-02,-9.186527087922e-01,9.239365090560e-01,4.263547361750e-01,0.000000000000e+00
25.470000,-9.833710215454e-02,-9.172899291822e-01,9.225459337287e-01,4.277978190101e-01,0.000000000000e+00
25.480000,-9.797193446648e-02,-9.158862584179e-01,9.211113604238e-01,4.292252389908e-01,0.000000000000e+00
25.490000,-9.757463528886e-02,-9.144422496088e-01,9.196333167743e-01,4.306326614074e-01,0.000000000000e+00
25.500000,-9.714487080162e-02,-9.129584627167e-01,9.181123463766e-01,4.320159290679e-01,0.000000000000e+00
25.510000,-9.668236271877e-02,-9.114354634057e-01,9.165490075356e-01,4.333710738263e-01,0.000000000000e+00
25.520000,-9.618688635056e-02,-9.098738219410e-01,9.149438720267e-01,4.346943273197e-01,0.000000000000e+00
25.530000,-9.565826854835e-02,-9.082741121409e-01,9.132975238809e-01,4.359821308643e-01,0.000000000000e+00
25.540000,-9.509638554276e-02,-9.066369103856e-01,9.116105581974e-01,4.372311444682e-01,0.000000000000e+00
25.550000,-9.450116068569e-02,-9.049627946850e-01,9.098835799898e-01,4.384382549179e-01,0.000000000000e+00
25.560000,-9.387256210775e-02,-9.032523438088e-01,9.081172030706e-01,4.396005829044e-01,0.000000000000e+00
25.570000,-9.321060030223e-02,-9.015061364817e-01,9.063120489781e-01,4.407154891569e-01,0.000000000000e+00
25.580000,-9.251532564763e-02,-8.997247506437e-01,9.044687459501e-01,4.417805795564e-01,0.000000000000e+00
25.590000,-9.178682588051e-02,-8.979087627784e-01,9.025879279491e-01,4.427937092107e-01,0.000000000000e+00
25.600000,-9.102522353066e-02,-8.960587473086e-01,9.006702337410e-01,4.437529854713e-01,0.000000000000e+00
25.610000,-9.023067333081e-02,-8.941752760613e-01,8.987163060326e-01,4.446567698864e-01,0.000000000000e+00
25.620000,-8.940335961271e-02,-8.922589177992e-01,8.967267906683e-01,4.455036790810e-01,0.000000000000e+00
25.630000,-8.854349370190e-02,-8.903102378213e-01,8.947023358897e-01,4.462925845699e-01,0.000000000000e+00
25.640000,-8.765131132266e-02,-8.883297976288e-01,8.926435916601e-01,4.470226115076e-01,0.000000000000e+00
25.650000,-8.672707002525e-02,-8.863181546558e-01,8.905512090540e-01,4.476931363897e-01,0.000000000000e+00
25.660000,-8.577104664654e-02,-8.842758620631e-01,8.884258397133e-01,4.483037837256e-01,0.000000000000e+00
25.670000,-8.478353481538e-02,-8.822034685927e-01,8.862681353703e-01,4.488544217050e-01,0.000000000000e+00
25.680000,-8.376484251344e-02,-8.801015184792e-01,8.840787474375e-01,4.493451568911e-01,0.000000000000e+00
25.690000,-8.271528970195e-02,-8.779705514163e-01,8.818583266629e-01,4.497763279742e-01,0.000000000000e+00
25.700000,-8.163520602415e-02,-8.758111025741e-01,8.796075228502e-01,4.501484986284e-01,0.000000000000e+00
25.710000,-8.052492859312e-02,-8.736237026641e-01,8.773269846422e-01,4.504624495156e-01,0.000000000000e+00
25.720000,-7.938479987357e-02,-8.714088780464e-01,8.750173593644e-01,4.507191694889e-01,0.000000000000e+00
25.730000,-7.821516566614e-02,-8.691671508771e-01,8.726792929273e-01,4.509198460491e-01,0.000000000000e+00
25.740000,-7.701637320167e-02,-8.668990392888e-01,8.703134297832e-01,4.510658551137e-01,0.000000000000e+00
25.750000,-7.578876935255e-02,-8.646050576010e-01,8.679204129349e-01,4.511587501605e-01,0.000000000000e+00
25.760000,-7.453269896745e-02,-8.622857165550e-01,8.655008839915e-01,4.512002508114e-01,0.000000000000e+00
25.770000,-7.324850333487e-02,-8.599415235684e-01,8.630554832674e-01,4.511922309245e-01,0.000000000000e+00
25.780000,-7.193651878054e-02,-8.575729830034e-01,8.605848499199e-01,4.511367062646e-01,0.000000000000e+00
25.790000,-7.059707540256e-02,-8.551805964443e-01,8.580896221201e-01,4.510358218254e-01,0.000000000000e+00
25.800000,-6.923049594772e-02,-8.527648629786e-01,8.555704372523e-01,4.508918388754e-01,0.000000000000e+00
25.810000,-6.783709483134e-02,-8.503262794767e-01,8.530279321358e-01,4.507071218031e-01,0.000000000000e+00
25.820000,-6.641717730253e-02,-8.478653408644e-01,8.504627432639e-01,4.504841248358e-01,0.000000000000e+00
25.830000,-6.497103875570e-02,-8.453825403834e-01,8.478755070540e-01,4.502253787063e-01,0.000000000000e+00
25.840000,-6.349896418843e-02,-8.428783698346e-01,8.452668601028e-01,4.499334773421e-01,0.000000000000e+00
25.850000,-6.200122780512e-02,-8.403533198002e-01,8.426374394415e-01,4.496110646498e-01,0.000000000000e+00
25.860000,-6.047809276505e-02,-8.378078798373e-01,8.399878827828e-01,4.492608214666e-01,0.000000000000e+00
25.870000,-5.892981107261e-02,-8.352425386421e-01,8.373188287566e-01,4.488854527472e-01,0.000000000000e+00
25.880000,-5.735662360689e-02,-8.326577841772e-01,8.346309171259e-01,4.484876750557e-01,0.000000000000e+00
25.890000,-5.575876028707e-02,-8.300541037598e-01,8.319247889786e-01,4.480702044243e-01,0.000000000000e+00
25.900000,-5.413644036929e-02,-8.274319841064e-01,8.292010868892e-01,4.476357446432e-01,0.000000000000e+00
25.910000,-5.248987287024e-02,-8.247919113316e-01,8.264604550443e-01,4.471869760372e-01,0.000000000000e+00
25.920000,-5.081925711183e-02,-8.221343708958e-01,8.237035393281e-01,4.467265447854e-01,0.000000000000e+00
25.930000,-4.912478338101e-02,-8.194598475020e-01,8.209309873615e-01,4.462570528329e-01,0.000000000000e+00
25.940000,-4.740663369812e-02,-8.167688249372e-01,8.181434484905e-01,4.457810484417e-01,0.000000000000e+00
25.950000,-4.566498268668e-02,-8.140617858580e-01,8.153415737212e-01,4.453010174228e-01,0.000000000000e+00
25.960000,-4.389999853718e-02,-8.113392115182e-01,8.125260155950e-01,4.448193750847e-01,0.000000000000e+00
25.970000,-4.211184405698e-02,-8.086015814380e-01,8.096974280025e-01,4.443384589333e-01,0.000000000000e+00
25.980000,-4.030067779803e-02,-8.058493730138e-01,8.068564659329e-01,4.438605221484e-01,0.000000000000e+00
25.990000,-3.846665525404e-02,-8.030830610698e-01,8.040037851551e-01,4.433877278600e-01,0.000000000000e+00
26.000000,-3.660993011820e-02,-8.003031173500e-01,8.011400418300e-01,4.429221442426e-01,0.000000000000e+00
26.010000,-3.473065559270e-02,-7.975100099536e-01,7.982658920524e-01,4.424657404375e-01,0.000000000000e+00
26.020000,-3.282898574075e-02,-7.947042027142e-01,7.953819913201e-01,4.420203833135e-01,0.000000000000e+00
26.030000,-3.090507687225e-02,-7.918861545242e-01,7.924889939322e-01,4.415878350644e-01,0.000000000000e+00
26.040000,-2.895908895368e-02,-7.890563186088e-01,7.895875523141e-01,4.411697516436e-01,0.000000000000e+00
26.050000,-2.699118703322e-02,-7.862151417498e-01,7.866783162730e-01,4.407676820258e-01,0.000000000000e+00
26.060000,-2.500154267193e-02,-7.833630634655e-01,7.837619321822e-01,4.403830682848e-01,0.000000000000e+00
26.070000,-2.299033537215e-02,-7.805005151475e-01,7.808390420990e-01,4.400172464681e-01,0.000000000000e+00
26.080000,-2.095775399417e-02,-7.776279191613e-01,7.779102828165e-01,4.396714482487e-01,0.000000000000e+00
26.090000,-1.890399815277e-02,-7.747456879132e-01,7.749762848541e-01,4.393468033256e-01,0.000000000000e+00
26.100000,-1.682927958517e-02,-7.718542228898e-01,7.720376713893e-01,4.390443425446e-01,0.000000000000e+00
26.110000,-1.473382348254e-02,-7.689539136751e-01,7.690950571358e-01,4.387650017033e-01,0.000000000000e+00
26.120000,-1.261786977717e-02,-7.660451369504e-01,7.661490471723e-01,4.385096260037e-01,0.000000000000e+00
26.130000,-1.048167437831e-02,-7.631282554835e-01,7.632002357279e-01,4.382789751088e-01,0.000000000000e+00
26.140000,-8.325510349495e-03,-7.602036171137e-01,7.602492049291e-01,4.380737287608e-01,0.000000000000e+00
26.150000,-6.149669021163e-03,-7.572715537381e-01,7.572965235163e-01,4.378944929108e-01,0.000000000000e+00
26.160000,-3.954461032430e-03,-7.543323803063e-01,7.543427455346e-01,4.377418063108e-01,0.000000000000e+00
26.170000,-1.740217296685e-03,-7.513863938315e-01,7.513884090078e-01,4.376161475140e-01,0.000000000000e+00
26.180000,4.927101140264e-04,-7.484338724223e-01,7.484340346031e-01,4.375179422291e-01,0.000000000000e+00
26.190000,2.743947170182e-03,-7.454750743454e-01,7.454801242933e-01,4.374475709714e-01,0.000000000000e+00
26.200000,5.013097175401e-03,-7.425102371233e-01,7.425271600259e-01,4.374053769510e-01,0.000000000000e+00
26.210000,7.299740149773e-03,-7.395395766767e-01,7.395756024082e-01,4.373916741404e-01,0.000000000000e+00
26.220000,9.603432308594e-03,-7.365632865162e-01,7.366258894145e-01,4.374067554594e-01,0.000000000000e+00
26.230000,1.192370563865e-02,-7.335815369925e-01,7.336784351284e-01,4.374509010157e-01,0.000000000000e+00
26.240000,1.426006757357e-02,-7.305944746101e-01,7.307336285254e-01,4.375243863407e-01,0.000000000000e+00
26.250000,1.661200076920e-02,-7.276022214119e-01,7.277918323072e-01,4.376274905585e-01,0.000000000000e+00
26.260000,1.897896297942e-02,-7.246048744421e-01,7.248533817960e-01,4.377605044262e-01,0.000000000000e+00
26.270000,2.136038703215e-02,-7.216025052912e-01,7.219185838976e-01,4.379237381855e-01,0.000000000000e+00
26.280000,2.375568090485e-02,-7.185951597314e-01,7.189877161431e-01,4.381175291656e-01,0.000000000000e+00
26.290000,2.616422789816e-02,-7.155828574470e-01,7.160610258166e-01,4.383422490788e-01,0.000000000000e+00
26.300000,2.858538690598e-02,-7.125655918644e-01,7.131387291780e-01,4.385983109520e-01,0.000000000000e+00
26.310000,3.101849277953e-02,-7.095433300873e-01,7.102210107887e-01,4.388861756380e-01,0.000000000000e+00
26.320000,3.346285678268e-02,-7.065160129420e-01,7.073080229486e-01,4.392063578544e-01,0.000000000000e+00
26.330000,3.591776713525e-02,-7.034835551345e-01,7.043998852503e-01,4.395594316983e-01,0.000000000000e+00
26.340000,3.838248964062e-02,-7.004458455255e-01,7.014966842580e-01,4.399460355887e-01,0.000000000000e+00
26.350000,4.085626839357e-02,-6.974027475241e-01,6.985984733173e-01,4.403668765907e-01,0.000000000000e+00
26.360000,4.333832656384e-02,-6.943540996036e-01,6.957052725010e-01,4.408227340792e-01,0.000000000000e+00
26.370000,4.582786725080e-02,-6.912997159402e-01,6.928170686954e-01,4.413144627024e-01,0.000000000000e+00
26.380000,4.832407440391e-02,-6.882393871766e-01,6.899338158318e-01,4.418429946082e-01,0.000000000000e+00
26.390000,5.082611380391e-02,-6.851728813108e-01,6.870554352657e-01,4.424093409030e-01,0.000000000000e+00
26.400000,5.333313409906e-02,-6.820999447088e-01,6.841818163065e-01,4.430145923117e-01,0.000000000000e+00
26.410000,5.584426789069e-02,-6.790203032421e-01,6.813128168993e-01,4.436599190161e-01,0.000000000000e+00
26.420000,5.835863286236e-02,-6.759336635473e-01,6.784482644580e-01,4.443465696487e-01,0.000000000000e+00
26.430000,6.087533294649e-02,-6.728397144060e-01,6.755879568519e-01,4.450758694280e-01,0.000000000000e+00
26.440000,6.339345952268e-02,-6.697381282421e-01,6.727316635416e-01,4.458492174195e-01,0.000000000000e+00
26.450000,6.591209264149e-02,-6.666285627329e-01,6.698791268637e-01,4.466680829166e-01,0.000000000000e+00
26.460000,6.843030226785e-02,-6.635106625307e-01,6.670300634607e-01,4.475340009370e-01,0.000000000000e+00
26.470000,7.094714953817e-02,-6.603840610884e-01,6.641841658510e-01,4.484485668343e-01,0.000000000000e+00
26.480000,7.346168802525e-02,-6.572483825849e-01,6.613411041347e-01,4.494134300315e-01,0.000000000000e+00
26.490000,7.597296500542e-02,-6.541032439442e-01,6.585005278282e-01,4.504302868845e-01,0.000000000000e+00
26.500000,7.848002272238e-02,-6.509482569401e-01,6.556620678214e-01,4.515008726906e-01,0.000000000000e+00
26.510000,8.098189964248e-02,-6.477830303813e-01,6.528253384479e-01,4.526269528603e-01,0.000000000000e+00
26.520000,8.347763169644e-02,-6.446071723666e-01,6.499899396607e-01,4.538103132753e-01,0.000000000000e+00
26.530000,8.596625350276e-02,-6.414202926039e-01,6.471554593028e-01,4.550527498612e-01,0.000000000000e+00
26.540000,8.844679956835e-02,-6.382220047818e-01,6.443214754620e-01,4.563560574052e-01,0.000000000000e+00
26.550000,9.091830546235e-02,-6.350119289866e-01,6.414875589000e-01,4.577220176564e-01,0.000000000000e+00
26.560000,9.337980895937e-02,-6.317896941528e-01,6.386532755408e-01,4.591523867493e-01,0.000000000000e+00
26.570000,9.583035114882e-02,-6.285549405375e-01,6.358181890096e-01,4.606488819942e-01,0.000000000000e+00
26.580000,9.826897750727e-02,-6.253073222085e-01,6.329818632061e-01,4.622131680846e-01,0.000000000000e+00
26.590000,1.006947389315e-01,-6.220465095333e-01,6.301438648999e-01,4.638468427746e-01,0.000000000000e+00
26.600000,1.031066927297e-01,-6.187721916597e-01,6.273037663341e-01,4.655514220819e-01,0.000000000000e+00
26.610000,1.055039035699e-01,-6.154840789749e-01,6.244611478227e-01,4.673283250793e-01,0.000000000000e+00
26.620000,1.078854443836e-01,-6.121819055311e-01,6.216156003267e-01,4.691788583377e-01,0.000000000000e+00
26.630000,1.102503972236e-01,-6.088654314271e-01,6.187667279960e-01,4.711042000890e-01,0.000000000000e+00
26.640000,1.125978540771e-01,-6.055344451320e-01,6.159141506607e-01,4.731053841821e-01,0.000000000000e+00
26.650000,1.149269176327e-01,-6.021887657399e-01,6.130575062585e-01,4.751832839047e-01,0.000000000000e+00
26.660000,1.172367020016e-01,-5.988282451434e-01,6.101964531835e-01,4.773385957516e-01,0.000000000000e+00
26.670000,1.195263333957e-01,-5.954527701131e-01,6.073306725420e-01,4.795718232195e-01,0.000000000000e+00
26.680000,1.217949507618e-01,-5.920622642725e-01,6.044598703028e-01,4.818832607128e-01,0.000000000000e+00
26.690000,1.240417063750e-01,-5.886566899547e-01,6.015837793266e-01,4.842729776490e-01,0.000000000000e+00
26.700000,1.262657663923e-01,-5.852360499314e-01,5.987021612638e-01,4.867408028514e-01,0.000000000000e+00
26.710000,1.284663113701e-01,-5.818003890010e-01,5.958148083077e-01,4.892863093223e-01,0.000000000000e+00
26.720000,1.306425367463e-01,-5.783497954266e-01,5.929215447912e-01,4.919087994921e-01,0.000000000000e+00
26.730000,1.327936532925e-01,-5.748844022126e-01,5.900222286170e-01,4.946072910388e-01,0.000000000000e+00
26.740000,1.349188875368e-01,-5.714043882098e-01,5.871167525115e-01,4.973805033768e-01,0.000000000000e+00
26.750000,1.370174821631e-01,-5.679099790403e-01,5.842050450927e-01,5.002268449146e-01,0.000000000000e+00
26.760000,1.390886963883e-01,-5.644014478325e-01,5.812870717454e-01,5.031444011826e-01,0.000000000000e+00
26.770000,1.411318063233e-01,-5.608791157591e-01,5.783628352952e-01,5.061309239303e-01,0.000000000000e+00
26.780000,1.431461053196e-01,-5.573433523696e-01,5.754323764777e-01,5.091838212978e-01,0.000000000000e+00
26.790000,1.451309043071e-01,-5.537945757111e-01,5.724957741958e-01,5.123001491608e-01,0.000000000000e+00
26.800000,1.470855321262e-01,-5.502332522316e-01,5.695531455643e-01,5.154766037521e-01,0.000000000000e+00
26.810000,1.490093358579e-01,-5.466598964607e-01,5.666046457374e-01,5.187095156596e-01,0.000000000000e+00
26.820000,1.509016811570e-01,-5.430750704638e-01,5.636504675198e-01,5.219948453002e-01,0.000000000000e+00
26.830000,1.527619525909e-01,-5.394793830662e-01,5.606908407607e-01,5.253281799662e-01,0.000000000000e+00
26.840000,1.545895539884e-01,-5.358734888455e-01,5.577260315332e-01,5.287047325397e-01,0.000000000000e+00
26.850000,1.563839088020e-01,-5.322580868912e-01,5.547563411024e-01,5.321193419646e-01,0.000000000000e+00
26.860000,1.581444604864e-01,-5.286339193317e-01,5.517821046850e-01,5.355664755643e-01,0.000000000000e+00
26.870000,1.598706728978e-01,-5.250017696290e-01,5.488036900080e-01,5.390402332877e-01,0.000000000000e+00
26.880000,1.615620307142e-01,-5.213624606447e-01,5.458214956724e-01,5.425343539581e-01,0.000000000000e+00
26.890000,1.632180398826e-01,-5.177168524800e-01,5.428359493299e-01,5.460422235968e-01,0.000000000000e+00
26.900000,1.648382280917e-01,-5.140658400943e-01,5.398475056831e-01,5.495568858834e-01,0.000000000000e+00
26.910000,1.664221452754e-01,-5.104103507093e-01,5.368566443188e-01,5.530710548050e-01,0.000000000000e+00
26.920000,1.679693641449e-01,-5.067513410043e-01,5.338638673865e-01,5.565771295412e-01,0.000000000000e+00
26.930000,1.694794807541e-01,-5.030897941123e-01,5.308696971354e-01,5.600672116163e-01,0.000000000000e+00
26.940000,1.709521150960e-01,-4.994267164255e-01,5.278746733225e-01,5.635331243422e-01,0.000000000000e+00
26.950000,1.723869117318e-01,-4.957631342220e-01,5.248793505083e-01,5.669664345608e-01,0.000000000000e+00
26.960000,1.737835404517e-01,-4.921000901241e-01,5.218842952533e-01,5.703584766818e-01,0.000000000000e+00
26.970000,1.751416969672e-01,-4.884386394035e-01,5.188900832343e-01,5.737003789954e-01,0.000000000000e+00
26.980000,1.764611036337e-01,-4.847798461452e-01,5.158972962947e-01,5.769830922269e-01,0.000000000000e+00
26.990000,1.777415102005e-01,-4.811247792870e-01,5.129065194481e-01,5.801974202786e-01,0.000000000000e+00
27.000000,1.789826945884e-01,-4.774745085508e-01,5.099183378522e-01,5.833340530906e-01,0.000000000000e+00
27.010000,1.801844636899e-01,-4.738301002821e-01,5.069333337714e-01,5.863836015309e-01,0.000000000000e+00
27.020000,1.813466541904e-01,-4.701926132168e-01,5.039520835453e-01,5.893366342077e-01,0.000000000000e+00
27.030000,1.824691334071e-01,-4.665630941936e-01,5.009751545834e-01,5.921837160744e-01,0.000000000000e+00
27.040000,1.835518001408e-01,-4.629425738327e-01,4.980031024018e-01,5.949154486795e-01,0.000000000000e+00
27.050000,1.845945855372e-01,-4.593320622001e-01,4.950364677220e-01,5.975225118918e-01,0.000000000000e+00
27.060000,1.855974539528e-01,-4.557325444790e-01,4.920757736478e-01,5.999957069091e-01,0.000000000000e+00
27.070000,1.865604038205e-01,-4.521449766697e-01,4.891215229381e-01,6.023260003415e-01,0.000000000000e+00
27.080000,1.874834685103e-01,-4.485702813398e-01,4.861741953929e-01,6.045045691339e-01,0.000000000000e+00
27.090000,1.883667171783e-01,-4.450093434459e-01,4.832342453662e-01,6.065228460786e-01,0.000000000000e+00
27.100000,1.892102555999e-01,-4.414630062496e-01,4.803020994240e-01,6.083725656451e-01,0.000000000000e+00
27.110000,1.900142269807e-01,-4.379320673496e-01,4.773781541589e-01,6.100458098386e-01,0.000000000000e+00
27.120000,1.907788127383e-01,-4.344172748502e-01,4.744627741753e-01,6.115350537806e-01,0.000000000000e+00
27.130000,1.915042332506e-01,-4.309193236902e-01,4.715562902587e-01,6.128332106916e-01,0.000000000000e+00
27.140000,1.921907485630e-01,-4.274388521503e-01,4.686589977380e-01,6.139336759414e-01,0.000000000000e+00
27.150000,1.928386590489e-01,-4.239764385608e-01,4.657711550520e-01,6.148303698229e-01,0.000000000000e+00
27.160000,1.934483060174e-01,-4.205325982289e-01,4.628929825285e-01,6.155177786977e-01,0.000000000000e+00
27.170000,1.940200722621e-01,-4.171077806032e-01,4.600246613827e-01,6.159909941547e-01,0.000000000000e+00
27.180000,1.945543825451e-01,-4.137023666944e-01,4.571663329424e-01,6.162457498247e-01,0.000000000000e+00
27.190000,1.950517040104e-01,-4.103166667666e-01,4.543180981029e-01,6.162784554912e-01,0.000000000000e+00
27.200000,1.955125465212e-01,-4.069509183159e-01,4.514800170167e-01,6.160862281471e-01,0.000000000000e+00
27.210000,1.959374629157e-01,-4.036052843482e-01,4.486521090195e-01,6.156669196537e-01,0.000000000000e+00
27.220000,1.963270491769e-01,-4.002798519691e-01,4.458343527936e-01,6.150191406719e-01,0.000000000000e+00
27.230000,1.966819445111e-01,-3.969746312962e-01,4.430266867689e-01,6.141422805552e-01,0.000000000000e+00
27.240000,1.970028313317e-01,-3.936895547012e-01,4.402290097592e-01,6.130365229127e-01,0.000000000000e+00
27.250000,1.972904351439e-01,-3.904244763899e-01,4.374411818332e-01,6.117028565784e-01,0.000000000000e+00
27.260000,1.975455243271e-01,-3.871791723232e-01,4.346630254146e-01,6.101430817547e-01,0.000000000000e+00
27.270000,1.977689098123e-01,-3.839533404835e-01,4.318943266087e-01,6.083598111284e-01,0.000000000000e+00
27.280000,1.979614446522e-01,-3.807466014861e-01,4.291348367495e-01,6.063564658015e-01,0.000000000000e+00
27.290000,1.981240234827e-01,-3.775584995347e-01,4.263842741611e-01,6.041372659174e-01,0.000000000000e+00
27.300000,1.982575818734e-01,-3.743885037178e-01,4.236423261271e-01,6.017072159110e-01,0.000000000000e+00
27.310000,1.983630955680e-01,-3.712360096412e-01,4.209086510606e-01,5.990720843608e-01,0.000000000000e+00
27.320000,1.984415796137e-01,-3.681003413882e-01,4.181828808663e-01,5.962383784721e-01,0.000000000000e+00
27.330000,1.984940873805e-01,-3.649807538000e-01,4.154646234872e-01,5.932133132759e-01,0.000000000000e+00
27.340000,1.985217094722e-01,-3.618764350641e-01,4.127534656262e-01,5.900047756837e-01,0.000000000000e+00
27.350000,1.985255725301e-01,-3.587865095988e-01,4.100489756340e-01,5.866212835955e-01,0.000000000000e+00
27.360000,1.985068379325e-01,-3.557100412188e-01,4.073507065537e-01,5.830719403190e-01,0.000000000000e+00
27.370000,1.984667003930e-01,-3.526460365671e-01,4.046581993132e-01,5.793663846110e-01,0.000000000000e+00
27.380000,1.984063864614e-01,-3.495934487949e-01,4.019709860537e-01,5.755147367144e-01,0.000000000000e+00
27.390000,1.983271529307e-01,-3.465511814715e-01,3.992885935873e-01,5.715275408158e-01,0.000000000000e+00
27.400000,1.982302851563e-01,-3.435180927049e-01,3.966105469711e-01,5.674157044022e-01,0.000000000000e+00
27.410000,1.981170952905e-01,-3.404929994518e-01,3.939363731899e-01,5.631904350471e-01,0.000000000000e+00
27.420000,1.979889204407e-01,-3.374746819959e-01,3.912656049354e-01,5.588631751975e-01,0.000000000000e+00
27.430000,1.978471207540e-01,-3.344618885731e-01,3.885977844745e-01,5.544455355760e-01,0.000000000000e+00
27.440000,1.976930774371e-01,-3.314533401201e-01,3.859324675942e-01,5.499492278468e-01,0.000000000000e+00
27.450000,1.975281907167e-01,-3.284477351241e-01,3.832692276142e-01,5.453859972186e-01,0.000000000000e+00
27.460000,1.973538777469e-01,-3.254437545507e-01,3.806076594576e-01,5.407675556790e-01,0.000000000000e+00
27.470000,1.971715704714e-01,-3.224400668262e-01,3.779473837679e-01,5.361055165669e-01,0.000000000000e+00
27.480000,1.969827134454e-01,-3.194353328528e-01,3.752880510636e-01,5.314113311870e-01,0.000000000000e+00
27.490000,1.967887616265e-01,-3.164282110321e-01,3.726293459183e-01,5.266962281683e-01,0.000000000000e+00
27.500000,1.965911781384e-01,-3.134173622761e-01,3.699709911573e-01,5.219711562434e-01,0.000000000000e+00
27.510000,1.963914320153e-01,-3.104014549829e-01,3.673127520581e-01,5.172467311018e-01,0.000000000000e+00
27.520000,1.961909959340e-01,-3.073791699555e-01,3.646544405435e-01,5.125331869267e-01,0.000000000000e+00
27.530000,1.959913439364e-01,-3.043492052438e-01,3.619959193562e-01,5.078403331724e-01,0.000000000000e+00
27.540000,1.957939491523e-01,-3.013102808882e-01,3.593371062019e-01,5.031775170800e-01,0.000000000000e+00
27.550000,1.956002815231e-01,-2.982611435459e-01,3.566779778472e-01,4.985535923516e-01,0.000000000000e+00
27.560000,1.954118055348e-01,-2.952005709815e-01,3.540185741599e-01,4.939768943217e-01,0.000000000000e+00
27.570000,1.952299779626e-01,-2.921273764024e-01,3.513590020748e-01,4.894552218678e-01,0.000000000000e+00
27.580000,1.950562456318e-01,-2.890404126222e-01,3.486994394730e-01,4.849958262047e-01,0.000000000000e+00
27.590000,1.948920431983e-01,-2.859385760356e-01,3.460401389540e-01,4.806054065913e-01,0.000000000000e+00
27.600000,1.947387909527e-01,-2.828208103882e-01,3.433814314875e-01,4.762901128698e-01,0.000000000000e+00
27.610000,1.945978926510e-01,-2.796861103255e-01,3.407237299238e-01,4.720555546325e-01,0.000000000000e+00
27.620000,1.944707333741e-01,-2.765335247073e-01,3.380675323454e-01,4.679068166967e-01,0.000000000000e+00
27.630000,1.943586774213e-01,-2.733621596731e-01,3.354134252383e-01,4.638484804430e-01,0.000000000000e+00
27.640000,1.942630662382e-01,-2.701711814450e-01,3.327620864637e-01,4.598846504613e-01,0.000000000000e+00
27.650000,1.941852163850e-01,-2.669598188570e-01,3.301142880074e-01,4.560189858367e-01,0.000000000000e+00
27.660000,1.941264175476e-01,-2.637273655978e-01,3.274708984857e-01,4.522547353068e-01,0.000000000000e+00
27.670000,1.940879305964e-01,-2.604731821583e-01,3.248328853839e-01,4.485947754376e-01,0.000000000000e+00
27.680000,1.940709856968e-01,-2.571966974738e-01,3.222013170066e-01,4.450416508889e-01,0.000000000000e+00
27.690000,1.940767804791e-01,-2.538974102535e-01,3.195773641148e-01,4.415976157892e-01,0.000000000000e+00
27.700000,1.941064782712e-01,-2.505748899913e-01,3.169623012299e-01,4.382646752077e-01,0.000000000000e+00
27.710000,1.941612064048e-01,-2.472287776527e-01,3.143575075805e-01,4.350446256986e-01,0.000000000000e+00
27.720000,1.942420546007e-01,-2.438587860364e-01,3.117644676718e-01,4.319390939129e-01,0.000000000000e+00
27.730000,1.943500734430e-01,-2.404646998096e-01,3.091847714584e-01,4.289495723125e-01,0.000000000000e+00
27.740000,1.944862729524e-01,-2.370463752193e-01,3.066201141013e-01,4.260774510910e-01,0.000000000000e+00
27.750000,1.946516212684e-01,-2.336037394849e-01,3.040722952913e-01,4.233240455038e-01,0.000000000000e+00
27.760000,1.948470434517e-01,-2.301367898789e-01,3.015432181258e-01,4.206906179299e-01,0.000000000000e+00
27.770000,1.950734204174e-01,-2.266455925077e-01,2.990348875241e-01,4.181783941323e-01,0.000000000000e+00
27.780000,1.953315880098e-01,-2.231302808056e-01,2.965494081714e-01,4.157885733517e-01,0.000000000000e+00
27.790000,1.956223362297e-01,-2.195910537591e-01,2.940889819817e-01,4.135223320467e-01,0.000000000000e+00
27.800000,1.959464086242e-01,-2.160281738825e-01,2.916559050726e-01,4.113808212876e-01,0.000000000000e+00
27.810000,1.963045018461e-01,-2.124419649671e-01,2.892525642482e-01,4.093651580068e-01,0.000000000000e+00
27.820000,1.966972653917e-01,-2.088328096322e-01,2.868814329849e-01,4.074764105064e-01,0.000000000000e+00
27.830000,1.971253015204e-01,-2.052011467038e-01,2.845450669192e-01,4.057155788067e-01,0.000000000000e+00
27.840000,1.975891653593e-01,-2.015474684546e-01,2.822460988355e-01,4.040835705956e-01,0.000000000000e+00
27.850000,1.980893651932e-01,-1.978723177371e-01,2.799872331541e-01,4.025811736826e-01,0.000000000000e+00
27.860000,1.986263629360e-01,-1.941762850427e-01,2.777712399190e-01,4.012090259820e-01,0.000000000000e+00
27.870000,1.992005747791e-01,-1.904600055214e-01,2.756009482849e-01,3.999675841348e-01,0.000000000000e+00
27.880000,1.998123720062e-01,-1.867241559966e-01,2.734792395035e-01,3.988570919206e-01,0.000000000000e+00
27.890000,2.004620819639e-01,-1.829694520063e-01,2.714090394087e-01,3.978775496143e-01,0.000000000000e+00
27.900000,2.011499891721e-01,-1.791966449020e-01,2.693933103997e-01,3.970286853999e-01,0.000000000000e+00
27.910000,2.018763365586e-01,-1.754065190349e-01,2.674350429212e-01,3.963099298696e-01,0.000000000000e+00
27.920000,2.026413267961e-01,-1.715998890526e-01,2.655372464430e-01,3.957203945111e-01,0.000000000000e+00
27.930000,2.034451237237e-01,-1.677775973289e-01,2.637029399389e-01,3.952588549274e-01,0.000000000000e+00
27.940000,2.042878538282e-01,-1.639405115453e-01,2.619351418719e-01,3.949237393466e-01,0.000000000000e+00
27.950000,2.051696077641e-01,-1.600895224340e-01,2.602368596937e-01,3.947131227733e-01,0.000000000000e+00
27.960000,2.060904418909e-01,-1.562255416954e-01,2.586110788748e-01,3.946247269151e-01,0.000000000000e+00
27.970000,2.070503798046e-01,-1.523495000899e-01,2.570607514866e-01,3.946559258064e-01,0.000000000000e+00
27.980000,2.080494138450e-01,-1.484623457070e-01,2.555887843668e-01,3.948037568436e-01,0.000000000000e+00
27.990000,2.090875065603e-01,-1.445650424058e-01,2.541980269109e-01,3.950649367648e-01,0.000000000000e+00
28.000000,2.101645921114e-01,-1.406585684200e-01,2.528912585427e-01,3.954358819513e-01,0.000000000000e+00
28.010000,2.112805776054e-01,-1.367439151162e-01,2.516711759312e-01,3.959127323085e-01,0.000000000000e+00
28.020000,2.124353443432e-01,-1.328220858922e-01,2.505403800327e-01,3.964913779064e-01,0.000000000000e+00
28.030000,2.136287489750e-01,-1.288940951998e-01,2.495013630544e-01,3.971674875210e-01,0.000000000000e+00
28.040000,2.148606245562e-01,-1.249609676759e-01,2.485564954436e-01,3.979365382231e-01,0.000000000000e+00
28.050000,2.161307814982e-01,-1.210237373620e-01,2.477080130236e-01,3.987938452033e-01,0.000000000000e+00
28.060000,2.174390084133e-01,-1.170834469950e-01,2.469580044056e-01,3.997345910996e-01,0.000000000000e+00
28.070000,2.187850728513e-01,-1.131411473486e-01,2.463083988132e-01,4.007538541978e-01,0.000000000000e+00
28.080000,2.201687219300e-01,-1.091978966054e-01,2.457609544646e-01,4.018466349977e-01,0.000000000000e+00
28.090000,2.215896828617e-01,-1.052547597407e-01,2.453172476587e-01,4.030078807735e-01,0.000000000000e+00
28.100000,2.230476633806e-01,-1.013128078970e-01,2.449786627107e-01,4.042325078944e-01,0.000000000000e+00
28.110000,2.245423520773e-01,-9.737311773127e-02,2.447463828806e-01,4.055154218008e-01,0.000000000000e+00
28.120000,2.260734186501e-01,-9.343677071505e-02,2.446213824297e-01,4.068515346528e-01,0.000000000000e+00
28.130000,2.276405140823e-01,-8.950485237218e-02,2.446044199311e-01,4.082357807661e-01,0.000000000000e+00
28.140000,2.292432707599e-01,-8.557845143785e-02,2.446960329454e-01,4.096631300283e-01,0.000000000000e+00
28.150000,2.308813025436e-01,-8.165865892734e-02,2.448965341569e-01,4.111285995458e-01,0.000000000000e+00
28.160000,2.325542048122e-01,-7.774656710519e-02,2.452060090464e-01,4.126272638015e-01,0.000000000000e+00
28.170000,2.342615544932e-01,-7.384326834933e-02,2.456243151524e-01,4.141542636210e-01,0.000000000000e+00
28.180000,2.360029100990e-01,-6.994985390869e-02,2.461510829492e-01,4.157048142440e-01,0.000000000000e+00
28.190000,2.377778117841e-01,-6.606741255650e-02,2.467857183444e-01,4.172742127902e-01,0.000000000000e+00
28.200000,2.395857814378e-01,-6.219702914527e-02,2.475274067687e-01,4.188578453913e-01,0.000000000000e+00
28.210000,2.414263228253e-01,-5.833978307244e-02,2.483751188060e-01,4.204511942384e-01,0.000000000000e+00
28.220000,2.432989217859e-01,-5.449674666793e-02,2.493276172821e-01,4.220498447631e-01,0.000000000000e+00
28.230000,2.452030464955e-01,-5.066898351663e-02,2.503834657106e-01,4.236494931236e-01,0.000000000000e+00
28.240000,2.471381477963e-01,-4.685754672987e-02,2.515410379675e-01,4.252459541144e-01,0.000000000000e+00
28.250000,2.491036595970e-01,-4.306347718017e-02,2.527985290532e-01,4.268351695417e-01,0.000000000000e+00
28.260000,2.510989993400e-01,-3.928780171392e-02,2.541539667861e-01,4.284132170372e-01,0.000000000000e+00
28.270000,2.531235685365e-01,-3.553153135654e-02,2.556052242604e-01,4.299763192010e-01,0.000000000000e+00
28.280000,2.551767533634e-01,-3.179565952426e-02,2.571500329023e-01,4.315208529089e-01,0.000000000000e+00
28.290000,2.572579253196e-01,-2.808116025669e-02,2.587859959525e-01,4.330433585715e-01,0.000000000000e+00
28.300000,2.593664419350e-01,-2.438898648377e-02,2.605106022098e-01,4.345405491228e-01,0.000000000000e+00
28.310000,2.615016475267e-01,-2.072006834000e-02,2.623212398781e-01,4.360093185174e-01,0.000000000000e+00
28.320000,2.636628739966e-01,-1.707531153822e-02,2.642152103651e-01,4.374467495485e-01,0.000000000000e+00
28.330000,2.658494416619e-01,-1.345559581391e-02,2.661897418959e-01,4.388501208323e-01,0.000000000000e+00
28.340000,2.680606601134e-01,-9.861773449631e-03,2.682420028184e-01,4.402169128507e-01,0.000000000000e+00
28.350000,2.702958290926e-01,-6.294667887671e-03,2.703691144873e-01,4.415448129784e-01,0.000000000000e+00
28.360000,2.725542393806e-01,-2.755072437231e-03,2.725681636370e-01,4.428317194583e-01,0.000000000000e+00
28.370000,2.748351736932e-01,7.562509194121e-04,2.748362141611e-01,4.440757443065e-01,0.000000000000e+00
28.380000,2.771379075737e-01,4.238572618995e-03,2.771703182380e-01,4.452752151528e-01,0.000000000000e+00
28.390000,2.794617102786e-01,7.691196506603e-03,2.795675267544e-01,4.464286760254e-01,0.000000000000e+00
28.400000,2.818058456510e-01,1.111346072274e-02,2.820248989935e-01,4.475348871021e-01,0.000000000000e+00
28.410000,2.841695729751e-01,1.450473849002e-02,2.845395115682e-01,4.485928234513e-01,0.000000000000e+00
28.420000,2.865521478108e-01,1.786443880238e-02,2.871084665918e-01,4.496016727893e-01,0.000000000000e+00
28.430000,2.889528228025e-01,2.119200702082e-02,2.897288990887e-01,4.505608322864e-01,0.000000000000e+00
28.440000,2.913708484614e-01,2.448692538015e-02,2.923979836587e-01,4.514699044544e-01,0.000000000000e+00
28.450000,2.938054739178e-01,2.774871341178e-02,2.951129404144e-01,4.523286921540e-01,0.000000000000e+00
28.460000,2.962559476448e-01,3.097692828791e-02,2.978710402189e-01,4.531371927640e-01,0.000000000000e+00
28.470000,2.987215181501e-01,3.417116509254e-02,3.006696092552e-01,4.538955915563e-01,0.000000000000e+00
28.480000,3.012014346374e-01,3.733105702475e-02,3.035060329651e-01,4.546042543271e-01,0.000000000000e+00
28.490000,3.036949476381e-01,4.045627553942e-02,3.063777593942e-01,4.552637193374e-01,0.000000000000e+00
28.500000,3.062013096124e-01,4.354653043072e-02,3.092823019846e-01,4.558746886175e-01,0.000000000000e+00
28.510000,3.087197755226e-01,4.660156986286e-02,3.122172418564e-01,4.564380186966e-01,0.000000000000e+00
28.520000,3.112496033792e-01,4.962118035286e-02,3.151802296200e-01,4.569547108177e-01,0.000000000000e+00
28.530000,3.137900547606e-01,5.260518670935e-02,3.181689867593e-01,4.574259007030e-01,0.000000000000e+00
28.540000,3.163403953096e-01,5.555345193121e-02,3.211813066262e-01,4.578528479346e-01,0.000000000000e+00
28.550000,3.188998952059e-01,5.846587706955e-02,3.242150550851e-01,4.582369250192e-01,0.000000000000e+00
28.560000,3.214678296189e-01,6.134240105614e-02,3.272681708434e-01,4.585796062035e-01,0.000000000000e+00
28.570000,3.240434791405e-01,6.418300050096e-02,3.303386655037e-01,4.588824561106e-01,0.000000000000e+00
28.580000,3.266261302003e-01,6.698768946156e-02,3.334246233694e-01,4.591471182662e-01,0.000000000000e+00
28.590000,3.292150754646e-01,6.975651918625e-02,3.365242010348e-01,4.593753035845e-01,0.000000000000e+00
28.600000,3.318096142200e-01,7.248957783307e-02,3.396356267874e-01,4.595687788829e-01,0.000000000000e+00
28.610000,3.344090527445e-01,7.518699016643e-02,3.427571998482e-01,4.597293554928e-01,0.000000000000e+00
28.620000,3.370127046649e-01,7.784891723261e-02,3.458872894742e-01,4.598588780360e-01,0.000000000000e+00
28.630000,3.396198913037e-01,8.047555601568e-02,3.490243339442e-01,4.599592134299e-01,0.000000000000e+00
28.640000,3.422299420156e-01,8.306713907483e-02,3.521668394470e-01,4.600322401880e-01,0.000000000000e+00
28.650000,3.448421945132e-01,8.562393416406e-02,3.553133788903e-01,4.600798380754e-01,0.000000000000e+00
28.660000,3.474559951850e-01,8.814624383517e-02,3.584625906454e-01,4.601038781808e-01,0.000000000000e+00
28.670000,3.500706994033e-01,9.063440502469e-02,3.616131772418e-01,4.601062134591e-01,0.000000000000e+00
28.680000,3.526856718248e-01,9.308878862530e-02,3.647639040232e-01,4.600886697985e-01,0.000000000000e+00
28.690000,3.553002866821e-01,9.550979904244e-02,3.679135977774e-01,4.600530376628e-01,0.000000000000e+00
28.700000,3.579139280674e-01,9.789787373638e-02,3.710611453476e-01,4.600010643516e-01,0.000000000000e+00
28.710000,3.605259902069e-01,1.002534827501e-01,3.742054922342e-01,4.599344469223e-01,0.000000000000e+00
28.720000,3.631358777278e-01,1.025771282236e-01,3.773456411936e-01,4.598548258089e-01,0.000000000000e+00
28.730000,3.657430059146e-01,1.048693438944e-01,3.804806508409e-01,4.597637791700e-01,0.000000000000e+00
28.740000,3.683468009563e-01,1.071306945846e-01,3.836096342598e-01,4.596628179937e-01,0.000000000000e+00
28.750000,3.709467001828e-01,1.093617756756e-01,3.867317576246e-01,4.595533819803e-01,0.000000000000e+00
28.760000,3.735421522900e-01,1.115632125687e-01,3.898462388379e-01,4.594368362203e-01,0.000000000000e+00
28.770000,3.761326175527e-01,1.137356601337e-01,3.929523461860e-01,4.593144686785e-01,0.000000000000e+00
28.780000,3.787175680233e-01,1.158798021450e-01,3.960493970134e-01,4.591874884907e-01,0.000000000000e+00
28.790000,3.812964877172e-01,1.179963507038e-01,3.991367564193e-01,4.590570250732e-01,0.000000000000e+00
28.800000,3.838688727809e-01,1.200860456499e-01,4.022138359752e-01,4.589241280405e-01,0.000000000000e+00
28.810000,3.864342316441e-01,1.221496539597e-01,4.052800924655e-01,4.587897679208e-01,0.000000000000e+00
28.820000,3.889920851525e-01,1.241879691330e-01,4.083350266493e-01,4.586548376536e-01,0.000000000000e+00
28.830000,3.915419666811e-01,1.262018105673e-01,4.113781820454e-01,4.585201548501e-01,0.000000000000e+00
28.840000,3.940834222252e-01,1.281920229214e-01,4.144091437377e-01,4.583864647882e-01,0.000000000000e+00
28.850000,3.966160104694e-01,1.301594754667e-01,4.174275372019e-01,4.582544441145e-01,0.000000000000e+00
28.860000,3.991393028311e-01,1.321050614280e-01,4.204330271510e-01,4.581247052155e-01,0.000000000000e+00
28.870000,4.016528834782e-01,1.340296973133e-01,4.234253163997e-01,4.579978012204e-01,0.000000000000e+00
28.880000,4.041563493189e-01,1.359343222338e-01,4.264041447453e-01,4.578742315905e-01,0.000000000000e+00
28.890000,4.066493099630e-01,1.378198972128e-01,4.293692878643e-01,4.577544482483e-01,0.000000000000e+00
28.900000,4.091313876510e-01,1.396874044868e-01,4.323205562236e-01,4.576388621943e-01,0.000000000000e+00
28.910000,4.116022171527e-01,1.415378467960e-01,4.352577940034e-01,4.575278505579e-01,0.000000000000e+00
28.920000,4.140614456315e-01,1.433722466677e-01,4.381808780321e-01,4.574217640240e-01,0.000000000000e+00
28.930000,4.165087324736e-01,1.451916456910e-01,4.410897167304e-01,4.573209345763e-01,0.000000000000e+00
28.940000,4.189437490825e-01,1.469971037851e-01,4.439842490635e-01,4.572256834938e-01,0.000000000000e+00
28.950000,4.213661786349e-01,1.487896984604e-01,4.468644435008e-01,4.571363295377e-01,0.000000000000e+00
28.960000,4.237757158004e-01,1.505705240742e-01,4.497302969804e-01,4.570531972624e-01,0.000000000000e+00
28.970000,4.261720664211e-01,1.523406910815e-01,4.525818338785e-01,4.569766253835e-01,0.000000000000e+00
28.980000,4.285549471532e-01,1.541013252811e-01,4.554191049823e-01,4.569069751374e-01,0.000000000000e+00
28.990000,4.309240850678e-01,1.558535670585e-01,4.582421864652e-01,4.568446385619e-01,0.000000000000e+00
29.000000,4.332792172125e-01,1.575985706256e-01,4.610511788636e-01,4.567900466339e-01,0.000000000000e+00
29.010000,4.356200901328e-01,1.593375032587e-01,4.638462060554e-01,4.567436771939e-01,0.000000000000e+00
29.020000,4.379464593533e-01,1.610715445354e-01,4.666274142387e-01,4.567060625937e-01,0.000000000000e+00
29.030000,4.402580888206e-01,1.628018855700e-01,4.693949709116e-01,4.566777970015e-01,0.000000000000e+00
29.040000,4.425547503058e-01,1.645297282502e-01,4.721490638520e-01,4.566595433010e-01,0.000000000000e+00
29.050000,4.448362227703e-01,1.662562844736e-01,4.748899000984e-01,4.566520395249e-01,0.000000000000e+00
29.060000,4.471022916941e-01,1.679827753859e-01,4.776177049319e-01,4.566561047626e-01,0.000000000000e+00
29.070000,4.493527483691e-01,1.697104306205e-01,4.803327208595e-01,4.566726444865e-01,0.000000000000e+00
29.080000,4.515873891581e-01,1.714404875410e-01,4.830352065998e-01,4.567026552452e-01,0.000000000000e+00
29.090000,4.538060147217e-01,1.731741904854e-01,4.857254360726e-01,4.567472286729e-01,0.000000000000e+00
29.100000,4.560084292164e-01,1.749127900130e-01,4.884036973924e-01,4.568075547693e-01,0.000000000000e+00
29.110000,4.581944394636e-01,1.766575421552e-01,4.910702918684e-01,4.568849244084e-01,0.000000000000e+00
29.120000,4.603638540955e-01,1.784097076673e-01,4.937255330116e-01,4.569807310383e-01,0.000000000000e+00
29.130000,4.625164826777e-01,1.801705512841e-01,4.963697455512e-01,4.570964715389e-01,0.000000000000e+00
29.140000,4.646521348148e-01,1.819413409769e-01,4.990032644627e-01,4.572337462077e-01,0.000000000000e+00
29.150000,4.667706192392e-01,1.837233472128e-01,5.016264340084e-01,4.573942578508e-01,0.000000000000e+00
29.160000,4.688717428892e-01,1.855178422143e-01,5.042396067941e-01,4.575798099592e-01,0.000000000000e+00
29.170000,4.709553099799e-01,1.873260992193e-01,5.068431428430e-01,4.577923039563e-01,0.000000000000e+00
29.180000,4.730211210695e-01,1.891493917397e-01,5.094374086906e-01,4.580337355078e-01,0.000000000000e+00
29.190000,4.750689721281e-01,1.909889928189e-01,5.120227765020e-01,4.583061898906e-01,0.000000000000e+00
29.200000,4.770986536102e-01,1.928461742838e-01,5.145996232145e-01,4.586118364205e-01,0.000000000000e+00
29.210000,4.791099495392e-01,1.947222059933e-01,5.171683297094e-01,4.589529219473e-01,0.000000000000e+00
29.220000,4.811026366059e-01,1.966183550786e-01,5.197292800131e-01,4.593317634285e-01,0.000000000000e+00
29.230000,4.830764832874e-01,1.985358851746e-01,5.222828605339e-01,4.597507395981e-01,0.000000000000e+00
29.240000,4.850312489924e-01,2.004760556402e-01,5.248294593334e-01,4.602122817538e-01,0.000000000000e+00
29.250000,4.869666832358e-01,2.024401207643e-01,5.273694654383e-01,4.607188636903e-01,0.000000000000e+00
29.260000,4.888825248505e-01,2.044293289564e-01,5.299032681932e-01,4.612729908104e-01,0.000000000000e+00
29.270000,4.907785012411e-01,2.064449219177e-01,5.324312566576e-01,4.618771884517e-01,0.000000000000e+00
29.280000,4.926543276836e-01,2.084881337898e-01,5.349538190503e-01,4.625339894717e-01,0.000000000000e+00
29.290000,4.945097066793e-01,2.105601902804e-01,5.374713422416e-01,4.632459211378e-01,0.000000000000e+00
29.300000,4.963443273661e-01,2.126623077587e-01,5.399842112968e-01,4.640154913739e-01,0.000000000000e+00
29.310000,4.981578649941e-01,2.147956923222e-01,5.424928090728e-01,4.648451744188e-01,0.000000000000e+00
29.320000,4.999499804704e-01,2.169615388270e-01,5.449975158683e-01,4.657373959572e-01,0.000000000000e+00
29.330000,5.017203199787e-01,2.191610298824e-01,5.474987091296e-01,4.666945177863e-01,0.000000000000e+00
29.340000,5.034685146787e-01,2.213953348030e-01,5.499967632135e-01,4.677188220861e-01,0.000000000000e+00
29.350000,5.051941804914e-01,2.236656085182e-01,5.524920492063e-01,4.688124953635e-01,0.000000000000e+00
29.360000,5.068969179733e-01,2.259729904329e-01,5.549849348009e-01,4.699776121459e-01,0.000000000000e+00
29.370000,5.085763122867e-01,2.283186032388e-01,5.574757842310e-01,4.712161184992e-01,0.000000000000e+00
29.380000,5.102319332688e-01,2.307035516715e-01,5.599649582618e-01,4.725298154518e-01,0.000000000000e+00
29.390000,5.118633356048e-01,2.331289212116e-01,5.624528142358e-01,4.739203424070e-01,0.000000000000e+00
29.400000,5.134700591082e-01,2.355957767262e-01,5.649397061738e-01,4.753891606257e-01,0.000000000000e+00
29.410000,5.150516291132e-01,2.381051610497e-01,5.674259849272e-01,4.769375368691e-01,0.000000000000e+00
29.420000,5.166075569813e-01,2.406580935001e-01,5.699119983798e-01,4.785665272863e-01,0.000000000000e+00
29.430000,5.181373407256e-01,2.432555683302e-01,5.723980916966e-01,4.802769616370e-01,0.000000000000e+00
29.440000,5.196404657554e-01,2.458985531118e-01,5.748846076153e-01,4.820694279394e-01,0.000000000000e+00
29.450000,5.211164057424e-01,2.485879870517e-01,5.773718867769e-01,4.839442576324e-01,0.000000000000e+00
29.460000,5.225646236116e-01,2.513247792387e-01,5.798602680902e-01,4.859015113450e-01,0.000000000000e+00
29.470000,5.239845726560e-01,2.541098068220e-01,5.823500891257e-01,4.879409653604e-01,0.000000000000e+00
29.480000,5.253756977779e-01,2.569439131210e-01,5.848416865319e-01,4.900620988680e-01,0.000000000000e+00
29.490000,5.267374368539e-01,2.598279056669e-01,5.873353964701e-01,4.922640820893e-01,0.000000000000e+00
29.500000,5.280692222268e-01,2.627625541786e-01,5.898315550576e-01,4.945457653680e-01,0.000000000000e+00
29.510000,5.293704823189e-01,2.657485884741e-01,5.923304988151e-01,4.969056693091e-01,0.000000000000e+00
29.520000,5.306406433690e-01,2.687866963208e-01,5.948325651090e-01,4.993419760511e-01,0.000000000000e+00
29.530000,5.318791312872e-01,2.718775212279e-01,5.973380925806e-01,5.018525217529e-01,0.000000000000e+00
29.540000,5.330853736263e-01,2.750216601844e-01,5.998474215539e-01,5.044347903744e-01,0.000000000000e+00
29.550000,5.342588016653e-01,2.782196613491e-01,6.023608944130e-01,5.070859088244e-01,0.000000000000e+00
29.560000,5.353988526008e-01,2.814720216965e-01,6.048788559408e-01,5.098026435482e-01,0.000000000000e+00
29.570000,5.365049718401e-01,2.847791846264e-01,6.074016536079e-01,5.125813986214e-01,0.000000000000e+00
29.580000,5.375766153906e-01,2.881415375430e-01,6.099296378046e-01,5.154182154103e-01,0.000000000000e+00
29.590000,5.386132523391e-01,2.915594094124e-01,6.124631620042e-01,5.183087738576e-01,0.000000000000e+00
29.600000,5.396143674122e-01,2.950330683072e-01,6.150025828502e-01,5.212483954417e-01,0.000000000000e+00
29.610000,5.405794636113e-01,2.985627189457e-01,6.175482601566e-01,5.242320478548e-01,0.000000000000e+00
29.620000,5.415080649108e-01,3.021485002386e-01,6.201005568131e-01,5.272543514371e-01,0.000000000000e+00
29.630000,5.423997190124e-01,3.057904828520e-01,6.226598385857e-01,5.303095873962e-01,0.000000000000e+00
29.640000,5.432540001429e-01,3.094886667977e-01,6.252264738057e-01,5.333917078344e-01,0.000000000000e+00
29.650000,5.440705118858e-01,3.132429790654e-01,6.278008329379e-01,5.364943475969e-01,0.000000000000e+00
29.660000,5.448488900332e-01,3.170532713063e-01,6.303832880212e-01,5.396108379456e-01,0.000000000000e+00
29.670000,5.455888054476e-01,3.209193175831e-01,6.329742119769e-01,5.427342220549e-01,0.000000000000e+00
29.680000,5.462899669189e-01,3.248408121999e-01,6.355739777767e-01,5.458572723140e-01,0.000000000000e+00
29.690000,5.469521240034e-01,3.288173676247e-01,6.381829574687e-01,5.489725094123e-01,0.000000000000e+00
29.700000,5.475750698309e-01,3.328485125207e-01,6.408015210559e-01,5.520722231741e-01,0.000000000000e+00
29.710000,5.481586438649e-01,3.369336898987e-01,6.434300352272e-01,5.551484950954e-01,0.000000000000e+00
29.720000,5.487027346008e-01,3.410722554075e-01,6.460688619390e-01,5.581932225287e-01,0.000000000000e+00
29.730000,5.492072821875e-01,3.452634757753e-01,6.487183568485e-01,5.611981444482e-01,0.000000000000e+00
29.740000,5.496722809554e-01,3.495065274178e-01,6.513788676019e-01,5.641548687161e-01,0.000000000000e+00
29.750000,5.500977818363e-01,3.538004952270e-01,6.540507319804e-01,5.670549007628e-01,0.000000000000e+00
29.760000,5.504838946586e-01,3.581443715553e-01,6.567342759102e-01,5.698896735781e-01,0.000000000000e+00
29.770000,5.508307903017e-01,3.625370554096e-01,6.594298113442e-01,5.726505789038e-01,0.000000000000e+00
29.780000,5.511387026947e-01,3.669773518668e-01,6.621376340242e-01,5.753289995045e-01,0.000000000000e+00
29.790000,5.514079306425e-01,3.714639717270e-01,6.648580211343e-01,5.779163423838e-01,0.000000000000e+00
29.800000,5.516388394651e-01,3.759955314131e-01,6.675912288587e-01,5.804040728041e-01,0.000000000000e+00
29.810000,5.518318624352e-01,3.805705531316e-01,6.703374898583e-01,5.827837489559e-01,0.000000000000e+00
29.820000,5.519875019980e-01,3.851874653029e-01,6.730970106816e-01,5.850470571171e-01,0.000000000000e+00
29.830000,5.521063307624e-01,3.898446032725e-01,6.758699691276e-01,5.871858471314e-01,0.000000000000e+00
29.840000,5.521889922478e-01,3.945402103105e-01,6.786565115811e-01,5.891921680296e-01,0.000000000000e+00
29.850000,5.522362013768e-01,3.992724389075e-01,6.814567503387e-01,5.910583036085e-01,0.000000000000e+00
29.860000,5.522487447013e-01,4.040393523734e-01,6.842707609496e-01,5.927768077810e-01,0.000000000000e+00
29.870000,5.522274803519e-01,4.088389267434e-01,6.870985795914e-01,5.943405395000e-01,0.000000000000e+00
29.880000,5.521733377040e-01,4.136690529940e-01,6.899402005073e-01,5.957426970622e-01,0.000000000000e+00
29.890000,5.520873167501e-01,4.185275395732e-01,6.927955735262e-01,5.969768515894e-01,0.000000000000e+00
29.900000,5.519704871758e-01,4.234121152430e-01,6.956646016923e-01,5.980369794899e-01,0.000000000000e+00
29.910000,5.518239871326e-01,4.283204322338e-01,6.985471390277e-01,5.989174936978e-01,0.000000000000e+00
29.920000,5.516490217056e-01,4.332500697082e-01,7.014429884537e-01,5.996132734944e-01,0.000000000000e+00
29.930000,5.514468610763e-01,4.381985375297e-01,7.043518998939e-01,6.001196927149e-01,0.000000000000e+00
29.940000,5.512188383793e-01,4.431632803298e-01,7.072735685835e-01,6.004326461535e-01,0.000000000000e+00
29.950000,5.509663472574e-01,4.481416818649e-01,7.102076336079e-01,6.005485739810e-01,0.000000000000e+00
29.960000,5.506908391183e-01,4.531310696561e-01,7.131536766900e-01,6.004644840008e-01,0.000000000000e+00
29.970000,5.503938201004e-01,4.581287198968e-01,7.161112212491e-01,6.001779715758e-01,0.000000000000e+00
29.980000,5.500768477555e-01,4.631318626190e-01,7.190797317472e-01,5.996872370714e-01,0.000000000000e+00
29.990000,5.497415274589e-01,4.681376871017e-01,7.220586133395e-01,5.989911006704e-01,0.000000000000e+00
30.000000,5.493895085596e-01,4.731433475051e-01,7.250472118446e-01,5.980890144296e-01,0.000000000000e+00
30.010000,5.490224802834e-01,4.781459687150e-01,7.280448140430e-01,5.969810714614e-01,0.000000000000e+00
30.020000,5.486421674070e-01,4.831426523766e-01,7.310506483156e-01,5.956680121426e-01,0.000000000000e+00
30.030000,5.482503257188e-01,4.881304830987e-01,7.340638856264e-01,5.941512272655e-01,0.000000000000e+00
30.040000,5.478487372867e-01,4.931065348054e-01,7.370836408539e-01,5.924327580667e-01,0.000000000000e+00
30.050000,5.474392055541e-01,4.980678772139e-01,7.401089744694e-01,5.905152930876e-01,0.000000000000e+00
30.060000,5.470235502858e-01,5.030115824145e-01,7.431388945617e-01,5.884021618397e-01,0.000000000000e+00
30.070000,5.466036023876e-01,5.079347315262e-01,7.461723591997e-01,5.860973252664e-01,0.000000000000e+00
30.080000,5.461811986250e-01,5.128344214057e-01,7.492082791253e-01,5.836053630174e-01,0.000000000000e+00
30.090000,5.457581762659e-01,5.177077713796e-01,7.522455207629e-01,5.809314575676e-01,0.000000000000e+00
30.100000,5.453363676741e-01,5.225519299766e-01,7.552829095314e-01,5.780813752379e-01,0.000000000000e+00
30.110000,5.449175948812e-01,5.273640816293e-01,7.583192334392e-01,5.750614441924e-01,0.000000000000e+00
30.120000,5.445036641639e-01,5.321414533198e-01,7.613532469420e-01,5.718785295116e-01,0.000000000000e+00
30.130000,5.440963606534e-01,5.368813211407e-01,7.643836750389e-01,5.685400054561e-01,0.000000000000e+00
30.140000,5.436974430069e-01,5.415810167433e-01,7.674092175814e-01,5.650537250625e-01,0.000000000000e+00
30.150000,5.433086381657e-01,5.462379336455e-01,7.704285537665e-01,5.614279872244e-01,0.000000000000e+00
30.160000,5.429316362282e-01,5.508495333717e-01,7.734403467839e-01,5.576715014384e-01,0.000000000000e+00
30.170000,5.425680854633e-01,5.554133513970e-01,7.764432485851e-01,5.537933504055e-01,0.000000000000e+00
30.180000,5.422195874894e-01,5.599270028704e-01,7.794359047418e-01,5.498029507012e-01,0.000000000000e+00
30.190000,5.418876926413e-01,5.643881880886e-01,7.824169593574e-01,5.457100117371e-01,0.000000000000e+00
30.200000,5.415738955502e-01,5.687946976977e-01,7.853850599995e-01,5.415244932584e-01,0.000000000000e+00
30.210000,5.412796309537e-01,5.731444175966e-01,7.883388626140e-01,5.372565616259e-01,0.000000000000e+00
30.220000,5.410062697580e-01,5.774353335201e-01,7.912770363880e-01,5.329165451515e-01,0.000000000000e+00
30.230000,5.407551153667e-01,5.816655352789e-01,7.941982685240e-01,5.285148887583e-01,0.000000000000e+00
30.240000,5.405274002916e-01,5.858332206368e-01,7.971012688911e-01,5.240621082493e-01,0.000000000000e+00
30.250000,5.403242830587e-01,5.899366988054e-01,7.999847745178e-01,5.195687444734e-01,0.000000000000e+00
30.260000,5.401468454169e-01,5.939743935390e-01,8.028475538942e-01,5.150453176808e-01,0.000000000000e+00
30.270000,5.399960898597e-01,5.979448458151e-01,8.056884110502e-01,5.105022823645e-01,0.000000000000e+00
30.280000,5.398729374618e-01,6.018467160856e-01,8.085061893806e-01,5.059499828823e-01,0.000000000000e+00
30.290000,5.397782260348e-01,6.056787860884e-01,8.112997751872e-01,5.013986101551e-01,0.000000000000e+00
30.300000,5.397127085996e-01,6.094399602093e-01,8.140681009128e-01,4.968581597301e-01,0.000000000000e+00
30.310000,5.396770521740e-01,6.131292663877e-01,8.168101480420e-01,4.923383914947e-01,0.000000000000e+00
30.320000,5.396718368685e-01,6.167458565622e-01,8.195249496481e-01,4.878487913159e-01,0.000000000000e+00
30.330000,5.396975552821e-01,6.202890066525e-01,8.222115925669e-01,4.833985348717e-01,0.000000000000e+00
30.340000,5.397546121881e-01,6.237581160809e-01,8.248692191827e-01,4.789964539267e-01,0.000000000000e+00
30.350000,5.398433244956e-01,6.271527068344e-01,8.274970288117e-01,4.746510052899e-01,0.000000000000e+00
30.360000,5.399639214736e-01,6.304724220761e-01,8.300942786766e-01,4.703702426748e-01,0.000000000000e+00
30.370000,5.401165452190e-01,6.337170243128e-01,8.326602844637e-01,4.661617916624e-01,0.000000000000e+00
30.380000,5.403012513503e-01,6.368863931336e-01,8.351944204611e-01,4.620328279464e-01,0.000000000000e+00
30.390000,5.405180099088e-01,6.399805225324e-01,8.376961192799e-01,4.579900590148e-01,0.000000000000e+00
30.400000,5.407667064437e-01,6.429995178335e-01,8.401648711605e-01,4.540397093960e-01,0.000000000000e+00
30.410000,5.410471432618e-01,6.459435922416e-01,8.426002228755e-01,4.501875095699e-01,0.000000000000e+00
30.420000,5.413590408180e-01,6.488130630387e-01,8.450017762378e-01,4.464386886139e-01,0.000000000000e+00
30.430000,5.417020392252e-01,6.516083474561e-01,8.473691862318e-01,4.427979706197e-01,0.000000000000e+00
30.440000,5.420756998623e-01,6.543299582499e-01,8.497021587854e-01,4.392695748864e-01,0.000000000000e+00
30.450000,5.424795070573e-01,6.569784990119e-01,8.520004482047e-01,4.358572198572e-01,0.000000000000e+00
30.460000,5.429128698269e-01,6.595546592498e-01,8.542638542990e-01,4.325641307312e-01,0.000000000000e+00
30.470000,5.433751236537e-01,6.620592092730e-01,8.564922192226e-01,4.293930506453e-01,0.000000000000e+00
30.480000,5.438655322823e-01,6.644929949223e-01,8.586854240672e-01,4.263462552809e-01,0.000000000000e+00
30.490000,5.443832895216e-01,6.668569321818e-01,8.608433852388e-01,4.234255707146e-01,0.000000000000e+00
30.500000,5.449275210395e-01,6.691520017151e-01,8.629660506564e-01,4.206323942908e-01,0.000000000000e+00
30.510000,5.454972861396e-01,6.713792433649e-01,8.650533958126e-01,4.179677182577e-01,0.000000000000e+00
30.520000,5.460915795148e-01,6.735397506598e-01,8.671054197362e-01,4.154321558724e-01,0.000000000000e+00
30.530000,5.467093329719e-01,6.756346653688e-01,8.691221409023e-01,4.130259696438e-01,0.000000000000e+00
30.540000,5.473494171290e-01,6.776651721437e-01,8.711035931323e-01,4.107491013495e-01,0.000000000000e+00
30.550000,5.480106430867e-01,6.796324932899e-01,8.730498215290e-01,4.086012034356e-01,0.000000000000e+00
30.560000,5.486917640812e-01,6.815378837042e-01,8.749608784938e-01,4.065816713760e-01,0.000000000000e+00
30.570000,5.493914771281e-01,6.833826260141e-01,8.768368198695e-01,4.046896765514e-01,0.000000000000e+00
30.580000,5.501084246714e-01,6.851680259521e-01,8.786777012543e-01,4.029241991855e-01,0.000000000000e+00
30.590000,5.508411962527e-01,6.868954079967e-01,8.804835745294e-01,4.012840608675e-01,0.000000000000e+00
30.600000,5.515883302211e-01,6.885661113030e-01,8.822544846421e-01,3.997679561793e-01,0.000000000000e+00
30.610000,5.523483155061e-01,6.901814859476e-01,8.839904666835e-01,3.983744829511e-01,0.000000000000e+00
30.620000,5.531195934757e-01,6.917428895037e-01,8.856915432958e-01,3.971021706738e-01,0.000000000000e+00
30.630000,5.539005599080e-01,6.932516839579e-01,8.873577224417e-01,3.959495066119e-01,0.000000000000e+00
30.640000,5.546895671012e-01,6.947092329768e-01,8.889889955641e-01,3.949149591875e-01,0.000000000000e+00
30.650000,5.554849261504e-01,6.961168995224e-01,8.905853361588e-01,3.939969982352e-01,0.000000000000e+00
30.660000,5.562849094179e-01,6.974760438135e-01,8.921466987776e-01,3.931941117703e-01,0.000000000000e+00
30.670000,5.570877532226e-01,6.987880216197e-01,8.936730184748e-01,3.925048189624e-01,0.000000000000e+00
30.680000,5.578916607741e-01,7.000541828733e-01,8.951642107008e-01,3.919276790654e-01,0.000000000000e+00
30.690000,5.586948053711e-01,7.012758705750e-01,8.966201716443e-01,3.914612961202e-01,0.000000000000e+00
30.700000,5.594953338842e-01,7.024544199675e-01,8.980407790129e-01,3.911043193229e-01,0.000000000000e+00
30.710000,5.602913705351e-01,7.035911579407e-01,8.994258932388e-01,3.908554390293e-01,0.000000000000e+00
30.720000,5.610810209825e-01,7.046874026353e-01,9.007753590878e-01,3.907133784569e-01,0.000000000000e+00
30.730000,5.618623767174e-01,7.057444632002e-01,9.020890076418e-01,3.906768812334e-01,0.000000000000e+00
30.740000,5.626335197632e-01,7.067636396616e-01,9.033666586214e-01,3.907446950377e-01,0.000000000000e+00
30.750000,5.633925276724e-01,7.077462228574e-01,9.046081230046e-01,3.909155516715e-01,0.000000000000e+00
30.760000,5.641374788001e-01,7.086934943898e-01,9.058132058970e-01,3.911881439952e-01,0.000000000000e+00
30.770000,5.648664578310e-01,7.096067265496e-01,9.069817095989e-01,3.915611002514e-01,0.000000000000e+00
30.780000,5.655775615252e-01,7.104871821671e-01,9.081134368153e-01,3.920329563842e-01,0.000000000000e+00
30.790000,5.662689046434e-01,7.113361143461e-01,9.092081939463e-01,3.926021270371e-01,0.000000000000e+00
30.800000,5.669386260034e-01,7.121547660439e-01,9.102657943994e-01,3.932668759786e-01,0.000000000000e+00
30.810000,5.675848946133e-01,7.129443694609e-01,9.112860618594e-01,3.940252867538e-01,0.000000000000e+00
30.820000,5.682059158209e-01,7.137061452155e-01,9.122688334544e-01,3.948752343962e-01,0.000000000000e+00
30.830000,5.687999374141e-01,7.144413012804e-01,9.132139627588e-01,3.958143590499e-01,0.000000000000e+00
30.840000,5.693652556020e-01,7.151510316712e-01,9.141213225755e-01,3.968400423449e-01,0.000000000000e+00
30.850000,5.699002208057e-01,7.158365148815e-01,9.149908074468e-01,3.979493873444e-01,0.000000000000e+00
30.860000,5.704032431862e-01,7.164989120714e-01,9.158223358473e-01,3.991392028314e-01,0.000000000000e+00
30.870000,5.708727978362e-01,7.171393650236e-01,9.166158520208e-01,4.004059926236e-01,0.000000000000e+00
30.880000,5.713074295666e-01,7.177589938936e-01,9.173713274313e-01,4.017459505143e-01,0.000000000000e+00
30.890000,5.717057572224e-01,7.183588947844e-01,9.180887618074e-01,4.031549613091e-01,0.000000000000e+00
30.900000,5.720664774692e-01,7.189401371906e-01,9.187681837698e-01,4.046286082912e-01,0.000000000000e+00
30.910000,5.723883679970e-01,7.195037613597e-01,9.194096510419e-01,4.061621872877e-01,0.000000000000e+00
30.920000,5.726702901005e-01,7.200507756256e-01,9.200132502540e-01,4.077507273359e-01,0.000000000000e+00
30.930000,5.729111906035e-01,7.205821537751e-01,9.205790963616e-01,4.093890177668e-01,0.000000000000e+00
30.940000,5.731101031078e-01,7.210988325093e-01,9.211073317103e-01,4.110716413380e-01,0.000000000000e+00
30.950000,5.732661485591e-01,7.216017090634e-01,9.215981247849e-01,4.127930128627e-01,0.000000000000e+00
30.960000,5.733785351366e-01,7.220916390473e-01,9.220516686918e-01,4.145474226099e-01,0.000000000000e+00
30.970000,5.734465574839e-01,7.225694345655e-01,9.224681794287e-01,4.163290835905e-01,0.000000000000e+00
30.980000,5.734695953150e-01,7.230358626699e-01,9.228478939985e-01,4.181321817076e-01,0.000000000000e+00
30.990000,5.734471114371e-01,7.234916441912e-01,9.231910684306e-01,4.199509276430e-01,0.000000000000e+00
31.000000,5.733786492473e-01,7.239374529871e-01,9.234979757694e-01,4.217796092780e-01,0.000000000000e+00
31.010000,5.732638297649e-01,7.243739156332e-01,9.237689040916e-01,4.236126434111e-01,0.000000000000e+00
31.020000,5.731023482730e-01,7.248016115719e-01,9.240041546082e-01,4.254446255429e-01,0.000000000000e+00
31.030000,5.728939706450e-01,7.252210737237e-01,9.242040399037e-01,4.272703765470e-01,0.000000000000e+00
31.040000,5.726385294366e-01,7.256327895508e-01,9.243688823552e-01,4.290849851379e-01,0.000000000000e+00
31.050000,5.723359198236e-01,7.260372025543e-01,9.244990127703e-01,4.308838451780e-01,0.000000000000e+00
31.060000,5.719860954649e-01,7.264347141714e-01,9.245947692684e-01,4.326626870305e-01,0.000000000000e+00
31.070000,5.715890643665e-01,7.268256860325e-01,9.246564964245e-01,4.344176023626e-01,0.000000000000e+00
31.080000,5.711448848141e-01,7.272104425294e-01,9.246845446816e-01,4.361450620149e-01,0.000000000000e+00
31.090000,5.706536614385e-01,7.275892736368e-01,9.246792700307e-01,4.378419267831e-01,0.000000000000e+00
31.100000,5.701155414653e-01,7.279624379301e-01,9.246410339464e-01,4.395054511813e-01,0.000000000000e+00
31.110000,5.695307111921e-01,7.283301657354e-01,9.245702035601e-01,4.411332804800e-01,0.000000000000e+00
31.120000,5.688993927266e-01,7.286926623517e-01,9.244671520448e-01,4.427234415083e-01,0.000000000000e+00
31.130000,5.682218410080e-01,7.290501112866e-01,9.243322591825e-01,4.442743278843e-01,0.000000000000e+00
31.140000,5.674983411238e-01,7.294026774496e-01,9.241659120790e-01,4.457846804767e-01,0.000000000000e+00
31.150000,5.667292059252e-01,7.297505102549e-01,9.239685059924e-01,4.472535639975e-01,0.000000000000e+00
31.160000,5.659147739358e-01,7.300937465917e-01,9.237404452394e-01,4.486803406815e-01,0.000000000000e+00
31.170000,5.650554075409e-01,7.304325136273e-01,9.234821441452e-01,4.500646420226e-01,0.000000000000e+00
31.180000,5.641514914401e-01,7.307669314166e-01,9.231940280061e-01,4.514063395017e-01,0.000000000000e+00
31.190000,5.632034313383e-01,7.310971153010e-01,9.228765340351e-01,4.527055151800e-01,0.000000000000e+00
31.200000,5.622116528515e-01,7.314231780838e-01,9.225301122674e-01,4.539624329237e-01,0.000000000000e+00
31.210000,5.611766005987e-01,7.317452319814e-01,9.221552264055e-01,4.551775109097e-01,0.000000000000e+00
31.220000,5.600987374517e-01,7.320633903503e-01,9.217523545867e-01,4.563512959165e-01,0.000000000000e+00
31.230000,5.589785439157e-01,7.323777691980e-01,9.213219900630e-01,4.574844397610e-01,0.000000000000e+00
31.240000,5.578165176136e-01,7.326884884910e-01,9.208646417850e-01,4.585776780989e-01,0.000000000000e+00
31.250000,5.566131728507e-01,7.329956732701e-01,9.203808348850e-01,4.596318116735e-01,0.000000000000e+00
31.260000,5.553690402362e-01,7.332994545937e-01,9.198711110587e-01,4.606476899830e-01,0.000000000000e+00
31.270000,5.540846663436e-01,7.335999703209e-01,9.193360288447e-01,4.616261972443e-01,0.000000000000e+00
31.280000,5.527606133926e-01,7.338973657548e-01,9.187761638071e-01,4.625682404658e-01,0.000000000000e+00
31.290000,5.513974589389e-01,7.341917941593e-01,9.181921086217e-01,4.634747393940e-01,0.000000000000e+00
31.300000,5.499957955599e-01,7.344834171659e-01,9.175844730734e-01,4.643466180826e-01,0.000000000000e+00
31.310000,5.485562305292e-01,7.347724050816e-01,9.169538839668e-01,4.651847978297e-01,0.000000000000e+00
31.320000,5.470793854714e-01,7.350589371111e-01,9.163009849578e-01,4.659901912420e-01,0.000000000000e+00
31.330000,5.455658959934e-01,7.353432015010e-01,9.156264363074e-01,4.667636972121e-01,0.000000000000e+00
31.340000,5.440164112895e-01,7.356253956132e-01,9.149309145632e-01,4.675061966310e-01,0.000000000000e+00
31.350000,5.424315937153e-01,7.359057259325e-01,9.142151121704e-01,4.682185486973e-01,0.000000000000e+00
31.360000,5.408121183328e-01,7.361844080108e-01,9.134797370133e-01,4.689015877270e-01,0.000000000000e+00
31.370000,5.391586724216e-01,7.364616663491e-01,9.127255118869e-01,4.695561204109e-01,0.000000000000e+00
31.380000,5.374719549574e-01,7.367377342160e-01,9.119531738984e-01,4.701829234951e-01,0.000000000000e+00
31.390000,5.357526760557e-01,7.370128534015e-01,9.111634737960e-01,4.707827418823e-01,0.000000000000e+00
31.400000,5.340015563808e-01,7.372872739038e-01,9.103571752217e-01,4.713562871550e-01,0.000000000000e+00
31.410000,5.322193265177e-01,7.375612535455e-01,9.095350538878e-01,4.719042365081e-01,0.000000000000e+00
31.420000,5.304067263092e-01,7.378350575182e-01,9.086978966725e-01,4.724272320585e-01,0.000000000000e+00
31.430000,5.285645041570e-01,7.381089578507e-01,9.078465006344e-01,4.729258804697e-01,0.000000000000e+00
31.440000,5.266934162906e-01,7.383832328002e-01,9.069816719451e-01,4.734007528063e-01,0.000000000000e+00
31.450000,5.247942260047e-01,7.386581661644e-01,9.061042247387e-01,4.738523845232e-01,0.000000000000e+00
31.460000,5.228677028706e-01,7.389340465111e-01,9.052149798796e-01,4.742812754943e-01,0.000000000000e+00
31.470000,5.209146219242e-01,7.392111663255e-01,9.043147636496e-01,4.746878900072e-01,0.000000000000e+00
31.480000,5.189357628355e-01,7.394898210738e-01,9.034044063549e-01,4.750726566787e-01,0.000000000000e+00
31.490000,5.169319090645e-01,7.397703081814e-01,9.024847408549e-01,4.754359682806e-01,0.000000000000e+00
31.500000,5.149038470046e-01,7.400529259276e-01,9.015566010152e-01,4.757781815064e-01,0.000000000000e+00
31.510000,5.128523651195e-01,7.403379722559e-01,9.006208200861e-01,4.760996167349e-01,0.000000000000e+00
31.520000,5.107782530732e-01,7.406257435037e-01,8.996782290091e-01,4.764005578740e-01,0.000000000000e+00
31.530000,5.086823008549e-01,7.409165330534e-01,8.987296546542e-01,4.766812523790e-01,0.000000000000e+00
31.540000,5.065652978993e-01,7.412106299085e-01,8.977759179913e-01,4.769419115439e-01,0.000000000000e+00
31.550000,5.044280322001e-01,7.415083172021e-01,8.968178321985e-01,4.771827111609e-01,0.000000000000e+00
31.560000,5.022712894170e-01,7.418098706413e-01,8.958562007116e-01,4.774037926315e-01,0.000000000000e+00
31.570000,5.000958519727e-01,7.421155568969e-01,8.948918152206e-01,4.776052646013e-01,0.000000000000e+00
31.580000,4.979024981371e-01,7.424256319458e-01,8.939254536152e-01,4.777872051712e-01,0.000000000000e+00
31.590000,4.956920010972e-01,7.427403393735e-01,8.929578778892e-01,4.779496647233e-01,0.000000000000e+00
31.600000,4.934651280085e-01,7.430599086485e-01,8.919898320055e-01,4.780926693829e-01,0.000000000000e+00
31.610000,4.912226390250e-01,7.433845533757e-01,8.910220397321e-01,4.782162251218e-01,0.000000000000e+00
31.620000,4.889652863062e-01,7.437144695402e-01,8.900552024543e-01,4.783203224939e-01,0.000000000000e+00
31.630000,4.866938129963e-01,7.440498337511e-01,8.890899969710e-01,4.784049419835e-01,0.000000000000e+00
31.640000,4.844089521761e-01,7.443908014959e-01,8.881270732840e-01,4.784700599324e-01,0.000000000000e+00
31.650000,4.821114257838e-01,7.447375054152e-01,8.871670523883e-01,4.785156550059e-01,0.000000000000e+00
31.660000,4.798019435046e-01,7.450900536080e-01,8.862105240722e-01,4.785417151470e-01,0.000000000000e+00
31.670000,4.774812016285e-01,7.454485279773e-01,8.852580447373e-01,4.785482449628e-01,0.000000000000e+00
31.680000,4.751498818753e-01,7.458129826269e-01,8.843101352472e-01,4.785352734800e-01,0.000000000000e+00
31.690000,4.728086501893e-01,7.461834423169e-01,8.833672788154e-01,4.785028622026e-01,0.000000000000e+00
31.700000,4.704581555033e-01,7.465599009887e-01,8.824299189419e-01,4.784511134012e-01,0.000000000000e+00
31.710000,4.680990284753e-01,7.469423203685e-01,8.814984574104e-01,4.783801785583e-01,0.000000000000e+00
31.720000,4.657318801993e-01,7.473306286558e-01,8.805732523539e-01,4.782902668946e-01,0.000000000000e+00
31.730000,4.633573008957e-01,7.477247193077e-01,8.796546164019e-01,4.781816538963e-01,0.000000000000e+00
31.740000,4.609758585829e-01,7.481244499240e-01,8.787428149181e-01,4.780546897662e-01,0.000000000000e+00
31.750000,4.585880977372e-01,7.485296412421e-01,8.778380643400e-01,4.779098077172e-01,0.000000000000e+00
31.760000,4.561945379450e-01,7.489400762475e-01,8.769405306293e-01,4.777475320309e-01,0.000000000000e+00
31.770000,4.537956725533e-01,7.493554994059e-01,8.760503278453e-01,4.775684858019e-01,0.000000000000e+00
31.780000,4.513919673269e-01,7.497756160224e-01,8.751675168497e-01,4.773733982919e-01,0.000000000000e+00
31.790000,4.489838591163e-01,7.502000917329e-01,8.742921041523e-01,4.771631118185e-01,0.000000000000e+00
31.800000,4.465717545475e-01,7.506285521317e-01,8.734240409074e-01,4.769385881071e-01,0.000000000000e+00
31.810000,4.441560287382e-01,7.510605825388e-01,8.725632220693e-01,4.767009140372e-01,0.000000000000e+00
31.820000,4.417370240520e-01,7.514957279099e-01,8.717094857148e-01,4.764513067170e-01,0.000000000000e+00
31.830000,4.393150488971e-01,7.519334928911e-01,8.708626125394e-01,4.761911178257e-01,0.000000000000e+00
31.840000,4.368903765795e-01,7.523733420202e-01,8.700223255356e-01,4.759218371657e-01,0.000000000000e+00
31.850000,4.344632442195e-01,7.528147000744e-01,8.691882898577e-01,4.756450953729e-01,0.000000000000e+00
31.860000,4.320338517414e-01,7.532569525658e-01,8.683601128790e-01,4.753626657372e-01,0.000000000000e+00
31.870000,4.296023609454e-01,7.536994463826e-01,8.675373444454e-01,4.750764650922e-01,0.000000000000e+00
31.880000,4.271688946708e-01,7.541414905751e-01,8.667194773288e-01,4.747885537356e-01,0.000000000000e+00
31.890000,4.247335360604e-01,7.545823572849e-01,8.659059478834e-01,4.745011343523e-01,0.000000000000e+00
31.900000,4.222963279353e-01,7.550212828129e-01,8.650961369051e-01,4.742165499125e-01,0.000000000000e+00
31.910000,4.198572722890e-01,7.554574688248e-01,8.642893706954e-01,4.739372805287e-01,0.000000000000e+00
31.920000,4.174163299089e-01,7.558900836868e-01,8.634849223297e-01,4.736659392569e-01,0.000000000000e+00
31.930000,4.149734201349e-01,7.563182639300e-01,8.626820131268e-01,4.734052668377e-01,0.000000000000e+00
31.940000,4.125284207618e-01,7.567411158345e-01,8.618798143191e-01,4.731581253752e-01,0.000000000000e+00
31.950000,4.100811680942e-01,7.571577171300e-01,8.610774489179e-01,4.729274909624e-01,0.000000000000e+00
31.960000,4.076314571596e-01,7.575671188040e-01,8.602739937713e-01,4.727164452630e-01,0.000000000000e+00
31.970000,4.051790420878e-01,7.579683470122e-01,8.594684818070e-01,4.725281660710e-01,0.000000000000e+00
31.980000,4.027236366599e-01,7.583604050811e-01,8.586599044554e-01,4.723659168708e-01,0.000000000000e+00
31.990000,4.002649150350e-01,7.587422755971e-01,8.578472142441e-01,4.722330354308e-01,0.000000000000e+00
32.000000,3.978025126565e-01,7.591129225719e-01,8.570293275562e-01,4.721329214647e-01,0.000000000000e+00
32.010000,3.953360273419e-01,7.594712936754e-01,8.562051275433e-01,4.720690234055e-01,0.000000000000e+00
32.020000,3.928650205601e-01,7.598163225280e-01,8.553734671824e-01,4.720448243389e-01,0.000000000000e+00
32.030000,3.903890188960e-01,7.601469310415e-01,8.545331724669e-01,4.720638271486e-01,0.000000000000e+00
32.040000,3.879075157045e-01,7.604620318000e-01,8.536830457198e-01,4.721295389341e-01,0.000000000000e+00
32.050000,3.854199729539e-01,7.607605304701e-01,8.528218690166e-01,4.722454547614e-01,0.000000000000e+00
32.060000,3.829258232556e-01,7.610413282318e-01,8.519484077060e-01,4.724150408165e-01,0.000000000000e+00
32.070000,3.804244720810e-01,7.613033242190e-01,8.510614140149e-01,4.726417170325e-01,0.000000000000e+00
32.080000,3.779153001597e-01,7.615454179605e-01,8.501596307232e-01,4.729288392663e-01,0.000000000000e+00
32.090000,3.753976660558e-01,7.617665118118e-01,8.492417948960e-01,4.732796811050e-01,0.000000000000e+00
32.100000,3.728709089174e-01,7.619655133677e-01,8.483066416565e-01,4.736974153849e-01,0.000000000000e+00
32.110000,3.703343513923e-01,7.621413378463e-01,8.473529079878e-01,4.741850955086e-01,0.000000000000e+00
32.120000,3.677873027026e-01,7.622929104366e-01,8.463793365455e-01,4.747456366493e-01,0.000000000000e+00
32.130000,3.652290618702e-01,7.624191685982e-01,8.453846794688e-01,4.753817969339e-01,0.000000000000e+00
32.140000,3.626589210827e-01,7.625190643074e-01,8.443677021731e-01,4.760961586974e-01,0.000000000000e+00
32.150000,3.600761691900e-01,7.625915662398e-01,8.433271871098e-01,4.768911099034e-01,0.000000000000e+00
32.160000,3.574800953206e-01,7.626356618825e-01,8.422619374787e-01,4.777688258273e-01,0.000000000000e+00
32.170000,3.548699926034e-01,7.626503595683e-01,8.411707808763e-01,4.787312510994e-01,0.000000000000e+00
32.180000,3.522451619829e-01,7.626346904254e-01,8.400525728670e-01,4.797800822046e-01,0.000000000000e+00
32.190000,3.496049161137e-01,7.625877102360e-01,8.389062004622e-01,4.809167505379e-01,0.000000000000e+00
32.200000,3.469485833184e-01,7.625085011995e-01,8.377305854916e-01,4.821424061124e-01,0.000000000000e+00
32.210000,3.442755115927e-01,7.623961735926e-01,8.365246878551e-01,4.834579020172e-01,0.000000000000e+00
32.220000,3.415850726429e-01,7.622498673251e-01,8.352875086397e-01,4.848637797210e-01,0.000000000000e+00
32.230000,3.388766659359e-01,7.620687533850e-01,8.340180930901e-01,4.863602553170e-01,0.000000000000e+00
32.240000,3.361497227462e-01,7.618520351707e-01,8.327155334183e-01,4.879472068003e-01,0.000000000000e+00
32.250000,3.334037101793e-01,7.615989497078e-01,8.313789714428e-01,4.896241624697e-01,0.000000000000e+00
32.260000,3.306381351549e-01,7.613087687481e-01,8.300076010444e-01,4.913902905410e-01,0.000000000000e+00
32.270000,3.278525483280e-01,7.609807997502e-01,8.286006704280e-01,4.932443900563e-01,0.000000000000e+00
32.280000,3.250465479309e-01,7.606143867398e-01,8.271574841814e-01,4.951848831705e-01,0.000000000000e+00
32.290000,3.222197835148e-01,7.602089110505e-01,8.256774051220e-01,4.972098088915e-01,0.000000000000e+00
32.300000,3.193719595707e-01,7.597637919461e-01,8.241598559213e-01,4.993168183462e-01,0.000000000000e+00
32.310000,3.165028390122e-01,7.592784871233e-01,8.226043205035e-01,5.015031716392e-01,0.000000000000e+00
32.320000,3.136122464972e-01,7.587524930994e-01,8.210103452074e-01,5.037657363655e-01,0.000000000000e+00
32.330000,3.107000715718e-01,7.581853454847e-01,8.193775397108e-01,5.061009878326e-01,0.000000000000e+00
32.340000,3.077662716149e-01,7.575766191431e-01,8.177055777087e-01,5.085050110395e-01,0.000000000000e+00
32.350000,3.048108745664e-01,7.569259282448e-01,8.159941973465e-01,5.109735044555e-01,0.000000000000e+00
32.360000,3.018339814199e-01,7.562329262135e-01,8.142432014019e-01,5.135017856309e-01,0.000000000000e+00
32.370000,2.988357684618e-01,7.554973055720e-01,8.124524572175e-01,5.160847986654e-01,0.000000000000e+00
32.380000,2.958164892413e-01,7.547187976924e-01,8.106218963840e-01,5.187171235517e-01,0.000000000000e+00
32.390000,2.927764762534e-01,7.538971724523e-01,8.087515141741e-01,5.213929874016e-01,0.000000000000e+00
32.400000,2.897161423217e-01,7.530322378053e-01,8.068413687311e-01,5.241062775525e-01,0.000000000000e+00
32.410000,2.866359816655e-01,7.521238392683e-01,8.048915800163e-01,5.268505565431e-01,0.000000000000e+00
32.420000,2.835365706390e-01,7.511718593327e-01,8.029023285201e-01,5.296190789364e-01,0.000000000000e+00
32.430000,2.804185681320e-01,7.501762168030e-01,8.008738537436e-01,5.324048099572e-01,0.000000000000e+00
32.440000,2.772827156196e-01,7.491368660715e-01,7.988064524581e-01,5.352004459013e-01,0.000000000000e+00
32.450000,2.741298368553e-01,7.480537963305e-01,7.967004767532e-01,5.379984362621e-01,0.000000000000e+00
32.460000,2.709608371975e-01,7.469270307320e-01,7.945563318814e-01,5.407910075083e-01,0.000000000000e+00
32.470000,2.677767025667e-01,7.457566254970e-01,7.923744739138e-01,5.435701884384e-01,0.000000000000e+00
32.480000,2.645784980273e-01,7.445426689823e-01,7.901554072166e-01,5.463278370219e-01,0.000000000000e+00
32.490000,2.613673659939e-01,7.432852807091e-01,7.878996817650e-01,5.490556686304e-01,0.000000000000e+00
32.500000,2.581445240621e-01,7.419846103588e-01,7.856078903069e-01,5.517452855487e-01,0.000000000000e+00
32.510000,2.549112624633e-01,7.406408367422e-01,7.832806653945e-01,5.543882076451e-01,0.000000000000e+00
32.520000,2.516689411515e-01,7.392541667462e-01,7.809186762986e-01,5.569759040732e-01,0.000000000000e+00
32.530000,2.484189865240e-01,7.378248342624e-01,7.785226258241e-01,5.594998258627e-01,0.000000000000e+00
32.540000,2.451628877862e-01,7.363530991044e-01,7.760932470446e-01,5.619514392538e-01,0.000000000000e+00
32.550000,2.419021929695e-01,7.348392459148e-01,7.736312999744e-01,5.643222596158e-01,0.000000000000e+00
32.560000,2.386385046149e-01,7.332835830700e-01,7.711375681970e-01,5.666038857874e-01,0.000000000000e+00
32.570000,2.353734751346e-01,7.316864415829e-01,7.686128554697e-01,5.687880346678e-01,0.000000000000e+00
32.580000,2.321088018692e-01,7.300481740103e-01,7.660579823231e-01,5.708665758806e-01,0.000000000000e+00
32.590000,2.288462218566e-01,7.283691533654e-01,7.634737826752e-01,5.728315663324e-01,0.000000000000e+00
32.600000,2.255875063335e-01,7.266497720418e-01,7.608611004790e-01,5.746752844802e-01,0.000000000000e+00
32.610000,2.223344549894e-01,7.248904407483e-01,7.582207864228e-01,5.763902641210e-01,0.000000000000e+00
32.620000,2.190888899962e-01,7.230915874602e-01,7.555536947004e-01,5.779693275186e-01,0.000000000000e+00
32.630000,2.158526498393e-01,7.212536563873e-01,7.528606798703e-01,5.794056176796e-01,0.000000000000e+00
32.640000,2.126275829738e-01,7.193771069617e-01,7.501425938193e-01,5.806926295937e-01,0.000000000000e+00
32.650000,2.094155413342e-01,7.174624128470e-01,7.474002828475e-01,5.818242402588e-01,0.000000000000e+00
32.660000,2.062183737266e-01,7.155100609701e-01,7.446345848883e-01,5.827947373128e-01,0.000000000000e+00
32.670000,2.030379191310e-01,7.135205505784e-01,7.418463268783e-01,5.835988461019e-01,0.000000000000e+00
32.680000,1.998759999453e-01,7.114943923222e-01,7.390363222874e-01,5.842317550228e-01,0.000000000000e+00
32.690000,1.967344152010e-01,7.094321073634e-01,7.362053688222e-01,5.846891389842e-01,0.000000000000e+00
32.700000,1.936149337834e-01,7.073342265135e-01,7.333542463103e-01,5.849671808431e-01,0.000000000000e+00
32.710000,1.905192876855e-01,7.052012893984e-01,7.304837147735e-01,5.850625906831e-01,0.000000000000e+00
32.720000,1.874491653306e-01,7.030338436538e-01,7.275945126963e-01,5.849726228141e-01,0.000000000000e+00
32.730000,1.844062049927e-01,7.008324441501e-01,7.246873554942e-01,5.846950903852e-01,0.000000000000e+00
32.740000,1.813919883479e-01,6.985976522468e-01,7.217629341838e-01,5.842283775184e-01,0.000000000000e+00
32.750000,1.784080341876e-01,6.963300350789e-01,7.188219142567e-01,5.835714488851e-01,0.000000000000e+00
32.760000,1.754557923236e-01,6.940301648728e-01,7.158649347561e-01,5.827238566616e-01,0.000000000000e+00
32.770000,1.725366377156e-01,6.916986182944e-01,7.128926075536e-01,5.816857448188e-01,0.000000000000e+00
32.780000,1.696518648487e-01,6.893359758276e-01,7.099055168238e-01,5.804578507151e-01,0.000000000000e+00
32.790000,1.668026823907e-01,6.869428211850e-01,7.069042187103e-01,5.790415039799e-01,0.000000000000e+00
32.800000,1.639902081524e-01,6.845197407489e-01,7.038892411771e-01,5.774386226919e-01,0.000000000000e+00
32.810000,1.612154643784e-01,6.820673230440e-01,7.008610840382e-01,5.756517068718e-01,0.000000000000e+00
32.820000,1.584793733903e-01,6.795861582413e-01,6.978202191563e-01,5.736838293268e-01,0.000000000000e+00
32.830000,1.557827536042e-01,6.770768376922e-01,6.947670908007e-01,5.715386239008e-01,0.000000000000e+00
32.840000,1.531263159412e-01,6.745399534937e-01,6.917021161548e-01,5.692202711973e-01,0.000000000000e+00
32.850000,1.505106606497e-01,6.719760980834e-01,6.886256859605e-01,5.667334818605e-01,0.000000000000e+00
32.860000,1.479362745540e-01,6.693858638638e-01,6.855381652903e-01,5.640834775128e-01,0.000000000000e+00
32.870000,1.454035287428e-01,6.667698428564e-01,6.824398944330e-01,5.612759694577e-01,0.000000000000e+00
32.880000,1.429126767086e-01,6.641286263832e-01,6.793311898814e-01,5.583171352756e-01,0.000000000000e+00
32.890000,1.404638529471e-01,6.614628047760e-01,6.762123454115e-01,5.552135934450e-01,0.000000000000e+00
32.900000,1.380570720221e-01,6.587729671131e-01,6.730836332390e-01,5.519723761361e-01,0.000000000000e+00
32.910000,1.356922281010e-01,6.560597009798e-01,6.699453052427e-01,5.486009003313e-01,0.000000000000e+00
32.920000,1.333690949627e-01,6.533235922553e-01,6.667975942432e-01,5.451069374363e-01,0.000000000000e+00
32.930000,1.310873264757e-01,6.505652249211e-01,6.636407153266e-01,5.414985815494e-01,0.000000000000e+00
32.940000,1.288464575460e-01,6.477851808918e-01,6.604748672017e-01,5.377842165665e-01,0.000000000000e+00
32.950000,1.266459055274e-01,6.449840398661e-01,6.573002335834e-01,5.339724823000e-01,0.000000000000e+00
32.960000,1.244849720886e-01,6.421623791958e-01,6.541169845910e-01,5.300722397939e-01,0.000000000000e+00
32.970000,1.223628455259e-01,6.393207737725e-01,6.509252781558e-01,5.260925360207e-01,0.000000000000e+00
32.980000,1.202786035119e-01,6.364597959276e-01,6.477252614303e-01,5.220425681439e-01,0.000000000000e+00
32.990000,1.182312162649e-01,6.335800153471e-01,6.445170721918e-01,5.179316475328e-01,0.000000000000e+00
33.000000,1.162195501244e-01,6.306819989957e-01,6.413008402367e-01,5.137691637107e-01,0.000000000000e+00
33.010000,1.142423715158e-01,6.277663110509e-01,6.380766887608e-01,5.095645484205e-01,0.000000000000e+00
33.020000,1.122983512849e-01,6.248335128427e-01,6.348447357210e-01,5.053272399826e-01,0.000000000000e+00
33.030000,1.103860693819e-01,6.218841627991e-01,6.316050951773e-01,5.010666481210e-01,0.000000000000e+00
33.040000,1.085040198736e-01,6.189188163929e-01,6.283578786121e-01,4.967921194243e-01,0.000000000000e+00
33.050000,1.066506162603e-01,6.159380260891e-01,6.251031962254e-01,4.925129036063e-01,0.000000000000e+00
33.060000,1.048241970732e-01,6.129423412911e-01,6.218411582064e-01,4.882381207215e-01,0.000000000000e+00
33.070000,1.030230317281e-01,6.099323082825e-01,6.185718759799e-01,4.839767294858e-01,0.000000000000e+00
33.080000,1.012453266072e-01,6.069084701635e-01,6.152954634287e-01,4.797374968434e-01,0.000000000000e+00
33.090000,9.948923134509e-02,6.038713667797e-01,6.120120380924e-01,4.755289689162e-01,0.000000000000e+00
33.100000,9.775284528912e-02,6.008215346425e-01,6.087217223430e-01,4.713594434594e-01,0.000000000000e+00
33.110000,9.603422410784e-02,5.977595068385e-01,6.054246445396e-01,4.672369439417e-01,0.000000000000e+00
33.120000,9.433138651884e-02,5.946858129280e-01,6.021209401610e-01,4.631691953581e-01,0.000000000000e+00
33.130000,9.264232110779e-02,5.916009788299e-01,5.988107529201e-01,4.591636018736e-01,0.000000000000e+00
33.140000,9.096499321049e-02,5.885055266946e-01,5.954942358578e-01,4.552272263880e-01,0.000000000000e+00
33.150000,8.929735182952e-02,5.853999747624e-01,5.921715524200e-01,4.513667721003e-01,0.000000000000e+00
33.160000,8.763733655768e-02,5.822848372083e-01,5.888428775163e-01,4.475885661438e-01,0.000000000000e+00
33.170000,8.598288448025e-02,5.791606239733e-01,5.855083985603e-01,4.438985453495e-01,0.000000000000e+00
33.180000,8.433193702900e-02,5.760278405817e-01,5.821683164929e-01,4.403022441887e-01,0.000000000000e+00
33.190000,8.268244676115e-02,5.728869879470e-01,5.788228467860e-01,4.368047849324e-01,0.000000000000e+00
33.200000,8.103238403719e-02,5.697385621659e-01,5.754722204256e-01,4.334108700561e-01,0.000000000000e+00
33.210000,7.937974357218e-02,5.665830543017e-01,5.721166848742e-01,4.301247769065e-01,0.000000000000e+00
33.220000,7.772255083616e-02,5.634209501607e-01,5.687565050076e-01,4.269503546375e-01,0.000000000000e+00
33.230000,7.605886827994e-02,5.602527300614e-01,5.653919640261e-01,4.238910234087e-01,0.000000000000e+00
33.240000,7.438680136384e-02,5.570788685999e-01,5.620233643344e-01,4.209497758320e-01,0.000000000000e+00
33.250000,7.270450436778e-02,5.538998344145e-01,5.586510283887e-01,4.181291806368e-01,0.000000000000e+00
33.260000,7.101018596257e-02,5.507160899507e-01,5.552752995056e-01,4.154313885146e-01,0.000000000000e+00
33.270000,6.930211452305e-02,5.475280912320e-01,5.518965426287e-01,4.128581400917e-01,0.000000000000e+00
33.280000,6.757862316557e-02,5.443362876369e-01,5.485151450483e-01,4.104107759660e-01,0.000000000000e+00
33.290000,6.583811449307e-02,5.411411216886e-01,5.451315170694e-01,4.080902487314e-01,0.000000000000e+00
33.300000,6.407906503287e-02,5.379430288574e-01,5.417460926225e-01,4.058971369023e-01,0.000000000000e+00
33.310000,6.230002935339e-02,5.347424373832e-01,5.383593298123e-01,4.038316606367e-01,0.000000000000e+00
33.320000,6.049964384776e-02,5.315397681180e-01,5.349717113985e-01,4.018936991444e-01,0.000000000000e+00
33.330000,5.867663017357e-02,5.283354343951e-01,5.315837452048e-01,4.000828096547e-01,0.000000000000e+00
33.340000,5.682979833967e-02,5.251298419260e-01,5.281959644493e-01,3.983982478055e-01,0.000000000000e+00
33.350000,5.495804943247e-02,5.219233887305e-01,5.248089279932e-01,3.968389893018e-01,0.000000000000e+00
33.360000,5.306037797587e-02,5.187164651023e-01,5.214232205024e-01,3.954037526824e-01,0.000000000000e+00
33.370000,5.113587392023e-02,5.155094536123e-01,5.180394525181e-01,3.940910230195e-01,0.000000000000e+00
33.380000,4.918372425794e-02,5.123027291553e-01,5.146582604330e-01,3.928990763658e-01,0.000000000000e+00
33.390000,4.720321426410e-02,5.090966590390e-01,5.112803063698e-01,3.918260047529e-01,0.000000000000e+00
33.400000,4.519372836308e-02,5.058916031207e-01,5.079062779602e-01,3.908697415358e-01,0.000000000000e+00
33.410000,4.315475062278e-02,5.026879139914e-01,5.045368880215e-01,3.900280868670e-01,0.000000000000e+00
33.420000,4.108586488035e-02,4.994859372107e-01,5.011728741305e-01,3.892987330804e-01,0.000000000000e+00
33.430000,3.898675450454e-02,4.962860115911e-01,4.978149980944e-01,3.886792897543e-01,0.000000000000e+00
33.440000,3.685720180137e-02,4.930884695351e-01,4.944640453189e-01,3.881673082208e-01,0.000000000000e+00
33.450000,3.469708707141e-02,4.898936374230e-01,4.911208240736e-01,3.877603052846e-01,0.000000000000e+00
33.460000,3.250638732825e-02,4.867018360517e-01,4.877861646595e-01,3.874557859149e-01,0.000000000000e+00
33.470000,3.028517468933e-02,4.835133811240e-01,4.844609184773e-01,3.872512646718e-01,0.000000000000e+00
33.480000,2.803361445147e-02,4.803285837861e-01,4.811459570039e-01,3.871442856361e-01,0.000000000000e+00
33.490000,2.575196286493e-02,4.771477512119e-01,4.778421706777e-01,3.871324406147e-01,0.000000000000e+00
33.500000,2.344056462077e-02,4.739711872314e-01,4.745504677010e-01,3.872133854029e-01,0.000000000000e+00
33.510000,2.109985006780e-02,4.707991929990e-01,4.712717727611e-01,3.873848538999e-01,0.000000000000e+00
33.520000,1.873033217600e-02,4.676320677009e-01,4.680070256798e-01,3.876446698834e-01,0.000000000000e+00
33.530000,1.633260326473e-02,4.644701092934e-01,4.647571799944e-01,3.879907562732e-01,0.000000000000e+00
33.540000,1.390733151461e-02,4.613136152712e-01,4.615232014801e-01,3.884211417324e-01,0.000000000000e+00
33.550000,1.145525728279e-02,4.581628834591e-01,4.583060666181e-01,3.889339644796e-01,0.000000000000e+00
33.560000,8.977189242082e-03,4.550182128204e-01,4.551067610187e-01,3.895274732174e-01,0.000000000000e+00
33.570000,6.474000364959e-03,4.518799042790e-01,4.519262778063e-01,3.902000251109e-01,0.000000000000e+00
33.580000,3.946623773710e-03,4.487482615467e-01,4.487656159739e-01,3.909500807881e-01,0.000000000000e+00
33.590000,1.396048478638e-03,4.456235919504e-01,4.456257787136e-01,3.917761963722e-01,0.000000000000e+00
33.600000,-1.176684973845e-03,4.425062072517e-01,4.425077717327e-01,3.926770125964e-01,0.000000000000e+00
33.610000,-3.770488921169e-03,4.393964244538e-01,4.394126015597e-01,3.936512410979e-01,0.000000000000e+00
33.620000,-6.384233050616e-03,4.362945665863e-01,4.363412738492e-01,3.946976480314e-01,0.000000000000e+00
33.630000,-9.016748889571e-03,4.332009634635e-01,4.332947916907e-01,3.958150351940e-01,0.000000000000e+00
33.640000,-1.166683429848e-02,4.301159524074e-01,4.302741539273e-01,3.970022188981e-01,0.000000000000e+00
33.650000,-1.433325794536e-02,4.270398789292e-01,4.272803534908e-01,3.982580068823e-01,0.000000000000e+00
33.660000,-1.701476374131e-02,4.239730973627e-01,4.243143757552e-01,3.995811735950e-01,0.000000000000e+00
33.670000,-1.971007521693e-02,4.209159714426e-01,4.213771969157e-01,4.009704342359e-01,0.000000000000e+00
33.680000,-2.241789982056e-02,4.178688748219e-01,4.184697823944e-01,4.024244179830e-01,0.000000000000e+00
33.690000,-2.513693311988e-02,4.148321915211e-01,4.155930852756e-01,4.039416408743e-01,0.000000000000e+00
33.700000,-2.786586288940e-02,4.118063163057e-01,4.127480447729e-01,4.055204788507e-01,0.000000000000e+00
33.710000,-3.060337306753e-02,4.087916549833e-01,4.099355847289e-01,4.071591414952e-01,0.000000000000e+00
33.720000,-3.334814756792e-02,4.057886246184e-01,4.071566121481e-01,4.088556470288e-01,0.000000000000e+00
33.730000,-3.609887393099e-02,4.027976536589e-01,4.044120157614e-01,4.106077991365e-01,0.000000000000e+00
33.740000,-3.885424680286e-02,3.998191819691e-01,4.017026646228e-01,4.124131662025e-01,0.000000000000e+00
33.750000,-4.161297123027e-02,3.968536607676e-01,3.990294067350e-01,4.142690635295e-01,0.000000000000e+00
33.760000,-4.437376576145e-02,3.939015524653e-01,3.963930677023e-01,4.161725390976e-01,0.000000000000e+00
33.770000,-4.713536534429e-02,3.909633304011e-01,3.937944494079e-01,4.181203633904e-01,0.000000000000e+00
33.780000,-4.989652401472e-02,3.880394784728e-01,3.912343287113e-01,4.201090237715e-01,0.000000000000e+00
33.790000,-5.265601736991e-02,3.851304906622e-01,3.887134561640e-01,4.221347238385e-01,0.000000000000e+00
33.800000,-5.541264482208e-02,3.822368704513e-01,3.862325547369e-01,4.241933881108e-01,0.000000000000e+00
33.810000,-5.816523163071e-02,3.793591301308e-01,3.837923185582e-01,4.262806723237e-01,0.000000000000e+00
33.820000,-6.091263071234e-02,3.764977899984e-01,3.813934116552e-01,4.283919795025e-01,0.000000000000e+00
33.830000,-6.365372422896e-02,3.736533774483e-01,3.790364666978e-01,4.305224818847e-01,0.000000000000e+00
33.840000,-6.638742495734e-02,3.708264259521e-01,3.767220837393e-01,4.326671486342e-01,0.000000000000e+00
33.850000,-6.911267744370e-02,3.680174739312e-01,3.744508289510e-01,4.348207791668e-01,0.000000000000e+00
33.860000,-7.182845894948e-02,3.652270635234e-01,3.722232333493e-01,4.369780417719e-01,0.000000000000e+00
33.870000,-7.453378019574e-02,3.624557392448e-01,3.700397915114e-01,4.391335170744e-01,0.000000000000e+00
33.880000,-7.722768591519e-02,3.597040465496e-01,3.679009602814e-01,4.412817457494e-01,0.000000000000e+00
33.890000,-7.990925522266e-02,3.569725302907e-01,3.658071574647e-01,4.434172797632e-01,0.000000000000e+00
33.900000,-8.257760181596e-02,3.542617330862e-01,3.637587605143e-01,4.455347362928e-01,0.000000000000e+00
33.910000,-8.523187402095e-02,3.515721935934e-01,3.617561052106e-01,4.476288533615e-01,0.000000000000e+00
33.920000,-8.787125469555e-02,3.489044446987e-01,3.597994843413e-01,4.496945461295e-01,0.000000000000e+00
33.930000,-9.049496100891e-02,3.462590116270e-01,3.578891463860e-01,4.517269627073e-01,0.000000000000e+00
33.940000,-9.310224411285e-02,3.436364099785e-01,3.560252942162e-01,4.537215383026e-01,0.000000000000e+00
33.950000,-9.569238872378e-02,3.410371437011e-01,3.542080838200e-01,4.556740464932e-01,0.000000000000e+00
33.960000,-9.826471263359e-02,3.384617030067e-01,3.524376230642e-01,4.575806464261e-01,0.000000000000e+00
33.970000,-1.008185661689e-01,3.359105622423e-01,3.507139705091e-01,4.594379247832e-01,0.000000000000e+00
33.980000,-1.033533316181e-01,3.333841777264e-01,3.490371342922e-01,4.612429314372e-01,0.000000000000e+00
33.990000,-1.058684226447e-01,3.308829855647e-01,3.474070710989e-01,4.629932078285e-01,0.000000000000e+00
34.000000,-1.083632837066e-01,3.284073994573e-01,3.458236852414e-01,4.646868072466e-01,0.000000000000e+00
34.010000,-1.108373894991e-01,3.259578085135e-01,3.442868278658e-01,4.663223063757e-01,0.000000000000e+00
34.020000,-1.132902444377e-01,3.235345750911e-01,3.427962963104e-01,4.678988076727e-01,0.000000000000e+00
34.030000,-1.157213821963e-01,3.211380326757e-01,3.413518336383e-01,4.694159323772e-01,0.000000000000e+00
34.040000,-1.181303653157e-01,3.187684838194e-01,3.399531283665e-01,4.708738041967e-01,0.000000000000e+00
34.050000,-1.205167848905e-01,3.164261981586e-01,3.385998144143e-01,4.722730239666e-01,0.000000000000e+00
34.060000,-1.228802603465e-01,3.141114105278e-01,3.372914712924e-01,4.736146358397e-01,0.000000000000e+00
34.070000,-1.252204393122e-01,3.118243191925e-01,3.360276245510e-01,4.749000857997e-01,0.000000000000e+00
34.080000,-1.275369975882e-01,3.095650842163e-01,3.348077465048e-01,4.761311735250e-01,0.000000000000e+00
34.090000,-1.298296392151e-01,3.073338259852e-01,3.336312572488e-01,4.773099988181e-01,0.000000000000e+00
34.100000,-1.320980966345e-01,3.051306239036e-01,3.324975259732e-01,4.784389039793e-01,0.000000000000e+00
34.110000,-1.343421309395e-01,3.029555152803e-01,3.314058725854e-01,4.795204136155e-01,0.000000000000e+00
34.120000,-1.365615322026e-01,3.008084944177e-01,3.303555696388e-01,4.805571734354e-01,0.000000000000e+00
34.130000,-1.387561198700e-01,2.986895119177e-01,3.293458445632e-01,4.815518895931e-01,0.000000000000e+00
34.140000,-1.409257432081e-01,2.965984742127e-01,3.283758821900e-01,4.825072700906e-01,0.000000000000e+00
34.150000,-1.430702817832e-01,2.945352433286e-01,3.274448275545e-01,4.834259696456e-01,0.000000000000e+00
34.160000,-1.451896459586e-01,2.924996368836e-01,3.265517889564e-01,4.843105392771e-01,0.000000000000e+00
34.170000,-1.472837773871e-01,2.904914283207e-01,3.256958412526e-01,4.851633816607e-01,0.000000000000e+00
34.180000,-1.493526494812e-01,2.885103473726e-01,3.248760293529e-01,4.859867130670e-01,0.000000000000e+00
34.190000,-1.513962678385e-01,2.865560807480e-01,3.240913718832e-01,4.867825324406e-01,0.000000000000e+00
34.200000,-1.534146706062e-01,2.846282730309e-01,3.233408649796e-01,4.875525978996e-01,0.000000000000e+00
34.210000,-1.554079287639e-01,2.827265277753e-01,3.226234861732e-01,4.882984106673e-01,0.000000000000e+00
34.220000,-1.573761463116e-01,2.808504087797e-01,3.219381983232e-01,4.890212061862e-01,0.000000000000e+00
34.230000,-1.593194603477e-01,2.789994415179e-01,3.212839535563e-01,4.897219519355e-01,0.000000000000e+00
34.240000,-1.612380410277e-01,2.771731147040e-01,3.206596971700e-01,4.904013512742e-01,0.000000000000e+00
34.250000,-1.631320913953e-01,2.753708819662e-01,3.200643714596e-01,4.910598524856e-01,0.000000000000e+00
34.260000,-1.650018470829e-01,2.735921636016e-01,3.194969194296e-01,4.916976620936e-01,0.000000000000e+00
34.270000,-1.668475758815e-01,2.718363483849e-01,3.189562883544e-01,4.923147614800e-01,0.000000000000e+00
34.280000,-1.686695771819e-01,2.701027954043e-01,3.184414331584e-01,4.929109258297e-01,0.000000000000e+00
34.290000,-1.704681812958e-01,2.683908358959e-01,3.179513195871e-01,4.934857444917e-01,0.000000000000e+00
34.300000,-1.722437486659e-01,2.666997750529e-01,3.174849271505e-01,4.940386419306e-01,0.000000000000e+00
34.310000,-1.739966689785e-01,2.650288937857e-01,3.170412518220e-01,4.945688985793e-01,0.000000000000e+00
34.320000,-1.757273601942e-01,2.633774504115e-01,3.166193084859e-01,4.950756710481e-01,0.000000000000e+00
34.330000,-1.774362675148e-01,2.617446822582e-01,3.162181331297e-01,4.955580113123e-01,0.000000000000e+00
34.340000,-1.791238623043e-01,2.601298071686e-01,3.158367847867e-01,4.960148846612e-01,0.000000000000e+00
34.350000,-1.807906409856e-01,2.585320248965e-01,3.154743472377e-01,4.964451863466e-01,0.000000000000e+00
34.360000,-1.824371239305e-01,2.569505183913e-01,3.151299304884e-01,4.968477569984e-01,0.000000000000e+00
34.370000,-1.840638543632e-01,2.553844549732e-01,3.148026720424e-01,4.972213969869e-01,0.000000000000e+00
34.380000,-1.856713972928e-01,2.538329874022e-01,3.144917379935e-01,4.975648799787e-01,0.000000000000e+00
34.390000,-1.872603384904e-01,2.522952548535e-01,3.141963239650e-01,4.978769659816e-01,0.000000000000e+00
34.400000,-1.888312835210e-01,2.507703838112e-01,3.139156559221e-01,4.981564141741e-01,0.000000000000e+00
34.410000,-1.903848568391e-01,2.492574888955e-01,3.136489908865e-01,4.984019957994e-01,0.000000000000e+00
34.420000,-1.919217009512e-01,2.477556736427e-01,3.133956175797e-01,4.986125073554e-01,0.000000000000e+00
34.430000,-1.934424756471e-01,2.462640312533e-01,3.131548570174e-01,4.987867842507e-01,0.000000000000e+00
34.440000,-1.949478572965e-01,2.447816453271e-01,3.129260630780e-01,4.989237150251e-01,0.000000000000e+00
34.450000,-1.964385382072e-01,2.433075906002e-01,3.127086230609e-01,4.990222561595e-01,0.000000000000e+00
34.460000,-1.979152260377e-01,2.418409336983e-01,3.125019582493e-01,4.990814474252e-01,0.000000000000e+00
34.470000,-1.993786432571e-01,2.403807339159e-01,3.123055244869e-01,4.991004276586e-01,0.000000000000e+00
34.480000,-2.008295266433e-01,2.389260440327e-01,3.121188127763e-01,4.990784507898e-01,0.000000000000e+00
34.490000,-2.022686268126e-01,2.374759111717e-01,3.119413499033e-01,4.990149019090e-01,0.000000000000e+00
34.500000,-2.036967077724e-01,2.360293777050e-01,3.117726990888e-01,4.989093131240e-01,0.000000000000e+00
34.510000,-2.051145464902e-01,2.345854822094e-01,3.116124606708e-01,4.987613789481e-01,0.000000000000e+00
34.520000,-2.065229324724e-01,2.331432604736e-01,3.114602728138e-01,4.985709709569e-01,0.000000000000e+00
34.530000,-2.079226673456e-01,2.317017465566e-01,3.113158122446e-01,4.983381514682e-01,0.000000000000e+00
34.540000,-2.093145644355e-01,2.302599738962e-01,3.111787950094e-01,4.980631860216e-01,0.000000000000e+00
34.550000,-2.106994483368e-01,2.288169764637e-01,3.110489772487e-01,4.977465544681e-01,0.000000000000e+00
34.560000,-2.120781544685e-01,2.273717899621e-01,3.109261559813e-01,4.973889605059e-01,0.000000000000e+00
34.570000,-2.134515286084e-01,2.259234530596e-01,3.108101698909e-01,4.969913395328e-01,0.000000000000e+00
34.580000,-2.148204264041e-01,2.244710086522e-01,3.107009001045e-01,4.965548647051e-01,0.000000000000e+00
34.590000,-2.161857128528e-01,2.230135051463e-01,3.105982709535e-01,4.960809511246e-01,0.000000000000e+00
34.600000,-2.175482617496e-01,2.215499977514e-01,3.105022507067e-01,4.955712580931e-01,0.000000000000e+00
34.610000,-2.189089550999e-01,2.200795497713e-01,3.104128522637e-01,4.950276894083e-01,0.000000000000e+00
34.620000,-2.202686824934e-01,2.186012338842e-01,3.103301337980e-01,4.944523917070e-01,0.000000000000e+00
34.630000,-2.216283404407e-01,2.171141333995e-01,3.102541993403e-01,4.938477508960e-01,0.000000000000e+00
34.640000,-2.229888316710e-01,2.156173434807e-01,3.101851992917e-01,4.932163867514e-01,0.000000000000e+00
34.650000,-2.243510643910e-01,2.141099723241e-01,3.101233308573e-01,4.925611457999e-01,0.000000000000e+00
34.660000,-2.257159515080e-01,2.125911422846e-01,3.100688383940e-01,4.918850926199e-01,0.000000000000e+00
34.670000,-2.270844098175e-01,2.110599909382e-01,3.100220136652e-01,4.911914997215e-01,0.000000000000e+00
34.680000,-2.284573591580e-01,2.095156720777e-01,3.099831959956e-01,4.904838361677e-01,0.000000000000e+00
34.690000,-2.298357215359e-01,2.079573566314e-01,3.099527723236e-01,4.897657550960e-01,0.000000000000e+00
34.700000,-2.312204202232e-01,2.063842335042e-01,3.099311771464e-01,4.890410802879e-01,0.000000000000e+00
34.710000,-2.326123788310e-01,2.047955103349e-01,3.099188923553e-01,4.883137919168e-01,0.000000000000e+00
34.720000,-2.340125203618e-01,2.031904141691e-01,3.099164469599e-01,4.875880115794e-01,0.000000000000e+00
34.730000,-2.354217662447e-01,2.015681920464e-01,3.099244166996e-01,4.868679866991e-01,0.000000000000e+00
34.740000,-2.368410353553e-01,1.999281115018e-01,3.099434235419e-01,4.861580743655e-01,0.000000000000e+00
34.750000,-2.382712430251e-01,1.982694609816e-01,3.099741350672e-01,4.854627246576e-01,0.000000000000e+00
34.760000,-2.397133000412e-01,1.965915501769e-01,3.100172637412e-01,4.847864634842e-01,0.000000000000e+00
34.770000,-2.411681116426e-01,1.948937102743e-01,3.100735660738e-01,4.841338749658e-01,0.000000000000e+00
34.780000,-2.426365765128e-01,1.931752941298e-01,3.101438416671e-01,4.835095833750e-01,0.000000000000e+00
34.790000,-2.441195857733e-01,1.914356763666e-01,3.102289321518e-01,4.829182346516e-01,0.000000000000e+00
34.800000,-2.456180219801e-01,1.896742534006e-01,3.103297200149e-01,4.823644775094e-01,0.000000000000e+00
34.810000,-2.471327581265e-01,1.878904433993e-01,3.104471273180e-01,4.818529441549e-01,0.000000000000e+00
34.820000,-2.486646566530e-01,1.860836861756e-01,3.105821143097e-01,4.813882306458e-01,0.000000000000e+00
34.830000,-2.502145684692e-01,1.842534430229e-01,3.107356779322e-01,4.809748769212e-01,0.000000000000e+00
34.840000,-2.517833319869e-01,1.823991964948e-01,3.109088502252e-01,4.806173465478e-01,0.000000000000e+00
34.850000,-2.533717721698e-01,1.805204501344e-01,3.111026966280e-01,4.803200062301e-01,0.000000000000e+00
34.860000,-2.549806995987e-01,1.786167281585e-01,3.113183141832e-01,4.800871051468e-01,0.000000000000e+00
34.870000,-2.566109095572e-01,1.766875750998e-01,3.115568296450e-01,4.799227541775e-01,0.000000000000e+00
34.880000,-2.582631811368e-01,1.747325554152e-01,3.118193974928e-01,4.798309050980e-01,0.000000000000e+00
34.890000,-2.599382763653e-01,1.727512530619e-01,3.121071978571e-01,4.798153298233e-01,0.000000000000e+00
34.900000,-2.616369393595e-01,1.707432710496e-01,3.124214343577e-01,4.798795997893e-01,0.000000000000e+00
34.910000,-2.633598955031e-01,1.687082309715e-01,3.127633318612e-01,4.800270655645e-01,0.000000000000e+00
34.920000,-2.651078506516e-01,1.666457725220e-01,3.131341341607e-01,4.802608367907e-01,0.000000000000e+00
34.930000,-2.668814903658e-01,1.645555530048e-01,3.135351015829e-01,4.805837625534e-01,0.000000000000e+00
34.940000,-2.686814791746e-01,1.624372468373e-01,3.139675085284e-01,4.809984122856e-01,0.000000000000e+00
34.950000,-2.705084598676e-01,1.602905450580e-01,3.144326409502e-01,4.815070573101e-01,0.000000000000e+00
34.960000,-2.723630528194e-01,1.581151548416e-01,3.149317937771e-01,4.821116531258e-01,0.000000000000e+00
34.970000,-2.742458553451e-01,1.559107990267e-01,3.154662682873e-01,4.828138225447e-01,0.000000000000e+00
34.980000,-2.761574410884e-01,1.536772156640e-01,3.160373694403e-01,4.836148397834e-01,0.000000000000e+00
34.990000,-2.780983594420e-01,1.514141575886e-01,3.166464031733e-01,4.845156156133e-01,0.000000000000e+00
35.000000,-2.800691350003e-01,1.491213920217e-01,3.172946736684e-01,4.855166836710e-01,0.000000000000e+00
35.010000,-2.820702670460e-01,1.467987002095e-01,3.179834806002e-01,4.866181880265e-01,0.000000000000e+00
35.020000,-2.841022290675e-01,1.444458771016e-01,3.187141163689e-01,4.878198721049e-01,0.000000000000e+00
35.030000,-2.861654683101e-01,1.420627310752e-01,3.194878633277e-01,4.891210690529e-01,0.000000000000e+00
35.040000,-2.882604053578e-01,1.396490837110e-01,3.203059910123e-01,4.905206936364e-01,0.000000000000e+00
35.050000,-2.903874337471e-01,1.372047696230e-01,3.211697533790e-01,4.920172357497e-01,0.000000000000e+00
35.060000,-2.925469196107e-01,1.347296363487e-01,3.220803860597e-01,4.936087556148e-01,0.000000000000e+00
35.070000,-2.947392013512e-01,1.322235443019e-01,3.230391036406e-01,4.952928807373e-01,0.000000000000e+00
35.080000,-2.969645893437e-01,1.296863667929e-01,3.240470969721e-01,4.970668046841e-01,0.000000000000e+00
35.090000,-2.992233656656e-01,1.271179901188e-01,3.251055305160e-01,4.989272877384e-01,0.000000000000e+00
35.100000,-3.015157838536e-01,1.245183137261e-01,3.262155397372e-01,5.008706594789e-01,0.000000000000e+00
35.110000,-3.038420686861e-01,1.218872504493e-01,3.273782285454e-01,5.028928233244e-01,0.000000000000e+00
35.120000,-3.062024159903e-01,1.192247268250e-01,3.285946667930e-01,5.049892630746e-01,0.000000000000e+00
35.130000,-3.085969924719e-01,1.165306834856e-01,3.298658878337e-01,5.071550514679e-01,0.000000000000e+00
35.140000,-3.110259355678e-01,1.138050756305e-01,3.311928861480e-01,5.093848607701e-01,0.000000000000e+00
35.150000,-3.134893533192e-01,1.110478735771e-01,3.325766150385e-01,5.116729753942e-01,0.000000000000e+00
35.160000,-3.159873242651e-01,1.082590633894e-01,3.340179843993e-01,5.140133065444e-01,0.000000000000e+00
35.170000,-3.185198973543e-01,1.054386475845e-01,3.355178585635e-01,5.163994088628e-01,0.000000000000e+00
35.180000,-3.210870918753e-01,1.025866459147e-01,3.370770542308e-01,5.188244990505e-01,0.000000000000e+00
35.190000,-3.236888974040e-01,9.970309622240e-02,3.386963384788e-01,5.212814764175e-01,0.000000000000e+00
35.200000,-3.263252737672e-01,9.678805536617e-02,3.403764268582e-01,5.237629453103e-01,0.000000000000e+00
35.210000,-3.289961510217e-01,9.384160021261e-02,3.421179815759e-01,5.262612393481e-01,0.000000000000e+00
35.220000,-3.317014294495e-01,9.086382869147e-02,3.439216097649e-01,5.287684473915e-01,0.000000000000e+00
35.230000,-3.344409795672e-01,8.785486090804e-02,3.457878618446e-01,5.312764411519e-01,0.000000000000e+00
35.240000,-3.372146421508e-01,8.481484030796e-02,3.477172299691e-01,5.337769043394e-01,0.000000000000e+00
35.250000,-3.400222282747e-01,8.174393488812e-02,3.497101465670e-01,5.362613632353e-01,0.000000000000e+00
35.260000,-3.428635193666e-01,7.864233844717e-02,3.517669829715e-01,5.387212185632e-01,0.000000000000e+00
35.270000,-3.457382672769e-01,7.551027186849e-02,3.538880481413e-01,5.411477785220e-01,0.000000000000e+00
35.280000,-3.486461943647e-01,7.234798442795e-02,3.560735874728e-01,5.435322928325e-01,0.000000000000e+00
35.290000,-3.515869936001e-01,6.915575511831e-02,3.583237817041e-01,5.458659876411e-01,0.000000000000e+00
35.300000,-3.545603286840e-01,6.593389398187e-02,3.606387459108e-01,5.481401011130e-01,0.000000000000e+00
35.310000,-3.575658341868e-01,6.268274344213e-02,3.630185285948e-01,5.503459195404e-01,0.000000000000e+00
35.320000,-3.606031157064e-01,5.940267962562e-02,3.654631108661e-01,5.524748137815e-01,0.000000000000e+00
35.330000,-3.636717500483e-01,5.609411366391e-02,3.679724057194e-01,5.545182758437e-01,0.000000000000e+00
35.340000,-3.667712854270e-01,5.275749296638e-02,3.705462574064e-01,5.564679554139e-01,0.000000000000e+00
35.350000,-3.699012416933e-01,4.939330245360e-02,3.731844409049e-01,5.583156961402e-01,0.000000000000e+00
35.360000,-3.730611105863e-01,4.600206574136e-02,3.758866614876e-01,5.600535714621e-01,0.000000000000e+00
35.370000,-3.762503560144e-01,4.258434626527e-02,3.786525543922e-01,5.616739197888e-01,0.000000000000e+00
35.380000,-3.794684143654e-01,3.914074833577e-02,3.814816845948e-01,5.631693788236e-01,0.000000000000e+00
35.390000,-3.827146948490e-01,3.567191811377e-02,3.843735466903e-01,5.645329188342e-01,0.000000000000e+00
35.400000,-3.859885798722e-01,3.217854449687e-02,3.873275648824e-01,5.657578746732e-01,0.000000000000e+00
35.410000,-3.892894254517e-01,2.866135990684e-02,3.903430930864e-01,5.668379763576e-01,0.000000000000e+00
35.420000,-3.926165616630e-01,2.512114096880e-02,3.934194151484e-01,5.677673780228e-01,0.000000000000e+00
35.430000,-3.959692931299e-01,2.155870907341e-02,3.965557451843e-01,5.685406850747e-01,0.000000000000e+00
35.440000,-3.993468995552e-01,1.797493081349e-02,3.997512280432e-01,5.691529793727e-01,0.000000000000e+00
35.450000,-4.027486362954e-01,1.437071828699e-02,4.030049398977e-01,5.695998422900e-01,0.000000000000e+00
35.460000,-4.061737349802e-01,1.074702925902e-02,4.063158889653e-01,5.698773755059e-01,0.000000000000e+00
35.470000,-4.096214041785e-01,7.104867175902e-03,4.096830163660e-01,5.699822194035e-01,0.000000000000e+00
35.480000,-4.130908301130e-01,3.445281025336e-03,4.131051971167e-01,5.699115689563e-01,0.000000000000e+00
35.490000,-4.165811774242e-01,-2.306349630761e-04,4.165812412683e-01,5.696631870090e-01,0.000000000000e+00
35.500000,-4.200915899844e-01,-3.921741781414e-03,4.201098951872e-01,5.692354148675e-01,0.000000000000e+00
35.510000,-4.236211917637e-01,-7.626856275142e-03,4.236898429841e-01,5.686271801389e-01,0.000000000000e+00
35.520000,-4.271690877476e-01,-1.134475194595e-02,4.273197080920e-01,5.678380017736e-01,0.000000000000e+00
35.530000,-4.307343649068e-01,-1.507415992796e-02,4.309980549947e-01,5.668679922839e-01,0.000000000000e+00
35.540000,-4.343160932200e-01,-1.881377013851e-02,4.347233911083e-01,5.657178571327e-01,0.000000000000e+00
35.550000,-4.379133267488e-01,-2.256223260406e-02,4.384941688144e-01,5.643888913023e-01,0.000000000000e+00
35.560000,-4.415251047641e-01,-2.631815896051e-02,4.423087876450e-01,5.628829730739e-01,0.000000000000e+00
35.570000,-4.451504529248e-01,-3.008012412668e-02,4.461655966193e-01,5.612025550672e-01,0.000000000000e+00
35.580000,-4.487883845060e-01,-3.384666814833e-02,4.500628967291e-01,5.593506526057e-01,0.000000000000e+00
35.590000,-4.524379016760e-01,-3.761629820969e-02,4.539989435714e-01,5.573308294918e-01,0.000000000000e+00
35.600000,-4.560979968217e-01,-4.138749080812e-02,4.579719501238e-01,5.551471812917e-01,0.000000000000e+00
35.610000,-4.597676539187e-01,-4.515869408683e-02,4.619800896592e-01,5.528043162471e-01,0.000000000000e+00
35.620000,-4.634458499446e-01,-4.892833031986e-02,4.660214987946e-01,5.503073339407e-01,0.000000000000e+00
35.630000,-4.671315563341e-01,-5.269479854237e-02,4.700942806677e-01,5.476618018616e-01,0.000000000000e+00
35.640000,-4.708237404709e-01,-5.645647731887e-02,4.741965082350e-01,5.448737300234e-01,0.000000000000e+00
35.650000,-4.745213672159e-01,-6.021172764086e-02,4.783262276835e-01,5.419495438003e-01,0.000000000000e+00
35.660000,-4.782234004656e-01,-6.395889594517e-02,4.824814619479e-01,5.388960551557e-01,0.000000000000e+00
35.670000,-4.819288047398e-01,-6.769631724302e-02,4.866602143243e-01,5.357204324434e-01,0.000000000000e+00
35.680000,-4.856365467925e-01,-7.142231834978e-02,4.908604721700e-01,5.324301689687e-01,0.000000000000e+00
35.690000,-4.893455972429e-01,-7.513522120455e-02,4.950802106795e-01,5.290330505010e-01,0.000000000000e+00
35.700000,-4.930549322219e-01,-7.883334626823e-02,4.993173967250e-01,5.255371219295e-01,0.000000000000e+00
35.710000,-4.967635350295e-01,-8.251501598850e-02,5.035699927503e-01,5.219506532594e-01,0.000000000000e+00
35.720000,-5.004703977978e-01,-8.617855831954e-02,5.078359607058e-01,5.182821051401e-01,0.000000000000e+00
35.730000,-5.041745231552e-01,-8.982231028417e-02,5.121132660102e-01,5.145400941201e-01,0.000000000000e+00
35.740000,-5.078749258858e-01,-9.344462156601e-02,5.163998815289e-01,5.107333578163e-01,0.000000000000e+00
35.750000,-5.115706345787e-01,-9.704385811863e-02,5.206937915530e-01,5.068707201836e-01,0.000000000000e+00
35.760000,-5.152606932625e-01,-1.006184057792e-01,5.249929957655e-01,5.029610570632e-01,0.000000000000e+00
35.770000,-5.189441630170e-01,-1.041666738737e-01,5.292955131827e-01,4.990132621834e-01,0.000000000000e+00
35.780000,-5.226201235591e-01,-1.076870988006e-01,5.335993860538e-01,4.950362137767e-01,0.000000000000e+00
35.790000,-5.262876747938e-01,-1.111781475814e-01,5.379026837072e-01,4.910387419713e-01,0.000000000000e+00
35.800000,-5.299459383269e-01,-1.146383213634e-01,5.422035063279e-01,4.870295971037e-01,0.000000000000e+00
35.810000,-5.335940589313e-01,-1.180661588657e-01,5.464999886514e-01,4.830174190903e-01,0.000000000000e+00
35.820000,-5.372312059608e-01,-1.214602397523e-01,5.507903035628e-01,4.790107079863e-01,0.000000000000e+00
35.830000,-5.408565747067e-01,-1.248191879253e-01,5.550726655834e-01,4.750177958486e-01,0.000000000000e+00
35.840000,-5.444693876887e-01,-1.281416747227e-01,5.593453342354e-01,4.710468200098e-01,0.000000000000e+00
35.850000,-5.480688958750e-01,-1.314264220129e-01,5.636066172685e-01,4.671056978575e-01,0.000000000000e+00
35.860000,-5.516543798254e-01,-1.346722051747e-01,5.678548737373e-01,4.632021032049e-01,0.000000000000e+00
35.870000,-5.552251507504e-01,-1.378778559526e-01,5.720885169166e-01,4.593434443248e-01,0.000000000000e+00
35.880000,-5.587805514808e-01,-1.410422651791e-01,5.763060170430e-01,4.555368437112e-01,0.000000000000e+00
35.890000,-5.623199573419e-01,-1.441643853551e-01,5.805059038717e-01,4.517891196187e-01,0.000000000000e+00
35.900000,-5.658427769259e-01,-1.472432330805e-01,5.846867690372e-01,4.481067694227e-01,0.000000000000e+00
35.910000,-5.693484527563e-01,-1.502778913274e-01,5.888472682095e-01,4.444959548319e-01,0.000000000000e+00
35.920000,-5.728364618411e-01,-1.532675115510e-01,5.929861230347e-01,4.409624889742e-01,0.000000000000e+00
35.930000,-5.763063161067e-01,-1.562113156303e-01,5.971021228529e-01,4.375118253680e-01,0.000000000000e+00
35.940000,-5.797575627090e-01,-1.591085976351e-01,6.011941261853e-01,4.341490487848e-01,0.000000000000e+00
35.950000,-5.831897842176e-01,-1.619587254149e-01,6.052610619839e-01,4.308788679946e-01,0.000000000000e+00
35.960000,-5.866025986672e-01,-1.647611420055e-01,6.093019306370e-01,4.277056103841e-01,0.000000000000e+00
35.970000,-5.899956594733e-01,-1.675153668517e-01,6.133158047277e-01,4.246332184247e-01,0.000000000000e+00
35.980000,-5.933686552092e-01,-1.702209968428e-01,6.173018295380e-01,4.216652479641e-01,0.000000000000e+00
35.990000,-5.967213092399e-01,-1.728777071614e-01,6.212592232992e-01,4.188048683046e-01,0.000000000000e+00
36.000000,-6.000533792109e-01,-1.754852519440e-01,6.251872771836e-01,4.160548640290e-01,0.000000000000e+00
36.010000,-6.033646563911e-01,-1.780434647535e-01,6.290853550381e-01,4.134176385261e-01,0.000000000000e+00
36.020000,-6.066549648662e-01,-1.805522588666e-01,6.329528928591e-01,4.108952191620e-01,0.000000000000e+00
36.030000,-6.099241605843e-01,-1.830116273747e-01,6.367893980107e-01,4.084892640405e-01,0.000000000000e+00
36.040000,-6.131721302508e-01,-1.854216431051e-01,6.405944481871e-01,4.062010702882e-01,0.000000000000e+00
36.050000,-6.163987900762e-01,-1.877824583611e-01,6.443676901239e-01,4.040315837975e-01,0.000000000000e+00
36.060000,-6.196040843760e-01,-1.900943044885e-01,6.481088380623e-01,4.019814103537e-01,0.000000000000e+00
36.070000,-6.227879840252e-01,-1.923574912710e-01,6.518176719714e-01,4.000508280704e-01,0.000000000000e+00
36.080000,-6.259504847709e-01,-1.945724061598e-01,6.554940355363e-01,3.982398010520e-01,0.000000000000e+00
36.090000,-6.290916054068e-01,-1.967395133435e-01,6.591378339194e-01,3.965479941985e-01,0.000000000000e+00
36.100000,-6.322113858131e-01,-1.988593526635e-01,6.627490313033e-01,3.949747890643e-01,0.000000000000e+00
36.110000,-6.353098848689e-01,-2.009325383815e-01,6.663276482276e-01,3.935193006785e-01,0.000000000000e+00
36.120000,-6.383871782418e-01,-2.029597578064e-01,6.698737587280e-01,3.921803952313e-01,0.000000000000e+00
36.130000,-6.414433560635e-01,-2.049417697872e-01,6.733874872921e-01,3.909567085272e-01,0.000000000000e+00
36.140000,-6.444785204994e-01,-2.068794030786e-01,6.768690056453e-01,3.898466651025e-01,0.000000000000e+00
36.150000,-6.474927832199e-01,-2.087735545885e-01,6.803185293797e-01,3.888484979016e-01,0.000000000000e+00
36.160000,-6.504862627861e-01,-2.106251875135e-01,6.837363144433e-01,3.879602684043e-01,0.000000000000e+00
36.170000,-6.534590819590e-01,-2.124353293706e-01,6.871226535048e-01,3.871798870904e-01,0.000000000000e+00
36.180000,-6.564113649440e-01,-2.142050699337e-01,6.904778722110e-01,3.865051341295e-01,0.000000000000e+00
36.190000,-6.593432345860e-01,-2.159355590808e-01,6.938023253564e-01,3.859336801778e-01,0.000000000000e+00
36.200000,-6.622548095254e-01,-2.176280045617e-01,6.970963929823e-01,3.854631071630e-01,0.000000000000e+00
36.210000,-6.651462013321e-01,-2.192836696910e-01,7.003604764260e-01,3.850909289353e-01,0.000000000000e+00
36.220000,-6.680175116319e-01,-2.209038709766e-01,7.035949943393e-01,3.848146116625e-01,0.000000000000e+00
36.230000,-6.708688292408e-01,-2.224899756873e-01,7.068003786984e-01,3.846315938424e-01,0.000000000000e+00
36.240000,-6.737002273245e-01,-2.240433993683e-01,7.099770708253e-01,3.845393058091e-01,0.000000000000e+00
36.250000,-6.765117606002e-01,-2.255656033097e-01,7.131255174419e-01,3.845351886049e-01,0.000000000000e+00
36.260000,-6.793034625973e-01,-2.270580919733e-01,7.162461667801e-01,3.846167120919e-01,0.000000000000e+00
36.270000,-6.820753429970e-01,-2.285224103834e-01,7.193394647674e-01,3.847813921781e-01,0.000000000000e+00
36.280000,-6.848273850668e-01,-2.299601414850e-01,7.224058513116e-01,3.850268070320e-01,0.000000000000e+00
36.290000,-6.875595432102e-01,-2.313729034737e-01,7.254457567050e-01,3.853506121640e-01,0.000000000000e+00
36.300000,-6.902717406484e-01,-2.327623471011e-01,7.284595981698e-01,3.857505542535e-01,0.000000000000e+00
36.310000,-6.929638672538e-01,-2.341301529561e-01,7.314477765655e-01,3.862244836068e-01,0.000000000000e+00
36.320000,-6.956357775525e-01,-2.354780287262e-01,7.344106732775e-01,3.867703651335e-01,0.000000000000e+00
36.330000,-6.982872889137e-01,-2.368077064380e-01,7.373486473079e-01,3.873862877342e-01,0.000000000000e+00
36.340000,-7.009181799426e-01,-2.381209396773e-01,7.402620325850e-01,3.880704720039e-01,0.000000000000e+00
36.350000,-7.035281890948e-01,-2.394195007896e-01,7.431511355097e-01,3.888212761560e-01,0.000000000000e+00
36.360000,-7.061170135260e-01,-2.407051780586e-01,7.460162327557e-01,3.896372000886e-01,0.000000000000e+00
36.370000,-7.086843081918e-01,-2.419797728608e-01,7.488575693354e-01,3.905168875208e-01,0.000000000000e+00
36.380000,-7.112296852124e-01,-2.432450967949e-01,7.516753569475e-01,3.914591261396e-01,0.000000000000e+00
36.390000,-7.137527135123e-01,-2.445029687820e-01,7.544697726148e-01,3.924628457133e-01,0.000000000000e+00
36.400000,-7.162529187462e-01,-2.457552121332e-01,7.572409576239e-01,3.935271141394e-01,0.000000000000e+00
36.410000,-7.187297835198e-01,-2.470036515818e-01,7.599890167714e-01,3.946511314131e-01,0.000000000000e+00
36.420000,-7.211827479124e-01,-2.482501102739e-01,7.627140179238e-01,3.958342215192e-01,0.000000000000e+00
36.430000,-7.236112103058e-01,-2.494964067159e-01,7.654159918922e-01,3.970758222704e-01,0.000000000000e+00
36.440000,-7.260145285227e-01,-2.507443516711e-01,7.680949326230e-01,3.983754731329e-01,0.000000000000e+00
36.450000,-7.283920212744e-01,-2.519957450049e-01,7.707507977011e-01,3.997328011043e-01,0.000000000000e+00
36.460000,-7.307429699161e-01,-2.532523724712e-01,7.733835091622e-01,4.011475047291e-01,0.000000000000e+00
36.470000,-7.330666205058e-01,-2.545160024381e-01,7.759929546052e-01,4.026193363626e-01,0.000000000000e+00
36.480000,-7.353621861592e-01,-2.557883825500e-01,7.785789885942e-01,4.041480828156e-01,0.000000000000e+00
36.490000,-7.376288496911e-01,-2.570712363229e-01,7.811414343390e-01,4.057335445404e-01,0.000000000000e+00
36.500000,-7.398657665315e-01,-2.583662596722e-01,7.836800856359e-01,4.073755135391e-01,0.000000000000e+00
36.510000,-7.420720679012e-01,-2.596751173726e-01,7.861947090521e-01,4.090737502052e-01,0.000000000000e+00
36.520000,-7.442468642288e-01,-2.609994394514e-01,7.886850463324e-01,4.108279593290e-01,0.000000000000e+00
36.530000,-7.463892487908e-01,-2.623408175180e-01,7.911508170042e-01,4.126377655257e-01,0.000000000000e+00
36.540000,-7.484983015501e-01,-2.637008010336e-01,7.935917211572e-01,4.145026883636e-01,0.000000000000e+00
36.550000,-7.505730931700e-01,-2.650808935282e-01,7.960074423675e-01,4.164221174947e-01,0.000000000000e+00
36.560000,-7.526126891746e-01,-2.664825487725e-01,7.983976507399e-01,4.183952881056e-01,0.000000000000e+00
36.570000,-7.546161542288e-01,-2.679071669166e-01,8.007620060344e-01,4.204212570263e-01,0.000000000000e+00
36.580000,-7.565825565045e-01,-2.693560906070e-01,8.031001608480e-01,4.224988798448e-01,0.000000000000e+00
36.590000,-7.585109721036e-01,-2.708306010989e-01,8.054117638160e-01,4.246267893885e-01,0.000000000000e+00
36.600000,-7.604004895004e-01,-2.723319143808e-01,8.076964628020e-01,4.268033759364e-01,0.000000000000e+00
36.610000,-7.622502139727e-01,-2.738611773326e-01,8.099539080413e-01,4.290267695295e-01,0.000000000000e+00
36.620000,-7.640592719836e-01,-2.754194639405e-01,8.121837552065e-01,4.312948247405e-01,0.000000000000e+00
36.630000,-7.658268154804e-01,-2.770077715943e-01,8.143856683614e-01,4.336051082574e-01,0.000000000000e+00
36.640000,-7.675520260753e-01,-2.786270174948e-01,8.165593227748e-01,4.359548896161e-01,0.000000000000e+00
36.650000,-7.692341190729e-01,-2.802780352028e-01,8.187044075630e-01,4.383411353993e-01,0.000000000000e+00
36.660000,-7.708723473124e-01,-2.819615713616e-01,8.208206281373e-01,4.407605071865e-01,0.000000000000e+00
36.670000,-7.724660047924e-01,-2.836782826270e-01,8.229077084304e-01,4.432093635071e-01,0.000000000000e+00
36.680000,-7.740144300492e-01,-2.854287328418e-01,8.249653928839e-01,4.456837660041e-01,0.000000000000e+00
36.690000,-7.755170092614e-01,-2.872133904902e-01,8.269934481787e-01,4.481794899677e-01,0.000000000000e+00
36.700000,-7.769731790569e-01,-2.890326264712e-01,8.289916646979e-01,4.506920393412e-01,0.000000000000e+00
36.710000,-7.783824290026e-01,-2.908867122271e-01,8.309598577129e-01,4.532166662389e-01,0.000000000000e+00
36.720000,-7.797443037592e-01,-2.927758182651e-01,8.328978682922e-01,4.557483949482e-01,0.000000000000e+00
36.730000,-7.810584048885e-01,-2.947000131088e-01,8.348055639329e-01,4.582820503131e-01,0.000000000000e+00
36.740000,-7.823243923068e-01,-2.966592627121e-01,8.366828389247e-01,4.608122903203e-01,0.000000000000e+00
36.750000,-7.835419853790e-01,-2.986534303695e-01,8.385296144580e-01,4.633336426267e-01,0.000000000000e+00
36.760000,-7.847109636572e-01,-3.006822771492e-01,8.403458384947e-01,4.658405446868e-01,0.000000000000e+00
36.770000,-7.858311672684e-01,-3.027454628767e-01,8.421314854243e-01,4.683273870523e-01,0.000000000000e+00
36.780000,-7.869024969651e-01,-3.048425476863e-01,8.438865555333e-01,4.707885593398e-01,0.000000000000e+00
36.790000,-7.879249138540e-01,-3.069729941569e-01,8.456110743205e-01,4.732184982795e-01,0.000000000000e+00
36.800000,-7.888984388250e-01,-3.091361700399e-01,8.473050916922e-01,4.756117371892e-01,0.000000000000e+00
36.810000,-7.898231517067e-01,-3.113313515823e-01,8.489686810772e-01,4.779629561498e-01,0.000000000000e+00
36.820000,-7.906991901776e-01,-3.135577274376e-01,8.506019385020e-01,4.802670321040e-01,0.000000000000e+00
36.830000,-7.915267484685e-01,-3.158144031532e-01,8.522049816682e-01,4.825190880550e-01,0.000000000000e+00
36.840000,-7.923060758906e-01,-3.181004062123e-01,8.537779490744e-01,4.847145405112e-01,0.000000000000e+00
36.850000,-7.930374752306e-01,-3.204146915998e-01,8.553209992238e-01,4.868491443059e-01,0.000000000000e+00
36.860000,-7.937213010521e-01,-3.227561478541e-01,8.568343099582e-01,4.889190339261e-01,0.000000000000e+00
36.870000,-7.943579579450e-01,-3.251236035589e-01,8.583180779535e-01,4.909207604995e-01,0.000000000000e+00
36.880000,-7.949478987643e-01,-3.275158342175e-01,8.597725184100e-01,4.928513236344e-01,0.000000000000e+00
36.890000,-7.954916228973e-01,-3.299315694497e-01,8.611978649645e-01,4.947081973614e-01,0.000000000000e+00
36.900000,-7.959896745976e-01,-3.323695004369e-01,8.625943698441e-01,4.964893495114e-01,0.000000000000e+00
36.910000,-7.964426414196e-01,-3.348282875430e-01,8.639623042763e-01,4.981932539623e-01,0.000000000000e+00
36.920000,-7.968511527837e-01,-3.373065680245e-01,8.653019591594e-01,4.998188953076e-01,0.000000000000e+00
36.930000,-7.972158786972e-01,-3.398029637467e-01,8.666136459911e-01,5.013657656389e-01,0.000000000000e+00
36.940000,-7.975375286495e-01,-3.423160888141e-01,8.678976980413e-01,5.028338532865e-01,0.000000000000e+00
36.950000,-7.978168506937e-01,-3.448445570257e-01,8.691544717489e-01,5.042236235303e-01,0.000000000000e+00
36.960000,-7.980546307194e-01,-3.473869890631e-01,8.703843483100e-01,5.055359914669e-01,0.000000000000e+00
36.970000,-7.982516919139e-01,-3.499420193236e-01,8.715877354183e-01,5.067722874016e-01,0.000000000000e+00
36.980000,-7.984088944005e-01,-3.525083023138e-01,8.727650691097e-01,5.079342153157e-01,0.000000000000e+00
36.990000,-7.985271350351e-01,-3.550845185231e-01,8.739168156537e-01,5.090238051357e-01,0.000000000000e+00
37.000000,-7.986073473340e-01,-3.576693797071e-01,8.750434734320e-01,5.100433597017e-01,0.000000000000e+00
37.010000,-7.986505014995e-01,-3.602616335165e-01,8.761455747360e-01,5.109953974841e-01,0.000000000000e+00
37.020000,-7.986576045023e-01,-3.628600674213e-01,8.772236874130e-01,5.118825922326e-01,0.000000000000e+00
37.030000,-7.986297001746e-01,-3.654635118897e-01,8.782784162916e-01,5.127077108477e-01,0.000000000000e+00
37.040000,-7.985678692630e-01,-3.680708427964e-01,8.793104043147e-01,5.134735508473e-01,0.000000000000e+00
37.050000,-7.984732293881e-01,-3.706809830471e-01,8.803203333118e-01,5.141828788387e-01,0.000000000000e+00
37.060000,-7.983469348551e-01,-3.732929034233e-01,8.813089243499e-01,5.148383714186e-01,0.000000000000e+00
37.070000,-7.981901762608e-01,-3.759056226650e-01,8.822769376054e-01,5.154425598878e-01,0.000000000000e+00
37.080000,-7.980041798431e-01,-3.785182068235e-01,8.832251717110e-01,5.159977800913e-01,0.000000000000e+00
37.090000,-7.977902065255e-01,-3.811297679324e-01,8.841544625416e-01,5.165061285846e-01,0.000000000000e+00
37.100000,-7.975495506107e-01,-3.837394620561e-01,8.850656814149e-01,5.169694261666e-01,0.000000000000e+00
37.110000,-7.972835380878e-01,-3.863464867886e-01,8.859597326965e-01,5.173891896371e-01,0.000000000000e+00
37.120000,-7.969935245245e-01,-3.889500782836e-01,8.868375508123e-01,5.177666124115e-01,0.000000000000e+00
37.130000,-7.966808925267e-01,-3.915495079080e-01,8.877000966881e-01,5.181025543842e-01,0.000000000000e+00
37.140000,-7.963470487558e-01,-3.941440786120e-01,8.885483536460e-01,5.183975411693e-01,0.000000000000e+00
37.150000,-7.959934205101e-01,-3.967331211160e-01,8.893833228062e-01,5.186517725800e-01,0.000000000000e+00
37.160000,-7.956214518824e-01,-3.993159900132e-01,8.902060180519e-01,5.188651399391e-01,0.000000000000e+00
37.170000,-7.952325995228e-01,-4.018920598830e-01,8.910174606262e-01,5.190372515568e-01,0.000000000000e+00
37.180000,-7.948283280414e-01,-4.044607215085e-01,8.918186734422e-01,5.191674654804e-01,0.000000000000e+00
37.190000,-7.944101050996e-01,-4.070213782815e-01,8.926106751896e-01,5.192549284135e-01,0.000000000000e+00
37.200000,-7.939793962430e-01,-4.095734428688e-01,8.933944743291e-01,5.192986195415e-01,0.000000000000e+00
37.210000,-7.935376595390e-01,-4.121163342041e-01,8.941710630659e-01,5.192973978816e-01,0.000000000000e+00
37.220000,-7.930863400832e-01,-4.146494748551e-01,8.949414113920e-01,5.192500517101e-01,0.000000000000e+00
37.230000,-7.926268644463e-01,-4.171722888031e-01,8.957064612847e-01,5.191553486116e-01,0.000000000000e+00
37.240000,-7.921606351262e-01,-4.196841996568e-01,8.964671211401e-01,5.190120847348e-01,0.000000000000e+00
37.250000,-7.916890250766e-01,-4.221846293113e-01,8.972242605132e-01,5.188191319426e-01,0.000000000000e+00
37.260000,-7.912133723719e-01,-4.246729970455e-01,8.979787052262e-01,5.185754816847e-01,0.000000000000e+00
37.270000,-7.907349750682e-01,-4.271487190450e-01,8.987312328933e-01,5.182802846090e-01,0.000000000000e+00
37.280000,-7.902550863093e-01,-4.296112083219e-01,8.994825688992e-01,5.179328851448e-01,0.000000000000e+00
37.290000,-7.897749097207e-01,-4.320598749970e-01,9.002333828551e-01,5.175328505258e-01,0.000000000000e+00
37.300000,-7.892955951232e-01,-4.344941269052e-01,9.009842855433e-01,5.170799939667e-01,0.000000000000e+00
37.310000,-7.888182345915e-01,-4.369133704762e-01,9.017358263510e-01,5.165743919457e-01,0.000000000000e+00
37.320000,-7.883438588698e-01,-4.393170118449e-01,9.024884911810e-01,5.160163957710e-01,0.000000000000e+00
37.330000,-7.878734341519e-01,-4.417044581439e-01,9.032427008211e-01,5.154066378045e-01,0.000000000000e+00
37.340000,-7.874078592219e-01,-4.440751189319e-01,9.039988097441e-01,5.147460328810e-01,0.000000000000e+00
37.350000,-7.869479629466e-01,-4.464284077173e-01,9.047571053066e-01,5.140357755822e-01,0.000000000000e+00
37.360000,-7.864945021049e-01,-4.487637435387e-01,9.055178073103e-01,5.132773341044e-01,0.000000000000e+00
37.370000,-7.860481595345e-01,-4.510805525698e-01,9.062810678891e-01,5.124724414940e-01,0.000000000000e+00
37.380000,-7.856095425743e-01,-4.533782697238e-01,9.070469716842e-01,5.116230850177e-01,0.000000000000e+00
37.390000,-7.851791817777e-01,-4.556563402365e-01,9.078155362709e-01,5.107314943911e-01,0.000000000000e+00
37.400000,-7.847575298747e-01,-4.579142212130e-01,9.085867128041e-01,5.098001295178e-01,0.000000000000e+00
37.410000,-7.843449609571e-01,-4.601513831305e-01,9.093603868521e-01,5.088316682898e-01,0.000000000000e+00
37.420000,-7.839417698660e-01,-4.623673112925e-01,9.101363793918e-01,5.078289948941e-01,0.000000000000e+00
37.430000,-7.835481717610e-01,-4.645615072331e-01,9.109144479437e-01,5.067951889452e-01,0.000000000000e+00
37.440000,-7.831643018543e-01,-4.667334900776e-01,9.116942878284e-01,5.057335156444e-01,0.000000000000e+00
37.450000,-7.827902152950e-01,-4.688827978618e-01,9.124755335308e-01,5.046474170517e-01,0.000000000000e+00
37.460000,-7.824258871916e-01,-4.710089888207e-01,9.132577601627e-01,5.035405044457e-01,0.000000000000e+00
37.470000,-7.820712127662e-01,-4.731116426517e-01,9.140404850170e-01,5.024165516534e-01,0.000000000000e+00
37.480000,-7.817260076357e-01,-4.751903617639e-01,9.148231692122e-01,5.012794891475e-01,0.000000000000e+00
37.490000,-7.813900082182e-01,-4.772447725194e-01,9.156052194261e-01,5.001333986441e-01,0.000000000000e+00
37.500000,-7.810628722687e-01,-4.792745264730e-01,9.163859897240e-01,4.989825078803e-01,0.000000000000e+00
37.510000,-7.807441795489e-01,-4.812793016170e-01,9.171647834847e-01,4.978311852142e-01,0.000000000000e+00
37.520000,-7.804334326416e-01,-4.832588036315e-01,9.179408554325e-01,4.966839336719e-01,0.000000000000e+00
37.530000,-7.801300579196e-01,-4.852127671405e-01,9.187134137835e-01,4.955453840552e-01,0.000000000000e+00
37.540000,-7.798334066856e-01,-4.871409569702e-01,9.194816225139e-01,4.944202867403e-01,0.000000000000e+00
37.550000,-7.795427564976e-01,-4.890431694030e-01,9.202446037590e-01,4.933135018170e-01,0.000000000000e+00
37.560000,-7.792573126961e-01,-4.909192334157e-01,9.210014403506e-01,4.922299872630e-01,0.000000000000e+00
37.570000,-7.789762101523e-01,-4.927690118904e-01,9.217511784982e-01,4.911747849038e-01,0.000000000000e+00
37.580000,-7.786985152509e-01,-4.945924027799e-01,9.224928306180e-01,4.901530039779e-01,0.000000000000e+00
37.590000,-7.784232281239e-01,-4.963893402102e-01,9.232253783108e-01,4.891698022124e-01,0.000000000000e+00
37.600000,-7.781492851472e-01,-4.981597955003e-01,9.239477754873e-01,4.882303643980e-01,0.000000000000e+00
37.610000,-7.778755617087e-01,-4.999037780771e-01,9.246589516354e-01,4.873398785496e-01,0.000000000000e+00
37.620000,-7.776008752550e-01,-5.016213362646e-01,9.253578152225e-01,4.865035098180e-01,0.000000000000e+00
37.630000,-7.773239886172e-01,-5.033125579279e-01,9.260432572227e-01,4.857263723973e-01,0.000000000000e+00
37.640000,-7.770436136155e-01,-5.049775709503e-01,9.267141547551e-01,4.850134997311e-01,0.000000000000e+00
37.650000,-7.767584149370e-01,-5.066165435279e-01,9.273693748187e-01,4.843698133666e-01,0.000000000000e+00
37.660000,-7.764670142770e-01,-5.082296842644e-01,9.280077781073e-01,4.838000908378e-01,0.000000000000e+00
37.670000,-7.761679947312e-01,-5.098172420518e-01,9.286282228849e-01,4.833089329830e-01,0.000000000000e+00
37.680000,-7.758599054232e-01,-5.113795057272e-01,9.292295689016e-01,4.829007311166e-01,0.000000000000e+00
37.690000,-7.755412663466e-01,-5.129168034940e-01,9.298106813287e-01,4.825796344904e-01,0.000000000000e+00
37.700000,-7.752105733998e-01,-5.144295021026e-01,9.303704346895e-01,4.823495184809e-01,0.000000000000e+00
37.710000,-7.748663035865e-01,-5.159180057851e-01,9.309077167620e-01,4.822139539399e-01,0.000000000000e+00
37.720000,-7.745069203546e-01,-5.173827549437e-01,9.314214324302e-01,4.821761781196e-01,0.000000000000e+00
37.730000,-7.741308790424e-01,-5.188242245928e-01,9.319105074583e-01,4.822390675510e-01,0.000000000000e+00
37.740000,-7.737366324010e-01,-5.202429225609e-01,9.323738921666e-01,4.824051131943e-01,0.000000000000e+00
37.750000,-7.733226361603e-01,-5.216393874576e-01,9.328105649837e-01,4.826763981091e-01,0.000000000000e+00
37.760000,-7.728873546078e-01,-5.230141864163e-01,9.332195358571e-01,4.830545778139e-01,0.000000000000e+00
37.770000,-7.724292661469e-01,-5.243679126223e-01,9.335998495009e-01,4.835408634190e-01,0.000000000000e+00
37.780000,-7.719468688074e-01,-5.257011826421e-01,9.339505884643e-01,4.841360075479e-01,0.000000000000e+00
37.790000,-7.714386856781e-01,-5.270146335655e-01,9.342708760060e-01,4.848402929942e-01,0.000000000000e+00
37.800000,-7.709032702362e-01,-5.283089199772e-01,9.345598787603e-01,4.856535240221e-01,0.000000000000e+00
37.810000,-7.703392115492e-01,-5.295847107741e-01,9.348168091856e-01,4.865750201855e-01,0.000000000000e+00
37.820000,-7.697451393259e-01,-5.308426858443e-01,9.350409277834e-01,4.876036125335e-01,0.000000000000e+00
37.830000,-7.691197287983e-01,-5.320835326236e-01,9.352315450818e-01,4.887376420706e-01,0.000000000000e+00
37.840000,-7.684617054138e-01,-5.333079425488e-01,9.353880233748e-01,4.899749603549e-01,0.000000000000e+00
37.850000,-7.677698493209e-01,-5.345166074211e-01,9.355097782146e-01,4.913129321343e-01,0.000000000000e+00
37.860000,-7.670429996341e-01,-5.357102157008e-01,9.355962796495e-01,4.927484399464e-01,0.000000000000e+00
37.870000,-7.662800584625e-01,-5.368894487471e-01,9.356470532061e-01,4.942778906283e-01,0.000000000000e+00
37.880000,-7.654799946888e-01,-5.380549770220e-01,9.356616806126e-01,4.958972237028e-01,0.000000000000e+00
37.890000,-7.646418474872e-01,-5.392074562761e-01,9.356398002609e-01,4.976019216254e-01,0.000000000000e+00
37.900000,-7.637647295682e-01,-5.403475237335e-01,9.355811074073e-01,4.993870218869e-01,0.000000000000e+00
37.910000,-7.628478301407e-01,-5.414757942941e-01,9.354853541113e-01,5.012471309754e-01,0.000000000000e+00
37.920000,-7.618904175800e-01,-5.425928567712e-01,9.353523489142e-01,5.031764402008e-01,0.000000000000e+00
37.930000,-7.608918417958e-01,-5.436992701842e-01,9.351819562579e-01,5.051687433880e-01,0.000000000000e+00
37.940000,-7.598515362899e-01,-5.447955601236e-01,9.349740956478e-01,5.072174564327e-01,0.000000000000e+00
37.950000,-7.587690198971e-01,-5.458822152080e-01,9.347287405638e-01,5.093156387109e-01,0.000000000000e+00
37.960000,-7.576438982047e-01,-5.469596836518e-01,9.344459171227e-01,5.114560163174e-01,0.000000000000e+00
37.970000,-7.564758646438e-01,-5.480283699625e-01,9.341257025007e-01,5.136310070970e-01,0.000000000000e+00
37.980000,-7.552647012500e-01,-5.490886317862e-01,9.337682231213e-01,5.158327474178e-01,0.000000000000e+00
37.990000,-7.540102790892e-01,-5.501407769196e-01,9.333736526182e-01,5.180531206196e-01,0.000000000000e+00
38.000000,-7.527125583488e-01,-5.511850605069e-01,9.329422095832e-01,5.202837870543e-01,0.000000000000e+00
38.010000,-7.513715880921e-01,-5.522216824395e-01,9.324741551101e-01,5.225162156228e-01,0.000000000000e+00
38.020000,-7.499875056783e-01,-5.532507849741e-01,9.319697901477e-01,5.247417166917e-01,0.000000000000e+00
38.030000,-7.485605358495e-01,-5.542724505873e-01,9.314294526755e-01,5.269514762657e-01,0.000000000000e+00
38.040000,-7.470909894887e-01,-5.552867000810e-01,9.308535147176e-01,5.291365912697e-01,0.000000000000e+00
38.050000,-7.455792620544e-01,-5.562934909525e-01,9.302423792118e-01,5.312881057894e-01,0.000000000000e+00
38.060000,-7.440258316965e-01,-5.572927160442e-01,9.295964767509e-01,5.333970481002e-01,0.000000000000e+00
38.070000,-7.424312570636e-01,-5.582842024838e-01,9.289162622153e-01,5.354544683099e-01,0.000000000000e+00
38.080000,-7.407961748094e-01,-5.592677109251e-01,9.282022113180e-01,5.374514764237e-01,0.000000000000e+00
38.090000,-7.391212968089e-01,-5.602429351012e-01,9.274548170813e-01,5.393792806403e-01,0.000000000000e+00
38.100000,-7.374074070972e-01,-5.612095016944e-01,9.266745862674e-01,5.412292256732e-01,0.000000000000e+00
38.110000,-7.356553585430e-01,-5.621669705325e-01,9.258620357865e-01,5.429928308911e-01,0.000000000000e+00
38.120000,-7.338660692726e-01,-5.631148351129e-01,9.250176891032e-01,5.446618280649e-01,0.000000000000e+00
38.130000,-7.320405188584e-01,-5.640525234599e-01,9.241420726662e-01,5.462281985076e-01,0.000000000000e+00
38.140000,-7.301797442902e-01,-5.649793993141e-01,9.232357123839e-01,5.476842093934e-01,0.000000000000e+00
38.150000,-7.282848357473e-01,-5.658947636541e-01,9.222991301691e-01,5.490224490404e-01,0.000000000000e+00
38.160000,-7.263569321883e-01,-5.667978565479e-01,9.213328405767e-01,5.502358609490e-01,0.000000000000e+00
38.170000,-7.243972167805e-01,-5.676878593284e-01,9.203373475570e-01,5.513177763880e-01,0.000000000000e+00
38.180000,-7.224069121892e-01,-5.685638970882e-01,9.193131413457e-01,5.522619453297e-01,0.000000000000e+00
38.190000,-7.203872757460e-01,-5.694250414835e-01,9.182606955136e-01,5.530625655422e-01,0.000000000000e+00
38.200000,-7.183395945210e-01,-5.702703138384e-01,9.171804641955e-01,5.537143096567e-01,0.000000000000e+00
38.210000,-7.162651803191e-01,-5.710986885374e-01,9.160728795171e-01,5.542123500394e-01,0.000000000000e+00
38.220000,-7.141653646230e-01,-5.719090966921e-01,9.149383492380e-01,5.545523813110e-01,0.000000000000e+00
38.230000,-7.120414935072e-01,-5.727004300672e-01,9.137772546278e-01,5.547306403694e-01,0.000000000000e+00
38.240000,-7.098949225438e-01,-5.734715452487e-01,9.125899485878e-01,5.547439237894e-01,0.000000000000e+00
38.250000,-7.077270117255e-01,-5.742212680359e-01,9.113767540324e-01,5.545896024877e-01,0.000000000000e+00
38.260000,-7.055391204254e-01,-5.749483980384e-01,9.101379625406e-01,5.542656335613e-01,0.000000000000e+00
38.270000,-7.033326024189e-01,-5.756517134558e-01,9.088738332849e-01,5.537705692265e-01,0.000000000000e+00
38.280000,-7.011088009875e-01,-5.763299760186e-01,9.075845922445e-01,5.531035628028e-01,0.000000000000e+00
38.290000,-6.988690441270e-01,-5.769819360669e-01,9.062704317071e-01,5.522643717093e-01,0.000000000000e+00
38.300000,-6.966146398804e-01,-5.776063377439e-01,9.049315100590e-01,5.512533574604e-01,0.000000000000e+00
38.310000,-6.943468718153e-01,-5.782019242774e-01,9.035679518651e-01,5.500714826674e-01,0.000000000000e+00
38.320000,-6.920669946643e-01,-5.787674433262e-01,9.021798482332e-01,5.487203050754e-01,0.000000000000e+00
38.330000,-6.897762301482e-01,-5.793016523632e-01,9.007672574579e-01,5.472019686822e-01,0.000000000000e+00
38.340000,-6.874757629954e-01,-5.798033240717e-01,8.993302059370e-01,5.455191920096e-01,0.000000000000e+00
38.350000,-6.851667371764e-01,-5.802712517262e-01,8.978686893488e-01,5.436752536121e-01,0.000000000000e+00
38.360000,-6.828502523658e-01,-5.807042545330e-01,8.963826740789e-01,5.416739749317e-01,0.000000000000e+00
38.370000,-6.805273606443e-01,-5.811011829042e-01,8.948720988824e-01,5.395197006188e-01,0.000000000000e+00
38.380000,-6.781990634536e-01,-5.814609236388e-01,8.933368767650e-01,5.372172764614e-01,0.000000000000e+00
38.390000,-6.758663088126e-01,-5.817824049865e-01,8.917768970655e-01,5.347720250741e-01,0.000000000000e+00
38.400000,-6.735299888039e-01,-5.820646015688e-01,8.901920277208e-01,5.321897195167e-01,0.000000000000e+00
38.410000,-6.711909373367e-01,-5.823065391341e-01,8.885821176916e-01,5.294765550196e-01,0.000000000000e+00
38.420000,-6.688499281922e-01,-5.825072991228e-01,8.869469995293e-01,5.266391190062e-01,0.000000000000e+00
38.430000,-6.665076733533e-01,-5.826660230219e-01,8.852864920595e-01,5.236843596107e-01,0.000000000000e+00
38.440000,-6.641648216224e-01,-5.827819164864e-01,8.836004031599e-01,5.206195528946e-01,0.000000000000e+00
38.450000,-6.618219575257e-01,-5.828542532094e-01,8.818885326091e-01,5.174522689723e-01,0.000000000000e+00
38.460000,-6.594796005032e-01,-5.828823785213e-01,8.801506749816e-01,5.141903372573e-01,0.000000000000e+00
38.470000,-6.571382043827e-01,-5.828657127018e-01,8.783866225659e-01,5.108418110445e-01,0.000000000000e+00
38.480000,-6.547981571308e-01,-5.828037539895e-01,8.765961682816e-01,5.074149316405e-01,0.000000000000e+00
38.490000,-6.524597808772e-01,-5.826960812736e-01,8.747791085719e-01,5.039180922552e-01,0.000000000000e+00
38.500000,-6.501233322046e-01,-5.825423564579e-01,8.729352462493e-01,5.003598018617e-01,0.000000000000e+00
38.510000,-6.477890026945e-01,-5.823423264842e-01,8.710643932723e-01,4.967486492282e-01,0.000000000000e+00
38.520000,-6.454569197201e-01,-5.820958250071e-01,8.691663734322e-01,4.930932673193e-01,0.000000000000e+00
38.530000,-6.431271474755e-01,-5.818027737133e-01,8.672410249293e-01,4.894022982541e-01,0.000000000000e+00
38.540000,-6.407996882285e-01,-5.814631832788e-01,8.652882028218e-01,4.856843590035e-01,0.000000000000e+00
38.550000,-6.384744837844e-01,-5.810771539617e-01,8.633077813271e-01,4.819480079963e-01,0.000000000000e+00
38.560000,-6.361514171469e-01,-5.806448758275e-01,8.612996559634e-01,4.782017127939e-01,0.000000000000e+00
38.570000,-6.338303143627e-01,-5.801666286066e-01,8.592637455134e-01,4.744538189817e-01,0.000000000000e+00
38.580000,-6.315109465328e-01,-5.796427811863e-01,8.571999938008e-01,4.707125204158e-01,0.000000000000e+00
38.590000,-6.291930319769e-01,-5.790737907402e-01,8.551083712668e-01,4.669858309455e-01,0.000000000000e+00
38.600000,-6.268762385337e-01,-5.784602014986e-01,8.529888763377e-01,4.632815577256e-01,0.000000000000e+00
38.610000,-6.245601859816e-01,-5.778026431676e-01,8.508415365771e-01,4.596072762158e-01,0.000000000000e+00
38.620000,-6.222444485637e-01,-5.771018290051e-01,8.486664096153e-01,4.559703069510e-01,0.000000000000e+00
38.630000,-6.199285575993e-01,-5.763585535611e-01,8.464635838536e-01,4.523776941561e-01,0.000000000000e+00
38.640000,-6.176120041689e-01,-5.755736900954e-01,8.442331789403e-01,4.488361862624e-01,0.000000000000e+00
38.650000,-6.152942418523e-01,-5.747481876837e-01,8.419753460181e-01,4.453522183728e-01,0.000000000000e+00
38.660000,-6.129746895084e-01,-5.738830680256e-01,8.396902677443e-01,4.419318967094e-01,0.000000000000e+00
38.670000,-6.106527340785e-01,-5.729794219696e-01,8.373781580852e-01,4.385809850638e-01,0.000000000000e+00
38.680000,-6.083277333993e-01,-5.720384057710e-01,8.350392618912e-01,4.353048932613e-01,0.000000000000e+00
38.690000,-6.059990190119e-01,-5.710612370985e-01,8.326738542550e-01,4.321086676373e-01,0.000000000000e+00
38.700000,-6.036658989521e-01,-5.700491908095e-01,8.302822396632e-01,4.289969835134e-01,0.000000000000e+00
38.710000,-6.013276605103e-01,-5.690035945097e-01,8.278647509465e-01,4.259741396523e-01,0.000000000000e+00
38.720000,-5.989835729481e-01,-5.679258239198e-01,8.254217480395e-01,4.230440546599e-01,0.000000000000e+00
38.730000,-5.966328901616e-01,-5.668172980666e-01,8.229536165605e-01,4.202102652944e-01,0.000000000000e+00
38.740000,-5.942748532794e-01,-5.656794743214e-01,8.204607662215e-01,4.174759266348e-01,0.000000000000e+00
38.750000,-5.919086931881e-01,-5.645138433050e-01,8.179436290813e-01,4.148438140528e-01,0.000000000000e+00
38.760000,-5.895336329757e-01,-5.633219236829e-01,8.154026576554e-01,4.123163269264e-01,0.000000000000e+00
38.770000,-5.871488902859e-01,-5.621052568709e-01,8.128383228945e-01,4.098954940251e-01,0.000000000000e+00
38.780000,-5.847536795773e-01,-5.608654016740e-01,8.102511120475e-01,4.075829804952e-01,0.000000000000e+00
38.790000,-5.823472142827e-01,-5.596039288814e-01,8.076415264226e-01,4.053800963629e-01,0.000000000000e+00
38.800000,-5.799287088632e-01,-5.583224158384e-01,8.050100790620e-01,4.032878064746e-01,0.000000000000e+00
38.810000,-5.774973807562e-01,-5.570224410191e-01,8.023572923450e-01,4.013067417840e-01,0.000000000000e+00
38.820000,-5.750524522126e-01,-5.557055786203e-01,7.996836955356e-01,3.994372118977e-01,0.000000000000e+00
38.830000,-5.725931520246e-01,-5.543733932002e-01,7.969898222900e-01,3.976792187846e-01,0.000000000000e+00
38.840000,-5.701187171432e-01,-5.530274343814e-01,7.942762081389e-01,3.960324715515e-01,0.000000000000e+00
38.850000,-5.676283941857e-01,-5.516692316407e-01,7.915433879611e-01,3.944964021896e-01,0.000000000000e+00
38.860000,-5.651214408367e-01,-5.503002892064e-01,7.887918934636e-01,3.930701821895e-01,0.000000000000e+00
38.870000,-5.625971271437e-01,-5.489220810813e-01,7.860222506831e-01,3.917527399249e-01,0.000000000000e+00
38.880000,-5.600547367126e-01,-5.475360462130e-01,7.832349775239e-01,3.905427787031e-01,0.000000000000e+00
38.890000,-5.574935678058e-01,-5.461435838291e-01,7.804305813475e-01,3.894387953790e-01,0.000000000000e+00
38.900000,-5.549129343489e-01,-5.447460489539e-01,7.776095566276e-01,3.884390994308e-01,0.000000000000e+00
38.910000,-5.523121668526e-01,-5.433447481270e-01,7.747723826844e-01,3.875418323935e-01,0.000000000000e+00
38.920000,-5.496906132534e-01,-5.419409353356e-01,7.719195215120e-01,3.867449875492e-01,0.000000000000e+00
38.930000,-5.470476396836e-01,-5.405358081794e-01,7.690514157113e-01,3.860464297697e-01,0.000000000000e+00
38.940000,-5.443826311741e-01,-5.391305042799e-01,7.661684865413e-01,3.854439154127e-01,0.000000000000e+00
38.950000,-5.416949923003e-01,-5.377260979473e-01,7.632711320998e-01,3.849351121691e-01,0.000000000000e+00
38.960000,-5.389841477780e-01,-5.363235971189e-01,7.603597256447e-01,3.845176187635e-01,0.000000000000e+00
38.970000,-5.362495430168e-01,-5.349239405766e-01,7.574346140676e-01,3.841889844091e-01,0.000000000000e+00
38.980000,-5.334906446397e-01,-5.335279954559e-01,7.544961165263e-01,3.839467279211e-01,0.000000000000e+00
38.990000,-5.307069409771e-01,-5.321365550533e-01,7.515445232488e-01,3.837883563940e-01,0.000000000000e+00
39.000000,-5.278979425437e-01,-5.307503369389e-01,7.485800945141e-01,3.837113833496e-01,0.000000000000e+00
39.010000,-5.250631825045e-01,-5.293699813814e-01,7.456030598176e-01,3.837133462668e-01,0.000000000000e+00
39.020000,-5.222022171396e-01,-5.279960500883e-01,7.426136172293e-01,3.837918234036e-01,0.000000000000e+00
39.030000,-5.193146263153e-01,-5.266290252662e-01,7.396119329471e-01,3.839444498263e-01,0.000000000000e+00
39.040000,-5.164000139658e-01,-5.252693090014e-01,7.365981410530e-01,3.841689325647e-01,0.000000000000e+00
39.050000,-5.134580085968e-01,-5.239172229629e-01,7.335723434736e-01,3.844630648124e-01,0.000000000000e+00
39.060000,-5.104882638121e-01,-5.225730084254e-01,7.305346101484e-01,3.848247390967e-01,0.000000000000e+00
39.070000,-5.074904588731e-01,-5.212368266124e-01,7.274849794080e-01,3.852519593469e-01,0.000000000000e+00
39.080000,-5.044642992936e-01,-5.199087593532e-01,7.244234585614e-01,3.857428517907e-01,0.000000000000e+00
39.090000,-5.014095174750e-01,-5.185888100520e-01,7.213500246937e-01,3.862956746166e-01,0.000000000000e+00
39.100000,-4.983258733855e-01,-5.172769049609e-01,7.182646256717e-01,3.869088263414e-01,0.000000000000e+00
39.110000,-4.952131552864e-01,-5.159728947508e-01,7.151671813543e-01,3.875808528285e-01,0.000000000000e+00
39.120000,-4.920711805064e-01,-5.146765563719e-01,7.120575850055e-01,3.883104529083e-01,0.000000000000e+00
39.130000,-4.888997962669e-01,-5.133875951929e-01,7.089357049040e-01,3.890964825556e-01,0.000000000000e+00
39.140000,-4.856988805562e-01,-5.121056474100e-01,7.058013861440e-01,3.899379575872e-01,0.000000000000e+00
39.150000,-4.824683430548e-01,-5.108302827125e-01,7.026544526196e-01,3.908340548476e-01,0.000000000000e+00
39.160000,-4.792081261071e-01,-5.095610071927e-01,6.994947091853e-01,3.917841118582e-01,0.000000000000e+00
39.170000,-4.759182057401e-01,-5.082972664858e-01,6.963219439827e-01,3.927876249123e-01,0.000000000000e+00
39.180000,-4.725985927237e-01,-5.070384491264e-01,6.931359309233e-01,3.938442456054e-01,0.000000000000e+00
39.190000,-4.692493336693e-01,-5.057838901033e-01,6.899364323162e-01,3.949537757991e-01,0.000000000000e+00
39.200000,-4.658705121608e-01,-5.045328745992e-01,6.867232016266e-01,3.961161610244e-01,0.000000000000e+00
39.210000,-4.624622499129e-01,-5.032846418952e-01,6.834959863540e-01,3.973314823396e-01,0.000000000000e+00
39.220000,-4.590247079490e-01,-5.020383894247e-01,6.802545310131e-01,3.985999466668e-01,0.000000000000e+00
39.230000,-4.555580877912e-01,-5.007932769564e-01,6.769985802028e-01,3.999218756403e-01,0.000000000000e+00
39.240000,-4.520626326540e-01,-4.995484308878e-01,6.737278817479e-01,4.012976930115e-01,0.000000000000e+00
39.250000,-4.485386286324e-01,-4.983029486308e-01,6.704421898938e-01,4.027279106635e-01,0.000000000000e+00
39.260000,-4.449864058742e-01,-4.970559030679e-01,6.671412685388e-01,4.042131133010e-01,0.000000000000e+00
39.270000,-4.414063397258e-01,-4.958063470606e-01,6.638248944832e-01,4.057539418897e-01,0.000000000000e+00
39.280000,-4.377988518409e-01,-4.945533179884e-01,6.604928606780e-01,4.073510759343e-01,0.000000000000e+00
39.290000,-4.341644112403e-01,-4.932958422988e-01,6.571449794505e-01,4.090052146917e-01,0.000000000000e+00
39.300000,-4.305035353091e-01,-4.920329400486e-01,6.537810856904e-01,4.107170574303e-01,0.000000000000e+00
39.310000,-4.268167907219e-01,-4.907636294141e-01,6.504010399729e-01,4.124872828572e-01,0.000000000000e+00
39.320000,-4.231047942798e-01,-4.894869311534e-01,6.470047315998e-01,4.143165278458e-01,0.000000000000e+00
39.330000,-4.193682136491e-01,-4.882018729979e-01,6.435920815376e-01,4.162053656098e-01,0.000000000000e+00
39.340000,-4.156077679863e-01,-4.869074939562e-01,6.401630452325e-01,4.181542834797e-01,0.000000000000e+00
39.350000,-4.118242284389e-01,-4.856028485100e-01,6.367176152819e-01,4.201636604482e-01,0.000000000000e+00
39.360000,-4.080184185061e-01,-4.842870106843e-01,6.332558239431e-01,4.222337446627e-01,0.000000000000e+00
39.370000,-4.041912142497e-01,-4.829590779744e-01,6.297777454583e-01,4.243646310538e-01,0.000000000000e+00
39.380000,-4.003435443403e-01,-4.816181751128e-01,6.262834981811e-01,4.265562392941e-01,0.000000000000e+00
39.390000,-3.964763899288e-01,-4.802634576593e-01,6.227732464820e-01,4.288082922939e-01,0.000000000000e+00
39.400000,-3.925907843301e-01,-4.788941154009e-01,6.192472024213e-01,4.311202954459e-01,0.000000000000e+00
39.410000,-3.886878125101e-01,-4.775093755457e-01,6.157056271692e-01,4.334915168338e-01,0.000000000000e+00
39.420000,-3.847686103638e-01,-4.761085056982e-01,6.121488321637e-01,4.359209686300e-01,0.000000000000e+00
39.430000,-3.808343637776e-01,-4.746908166055e-01,6.085771799891e-01,4.384073899019e-01,0.000000000000e+00
39.440000,-3.768863074663e-01,-4.732556646619e-01,6.049910849675e-01,4.409492310545e-01,0.000000000000e+00
39.450000,-3.729257235779e-01,-4.718024541639e-01,6.013910134523e-01,4.435446401280e-01,0.000000000000e+00
39.460000,-3.689539400613e-01,-4.703306393070e-01,5.977774838163e-01,4.461914511714e-01,0.000000000000e+00
39.470000,-3.649723287917e-01,-4.688397259178e-01,5.941510661291e-01,4.488871748989e-01,0.000000000000e+00
39.480000,-3.609823034502e-01,-4.673292729166e-01,5.905123815205e-01,4.516289918341e-01,0.000000000000e+00
39.490000,-3.569853171578e-01,-4.657988935060e-01,5.868621012279e-01,4.544137481267e-01,0.000000000000e+00
39.500000,-3.529828598618e-01,-4.642482560838e-01,5.832009453293e-01,4.572379542171e-01,0.000000000000e+00
39.510000,-3.489764554773e-01,-4.626770848794e-01,5.795296811640e-01,4.600977864998e-01,0.000000000000e+00
39.520000,-3.449676587882e-01,-4.610851603142e-01,5.758491214474e-01,4.629890921188e-01,0.000000000000e+00
39.530000,-3.409580521109e-01,-4.594723190876e-01,5.721601220873e-01,4.659073970001e-01,0.000000000000e+00
39.540000,-3.369492417293e-01,-4.578384539939e-01,5.684635797107e-01,4.688479171970e-01,0.000000000000e+00
39.550000,-3.329428541100e-01,-4.561835134732e-01,5.647604289145e-01,4.718055735956e-01,0.000000000000e+00
39.560000,-3.289405319078e-01,-4.545075009038e-01,5.610516392540e-01,4.747750099885e-01,0.000000000000e+00
39.570000,-3.249439297747e-01,-4.528104736443e-01,5.573382119857e-01,4.777506144892e-01,0.000000000000e+00
39.580000,-3.209547099873e-01,-4.510925418333e-01,5.536211765826e-01,4.807265442214e-01,0.000000000000e+00
39.590000,-3.169745379081e-01,-4.493538669577e-01,5.499015870426e-01,4.836967531696e-01,0.000000000000e+00
39.600000,-3.130050772995e-01,-4.475946602021e-01,5.461805180128e-01,4.866550230406e-01,0.000000000000e+00
39.610000,-3.090479855105e-01,-4.458151805892e-01,5.424590607519e-01,4.895949969336e-01,0.000000000000e+00
39.620000,-3.051049085568e-01,-4.440157329279e-01,5.387383189574e-01,4.925102155761e-01,0.000000000000e+00
39.630000,-3.011774761179e-01,-4.421966655812e-01,5.350194044816e-01,4.953941558351e-01,0.000000000000e+00
39.640000,-2.972672964743e-01,-4.403583680698e-01,5.313034329668e-01,4.982402711682e-01,0.000000000000e+00
39.650000,-2.933759514115e-01,-4.385012685282e-01,5.275915194234e-01,5.010420336386e-01,0.000000000000e+00
39.660000,-2.895049911161e-01,-4.366258310280e-01,5.238847737834e-01,5.037929770760e-01,0.000000000000e+00
39.670000,-2.856559290911e-01,-4.347325527867e-01,5.201842964540e-01,5.064867409289e-01,0.000000000000e+00
39.680000,-2.818302371185e-01,-4.328219612781e-01,5.164911739022e-01,5.091171143234e-01,0.000000000000e+00
39.690000,-2.780293402963e-01,-4.308946112635e-01,5.128064742976e-01,5.116780798142e-01,0.000000000000e+00
39.700000,-2.742546121789e-01,-4.289510817581e-01,5.091312432397e-01,5.141638562948e-01,0.000000000000e+00
39.710000,-2.705073700477e-01,-4.269919729535e-01,5.054664995990e-01,5.165689405191e-01,0.000000000000e+00
39.720000,-2.667888703396e-01,-4.250179031111e-01,5.018132314936e-01,5.188881466822e-01,0.000000000000e+00
39.730000,-2.631003042602e-01,-4.230295054449e-01,4.981723924294e-01,5.211166435083e-01,0.000000000000e+00
39.740000,-2.594427936073e-01,-4.210274250100e-01,4.945448976234e-01,5.232499883102e-01,0.000000000000e+00
39.750000,-2.558173868287e-01,-4.190123156123e-01,4.909316205325e-01,5.252841575010e-01,0.000000000000e+00
39.760000,-2.522250553375e-01,-4.169848367578e-01,4.873333896071e-01,5.272155730747e-01,0.000000000000e+00
39.770000,-2.486666901068e-01,-4.149456506532e-01,4.837509852855e-01,5.290411246112e-01,0.000000000000e+00
39.780000,-2.451430985615e-01,-4.128954192758e-01,4.801851372452e-01,5.307581864149e-01,0.000000000000e+00
39.790000,-2.416550017855e-01,-4.108348015242e-01,4.766365219236e-01,5.323646294539e-01,0.000000000000e+00
39.800000,-2.382030320595e-01,-4.087644504651e-01,4.731057603183e-01,5.338588278421e-01,0.000000000000e+00
39.810000,-2.347877307400e-01,-4.066850106862e-01,4.695934160770e-01,5.352396596797e-01,0.000000000000e+00
39.820000,-2.314095464909e-01,-4.045971157699e-01,4.660999938817e-01,5.365065021583e-01,0.000000000000e+00
39.830000,-2.280688338745e-01,-4.025013858959e-01,4.626259381325e-01,5.376592209265e-01,0.000000000000e+00
39.840000,-2.247658523055e-01,-4.003984255847e-01,4.591716319344e-01,5.386981538088e-01,0.000000000000e+00
39.850000,-2.215007653708e-01,-3.982888215903e-01,4.557373963848e-01,5.396240890720e-01,0.000000000000e+00
39.860000,-2.182736405133e-01,-3.961731409515e-01,4.523234901641e-01,5.404382385339e-01,0.000000000000e+00
39.870000,-2.150844490766e-01,-3.940519292079e-01,4.489301094235e-01,5.411422059067e-01,0.000000000000e+00
39.880000,-2.119330667048e-01,-3.919257087894e-01,4.455573879681e-01,5.417379508702e-01,0.000000000000e+00
39.890000,-2.088192740879e-01,-3.897949775841e-01,4.422053977287e-01,5.422277494549e-01,0.000000000000e+00
39.900000,-2.057427580439e-01,-3.876602076895e-01,4.388741495160e-01,5.426141514059e-01,0.000000000000e+00
39.910000,-2.027031129233e-01,-3.855218443534e-01,4.355635940508e-01,5.428999352682e-01,0.000000000000e+00
39.920000,-1.996998423237e-01,-3.833803051053e-01,4.322736232605e-01,5.430880619986e-01,0.000000000000e+00
39.930000,-1.967323610966e-01,-3.812359790839e-01,4.290040718346e-01,5.431816279584e-01,0.000000000000e+00
39.940000,-1.937999976312e-01,-3.790892265603e-01,4.257547190296e-01,5.431838181709e-01,0.000000000000e+00
39.950000,-1.909019963964e-01,-3.769403786599e-01,4.225252907133e-01,5.430978607462e-01,0.000000000000e+00
39.960000,-1.880375207224e-01,-3.747897372808e-01,4.193154616401e-01,5.429269833681e-01,0.000000000000e+00
39.970000,-1.852056558031e-01,-3.726375752100e-01,4.161248579452e-01,5.426743727165e-01,0.000000000000e+00
39.980000,-1.824054118999e-01,-3.704841364335e-01,4.129530598497e-01,5.423431376537e-01,0.000000000000e+00
39.990000,-1.796357277272e-01,-3.683296366374e-01,4.097996045649e-01,5.419362769380e-01,0.000000000000e+00
40.000000,-1.768954740023e-01,-3.661742638966e-01,4.066639893853e-01,5.414566521448e-01,0.000000000000e+00
40.010000,-1.741834571383e-01,-3.640181795434e-01,4.035456749598e-01,5.409069663710e-01,0.000000000000e+00
40.020000,-1.714984230648e-01,-3.618615192103e-01,4.004440887301e-01,5.402897491787e-01,0.000000000000e+00
40.030000,-1.688390611572e-01,-3.597043940375e-01,3.973586285239e-01,5.396073480990e-01,0.000000000000e+00
40.040000,-1.662040082591e-01,-3.575468920358e-01,3.942886662914e-01,5.388619268687e-01,0.000000000000e+00
40.050000,-1.635918527804e-01,-3.553890795922e-01,3.912335519731e-01,5.380554704163e-01,0.000000000000e+00
40.060000,-1.610011388583e-01,-3.532310031063e-01,3.881926174841e-01,5.371897964510e-01,0.000000000000e+00
40.070000,-1.584303705635e-01,-3.510726907428e-01,3.851651808020e-01,5.362665733453e-01,0.000000000000e+00
40.080000,-1.558780161405e-01,-3.489141542831e-01,3.821505501435e-01,5.352873438420e-01,0.000000000000e+00
40.090000,-1.533425122666e-01,-3.467553910616e-01,3.791480282139e-01,5.342535539624e-01,0.000000000000e+00
40.100000,-1.508222683178e-01,-3.445963859653e-01,3.761569165134e-01,5.331665863538e-01,0.000000000000e+00
40.110000,-1.483156706272e-01,-3.424371134809e-01,3.731765196830e-01,5.320277971882e-01,0.000000000000e+00
40.120000,-1.458210867240e-01,-3.402775397668e-01,3.702061498721e-01,5.308385556237e-01,0.000000000000e+00
40.130000,-1.433368695403e-01,-3.381176247331e-01,3.672451311111e-01,5.296002847615e-01,0.000000000000e+00
40.140000,-1.408613615713e-01,-3.359573241063e-01,3.642928036681e-01,5.283145029795e-01,0.000000000000e+00
40.150000,-1.383928989771e-01,-3.337965914611e-01,3.613485283744e-01,5.269828645069e-01,0.000000000000e+00
40.160000,-1.359298156105e-01,-3.316353801996e-01,3.584116908976e-01,5.256071981166e-01,0.000000000000e+00
40.170000,-1.334704469585e-01,-3.294736454592e-01,3.554817059476e-01,5.241895428556e-01,0.000000000000e+00
40.180000,-1.310131339817e-01,-3.273113459318e-01,3.525580213970e-01,5.227321798152e-01,0.000000000000e+00
40.190000,-1.285562268379e-01,-3.251484455814e-01,3.496401223012e-01,5.212376590482e-01,0.000000000000e+00
40.200000,-1.260980884744e-01,-3.229849152436e-01,3.467275348048e-01,5.197088208816e-01,0.000000000000e+00
40.210000,-1.236370980748e-01,-3.208207340999e-01,3.438198299237e-01,5.181488110280e-01,0.000000000000e+00
40.220000,-1.211716543468e-01,-3.186558910147e-01,3.409166271913e-01,5.165610890859e-01,0.000000000000e+00
40.230000,-1.187001786354e-01,-3.164903857336e-01,3.380175981660e-01,5.149494302051e-01,0.000000000000e+00
40.240000,-1.162211178515e-01,-3.143242299374e-01,3.351224697933e-01,5.133179198995e-01,0.000000000000e+00
40.250000,-1.137329472028e-01,-3.121574481535e-01,3.322310276255e-01,5.116709421810e-01,0.000000000000e+00
40.260000,-1.112341727176e-01,-3.099900785290e-01,3.293431188997e-01,5.100131613866e-01,0.000000000000e+00
40.270000,-1.087233335547e-01,-3.078221734703e-01,3.264586554821e-01,5.083494982390e-01,0.000000000000e+00
40.280000,-1.061990040929e-01,-3.056538001584e-01,3.235776166881e-01,5.066851008403e-01,0.000000000000e+00
40.290000,-1.036597957988e-01,-3.034850409521e-01,3.207000519905e-01,5.050253114193e-01,0.000000000000e+00
40.300000,-1.011043588716e-01,-3.013159936909e-01,3.178260836319e-01,5.033756297501e-01,0.000000000000e+00
40.310000,-9.853138366860e-02,-2.991467719129e-01,3.149559091581e-01,5.017416742115e-01,0.000000000000e+00
40.320000,-9.593960191793e-02,-2.969775050030e-01,3.120898038930e-01,5.001291414797e-01,0.000000000000e+00
40.330000,-9.332778772720e-02,-2.948083382873e-01,3.092281233746e-01,4.985437658260e-01,0.000000000000e+00
40.340000,-9.069475840051e-02,-2.926394330906e-01,3.063713057727e-01,4.969912789329e-01,0.000000000000e+00
40.350000,-8.803937507877e-02,-2.904709667704e-01,3.035198743094e-01,4.954773710597e-01,0.000000000000e+00
40.360000,-8.536054322088e-02,-2.883031327438e-01,3.006744396999e-01,4.940076542667e-01,0.000000000000e+00
40.370000,-8.265721294537e-02,-2.861361405181e-01,2.978357026323e-01,4.925876282751e-01,0.000000000000e+00
40.380000,-7.992837925370e-02,-2.839702157353e-01,2.950044562966e-01,4.912226493879e-01,0.000000000000e+00
40.390000,-7.717308215768e-02,-2.818056002395e-01,2.921815889751e-01,4.899179027412e-01,0.000000000000e+00
40.400000,-7.439040673395e-02,-2.796425521711e-01,2.893680866972e-01,4.886783780030e-01,0.000000000000e+00
40.410000,-7.157948312835e-02,-2.774813460896e-01,2.865650359563e-01,4.875088484930e-01,0.000000000000e+00
40.420000,-6.873948653239e-02,-2.753222731242e-01,2.837736264825e-01,4.864138535711e-01,0.000000000000e+00
40.430000,-6.586963715253e-02,-2.731656411472e-01,2.809951540543e-01,4.853976840346e-01,0.000000000000e+00
40.440000,-6.296920019117e-02,-2.710117749636e-01,2.782310233271e-01,4.844643701864e-01,0.000000000000e+00
40.450000,-6.003748585549e-02,-2.688610165051e-01,2.754827506470e-01,4.836176721784e-01,0.000000000000e+00
40.460000,-5.707384940734e-02,-2.667137250180e-01,2.727519668108e-01,4.828610722069e-01,0.000000000000e+00
40.470000,-5.407769126367e-02,-2.645702772276e-01,2.700404197240e-01,4.821977681286e-01,0.000000000000e+00
40.480000,-5.104845715322e-02,-2.624310674654e-01,2.673499769006e-01,4.816306680766e-01,0.000000000000e+00
40.490000,-4.798563833087e-02,-2.602965077402e-01,2.646826277408e-01,4.811623856863e-01,0.000000000000e+00
40.500000,-4.488877184700e-02,-2.581670277363e-01,2.620404855135e-01,4.807952355709e-01,0.000000000000e+00
40.510000,-4.175744086470e-02,-2.560430747229e-01,2.594257889670e-01,4.805312287320e-01,0.000000000000e+00
40.520000,-3.859127501385e-02,-2.539251133576e-01,2.568409034809e-01,4.803720676290e-01,0.000000000000e+00
40.530000,-3.538995076739e-02,-2.518136253718e-01,2.542883216709e-01,4.803191406738e-01,0.000000000000e+00
40.540000,-3.215319182187e-02,-2.497091091269e-01,2.517706633531e-01,4.803735159542e-01,0.000000000000e+00
40.550000,-2.888076946194e-02,-2.476120790331e-01,2.492906747710e-01,4.805359340286e-01,0.000000000000e+00
40.560000,-2.557250288705e-02,-2.455230648281e-01,2.468512269901e-01,4.808067996742e-01,0.000000000000e+00
40.570000,-2.222825947763e-02,-2.434426107150e-01,2.444553133624e-01,4.811861725158e-01,0.000000000000e+00
40.580000,-1.884795497867e-02,-2.413712743633e-01,2.421060459688e-01,4.816737565155e-01,0.000000000000e+00
40.590000,-1.543155357987e-02,-2.393096257827e-01,2.398066509465e-01,4.822688883723e-01,0.000000000000e+00
40.600000,-1.197906787375e-02,-2.372582460793e-01,2.375604626190e-01,4.829705249555e-01,0.000000000000e+00
40.610000,-8.490558676480e-03,-2.352177261094e-01,2.353709163484e-01,4.837772299938e-01,0.000000000000e+00
40.620000,-4.966134699425e-03,-2.331886650468e-01,2.332415400399e-01,4.846871603413e-01,0.000000000000e+00
40.630000,-1.405952063917e-03,-2.311716688821e-01,2.311759442394e-01,4.856980522506e-01,0.000000000000e+00
40.640000,2.189786344636e-03,-2.291673488686e-01,2.291778107752e-01,4.868072081851e-01,0.000000000000e+00
40.650000,5.820831683242e-03,-2.271763199340e-01,2.272508799108e-01,4.880114847917e-01,0.000000000000e+00
40.660000,9.486890115239e-03,-2.251991990708e-01,2.253989359917e-01,4.893072827185e-01,0.000000000000e+00
40.670000,1.318762392595e-02,-2.232366037203e-01,2.236257915925e-01,4.906905389856e-01,0.000000000000e+00
40.680000,1.692265278269e-02,-2.212891501582e-01,2.219352701914e-01,4.921567226062e-01,0.000000000000e+00
40.690000,2.069155513071e-02,-2.193574518940e-01,2.203311874319e-01,4.937008340862e-01,0.000000000000e+00
40.700000,2.449386971629e-02,-2.174421180900e-01,2.188173310621e-01,4.953174093272e-01,0.000000000000e+00
40.710000,2.832909722791e-02,-2.155437520073e-01,2.173974396793e-01,4.970005283103e-01,0.000000000000e+00
40.720000,3.219670204627e-02,-2.136629494865e-01,2.160751804487e-01,4.987438287723e-01,0.000000000000e+00
40.730000,3.609611409359e-02,-2.118002974709e-01,2.148541260051e-01,5.005405249113e-01,0.000000000000e+00
40.740000,4.002673077153e-02,-2.099563725812e-01,2.137377307910e-01,5.023834309940e-01,0.000000000000e+00
40.750000,4.398791897586e-02,-2.081317397512e-01,2.127293071198e-01,5.042649895979e-01,0.000000000000e+00
40.760000,4.797901717421e-02,-2.063269509373e-01,2.118320012937e-01,5.061773041102e-01,0.000000000000e+00
40.770000,5.199933753140e-02,-2.045425439111e-01,2.110487701299e-01,5.081121750307e-01,0.000000000000e+00
40.780000,5.604816806506e-02,-2.027790411477e-01,2.103823582723e-01,5.100611395692e-01,0.000000000000e+00
40.790000,6.012477481289e-02,-2.010369488186e-01,2.098352766734e-01,5.120155139976e-01,0.000000000000e+00
40.800000,6.422840399261e-02,-1.993167558981e-01,2.094097826301e-01,5.139664381858e-01,0.000000000000e+00
40.810000,6.835828413525e-02,-1.976189333884e-01,2.091078617448e-01,5.159049217339e-01,0.000000000000e+00
40.820000,7.251362817386e-02,-1.959439336670e-01,2.089312121533e-01,5.178218910986e-01,0.000000000000e+00
40.830000,7.669363547106e-02,-1.942921899568e-01,2.088812313254e-01,5.197082371150e-01,0.000000000000e+00
40.840000,8.089749377120e-02,-1.926641159177e-01,2.089590056944e-01,5.215548623370e-01,0.000000000000e+00
40.850000,8.512438106532e-02,-1.910601053537e-01,2.091653033119e-01,5.233527276725e-01,0.000000000000e+00
40.860000,8.937346735995e-02,-1.894805320324e-01,2.095005696585e-01,5.250928978615e-01,0.000000000000e+00
40.870000,9.364391634362e-02,-1.879257496052e-01,2.099649266731e-01,5.267665854401e-01,0.000000000000e+00
40.880000,9.793488694729e-02,-1.863960916235e-01,2.105581749871e-01,5.283651929384e-01,0.000000000000e+00
40.890000,1.022455347975e-01,-1.848918716386e-01,2.112797992806e-01,5.298803531524e-01,0.000000000000e+00
40.900000,1.065750135628e-01,-1.834133833777e-01,2.121289766108e-01,5.313039674187e-01,0.000000000000e+00
40.910000,1.109224761956e-01,-1.819609009854e-01,2.131045874982e-01,5.326282418779e-01,0.000000000000e+00
40.920000,1.152870760729e-01,-1.805346793238e-01,2.142052295066e-01,5.338457217522e-01,0.000000000000e+00
40.930000,1.196679680393e-01,-1.791349543208e-01,2.154292330075e-01,5.349493236733e-01,0.000000000000e+00
40.940000,1.240643093574e-01,-1.777619433621e-01,2.167746787893e-01,5.359323660932e-01,0.000000000000e+00
40.950000,1.284752605692e-01,-1.764158457180e-01,2.182394171516e-01,5.367885977901e-01,0.000000000000e+00
40.960000,1.328999862730e-01,-1.750968430012e-01,2.198210881157e-01,5.375122244544e-01,0.000000000000e+00
40.970000,1.373376558211e-01,-1.738050996503e-01,2.215171423861e-01,5.380979333127e-01,0.000000000000e+00
40.980000,1.417874439396e-01,-1.725407634334e-01,2.233248627115e-01,5.385409157189e-01,0.000000000000e+00
40.990000,1.462485312762e-01,-1.713039659701e-01,2.252413853126e-01,5.388368876184e-01,0.000000000000e+00
41.000000,1.507201048787e-01,-1.700948232668e-01,2.272637210749e-01,5.389821077780e-01,0.000000000000e+00
41.010000,1.552013586062e-01,-1.689134362624e-01,2.293887762363e-01,5.389733936608e-01,0.000000000000e+00
41.020000,1.596914934774e-01,-1.677598913824e-01,2.316133723378e-01,5.388081348268e-01,0.000000000000e+00
41.030000,1.641897179586e-01,-1.666342610967e-01,2.339342652426e-01,5.384843037416e-01,0.000000000000e+00
41.040000,1.686952481935e-01,-1.655366044802e-01,2.363481630686e-01,5.380004638868e-01,0.000000000000e+00
41.050000,1.732073081791e-01,-1.644669677718e-01,2.388517429175e-01,5.373557750812e-01,0.000000000000e+00
41.060000,1.777251298902e-01,-1.634253849306e-01,2.414416663176e-01,5.365499959378e-01,0.000000000000e+00
41.070000,1.822479533560e-01,-1.624118781848e-01,2.441145933326e-01,5.355834834081e-01,0.000000000000e+00
41.080000,1.867750266925e-01,-1.614264585726e-01,2.468671953162e-01,5.344571893839e-01,0.000000000000e+00
41.090000,1.913056060944e-01,-1.604691264713e-01,2.496961663174e-01,5.331726543550e-01,0.000000000000e+00
41.100000,1.958389557905e-01,-1.595398721122e-01,2.525982331662e-01,5.317319981446e-01,0.000000000000e+00
41.110000,2.003743479673e-01,-1.586386760798e-01,2.555701642830e-01,5.301379077704e-01,0.000000000000e+00
41.120000,2.049110626642e-01,-1.577655097920e-01,2.586087772720e-01,5.283936225028e-01,0.000000000000e+00
41.130000,2.094483876463e-01,-1.569203359603e-01,2.617109453682e-01,5.265029162157e-01,0.000000000000e+00
41.140000,2.139856182583e-01,-1.561031090272e-01,2.648736028172e-01,5.244700771462e-01,0.000000000000e+00
41.150000,2.185220572651e-01,-1.553137755801e-01,2.680937492675e-01,5.222998852003e-01,0.000000000000e+00
41.160000,2.230570146841e-01,-1.545522747396e-01,2.713684532641e-01,5.199975869593e-01,0.000000000000e+00
41.170000,2.275898076134e-01,-1.538185385217e-01,2.746948549253e-01,5.175688685591e-01,0.000000000000e+00
41.180000,2.321197600612e-01,-1.531124921726e-01,2.780701678897e-01,5.150198266264e-01,0.000000000000e+00
41.190000,2.366462027824e-01,-1.524340544755e-01,2.814916806145e-01,5.123569374701e-01,0.000000000000e+00
41.200000,2.411684731248e-01,-1.517831380293e-01,2.849567571043e-01,5.095870247357e-01,0.000000000000e+00
41.210000,2.456859148918e-01,-1.511596494991e-01,2.884628371435e-01,5.067172257362e-01,0.000000000000e+00
41.220000,2.501978782248e-01,-1.505634898384e-01,2.920074361048e-01,5.037549566821e-01,0.000000000000e+00
41.230000,2.547037195100e-01,-1.499945544839e-01,2.955881443953e-01,5.007078770333e-01,0.000000000000e+00
41.240000,2.592028013136e-01,-1.494527335231e-01,2.992026266033e-01,4.975838532014e-01,0.000000000000e+00
41.250000,2.636944923486e-01,-1.489379118358e-01,3.028486203981e-01,4.943909218255e-01,0.000000000000e+00
41.260000,2.681781674776e-01,-1.484499692107e-01,3.065239352323e-01,4.911372528482e-01,0.000000000000e+00
41.270000,2.726532077531e-01,-1.479887804383e-01,3.102264508930e-01,4.878311126103e-01,0.000000000000e+00
41.280000,2.771190005004e-01,-1.475542153813e-01,3.139541159392e-01,4.844808271809e-01,0.000000000000e+00
41.290000,2.815749394427e-01,-1.471461390247e-01,3.177049460616e-01,4.810947461291e-01,0.000000000000e+00
41.300000,2.860204248720e-01,-1.467644115063e-01,3.214770223962e-01,4.776812069399e-01,0.000000000000e+00
41.310000,2.904548638673e-01,-1.464088881307e-01,3.252684898170e-01,4.742485002631e-01,0.000000000000e+00
41.320000,2.948776705605e-01,-1.460794193672e-01,3.290775552326e-01,4.708048361768e-01,0.000000000000e+00
41.330000,2.992882664513e-01,-1.457758508348e-01,3.329024859054e-01,4.673583116339e-01,0.000000000000e+00
41.340000,3.036860807702e-01,-1.454980232754e-01,3.367416078102e-01,4.639168792489e-01,0.000000000000e+00
41.350000,3.080705508914e-01,-1.452457725169e-01,3.405933040454e-01,4.604883175691e-01,0.000000000000e+00
41.360000,3.124411227935e-01,-1.450189294291e-01,3.444560133097e-01,4.570802029594e-01,0.000000000000e+00
41.370000,3.167972515664e-01,-1.448173198726e-01,3.483282284500e-01,4.536998832196e-01,0.000000000000e+00
41.380000,3.211384019651e-01,-1.446407646437e-01,3.522084950898e-01,4.503544530355e-01,0.000000000000e+00
41.390000,3.254640490067e-01,-1.444890794164e-01,3.560954103417e-01,4.470507313531e-01,0.000000000000e+00
41.400000,3.297736786086e-01,-1.443620746819e-01,3.599876216059e-01,4.437952407488e-01,0.000000000000e+00
41.410000,3.340667882661e-01,-1.442595556888e-01,3.638838254581e-01,4.405941888589e-01,0.000000000000e+00
41.420000,3.383428877662e-01,-1.441813223830e-01,3.677827666246e-01,4.374534519107e-01,0.000000000000e+00
41.430000,3.426014999329e-01,-1.441271693488e-01,3.716832370457e-01,4.343785603912e-01,0.000000000000e+00
41.440000,3.468421614027e-01,-1.440968857533e-01,3.755840750222e-01,4.313746868711e-01,0.000000000000e+00
41.450000,3.510644234247e-01,-1.440902552910e-01,3.794841644448e-01,4.284466359902e-01,0.000000000000e+00
41.460000,3.552678526818e-01,-1.441070561326e-01,3.833824340999e-01,4.255988366001e-01,0.000000000000e+00
41.470000,3.594520321286e-01,-1.441470608748e-01,3.872778570486e-01,4.228353360440e-01,0.000000000000e+00
41.480000,3.636165618407e-01,-1.442100364926e-01,3.911694500725e-01,4.201597965480e-01,0.000000000000e+00
41.490000,3.677610598727e-01,-1.442957442921e-01,3.950562731808e-01,4.175754936803e-01,0.000000000000e+00
41.500000,3.718851631174e-01,-1.444039398638e-01,3.989374291728e-01,4.150853168329e-01,0.000000000000e+00
41.510000,3.759885281628e-01,-1.445343730344e-01,4.028120632484e-01,4.126917716649e-01,0.000000000000e+00
41.520000,3.800708321421e-01,-1.446867878167e-01,4.066793626605e-01,4.103969844405e-01,0.000000000000e+00
41.530000,3.841317735707e-01,-1.448609223542e-01,4.105385564011e-01,4.082027081876e-01,0.000000000000e+00
41.540000,3.881710731651e-01,-1.450565088602e-01,4.143889149155e-01,4.061103305940e-01,0.000000000000e+00
41.550000,3.921884746401e-01,-1.452732735483e-01,4.182297498361e-01,4.041208835528e-01,0.000000000000e+00
41.560000,3.961837454774e-01,-1.455109365515e-01,4.220604137284e-01,4.022350542630e-01,0.000000000000e+00
41.570000,4.001566776620e-01,-1.457692118285e-01,4.258802998433e-01,4.004531977858e-01,0.000000000000e+00
41.580000,4.041070883816e-01,-1.460478070538e-01,4.296888418675e-01,3.987753509515e-01,0.000000000000e+00
41.590000,4.080348206831e-01,-1.463464234880e-01,4.334855136652e-01,3.972012475109e-01,0.000000000000e+00
41.600000,4.119397440836e-01,-1.466647558269e-01,4.372698290042e-01,3.957303344196e-01,0.000000000000e+00
41.610000,4.158217551304e-01,-1.470024920250e-01,4.410413412610e-01,3.943617891400e-01,0.000000000000e+00
41.620000,4.196807779065e-01,-1.473593130911e-01,4.447996430966e-01,3.930945378485e-01,0.000000000000e+00
41.630000,4.235167644771e-01,-1.477348928520e-01,4.485443660990e-01,3.919272744269e-01,0.000000000000e+00
41.640000,4.273296952756e-01,-1.481288976823e-01,4.522751803857e-01,3.908584801231e-01,0.000000000000e+00
41.650000,4.311195794229e-01,-1.485409861962e-01,4.559917941607e-01,3.898864437598e-01,0.000000000000e+00
41.660000,4.348864549797e-01,-1.489708088991e-01,4.596939532220e-01,3.890092823735e-01,0.000000000000e+00
41.670000,4.386303891287e-01,-1.494180077955e-01,4.633814404147e-01,3.882249621658e-01,0.000000000000e+00
41.680000,4.423514782826e-01,-1.498822159510e-01,4.670540750247e-01,3.875313196486e-01,0.000000000000e+00
41.690000,4.460498481192e-01,-1.503630570060e-01,4.707117121119e-01,3.869260828668e-01,0.000000000000e+00
41.700000,4.497256535388e-01,-1.508601446382e-01,4.743542417763e-01,3.864068925855e-01,0.000000000000e+00
41.710000,4.533790785455e-01,-1.513730819732e-01,4.779815883576e-01,3.859713233275e-01,0.000000000000e+00
41.720000,4.570103360496e-01,-1.519014609399e-01,4.815937095642e-01,3.856169041512e-01,0.000000000000e+00
41.730000,4.606196675912e-01,-1.524448615714e-01,4.851905955306e-01,3.853411390634e-01,0.000000000000e+00
41.740000,4.642073429858e-01,-1.530028512490e-01,4.887722678019e-01,3.851415269610e-01,0.000000000000e+00
41.750000,4.677736598903e-01,-1.535749838894e-01,4.923387782450e-01,3.850155810013e-01,0.000000000000e+00
41.760000,4.713189432918e-01,-1.541607990760e-01,4.958902078863e-01,3.849608473056e-01,0.000000000000e+00
41.770000,4.748435449191e-01,-1.547598211336e-01,4.994266656764e-01,3.849749229013e-01,0.000000000000e+00
41.780000,4.783478425774e-01,-1.553715581481e-01,5.029482871825e-01,3.850554728163e-01,0.000000000000e+00
41.790000,4.818322394097e-01,-1.559955009335e-01,5.064552332103e-01,3.852002462401e-01,0.000000000000e+00
41.800000,4.852971630851e-01,-1.566311219476e-01,5.099476883574e-01,3.854070916745e-01,0.000000000000e+00
41.810000,4.887430649160e-01,-1.572778741597e-01,5.134258595003e-01,3.856739710004e-01,0.000000000000e+00
41.820000,4.921704189073e-01,-1.579351898737e-01,5.168899742187e-01,3.859989723918e-01,0.000000000000e+00
41.830000,4.955797207403e-01,-1.586024795106e-01,5.203402791596e-01,3.863803220152e-01,0.000000000000e+00
41.840000,4.989714866922e-01,-1.592791303560e-01,5.237770383463e-01,3.868163944586e-01,0.000000000000e+00
41.850000,5.023462524970e-01,-1.599645052762e-01,5.272005314357e-01,3.873057218390e-01,0.000000000000e+00
41.860000,5.057045721480e-01,-1.606579414117e-01,5.306110519298e-01,3.878470015450e-01,0.000000000000e+00
41.870000,5.090470166469e-01,-1.613587488519e-01,5.340089053454e-01,3.884391025761e-01,0.000000000000e+00
41.880000,5.123741727025e-01,-1.620662093010e-01,5.373944073488e-01,3.890810704491e-01,0.000000000000e+00
41.890000,5.156866413820e-01,-1.627795747411e-01,5.407678818613e-01,3.897721306454e-01,0.000000000000e+00
41.900000,5.189850367190e-01,-1.634980661028e-01,5.441296591416e-01,3.905116905834e-01,0.000000000000e+00
41.910000,5.222699842807e-01,-1.642208719513e-01,5.474800738520e-01,3.912993401041e-01,0.000000000000e+00
41.920000,5.255421196991e-01,-1.649471471987e-01,5.508194631155e-01,3.921348504672e-01,0.000000000000e+00
41.930000,5.288020871694e-01,-1.656760118523e-01,5.541481645715e-01,3.930181718597e-01,0.000000000000e+00
41.940000,5.320505379183e-01,-1.664065498096e-01,5.574665144372e-01,3.939494294288e-01,0.000000000000e+00
41.950000,5.352881286472e-01,-1.671378077129e-01,5.607748455821e-01,3.949289178549e-01,0.000000000000e+00
41.960000,5.385155199520e-01,-1.678687938725e-01,5.640734856252e-01,3.959570944905e-01,0.000000000000e+00
41.970000,5.417333747252e-01,-1.685984772730e-01,5.673627550606e-01,3.970345710941e-01,0.000000000000e+00
41.980000,5.449423565412e-01,-1.693257866740e-01,5.706429654218e-01,3.981621042000e-01,0.000000000000e+00
41.990000,5.481431280299e-01,-1.700496098177e-01,5.739144174923e-01,3.993405841663e-01,0.000000000000e+00
42.000000,5.513363492407e-01,-1.707687927567e-01,5.771773995693e-01,4.005710229546e-01,0.000000000000e+00
42.010000,5.545226760010e-01,-1.714821393145e-01,5.804321857919e-01,4.018545406989e-01,0.000000000000e+00
42.020000,5.577027582708e-01,-1.721884106911e-01,5.836790345379e-01,4.031923511288e-01,0.000000000000e+00
42.030000,5.608772384978e-01,-1.728863252277e-01,5.869181869014e-01,4.045857459180e-01,0.000000000000e+00
42.040000,5.640467499747e-01,-1.735745583415e-01,5.901498652550e-01,4.060360780360e-01,0.000000000000e+00
42.050000,5.672119152019e-01,-1.742517426449e-01,5.933742719075e-01,4.075447441862e-01,0.000000000000e+00
42.060000,5.703733442581e-01,-1.749164682588e-01,5.965915878625e-01,4.091131664194e-01,0.000000000000e+00
42.070000,5.735316331815e-01,-1.755672833335e-01,5.998019716848e-01,4.107427730189e-01,0.000000000000e+00
42.080000,5.766873623641e-01,-1.762026947868e-01,6.030055584824e-01,4.124349787565e-01,0.000000000000e+00
42.090000,5.798410949613e-01,-1.768211692713e-01,6.062024590088e-01,4.141911646260e-01,0.000000000000e+00
42.100000,5.829933753192e-01,-1.774211343780e-01,6.093927588920e-01,4.160126571649e-01,0.000000000000e+00
42.110000,5.861447274231e-01,-1.780009800872e-01,6.125765179942e-01,4.179007074795e-01,0.000000000000e+00
42.120000,5.892956533678e-01,-1.785590604738e-01,6.157537699076e-01,4.198564700941e-01,0.000000000000e+00
42.130000,5.924466318535e-01,-1.790936956726e-01,6.189245215891e-01,4.218809817475e-01,0.000000000000e+00
42.140000,5.955981167100e-01,-1.796031741105e-01,6.220887531366e-01,4.239751402657e-01,0.000000000000e+00
42.150000,5.987505354502e-01,-1.800857550088e-01,6.252464177099e-01,4.261396836423e-01,0.000000000000e+00
42.160000,6.019042878578e-01,-1.805396711596e-01,6.283974415957e-01,4.283751694595e-01,0.000000000000e+00
42.170000,6.050597446098e-01,-1.809631319755e-01,6.315417244186e-01,4.306819547895e-01,0.000000000000e+00
42.180000,6.082172459385e-01,-1.813543268149e-01,6.346791394961e-01,4.330601767121e-01,0.000000000000e+00
42.190000,6.113771003352e-01,-1.817114285790e-01,6.378095343365e-01,4.355097335929e-01,0.000000000000e+00
42.200000,6.145395832990e-01,-1.820325975779e-01,6.409327312771e-01,4.380302672606e-01,0.000000000000e+00
42.210000,6.177049361343e-01,-1.823159856598e-01,6.440485282584e-01,4.406211462272e-01,0.000000000000e+00
42.220000,6.208733648005e-01,-1.825597405962e-01,6.471566997298e-01,4.432814500928e-01,0.000000000000e+00
42.230000,6.240450388180e-01,-1.827620107136e-01,6.502569976812e-01,4.460099552740e-01,0.000000000000e+00
42.240000,6.272200902350e-01,-1.829209497605e-01,6.533491527933e-01,4.488051221965e-01,0.000000000000e+00
42.250000,6.303986126583e-01,-1.830347219966e-01,6.564328756986e-01,4.516650840848e-01,0.000000000000e+00
42.260000,6.335806603541e-01,-1.831015074881e-01,6.595078583453e-01,4.545876374831e-01,0.000000000000e+00
42.270000,6.367662474229e-01,-1.831195075928e-01,6.625737754530e-01,4.575702346320e-01,0.000000000000e+00
42.280000,6.399553470533e-01,-1.830869506147e-01,6.656302860504e-01,4.606099778215e-01,0.000000000000e+00
42.290000,6.431478908615e-01,-1.830020976073e-01,6.686770350836e-01,4.637036158341e-01,0.000000000000e+00
42.300000,6.463437683195e-01,-1.828632483014e-01,6.717136550829e-01,4.668475425812e-01,0.000000000000e+00
42.310000,6.495428262809e-01,-1.826687471338e-01,6.747397678753e-01,4.700377980271e-01,0.000000000000e+00
42.320000,6.527448686072e-01,-1.824169893474e-01,6.777549863303e-01,4.732700714837e-01,0.000000000000e+00
42.330000,6.559496559023e-01,-1.821064271369e-01,6.807589161245e-01,4.765397073446e-01,0.000000000000e+00
42.340000,6.591569053611e-01,-1.817355758072e-01,6.837511575121e-01,4.798417133155e-01,0.000000000000e+00
42.350000,6.623662907376e-01,-1.813030199143e-01,6.867313070886e-01,4.831707711799e-01,0.000000000000e+00
42.360000,6.655774424400e-01,-1.808074193556e-01,6.896989595316e-01,4.865212501214e-01,0.000000000000e+00
42.370000,6.687899477569e-01,-1.802475153746e-01,6.926537093089e-01,4.898872226100e-01,0.000000000000e+00
42.380000,6.720033512228e-01,-1.796221364470e-01,6.955951523383e-01,4.932624828319e-01,0.000000000000e+00
42.390000,6.752171551270e-01,-1.789302040102e-01,6.985228875885e-01,4.966405676296e-01,0.000000000000e+00
42.400000,6.784308201718e-01,-1.781707380034e-01,7.014365186099e-01,5.000147798905e-01,0.000000000000e+00
42.410000,6.816437662864e-01,-1.773428621790e-01,7.043356549848e-01,5.033782143031e-01,0.000000000000e+00
42.420000,6.848553735992e-01,-1.764458091524e-01,7.072199136868e-01,5.067237853726e-01,0.000000000000e+00
42.430000,6.880649835752e-01,-1.754789251534e-01,7.100889203440e-01,5.100442575666e-01,0.000000000000e+00
42.440000,6.912719003198e-01,-1.744416744452e-01,7.129423103975e-01,5.133322774338e-01,0.000000000000e+00
42.450000,6.944753920544e-01,-1.733336433766e-01,7.157797301512e-01,5.165804075155e-01,0.000000000000e+00
42.460000,6.976746927653e-01,-1.721545440377e-01,7.186008377103e-01,5.197811618445e-01,0.000000000000e+00
42.470000,7.008690040260e-01,-1.709042174860e-01,7.214053038056e-01,5.229270428025e-01,0.000000000000e+00
42.480000,7.040574969967e-01,-1.695826365173e-01,7.241928125060e-01,5.260105790832e-01,0.000000000000e+00
42.490000,7.072393145978e-01,-1.681899079536e-01,7.269630618196e-01,5.290243644890e-01,0.000000000000e+00
42.500000,7.104135738571e-01,-1.667262744266e-01,7.297157641880e-01,5.319610972649e-01,0.000000000000e+00
42.510000,7.135793684286e-01,-1.651921156355e-01,7.324506468801e-01,5.348136196622e-01,0.000000000000e+00
42.520000,7.167357712781e-01,-1.635879490631e-01,7.351674522911e-01,5.375749574029e-01,0.000000000000e+00
42.530000,7.198818375312e-01,-1.619144301364e-01,7.378659381579e-01,5.402383587074e-01,0.000000000000e+00
42.540000,7.230166074767e-01,-1.601723518225e-01,7.405458776980e-01,5.427973325395e-01,0.000000000000e+00
42.550000,7.261391097179e-01,-1.583626436541e-01,7.432070596859e-01,5.452456857153e-01,0.000000000000e+00
42.560000,7.292483644619e-01,-1.564863701833e-01,7.458492884782e-01,5.475775585231e-01,0.000000000000e+00
42.570000,7.323433869367e-01,-1.545447288659e-01,7.484723839997e-01,5.497874585052e-01,0.000000000000e+00
42.580000,7.354231909227e-01,-1.525390473836e-01,7.510761817043e-01,5.518702920593e-01,0.000000000000e+00
42.590000,7.384867923848e-01,-1.504707804159e-01,7.536605325250e-01,5.538213935295e-01,0.000000000000e+00
42.600000,7.415332131906e-01,-1.483415058760e-01,7.562253028234e-01,5.556365514758e-01,0.000000000000e+00
42.610000,7.445614848950e-01,-1.461529206321e-01,7.587703743547e-01,5.573120318317e-01,0.000000000000e+00
42.620000,7.475706525758e-01,-1.439068357360e-01,7.612956442566e-01,5.588445976871e-01,0.000000000000e+00
42.630000,7.505597786963e-01,-1.416051711893e-01,7.638010250740e-01,5.602315254662e-01,0.000000000000e+00
42.640000,7.535279469770e-01,-1.392499502759e-01,7.662864448281e-01,5.614706173039e-01,0.000000000000e+00
42.650000,7.564742662506e-01,-1.368432934980e-01,7.687518471358e-01,5.625602094685e-01,0.000000000000e+00
42.660000,7.593978742766e-01,-1.343874121511e-01,7.711971913853e-01,5.634991767179e-01,0.000000000000e+00
42.670000,7.622979414920e-01,-1.318846015810e-01,7.736224529685e-01,5.642869325269e-01,0.000000000000e+00
42.680000,7.651736746680e-01,-1.293372341625e-01,7.760276235714e-01,5.649234251730e-01,0.000000000000e+00
42.690000,7.680243204499e-01,-1.267477520468e-01,7.784127115171e-01,5.654091297175e-01,0.000000000000e+00
42.700000,7.708491687477e-01,-1.241186597216e-01,7.807777421585e-01,5.657450359752e-01,0.000000000000e+00
42.710000,7.736475559532e-01,-1.214525164300e-01,7.831227583077e-01,5.659326326164e-01,0.000000000000e+00
42.720000,7.764188679517e-01,-1.187519284966e-01,7.854478206940e-01,5.659738876014e-01,0.000000000000e+00
42.730000,7.791625429020e-01,-1.160195416039e-01,7.877530084332e-01,5.658712251955e-01,0.000000000000e+00
42.740000,7.818780737555e-01,-1.132580330666e-01,7.900384194922e-01,5.656274998671e-01,0.000000000000e+00
42.750000,7.845650104860e-01,-1.104701041459e-01,7.923041711293e-01,5.652459674119e-01,0.000000000000e+00
42.760000,7.872229620056e-01,-1.076584724461e-01,7.945504002883e-01,5.647302536965e-01,0.000000000000e+00
42.770000,7.898515977389e-01,-1.048258644318e-01,7.967772639230e-01,5.640843214430e-01,0.000000000000e+00
42.780000,7.924506488327e-01,-1.019750081025e-01,7.989849392278e-01,5.633124355169e-01,0.000000000000e+00
42.790000,7.950199089792e-01,-9.910862585608e-02,8.011736237498e-01,5.624191271989e-01,0.000000000000e+00
42.800000,7.975592348330e-01,-9.622942757127e-02,8.033435353559e-01,5.614091579425e-01,0.000000000000e+00
42.810000,8.000685460038e-01,-9.334010393254e-02,8.054949120303e-01,5.602874831295e-01,0.000000000000e+00
42.820000,8.025478246121e-01,-9.044332001839e-02,8.076280114790e-01,5.590592163334e-01,0.000000000000e+00
42.830000,8.049971143969e-01,-8.754170916882e-02,8.097431105181e-01,5.577295946003e-01,0.000000000000e+00
42.840000,8.074165193675e-01,-8.463786714305e-02,8.118405042260e-01,5.563039452325e-01,0.000000000000e+00
42.850000,8.098062019971e-01,-8.173434657446e-02,8.139205048424e-01,5.547876545422e-01,0.000000000000e+00
42.860000,8.121663809604e-01,-7.883365172486e-02,8.159834403997e-01,5.531861390048e-01,0.000000000000e+00
42.870000,8.144973284192e-01,-7.593823353618e-02,8.180296530778e-01,5.515048191991e-01,0.000000000000e+00
42.880000,8.167993668685e-01,-7.305048497359e-02,8.200594972754e-01,5.497490968721e-01,0.000000000000e+00
42.890000,8.190728655575e-01,-7.017273665045e-02,8.220733373986e-01,5.479243354078e-01,0.000000000000e+00
42.900000,8.213182365080e-01,-6.730725272228e-02,8.240715453707e-01,5.460358439125e-01,0.000000000000e+00
42.910000,8.235359301539e-01,-6.445622703428e-02,8.260544978740e-01,5.440888650620e-01,0.000000000000e+00
42.920000,8.257264306344e-01,-6.162177950488e-02,8.280225733382e-01,5.420885667765e-01,0.000000000000e+00
42.930000,8.278902507770e-01,-5.880595272615e-02,8.299761486980e-01,5.400400377161e-01,0.000000000000e+00
42.940000,8.300279268100e-01,-5.601070876143e-02,8.319155959474e-01,5.379482865027e-01,0.000000000000e+00
42.950000,8.321400128512e-01,-5.323792612002e-02,8.338412785210e-01,5.358182445015e-01,0.000000000000e+00
42.960000,8.342270752214e-01,-5.048939688979e-02,8.357535475430e-01,5.336547719086e-01,0.000000000000e+00
42.970000,8.362896866372e-01,-4.776682400968e-02,8.376527379838e-01,5.314626668206e-01,0.000000000000e+00
42.980000,8.383284203384e-01,-4.507181866601e-02,8.395391647713e-01,5.292466768882e-01,0.000000000000e+00
42.990000,8.403438442104e-01,-4.240589779944e-02,8.414131189080e-01,5.270115130901e-01,0.000000000000e+00
43.000000,8.423365149618e-01,-3.977048171248e-02,8.432748636439e-01,5.247618651102e-01,0.000000000000e+00
43.010000,8.443069724205e-01,-3.716689177129e-02,8.451246307627e-01,5.225024177483e-01,0.000000000000e+00
43.020000,8.462557340085e-01,-3.459634819979e-02,8.469626170328e-01,5.202378677636e-01,0.000000000000e+00
43.030000,8.481832894604e-01,-3.205996796858e-02,8.487889808816e-01,5.179729405228e-01,0.000000000000e+00
43.040000,8.500900958429e-01,-2.955876278609e-02,8.506038393445e-01,5.157124058154e-01,0.000000000000e+00
43.050000,8.519765729340e-01,-2.709363720394e-02,8.524072653405e-01,5.134610922018e-01,0.000000000000e+00
43.060000,8.538430990170e-01,-2.466538685379e-02,8.541992853237e-01,5.112238992779e-01,0.000000000000e+00
43.070000,8.556900071365e-01,-2.227469683695e-02,8.559798773526e-01,5.090058072738e-01,0.000000000000e+00
43.080000,8.575175818634e-01,-1.992214029294e-02,8.577489696168e-01,5.068118834487e-01,0.000000000000e+00
43.090000,8.593260566037e-01,-1.760817717639e-02,8.595064394532e-01,5.046472848116e-01,0.000000000000e+00
43.100000,8.611156114844e-01,-1.533315327537e-02,8.612521128749e-01,5.025172567647e-01,0.000000000000e+00
43.110000,8.628863718385e-01,-1.309729950608e-02,8.629857646328e-01,5.004271273622e-01,0.000000000000e+00
43.120000,8.646384073029e-01,-1.090073152096e-02,8.647071188159e-01,4.983822969663e-01,0.000000000000e+00
43.130000,8.663717315365e-01,-8.743449667382e-03,8.664158499922e-01,4.963882231960e-01,0.000000000000e+00
43.140000,8.680863025546e-01,-6.625339333779e-03,8.681115848808e-01,4.944504011699e-01,0.000000000000e+00
43.150000,8.697820236669e-01,-4.546171718627e-03,8.697939045379e-01,4.925743391661e-01,0.000000000000e+00
43.160000,8.714587449984e-01,-2.505605054713e-03,8.714623470299e-01,4.907655299336e-01,0.000000000000e+00
43.170000,8.731162655634e-01,-5.031863175434e-04,8.731164105592e-01,4.890294180090e-01,0.000000000000e+00
43.180000,8.747543358529e-01,1.461646558232e-03,8.747555570009e-01,4.873713634993e-01,0.000000000000e+00
43.190000,8.763726608909e-01,3.389561936386e-03,8.763792158005e-01,4.857966028934e-01,0.000000000000e+00
43.200000,8.779709037063e-01,5.281331199448e-03,8.779867881775e-01,4.843102075557e-01,0.000000000000e+00
43.210000,8.795486891617e-01,7.137824928109e-03,8.795776515753e-01,4.829170406312e-01,0.000000000000e+00
43.220000,8.811056080763e-01,8.960008544152e-03,8.811511642940e-01,4.816217131512e-01,0.000000000000e+00
43.230000,8.826412215780e-01,1.074893742984e-02,8.827066702391e-01,4.804285401698e-01,0.000000000000e+00
43.240000,8.841550656135e-01,1.250575154541e-02,8.842435037204e-01,4.793414977809e-01,0.000000000000e+00
43.250000,8.856466555516e-01,1.423166957496e-02,8.857609942353e-01,4.783641818657e-01,0.000000000000e+00
43.260000,8.871154908089e-01,1.592798263936e-02,8.872584711707e-01,4.774997693966e-01,0.000000000000e+00
43.270000,8.885610594348e-01,1.759604762253e-02,8.887352683650e-01,4.767509830753e-01,0.000000000000e+00
43.280000,8.899828425938e-01,1.923728016461e-02,8.901907284731e-01,4.761200600195e-01,0.000000000000e+00
43.290000,8.913803188885e-01,2.085314738145e-02,8.916242070836e-01,4.756087251213e-01,0.000000000000e+00
43.300000,8.927529684739e-01,2.244516037472e-02,8.930350765469e-01,4.752181695972e-01,0.000000000000e+00
43.310000,8.941002769195e-01,2.401486660029e-02,8.944227294771e-01,4.749490351285e-01,0.000000000000e+00
43.320000,8.954217387842e-01,2.556384216481e-02,8.957865819008e-01,4.748014038595e-01,0.000000000000e+00
43.330000,8.967168608773e-01,2.709368412039e-02,8.971260760344e-01,4.747747943794e-01,0.000000000000e+00
43.340000,8.979851651873e-01,2.860600282649e-02,8.984406826798e-01,4.748681636756e-01,0.000000000000e+00
43.350000,8.992261914685e-01,3.010241444495e-02,8.997299032367e-01,4.750799148986e-01,0.000000000000e+00
43.360000,9.004394994840e-01,3.158453363012e-02,9.009932713376e-01,4.754079106496e-01,0.000000000000e+00
43.370000,9.016246709120e-01,3.305396647021e-02,9.022303541206e-01,4.758494913728e-01,0.000000000000e+00
43.380000,9.027813109276e-01,3.451230372898e-02,9.034407531592e-01,4.764014983261e-01,0.000000000000e+00
43.390000,9.039090494802e-01,3.596111442928e-02,9.046241050753e-01,4.770603005131e-01,0.000000000000e+00
43.400000,9.050075422900e-01,3.740193981113e-02,9.057800818650e-01,4.778218248867e-01,0.000000000000e+00
43.410000,9.060764715925e-01,3.883628768811e-02,9.069083909717e-01,4.786815890897e-01,0.000000000000e+00
43.420000,9.071155466610e-01,4.026562721660e-02,9.080087751389e-01,4.796347359744e-01,0.000000000000e+00
43.430000,9.081245041388e-01,4.169138408337e-02,9.090810120799e-01,4.806760691442e-01,0.000000000000e+00
43.440000,9.091031082137e-01,4.311493610856e-02,9.101249139978e-01,4.818000887873e-01,0.000000000000e+00
43.450000,9.100511506648e-01,4.453760925296e-02,9.111403269882e-01,4.830010271182e-01,0.000000000000e+00
43.460000,9.109684508111e-01,4.596067401188e-02,9.121271303546e-01,4.842728828068e-01,0.000000000000e+00
43.470000,9.118548553886e-01,4.738534217168e-02,9.130852358616e-01,4.856094538570e-01,0.000000000000e+00
43.480000,9.127102383763e-01,4.881276390079e-02,9.140145869495e-01,4.870043684855e-01,0.000000000000e+00
43.490000,9.135345007930e-01,5.024402514352e-02,9.149151579255e-01,4.884511136486e-01,0.000000000000e+00
43.500000,9.143275704773e-01,5.168014528310e-02,9.157869531455e-01,4.899430609642e-01,0.000000000000e+00
43.510000,9.150894018623e-01,5.312207503988e-02,9.166300061952e-01,4.914734898739e-01,0.000000000000e+00
43.520000,9.158199757515e-01,5.457069457086e-02,9.174443790723e-01,4.930356079813e-01,0.000000000000e+00
43.530000,9.165192990982e-01,5.602681173894e-02,9.182301613719e-01,4.946225685908e-01,0.000000000000e+00
43.540000,9.171874047886e-01,5.749116052253e-02,9.189874694690e-01,4.962274855463e-01,0.000000000000e+00
43.550000,9.178243514227e-01,5.896439953983e-02,9.197164456927e-01,4.978434455422e-01,0.000000000000e+00
43.560000,9.184302230884e-01,6.044711066648e-02,9.204172574817e-01,4.994635181388e-01,0.000000000000e+00
43.570000,9.190051291174e-01,6.193979772973e-02,9.210900965090e-01,5.010807637726e-01,0.000000000000e+00
43.580000,9.195492038133e-01,6.344288526762e-02,9.217351777625e-01,5.026882401046e-01,0.000000000000e+00
43.590000,9.200626061375e-01,6.495671734708e-02,9.223527385665e-01,5.042790070996e-01,0.000000000000e+00
43.600000,9.205455193385e-01,6.648155644061e-02,9.229430375278e-01,5.058461312825e-01,0.000000000000e+00
43.610000,9.209981505092e-01,6.801758236685e-02,9.235063533904e-01,5.073826896624e-01,0.000000000000e+00
43.620000,9.214207300552e-01,6.956489130651e-02,9.240429837827e-01,5.088817738665e-01,0.000000000000e+00
43.630000,9.218135110568e-01,7.112349491067e-02,9.245532438401e-01,5.103364950666e-01,0.000000000000e+00
43.640000,9.221767685082e-01,7.269331952458e-02,9.250374646898e-01,5.117399903139e-01,0.000000000000e+00
43.650000,9.225107984164e-01,7.427420555514e-02,9.254959917827e-01,5.130854309158e-01,0.000000000000e+00
43.660000,9.228159167461e-01,7.586590701573e-02,9.259291830628e-01,5.143660334815e-01,0.000000000000e+00
43.670000,9.230924581961e-01,7.746809128591e-02,9.263374069668e-01,5.155750742310e-01,0.000000000000e+00
43.680000,9.233407747980e-01,7.908033912748e-02,9.267210402495e-01,5.167059070870e-01,0.000000000000e+00
43.690000,9.235612343312e-01,8.070214500024e-02,9.270804656377e-01,5.177519859602e-01,0.000000000000e+00
43.700000,9.237542185508e-01,8.233291772179e-02,9.274160693190e-01,5.187068914817e-01,0.000000000000e+00
43.710000,9.239201212351e-01,8.397198151477e-02,9.277282382802e-01,5.195643622444e-01,0.000000000000e+00
43.720000,9.240593460587e-01,8.561857748236e-02,9.280173575147e-01,5.203183303881e-01,0.000000000000e+00
43.730000,9.241723043098e-01,8.727186554785e-02,9.282838071245e-01,5.209629611159e-01,0.000000000000e+00
43.740000,9.242594124703e-01,8.893092688800e-02,9.285279593513e-01,5.214926954802e-01,0.000000000000e+00
43.750000,9.243210896866e-01,9.059476688120e-02,9.287501755724e-01,5.219022955384e-01,0.000000000000e+00
43.760000,9.243577551617e-01,9.226231858231e-02,9.289508033032e-01,5.221868907815e-01,0.000000000000e+00
43.770000,9.243698255012e-01,9.393244672503e-02,9.291301732507e-01,5.223420245910e-01,0.000000000000e+00
43.780000,9.243577120516e-01,9.560395224206e-02,9.292885964616e-01,5.223636994090e-01,0.000000000000e+00
43.790000,9.243218182640e-01,9.727557728234e-02,9.294263616094e-01,5.222484193140e-01,0.000000000000e+00
43.800000,9.242625371213e-01,9.894601069463e-02,9.295437324614e-01,5.219932287876e-01,0.000000000000e+00
43.810000,9.241802486600e-01,1.006138939379e-01,9.296409455626e-01,5.215957466220e-01,0.000000000000e+00
43.820000,9.240753176174e-01,1.022778273718e-01,9.297182081693e-01,5.210541941483e-01,0.000000000000e+00
43.830000,9.239480912312e-01,1.039363768750e-01,9.297756964600e-01,5.203674172171e-01,0.000000000000e+00
43.840000,9.237988972130e-01,1.055880807348e-01,9.298135540447e-01,5.195349016318e-01,0.000000000000e+00
43.850000,9.236280419163e-01,1.072314567513e-01,9.298318907906e-01,5.185567819695e-01,0.000000000000e+00
43.860000,9.234358087135e-01,1.088650094946e-01,9.298307819742e-01,5.174338439200e-01,0.000000000000e+00
43.870000,9.232224565969e-01,1.104872376588e-01,9.298102677699e-01,5.161675204080e-01,0.000000000000e+00
43.880000,9.229882190135e-01,1.120966414516e-01,9.297703530778e-01,5.147598818427e-01,0.000000000000e+00
43.890000,9.227333029430e-01,1.136917299640e-01,9.297110076913e-01,5.132136208764e-01,0.000000000000e+00
43.900000,9.224578882261e-01,1.152710284627e-01,9.296321668022e-01,5.115320320638e-01,0.000000000000e+00
43.910000,9.221621271464e-01,1.168330855512e-01,9.295337318369e-01,5.097189868269e-01,0.000000000000e+00
43.920000,9.218461442690e-01,1.183764801460e-01,9.294155716123e-01,5.077789041553e-01,0.000000000000e+00
43.930000,9.215100365336e-01,1.198998282214e-01,9.292775237999e-01,5.057167175198e-01,0.000000000000e+00
43.940000,9.211538735971e-01,1.214017892738e-01,9.291193966772e-01,5.035378385403e-01,0.000000000000e+00
43.950000,9.207776984187e-01,1.228810724677e-01,9.289409711473e-01,5.012481180113e-01,0.000000000000e+00
43.960000,9.203815280756e-01,1.243364424282e-01,9.287420030011e-01,4.988538049393e-01,0.000000000000e+00
43.970000,9.199653547955e-01,1.257667246493e-01,9.285222253952e-01,4.963615042596e-01,0.000000000000e+00
43.980000,9.195291471907e-01,1.271708104979e-01,9.282813515179e-01,4.937781338794e-01,0.000000000000e+00
43.990000,9.190728516769e-01,1.285476617954e-01,9.280190774130e-01,4.911108816329e-01,0.000000000000e+00
44.000000,9.185963940569e-01,1.298963149672e-01,9.277350849334e-01,4.883671626447e-01,0.000000000000e+00
44.010000,9.180996812529e-01,1.312158847528e-01,9.274290447944e-01,4.855545774899e-01,0.000000000000e+00
44.020000,9.175826031671e-01,1.325055674760e-01,9.271006196994e-01,4.826808714322e-01,0.000000000000e+00
44.030000,9.170450346528e-01,1.337646438757e-01,9.267494675113e-01,4.797538949186e-01,0.000000000000e+00
44.040000,9.164868375784e-01,1.349924815020e-01,9.263752444428e-01,4.767815654304e-01,0.000000000000e+00
44.050000,9.159078629658e-01,1.361885366818e-01,9.259776082422e-01,4.737718307258e-01,0.000000000000e+00
44.060000,9.153079531862e-01,1.373523560632e-01,9.255562213512e-01,4.707326334751e-01,0.000000000000e+00
44.070000,9.146869441968e-01,1.384835777448e-01,9.251107540122e-01,4.676718772669e-01,0.000000000000e+00
44.080000,9.140446678012e-01,1.395819320002e-01,9.246408873053e-01,4.645973939680e-01,0.000000000000e+00
44.090000,9.133809539179e-01,1.406472416056e-01,9.241463160946e-01,4.615169124208e-01,0.000000000000e+00
44.100000,9.126956328406e-01,1.416794217825e-01,9.236267518662e-01,4.584380284883e-01,0.000000000000e+00
44.110000,9.119885374747e-01,1.426784797641e-01,9.230819254394e-01,4.553681764662e-01,0.000000000000e+00
44.120000,9.112595055343e-01,1.436445139984e-01,9.225115895361e-01,4.523146019093e-01,0.000000000000e+00
44.130000,9.105083816850e-01,1.445777129982e-01,9.219155211919e-01,4.492843359302e-01,0.000000000000e+00
44.140000,9.097350196164e-01,1.454783538532e-01,9.212935239956e-01,4.462841710425e-01,0.000000000000e+00
44.150000,9.089392840302e-01,1.463468004156e-01,9.206454301441e-01,4.433206386317e-01,0.000000000000e+00
44.160000,9.081210525300e-01,1.471835011761e-01,9.199711022998e-01,4.403999881365e-01,0.000000000000e+00
44.170000,9.072802173973e-01,1.479889868442e-01,9.192704352407e-01,4.375281680259e-01,0.000000000000e+00
44.180000,9.064166872415e-01,1.487638676515e-01,9.185433572937e-01,4.347108086507e-01,0.000000000000e+00
44.190000,9.055303885102e-01,1.495088303945e-01,9.177898315417e-01,4.319532070427e-01,0.000000000000e+00
44.200000,9.046212668485e-01,1.502246352366e-01,9.170098567990e-01,4.292603137240e-01,0.000000000000e+00
44.210000,9.036892882946e-01,1.509121122884e-01,9.162034683484e-01,4.266367215738e-01,0.000000000000e+00
44.220000,9.027344403029e-01,1.515721579882e-01,9.153707384367e-01,4.240866567938e-01,0.000000000000e+00
44.230000,9.017567325840e-01,1.522057313028e-01,9.145117765245e-01,4.216139719905e-01,0.000000000000e+00
44.240000,9.007561977537e-01,1.528138497711e-01,9.136267292902e-01,4.192221413859e-01,0.000000000000e+00
44.250000,8.997328917845e-01,1.533975854135e-01,9.127157803882e-01,4.169142581494e-01,0.000000000000e+00
44.260000,8.986868942534e-01,1.539580605292e-01,9.117791499616e-01,4.146930338307e-01,0.000000000000e+00
44.270000,8.976183083814e-01,1.544964434051e-01,9.108170939142e-01,4.125607998605e-01,0.000000000000e+00
44.280000,8.965272608624e-01,1.550139439594e-01,9.098299029441e-01,4.105195110733e-01,0.000000000000e+00
44.290000,8.954139014799e-01,1.555118093420e-01,9.088179013467e-01,4.085707511931e-01,0.000000000000e+00
44.300000,8.942784025109e-01,1.559913195162e-01,9.077814455924e-01,4.067157402133e-01,0.000000000000e+00
44.310000,8.931209579190e-01,1.564537828426e-01,9.067209226878e-01,4.049553435922e-01,0.000000000000e+00
44.320000,8.919417823396e-01,1.569005316881e-01,9.056367483308e-01,4.032900831738e-01,0.000000000000e+00
44.330000,8.907411098614e-01,1.573329180801e-01,9.045293648682e-01,4.017201497390e-01,0.000000000000e+00
44.340000,8.895191926102e-01,1.577523094283e-01,9.033992390698e-01,4.002454170821e-01,0.000000000000e+00
44.350000,8.882762991420e-01,1.581600843312e-01,9.022468597302e-01,3.988654575019e-01,0.000000000000e+00
44.360000,8.870127126542e-01,1.585576284877e-01,9.010727351118e-01,3.975795585920e-01,0.000000000000e+00
44.370000,8.857287290253e-01,1.589463307310e-01,8.998773902447e-01,3.963867412089e-01,0.000000000000e+00
44.380000,8.844246546927e-01,1.593275791993e-01,8.986613640976e-01,3.952857784933e-01,0.000000000000e+00
44.390000,8.831008043829e-01,1.597027576607e-01,8.974252066363e-01,3.942752158164e-01,0.000000000000e+00
44.400000,8.817574987057e-01,1.600732420042e-01,8.961694757854e-01,3.933533915205e-01,0.000000000000e+00
44.410000,8.803950616276e-01,1.604403969095e-01,8.948947343117e-01,3.925184583224e-01,0.000000000000e+00
44.420000,8.790138178403e-01,1.608055727052e-01,8.936015466455e-01,3.917684052447e-01,0.000000000000e+00
44.430000,8.776140900380e-01,1.611701024270e-01,8.922904756578e-01,3.911010799432e-01,0.000000000000e+00
44.440000,8.761961961236e-01,1.615352990805e-01,8.909620794122e-01,3.905142112937e-01,0.000000000000e+00
44.450000,8.747604463578e-01,1.619024531165e-01,8.896169079088e-01,3.900054321087e-01,0.000000000000e+00
44.460000,8.733071404716e-01,1.622728301225e-01,8.882554998392e-01,3.895723018487e-01,0.000000000000e+00
44.470000,8.718365647582e-01,1.626476687334e-01,8.868783793699e-01,3.892123292004e-01,0.000000000000e+00
44.480000,8.703489891648e-01,1.630281787627e-01,8.854860529736e-01,3.889229943946e-01,0.000000000000e+00
44.490000,8.688446644005e-01,1.634155395533e-01,8.840790063250e-01,3.887017711366e-01,0.000000000000e+00
44.500000,8.673238190815e-01,1.638108985470e-01,8.826577012800e-01,3.885461480317e-01,0.000000000000e+00
44.510000,8.657866569298e-01,1.642153700685e-01,8.812225729544e-01,3.884536493845e-01,0.000000000000e+00
44.520000,8.642333540455e-01,1.646300343193e-01,8.797740269209e-01,3.884218552633e-01,0.000000000000e+00
44.530000,8.626640562690e-01,1.650559365760e-01,8.783124365380e-01,3.884484207181e-01,0.000000000000e+00
44.540000,8.610788766527e-01,1.654940865839e-01,8.768381404294e-01,3.885310940516e-01,0.000000000000e+00
44.550000,8.594778930574e-01,1.659454581388e-01,8.753514401264e-01,3.886677340458e-01,0.000000000000e+00
44.560000,8.578611458912e-01,1.664109888462e-01,8.738525978897e-01,3.888563260529e-01,0.000000000000e+00
44.570000,8.562286360057e-01,1.668915800464e-01,8.723418347222e-01,3.890949968663e-01,0.000000000000e+00
44.580000,8.545803227652e-01,1.673880968948e-01,8.708193285863e-01,3.893820282953e-01,0.000000000000e+00
44.590000,8.529161223029e-01,1.679013685826e-01,8.692852128365e-01,3.897158693711e-01,0.000000000000e+00
44.600000,8.512359059765e-01,1.684321886859e-01,8.677395748778e-01,3.900951471226e-01,0.000000000000e+00
44.610000,8.495394990361e-01,1.689813156274e-01,8.661824550600e-01,3.905186758672e-01,0.000000000000e+00
44.620000,8.478266795152e-01,1.695494732369e-01,8.646138458137e-01,3.909854649680e-01,0.000000000000e+00
44.630000,8.460971773543e-01,1.701373513933e-01,8.630336910376e-01,3.914947250195e-01,0.000000000000e+00
44.640000,8.443506737661e-01,1.707456067350e-01,8.614418857407e-01,3.920458724308e-01,0.000000000000e+00
44.650000,8.425868008494e-01,1.713748634195e-01,8.598382759436e-01,3.926385323835e-01,0.000000000000e+00
44.660000,8.408051414579e-01,1.720257139192e-01,8.582226588430e-01,3.932725401515e-01,0.000000000000e+00
44.670000,8.390052293292e-01,1.726987198344e-01,8.565947832402e-01,3.939479407768e-01,0.000000000000e+00
44.680000,8.371865494760e-01,1.733944127104e-01,8.549543502332e-01,3.946649871052e-01,0.000000000000e+00
44.690000,8.353485388430e-01,1.741132948404e-01,8.533010141722e-01,3.954241361933e-01,0.000000000000e+00
44.700000,8.334905872304e-01,1.748558400414e-01,8.516343838751e-01,3.962260441079e-01,0.000000000000e+00
44.710000,8.316120384815e-01,1.756224943868e-01,8.499540240990e-01,3.970715591470e-01,0.000000000000e+00
44.720000,8.297121919345e-01,1.764136768818e-01,8.482594572628e-01,3.979617135178e-01,0.000000000000e+00
44.730000,8.277903041344e-01,1.772297800695e-01,8.465501654140e-01,3.988977135191e-01,0.000000000000e+00
44.740000,8.258455908002e-01,1.780711705538e-01,8.448255924311e-01,3.998809282791e-01,0.000000000000e+00
44.750000,8.238772290418e-01,1.789381894287e-01,8.430851464530e-01,4.009128771110e-01,0.000000000000e+00
44.760000,8.218843598202e-01,1.798311526025e-01,8.413282025247e-01,4.019952155517e-01,0.000000000000e+00
44.770000,8.198660906407e-01,1.807503510095e-01,8.395541054468e-01,4.031297201615e-01,0.000000000000e+00
44.780000,8.178214984726e-01,1.816960506992e-01,8.377621728173e-01,4.043182721628e-01,0.000000000000e+00
44.790000,8.157496328821e-01,1.826684927971e-01,8.359516982506e-01,4.055628400081e-01,0.000000000000e+00
44.800000,8.136495193691e-01,1.836678933324e-01,8.341219547588e-01,4.068654609689e-01,0.000000000000e+00
44.810000,8.115201628931e-01,1.846944429274e-01,8.322721982803e-01,4.082282218449e-01,0.000000000000e+00
44.820000,8.093605515774e-01,1.857483063474e-01,8.304016713378e-01,4.096532388973e-01,0.000000000000e+00
44.830000,8.071696605745e-01,1.868296219092e-01,8.285096068089e-01,4.111426371139e-01,0.000000000000e+00
44.840000,8.049464560799e-01,1.879385007496e-01,8.265952317910e-01,4.126985289188e-01,0.000000000000e+00
44.850000,8.026898994773e-01,1.890750259550e-01,8.246577715409e-01,4.143229924413e-01,0.000000000000e+00
44.860000,8.003989515984e-01,1.902392515572e-01,8.226964534704e-01,4.160180494649e-01,0.000000000000e+00
44.870000,7.980725770813e-01,1.914312013992e-01,8.207105111782e-01,4.177856431746e-01,0.000000000000e+00
44.880000,7.957097488095e-01,1.926508678790e-01,8.186991884967e-01,4.196276158293e-01,0.000000000000e+00
44.890000,7.933094524130e-01,1.938982105789e-01,8.166617435349e-01,4.215456864816e-01,0.000000000000e+00
44.900000,7.908706908132e-01,1.951731547897e-01,8.145974526955e-01,4.235414288719e-01,0.000000000000e+00
44.910000,7.883924887946e-01,1.964755899428e-01,8.125056146459e-01,4.256162496233e-01,0.000000000000e+00
44.920000,7.858738975809e-01,1.978053679595e-01,8.103855542225e-01,4.277713668645e-01,0.000000000000e+00
44.930000,7.833139994006e-01,1.991623015349e-01,8.082366262486e-01,4.300077894043e-01,0.000000000000e+00
44.940000,7.807119120195e-01,2.005461623683e-01,8.060582192433e-01,4.323262965860e-01,0.000000000000e+00
44.950000,7.780667932226e-01,2.019566793577e-01,8.038497590053e-01,4.347274189423e-01,0.000000000000e+00
44.960000,7.753778452264e-01,2.033935367752e-01,8.016107120479e-01,4.372114197736e-01,0.000000000000e+00
44.970000,7.726443190016e-01,2.048563724408e-01,7.993405888700e-01,4.397782777689e-01,0.000000000000e+00
44.980000,7.698655184876e-01,2.063447759137e-01,7.970389470427e-01,4.424276707839e-01,0.000000000000e+00
44.990000,7.670408046807e-01,2.078582867201e-01,7.947053940948e-01,4.451589608897e-01,0.000000000000e+00
45.000000,7.641695995774e-01,2.093963926371e-01,7.923395901807e-01,4.479711807999e-01,0.000000000000e+00
45.010000,7.612513899541e-01,2.109585280536e-01,7.899412505153e-01,4.508630217798e-01,0.000000000000e+00
45.020000,7.582857309662e-01,2.125440724273e-01,7.875101475606e-01,4.538328231365e-01,0.000000000000e+00
45.030000,7.552722495494e-01,2.141523488596e-01,7.850461129523e-01,4.568785633819e-01,0.000000000000e+00
45.040000,7.522106476068e-01,2.157826228070e-01,7.825490391525e-01,4.599978531561e-01,0.000000000000e+00
45.050000,7.491007049645e-01,2.174341009504e-01,7.800188808192e-01,4.631879299908e-01,0.000000000000e+00
45.060000,7.459422820819e-01,2.191059302415e-01,7.774556558831e-01,4.664456549848e-01,0.000000000000e+00
45.070000,7.427353225012e-01,2.207971971440e-01,7.748594463240e-01,4.697675114566e-01,0.000000000000e+00
45.080000,7.394798550214e-01,2.225069270901e-01,7.722303986412e-01,4.731496056305e-01,0.000000000000e+00
45.090000,7.361759955853e-01,2.242340841670e-01,7.695687240125e-01,4.765876694027e-01,0.000000000000e+00
45.100000,7.328239488655e-01,2.259775710514e-01,7.668746981411e-01,4.800770652253e-01,0.000000000000e+00
45.110000,7.294240095391e-01,2.277362292063e-01,7.641486607887e-01,4.836127931363e-01,0.000000000000e+00
45.120000,7.259765632404e-01,2.295088393530e-01,7.613910149953e-01,4.871894999504e-01,0.000000000000e+00
45.130000,7.224820871825e-01,2.312941222315e-01,7.586022259909e-01,4.908014906185e-01,0.000000000000e+00
45.140000,7.189411504386e-01,2.330907396587e-01,7.557828198025e-01,4.944427417477e-01,0.000000000000e+00
45.150000,7.153544138779e-01,2.348972958926e-01,7.529333815633e-01,4.981069172635e-01,0.000000000000e+00
45.160000,7.117226297487e-01,2.367123393108e-01,7.500545535349e-01,5.017873861836e-01,0.000000000000e+00
45.170000,7.080466409042e-01,2.385343644056e-01,7.471470328511e-01,5.054772424586e-01,0.000000000000e+00
45.180000,7.043273796701e-01,2.403618140998e-01,7.442115689979e-01,5.091693268206e-01,0.000000000000e+00
45.190000,7.005658663490e-01,2.421930823828e-01,7.412489610431e-01,5.128562505692e-01,0.000000000000e+00
45.200000,6.967632073644e-01,2.440265172654e-01,7.382600546321e-01,5.165304212093e-01,0.000000000000e+00
45.210000,6.929205930440e-01,2.458604240482e-01,7.352457387688e-01,5.201840698383e-01,0.000000000000e+00
45.220000,6.890392950462e-01,2.476930688983e-01,7.322069423994e-01,5.238092801728e-01,0.000000000000e+00
45.230000,6.851206634332e-01,2.495226827238e-01,7.291446308222e-01,5.273980190823e-01,0.000000000000e+00
45.240000,6.811661233987e-01,2.513474653367e-01,7.260598019428e-01,5.309421684908e-01,0.000000000000e+00
45.250000,6.771771716570e-01,2.531655898884e-01,7.229534824018e-01,5.344335584891e-01,0.000000000000e+00
45.260000,6.731553725029e-01,2.549752075638e-01,7.198267235951e-01,5.378640014899e-01,0.000000000000e+00
45.270000,6.691023535556e-01,2.567744525155e-01,7.166805976153e-01,5.412253272439e-01,0.000000000000e+00
45.280000,6.650198011979e-01,2.585614470170e-01,7.135161931371e-01,5.445094185237e-01,0.000000000000e+00
45.290000,6.609094557271e-01,2.603343068142e-01,7.103346112741e-01,5.477082472727e-01,0.000000000000e+00
45.300000,6.567731062332e-01,2.620911466505e-01,7.071369614324e-01,5.508139110045e-01,0.000000000000e+00
45.310000,6.526125852243e-01,2.638300859386e-01,7.039243571859e-01,5.538186692316e-01,0.000000000000e+00
45.320000,6.484297630172e-01,2.655492545546e-01,7.006979121998e-01,5.567149796943e-01,0.000000000000e+00
45.330000,6.442265419174e-01,2.672467987220e-01,6.974587362260e-01,5.594955341558e-01,0.000000000000e+00
45.340000,6.400048502090e-01,2.689208869585e-01,6.942079311947e-01,5.621532935251e-01,0.000000000000e+00
45.350000,6.357666359818e-01,2.705697160533e-01,6.909465874240e-01,5.646815220692e-01,0.000000000000e+00
45.360000,6.315138608196e-01,2.721915170431e-01,6.876757799702e-01,5.670738204743e-01,0.000000000000e+00
45.370000,6.272484933776e-01,2.737845611548e-01,6.843965651369e-01,5.693241575193e-01,0.000000000000e+00
45.380000,6.229725028774e-01,2.753471656821e-01,6.811099771626e-01,5.714269001297e-01,0.000000000000e+00
45.390000,6.186878525488e-01,2.768776997632e-01,6.778170251016e-01,5.733768415872e-01,0.000000000000e+00
45.400000,6.143964930478e-01,2.783745900271e-01,6.745186899132e-01,5.751692276774e-01,0.000000000000e+00
45.410000,6.101003558824e-01,2.798363260760e-01,6.712159217715e-01,5.767997805732e-01,0.000000000000e+00
45.420000,6.058013468759e-01,2.812614657723e-01,6.679096376046e-01,5.782647202630e-01,0.000000000000e+00
45.430000,6.015013397007e-01,2.826486403000e-01,6.646007188720e-01,5.795607833496e-01,0.000000000000e+00
45.440000,5.972021695122e-01,2.839965589702e-01,6.612900095851e-01,5.806852390653e-01,0.000000000000e+00
45.450000,5.929056267151e-01,2.853040137434e-01,6.579783145732e-01,5.816359023683e-01,0.000000000000e+00
45.460000,5.886134508921e-01,2.865698834413e-01,6.546663979972e-01,5.824111440090e-01,0.000000000000e+00
45.470000,5.843273249256e-01,2.877931376237e-01,6.513549821088e-01,5.830098974788e-01,0.000000000000e+00
45.480000,5.800488693415e-01,2.889728401081e-01,6.480447462518e-01,5.834316627799e-01,0.000000000000e+00
45.490000,5.757796369035e-01,2.901081521110e-01,6.447363261008e-01,5.836765069831e-01,0.000000000000e+00
45.500000,5.715211074845e-01,2.911983349922e-01,6.414303131304e-01,5.837450615676e-01,0.000000000000e+00
45.510000,5.672746832416e-01,2.922427525885e-01,6.381272543054e-01,5.836385165666e-01,0.000000000000e+00
45.520000,5.630416841177e-01,2.932408731210e-01,6.348276519834e-01,5.833586115728e-01,0.000000000000e+00
45.530000,5.588233436929e-01,2.941922706676e-01,6.315319640182e-01,5.829076236858e-01,0.000000000000e+00
45.540000,5.546208054055e-01,2.950966261928e-01,6.282406040515e-01,5.822883525138e-01,0.000000000000e+00
45.550000,5.504351191598e-01,2.959537281296e-01,6.249539419815e-01,5.815041023711e-01,0.000000000000e+00
45.560000,5.462672383390e-01,2.967634725118e-01,6.216723045944e-01,5.805586618394e-01,0.000000000000e+00
45.570000,5.421180172348e-01,2.975258626589e-01,6.183959763465e-01,5.794562808866e-01,0.000000000000e+00
45.580000,5.379882089051e-01,2.982410084164e-01,6.151252002821e-01,5.782016457623e-01,0.000000000000e+00
45.590000,5.338784634698e-01,2.989091249580e-01,6.118601790769e-01,5.767998519112e-01,0.000000000000e+00
45.600000,5.297893268494e-01,2.995305311615e-01,6.086010761915e-01,5.752563751626e-01,0.000000000000e+00
45.610000,5.257212399511e-01,3.001056475674e-01,6.053480171254e-01,5.735770414747e-01,0.000000000000e+00
45.620000,5.216745383029e-01,3.006349939388e-01,6.021010907598e-01,5.717679955223e-01,0.000000000000e+00
45.630000,5.176494521343e-01,3.011191864359e-01,5.988603507787e-01,5.698356684288e-01,0.000000000000e+00
45.640000,5.136461069004e-01,3.015589344281e-01,5.956258171598e-01,5.677867449483e-01,0.000000000000e+00
45.650000,5.096645242422e-01,3.019550369630e-01,5.923974777278e-01,5.656281304085e-01,0.000000000000e+00
45.660000,5.057046233752e-01,3.023083789173e-01,5.891752897624e-01,5.633669177199e-01,0.000000000000e+00
45.670000,5.017662228949e-01,3.026199268541e-01,5.859591816564e-01,5.610103547568e-01,0.000000000000e+00
45.680000,4.978490429874e-01,3.028907246139e-01,5.827490546201e-01,5.585658124002e-01,0.000000000000e+00
45.690000,4.939527080282e-01,3.031218886666e-01,5.795447844276e-01,5.560407535265e-01,0.000000000000e+00
45.700000,4.900767495554e-01,3.033146032556e-01,5.763462232051e-01,5.534427032010e-01,0.000000000000e+00
45.710000,4.862206095964e-01,3.034701153609e-01,5.731532012591e-01,5.507792203222e-01,0.000000000000e+00
45.720000,4.823836443304e-01,3.035897295157e-01,5.699655289444e-01,5.480578709323e-01,0.000000000000e+00
45.730000,4.785651280636e-01,3.036748025034e-01,5.667829985753e-01,5.452862033852e-01,0.000000000000e+00
45.740000,4.747642574975e-01,3.037267379697e-01,5.636053863785e-01,5.424717255327e-01,0.000000000000e+00
45.750000,4.709801562651e-01,3.037469809777e-01,5.604324544925e-01,5.396218840547e-01,0.000000000000e+00
45.760000,4.672118797114e-01,3.037370125390e-01,5.572639530147e-01,5.367440460260e-01,0.000000000000e+00
45.770000,4.634584198957e-01,3.036983441491e-01,5.540996220998e-01,5.338454827753e-01,0.000000000000e+00
45.780000,4.597187107878e-01,3.036325123574e-01,5.509391941121e-01,5.309333560525e-01,0.000000000000e+00
45.790000,4.559916336358e-01,3.035410733987e-01,5.477823958342e-01,5.280147064844e-01,0.000000000000e+00
45.800000,4.522760224781e-01,3.034255979149e-01,5.446289507349e-01,5.250964442581e-01,0.000000000000e+00
45.810000,4.485706697756e-01,3.032876657910e-01,5.414785812974e-01,5.221853419334e-01,0.000000000000e+00
45.820000,4.448743321391e-01,3.031288611294e-01,5.383310114101e-01,5.192880292514e-01,0.000000000000e+00
45.830000,4.411857361262e-01,3.029507673868e-01,5.351859688197e-01,5.164109897667e-01,0.000000000000e+00
45.840000,4.375035840839e-01,3.027549626907e-01,5.320431876457e-01,5.135605591010e-01,0.000000000000e+00
45.850000,4.338265600133e-01,3.025430153583e-01,5.289024109560e-01,5.107429245848e-01,0.000000000000e+00
45.860000,4.301533354322e-01,3.023164796297e-01,5.257633933997e-01,5.079641260264e-01,0.000000000000e+00
45.870000,4.264825752138e-01,3.020768916341e-01,5.226259038933e-01,5.052300573265e-01,0.000000000000e+00
45.880000,4.228129433789e-01,3.018257655979e-01,5.194897283560e-01,5.025464686359e-01,0.000000000000e+00
45.890000,4.191431088198e-01,3.015645903066e-01,5.163546724858e-01,4.999189687431e-01,0.000000000000e+00
45.900000,4.154717509375e-01,3.012948258279e-01,5.132205645702e-01,4.973530273698e-01,0.000000000000e+00
45.910000,4.117975651694e-01,3.010179005008e-01,5.100872583209e-01,4.948539770484e-01,0.000000000000e+00
45.920000,4.081192683916e-01,3.007352081957e-01,5.069546357229e-01,4.924270142616e-01,0.000000000000e+00
45.930000,4.044356041755e-01,3.004481058456e-01,5.038226098847e-01,4.900771995332e-01,0.000000000000e+00
45.940000,4.007453478835e-01,3.001579112484e-01,5.006911278775e-01,4.878094561736e-01,0.000000000000e+00
45.950000,3.970473115855e-01,2.998659011373e-01,4.975601735490e-01,4.856285674081e-01,0.000000000000e+00
45.960000,3.933403487828e-01,2.995733095155e-01,4.944297702957e-01,4.835391716423e-01,0.000000000000e+00
45.970000,3.896233589235e-01,2.992813262486e-01,4.912999837777e-01,4.815457556552e-01,0.000000000000e+00
45.980000,3.858952916963e-01,2.989910959068e-01,4.881709245591e-01,4.796526455477e-01,0.000000000000e+00
45.990000,3.821551510897e-01,2.987037168489e-01,4.850427506558e-01,4.778639953207e-01,0.000000000000e+00
46.000000,3.784019992055e-01,2.984202405366e-01,4.819156699721e-01,4.761837730089e-01,0.000000000000e+00
46.010000,3.746349598148e-01,2.981416710680e-01,4.787899426081e-01,4.746157443438e-01,0.000000000000e+00
46.020000,3.708532216474e-01,2.978689649189e-01,4.756658830188e-01,4.731634539845e-01,0.000000000000e+00
46.030000,3.670560414045e-01,2.976030308769e-01,4.725438620051e-01,4.718302044071e-01,0.000000000000e+00
46.040000,3.632427464887e-01,2.973447301570e-01,4.694243085192e-01,4.706190326087e-01,0.000000000000e+00
46.050000,3.594127374418e-01,2.970948766826e-01,4.663077112663e-01,4.695326848433e-01,0.000000000000e+00
46.060000,3.555654900870e-01,2.968542375192e-01,4.631946200831e-01,4.685735896642e-01,0.000000000000e+00
46.070000,3.517005573691e-01,2.966235334455e-01,4.600856470783e-01,4.677438296113e-01,0.000000000000e+00
46.080000,3.478175708898e-01,2.964034396485e-01,4.569814675182e-01,4.670451119344e-01,0.000000000000e+00
46.090000,3.439162421352e-01,2.961945865273e-01,4.538828204421e-01,4.664787387961e-01,0.000000000000e+00
46.100000,3.399963633954e-01,2.959975605944e-01,4.507905089950e-01,4.660455774453e-01,0.000000000000e+00
46.110000,3.360578083748e-01,2.958129054582e-01,4.477054004647e-01,4.657460308898e-01,0.000000000000e+00
46.120000,3.321005324952e-01,2.956411228770e-01,4.446284260139e-01,4.655800096303e-01,0.000000000000e+00
46.130000,3.281245728949e-01,2.954826738709e-01,4.415605800967e-01,4.655469050395e-01,0.000000000000e+00
46.140000,3.241300481269e-01,2.953379798803e-01,4.385029195553e-01,4.656455649819e-01,0.000000000000e+00
46.150000,3.201171575621e-01,2.952074239622e-01,4.354565623895e-01,4.658742722726e-01,0.000000000000e+00
46.160000,3.160861805045e-01,2.950913520120e-01,4.324226861974e-01,4.662307265630e-01,0.000000000000e+00
46.170000,3.120374750253e-01,2.949900740042e-01,4.294025262865e-01,4.667120302186e-01,0.000000000000e+00
46.180000,3.079714765276e-01,2.949038652428e-01,4.263973734555e-01,4.673146787180e-01,0.000000000000e+00
46.190000,3.038886960496e-01,2.948329676129e-01,4.234085714510e-01,4.680345560580e-01,0.000000000000e+00
46.200000,2.997897183201e-01,2.947775908299e-01,4.204375141039e-01,4.688669355860e-01,0.000000000000e+00
46.210000,2.956751995785e-01,2.947379136759e-01,4.174856421529e-01,4.698064866107e-01,0.000000000000e+00
46.220000,2.915458651736e-01,2.947140852224e-01,4.145544397643e-01,4.708472870606e-01,0.000000000000e+00
46.230000,2.874025069549e-01,2.947062260307e-01,4.116454307596e-01,4.719828423646e-01,0.000000000000e+00
46.240000,2.832459804743e-01,2.947144293282e-01,4.087601745633e-01,4.732061106298e-01,0.000000000000e+00
46.250000,2.790772020109e-01,2.947387621550e-01,4.059002618857e-01,4.745095340826e-01,0.000000000000e+00
46.260000,2.748971454394e-01,2.947792664793e-01,4.030673101565e-01,4.758850766293e-01,0.000000000000e+00
46.270000,2.707068389553e-01,2.948359602761e-01,4.002629587272e-01,4.773242672744e-01,0.000000000000e+00
46.280000,2.665073616760e-01,2.949088385691e-01,3.974888638612e-01,4.788182490246e-01,0.000000000000e+00
46.290000,2.622998401337e-01,2.949978744315e-01,3.947466935305e-01,4.803578327923e-01,0.000000000000e+00
46.300000,2.580854446763e-01,2.951030199448e-01,3.920381220422e-01,4.819335557106e-01,0.000000000000e+00
46.310000,2.538653857927e-01,2.952242071144e-01,3.893648245155e-01,4.835357431711e-01,0.000000000000e+00
46.320000,2.496409103765e-01,2.953613487392e-01,3.867284712336e-01,4.851545738164e-01,0.000000000000e+00
46.330000,2.454132979445e-01,2.955143392368e-01,3.841307218936e-01,4.867801466414e-01,0.000000000000e+00
46.340000,2.411838568206e-01,2.956830554225e-01,3.815732197820e-01,4.884025493095e-01,0.000000000000e+00
46.350000,2.369539203002e-01,2.958673572435e-01,3.790575858994e-01,4.900119267475e-01,0.000000000000e+00
46.360000,2.327248428043e-01,2.960670884691e-01,3.765854130644e-01,4.915985490694e-01,0.000000000000e+00
46.370000,2.284979960339e-01,2.962820773390e-01,3.741582600235e-01,4.931528778822e-01,0.000000000000e+00
46.380000,2.242747651345e-01,2.965121371724e-01,3.717776455984e-01,4.946656300514e-01,0.000000000000e+00
46.390000,2.200565448764e-01,2.967570669423e-01,3.694450428996e-01,4.961278380496e-01,0.000000000000e+00
46.400000,2.158447358605e-01,2.970166518183e-01,3.671618736416e-01,4.975309060783e-01,0.000000000000e+00
46.410000,2.116407407525e-01,2.972906636854e-01,3.649295025903e-01,4.988666612364e-01,0.000000000000e+00
46.420000,2.074459605533e-01,2.975788616442e-01,3.627492321802e-01,5.001273991100e-01,0.000000000000e+00
46.430000,2.032617909087e-01,2.978809925001e-01,3.606222973365e-01,5.013059232723e-01,0.000000000000e+00
46.440000,1.990896184637e-01,2.981967912516e-01,3.585498605393e-01,5.023955783091e-01,0.000000000000e+00
46.450000,1.949308172666e-01,2.985259815855e-01,3.565330071702e-01,5.033902761128e-01,0.000000000000e+00
46.460000,1.907867452262e-01,2.988682763898e-01,3.545727411776e-01,5.042845153307e-01,0.000000000000e+00
46.470000,1.866587406291e-01,2.992233782947e-01,3.526699811032e-01,5.050733939800e-01,0.000000000000e+00
46.480000,1.825481187235e-01,2.995909802525e-01,3.508255565066e-01,5.057526153790e-01,0.000000000000e+00
46.490000,1.784561683757e-01,2.999707661668e-01,3.490402048275e-01,5.063184876640e-01,0.000000000000e+00
46.500000,1.743841488095e-01,3.003624115813e-01,3.473145687226e-01,5.067679172751e-01,0.000000000000e+00
46.510000,1.703332864383e-01,3.007655844379e-01,3.456491939107e-01,5.070983968915e-01,0.000000000000e+00
46.520000,1.663047718015e-01,3.011799459118e-01,3.440445275591e-01,5.073079883847e-01,0.000000000000e+00
46.530000,1.622997566185e-01,3.016051513314e-01,3.425009172369e-01,5.073953014216e-01,0.000000000000e+00
46.540000,1.583193509772e-01,3.020408511868e-01,3.410186104592e-01,5.073594684033e-01,0.000000000000e+00
46.550000,1.543646206698e-01,3.024866922299e-01,3.395977548376e-01,5.072001164590e-01,0.000000000000e+00
46.560000,1.504365846970e-01,3.029423186670e-01,3.382383988471e-01,5.069173372314e-01,0.000000000000e+00
46.570000,1.465362129566e-01,3.034073734397e-01,3.369404932109e-01,5.065116551946e-01,0.000000000000e+00
46.580000,1.426644241367e-01,3.038814995893e-01,3.357038928981e-01,5.059839952350e-01,0.000000000000e+00
46.590000,1.388220838310e-01,3.043643416955e-01,3.345283597170e-01,5.053356502018e-01,0.000000000000e+00
46.600000,1.350100028953e-01,3.048555473766e-01,3.334135654830e-01,5.045682491020e-01,0.000000000000e+00
46.610000,1.312289360608e-01,3.053547688368e-01,3.323590957248e-01,5.036837265725e-01,0.000000000000e+00
46.620000,1.274795808207e-01,3.058616644417e-01,3.313644538891e-01,5.026842942077e-01,0.000000000000e+00
46.630000,1.237625766005e-01,3.063759003012e-01,3.304290659917e-01,5.015724142648e-01,0.000000000000e+00
46.640000,1.200785042234e-01,3.068971518374e-01,3.295522856580e-01,5.003507761958e-01,0.000000000000e+00
46.650000,1.164278856745e-01,3.074251053117e-01,3.287333994874e-01,4.990222763792e-01,0.000000000000e+00
46.660000,1.128111841661e-01,3.079594592870e-01,3.279716326716e-01,4.975900013338e-01,0.000000000000e+00
46.670000,1.092288045013e-01,3.084999259978e-01,3.272661547936e-01,4.960572145964e-01,0.000000000000e+00
46.680000,1.056810937270e-01,3.090462326044e-01,3.266160857311e-01,4.944273473337e-01,0.000000000000e+00
46.690000,1.021683420646e-01,3.095981223066e-01,3.260205015885e-01,4.927039926332e-01,0.000000000000e+00
46.700000,9.869078410083e-02,3.101553552950e-01,3.254784405834e-01,4.908909032846e-01,0.000000000000e+00
46.710000,9.524860021670e-02,3.107177095237e-01,3.249889088183e-01,4.889919927229e-01,0.000000000000e+00
46.720000,9.184191823001e-02,3.112849812872e-01,3.245508858702e-01,4.870113386578e-01,0.000000000000e+00
46.730000,8.847081522228e-02,3.118569855944e-01,3.241633301441e-01,4.849531887781e-01,0.000000000000e+00
46.740000,8.513531951999e-02,3.124335563319e-01,3.238251839372e-01,4.828219677851e-01,0.000000000000e+00
46.750000,8.183541279817e-02,3.130145462197e-01,3.235353781783e-01,4.806222849072e-01,0.000000000000e+00
46.760000,7.857103227476e-02,3.135998265625e-01,3.232928368102e-01,4.783589409622e-01,0.000000000000e+00
46.770000,7.534207296507e-02,3.141892868086e-01,3.230964807979e-01,4.760369340001e-01,0.000000000000e+00
46.780000,7.214838996795e-02,3.147828339311e-01,3.229452317540e-01,4.736614625601e-01,0.000000000000e+00
46.790000,6.898980075845e-02,3.153803916509e-01,3.228380151818e-01,4.712379256398e-01,0.000000000000e+00
46.800000,6.586608746578e-02,3.159818995233e-01,3.227737633458e-01,4.687719185811e-01,0.000000000000e+00
46.810000,6.277699911984e-02,3.165873119128e-01,3.227514177856e-01,4.662692242475e-01,0.000000000000e+00
46.820000,5.972225385457e-02,3.171965968797e-01,3.227699314954e-01,4.637357990736e-01,0.000000000000e+00
46.830000,5.670154106068e-02,3.178097350055e-01,3.228282707926e-01,4.611777538137e-01,0.000000000000e+00
46.840000,5.371452348508e-02,3.184267181767e-01,3.229254169031e-01,4.586013290779e-01,0.000000000000e+00
46.850000,5.076083927729e-02,3.190475483499e-01,3.230603672879e-01,4.560128660100e-01,0.000000000000e+00
46.860000,4.784010398601e-02,3.196722363134e-01,3.232321367361e-01,4.534187727028e-01,0.000000000000e+00
46.870000,4.495191250992e-02,3.203008004601e-01,3.234397582452e-01,4.508254871582e-01,0.000000000000e+00
46.880000,4.209584100715e-02,3.209332655804e-01,3.236822837076e-01,4.482394377483e-01,0.000000000000e+00
46.890000,3.927144876631e-02,3.215696616804e-01,3.239587844178e-01,4.456670022228e-01,0.000000000000e+00
46.900000,3.647828004012e-02,3.222100228313e-01,3.242683514123e-01,4.431144663250e-01,0.000000000000e+00
46.910000,3.371586583964e-02,3.228543860490e-01,3.246100956538e-01,4.405879830243e-01,0.000000000000e+00
46.920000,3.098372568409e-02,3.235027902044e-01,3.249831480667e-01,4.380935332642e-01,0.000000000000e+00
46.930000,2.828136929808e-02,3.241552749674e-01,3.253866594354e-01,4.356368889666e-01,0.000000000000e+00
46.940000,2.560829824590e-02,3.248118797817e-01,3.258198001755e-01,4.332235788593e-01,0.000000000000e+00
46.950000,2.296400749058e-02,3.254726428775e-01,3.262817599893e-01,4.308588575137e-01,0.000000000000e+00
46.960000,2.034798686511e-02,3.261376003229e-01,3.267717474230e-01,4.285476778211e-01,0.000000000000e+00
46.970000,1.775972244350e-02,3.268067851224e-01,3.272889893401e-01,4.262946670157e-01,0.000000000000e+00
46.980000,1.519869780100e-02,3.274802263685e-01,3.278327303324e-01,4.241041062684e-01,0.000000000000e+00
46.990000,1.266439515496e-02,3.281579484557e-01,3.284022320864e-01,4.219799138401e-01,0.000000000000e+00
47.000000,1.015629638040e-02,3.288399703634e-01,3.289967727270e-01,4.199256317727e-01,0.000000000000e+00
47.010000,7.673883897485e-03,3.295263050161e-01,3.296156461572e-01,4.179444161067e-01,0.000000000000e+00
47.020000,5.216641430391e-03,3.302169587268e-01,3.302581614110e-01,4.160390306225e-01,0.000000000000e+00
47.030000,2.784054640002e-03,3.309119307282e-01,3.309236420362e-01,4.142118440962e-01,0.000000000000e+00
47.040000,3.756116345421e-04,3.316112127943e-01,3.316114255194e-01,4.124648310289e-01,0.000000000000e+00
47.050000,-2.009196635868e-03,3.323147889532e-01,3.323208627639e-01,4.107995757601e-01,0.000000000000e+00
47.060000,-4.370876093522e-03,3.330226352917e-01,3.330513176291e-01,4.092172798013e-01,0.000000000000e+00
47.070000,-6.709929348121e-03,3.337347198481e-01,3.338021665357e-01,4.077187721615e-01,0.000000000000e+00
47.080000,-9.026855603622e-03,3.344510025904e-01,3.345727981408e-01,4.063045223666e-01,0.000000000000e+00
47.090000,-1.132215064776e-02,3.351714354757e-01,3.353626130834e-01,4.049746558387e-01,0.000000000000e+00
47.100000,-1.359630691502e-02,3.358959625841e-01,3.361710237989e-01,4.037289712762e-01,0.000000000000e+00
47.110000,-1.584981361404e-02,3.366245203212e-01,3.369974544015e-01,4.025669596817e-01,0.000000000000e+00
47.120000,-1.808315691088e-02,3.373570376822e-01,3.378413406284e-01,4.014878247059e-01,0.000000000000e+00
47.130000,-2.029682016033e-02,3.380934365700e-01,3.387021298432e-01,4.004905040062e-01,0.000000000000e+00
47.140000,-2.249128417803e-02,3.388336321592e-01,3.395792810908e-01,3.995736913606e-01,0.000000000000e+00
47.150000,-2.466702754730e-02,3.395775332999e-01,3.404722651995e-01,3.987358593148e-01,0.000000000000e+00
47.160000,-2.682452695496e-02,3.403250429535e-01,3.413805649237e-01,3.979752821802e-01,0.000000000000e+00
47.170000,-2.896425755159e-02,3.410760586527e-01,3.423036751214e-01,3.972900592357e-01,0.000000000000e+00
47.180000,-3.108669333207e-02,3.418304729826e-01,3.432411029609e-01,3.966781380184e-01,0.000000000000e+00
47.190000,-3.319230753278e-02,3.425881740735e-01,3.441923681524e-01,3.961373376128e-01,0.000000000000e+00
47.200000,-3.528157304242e-02,3.433490461042e-01,3.451570031986e-01,3.956653718694e-01,0.000000000000e+00
47.210000,-3.735496282354e-02,3.441129698087e-01,3.461345536610e-01,3.952598724976e-01,0.000000000000e+00
47.220000,-3.941295034218e-02,3.448798229832e-01,3.471245784377e-01,3.949184119840e-01,0.000000000000e+00
47.230000,-4.145601000323e-02,3.456494809901e-01,3.481266500487e-01,3.946385262894e-01,0.000000000000e+00
47.240000,-4.348461758905e-02,3.464218172552e-01,3.491403549251e-01,3.944177372726e-01,0.000000000000e+00
47.250000,-4.549925069920e-02,3.471967037545e-01,3.501652937003e-01,3.942535747811e-01,0.000000000000e+00
47.260000,-4.750038918910e-02,3.479740114886e-01,3.512010814969e-01,3.941435983376e-01,0.000000000000e+00
47.270000,-4.948851560558e-02,3.487536109398e-01,3.522473482092e-01,3.940854183397e-01,0.000000000000e+00
47.280000,-5.146411561738e-02,3.495353725107e-01,3.533037387751e-01,3.940767166784e-01,0.000000000000e+00
47.290000,-5.342767843898e-02,3.503191669394e-01,3.543699134358e-01,3.941152666700e-01,0.000000000000e+00
47.300000,-5.537969724616e-02,3.511048656885e-01,3.554455479778e-01,3.941989521891e-01,0.000000000000e+00
47.310000,-5.732066958217e-02,3.518923413052e-01,3.565303339557e-01,3.943257858857e-01,0.000000000000e+00
47.320000,-5.925109775348e-02,3.526814677472e-01,3.576239788902e-01,3.944939263649e-01,0.000000000000e+00
47.330000,-6.117148921452e-02,3.534721206733e-01,3.587262064388e-01,3.947016942120e-01,0.000000000000e+00
47.340000,-6.308235694121e-02,3.542641776932e-01,3.598367565353e-01,3.949475867464e-01,0.000000000000e+00
47.350000,-6.498421979321e-02,3.550575185742e-01,3.609553854955e-01,3.952302913960e-01,0.000000000000e+00
47.360000,-6.687760286531e-02,3.558520254018e-01,3.620818660850e-01,3.955486975920e-01,0.000000000000e+00
47.370000,-6.876303782873e-02,3.566475826903e-01,3.632159875477e-01,3.959019070913e-01,0.000000000000e+00
47.380000,-7.064106326323e-02,3.574440774419e-01,3.643575555924e-01,3.962892426497e-01,0.000000000000e+00
47.390000,-7.251222498125e-02,3.582413991513e-01,3.655063923348e-01,3.967102549758e-01,0.000000000000e+00
47.400000,-7.437707634563e-02,3.590394397539e-01,3.666623361958e-01,3.971647279128e-01,0.000000000000e+00
47.410000,-7.623617858234e-02,3.598380935168e-01,3.678252417530e-01,3.976526818054e-01,0.000000000000e+00
47.420000,-7.809010109002e-02,3.606372568700e-01,3.689949795471e-01,3.981743750231e-01,0.000000000000e+00
47.430000,-7.993942174813e-02,3.614368281797e-01,3.701714358429e-01,3.987303036235e-01,0.000000000000e+00
47.440000,-8.178472722531e-02,3.622367074605e-01,3.713545123452e-01,3.993211991533e-01,0.000000000000e+00
47.450000,-8.362661328977e-02,3.630367960308e-01,3.725441258732e-01,3.999480245941e-01,0.000000000000e+00
47.460000,-8.546568512323e-02,3.638369961078e-01,3.737402079926e-01,4.006119684743e-01,0.000000000000e+00
47.470000,-8.730255763985e-02,3.646372103482e-01,3.749427046110e-01,4.013144371789e-01,0.000000000000e+00
47.480000,-8.913785581129e-02,3.654373413330e-01,3.761515755373e-01,4.020570454994e-01,0.000000000000e+00
47.490000,-9.097221499892e-02,3.662372910006e-01,3.773667940098e-01,4.028416054758e-01,0.000000000000e+00
47.500000,-9.280628129374e-02,3.670369600307e-01,3.785883461970e-01,4.036701135944e-01,0.000000000000e+00
47.510000,-9.464071186430e-02,3.678362471826e-01,3.798162306742e-01,4.045447364118e-01,0.000000000000e+00
47.520000,-9.647617531256e-02,3.686350485907e-01,3.810504578824e-01,4.054677946858e-01,0.000000000000e+00
47.530000,-9.831335203711e-02,3.694332570226e-01,3.822910495723e-01,4.064417461017e-01,0.000000000000e+00
47.540000,-1.001529346029e-01,3.702307611032e-01,3.835380382395e-01,4.074691666896e-01,0.000000000000e+00
47.550000,-1.019956281161e-01,3.710274445103e-01,3.847914665564e-01,4.085527310359e-01,0.000000000000e+00
47.560000,-1.038421506016e-01,3.718231851463e-01,3.860513868048e-01,4.096951913991e-01,0.000000000000e+00
47.570000,-1.056932333825e-01,3.726178542914e-01,3.873178603157e-01,4.108993558448e-01,0.000000000000e+00
47.580000,-1.075496214560e-01,3.734113157435e-01,3.885909569208e-01,4.121680655216e-01,0.000000000000e+00
47.590000,-1.094120738653e-01,3.742034249516e-01,3.898707544213e-01,4.135041712039e-01,0.000000000000e+00
47.600000,-1.112813640614e-01,3.749940281464e-01,3.911573380787e-01,4.149105092312e-01,0.000000000000e+00
47.610000,-1.131582802516e-01,3.757829614759e-01,3.924508001331e-01,4.163898769793e-01,0.000000000000e+00
47.620000,-1.150436257299e-01,3.765700501515e-01,3.937512393532e-01,4.179450079990e-01,0.000000000000e+00
47.630000,-1.169382191836e-01,3.773551076086e-01,3.950587606219e-01,4.195785469628e-01,0.000000000000e+00
47.640000,-1.188428949709e-01,3.781379346910e-01,3.963734745634e-01,4.212930245611e-01,0.000000000000e+00
47.650000,-1.207585033633e-01,3.789183188620e-01,3.976954972133e-01,4.230908324897e-01,0.000000000000e+00
47.660000,-1.226859107464e-01,3.796960334490e-01,3.990249497369e-01,4.249741986735e-01,0.000000000000e+00
47.670000,-1.246259997727e-01,3.804708369277e-01,4.003619581976e-01,4.269451628670e-01,0.000000000000e+00
47.680000,-1.265796694590e-01,3.812424722509e-01,4.017066533782e-01,4.290055527767e-01,0.000000000000e+00
47.690000,-1.285478352218e-01,3.820106662267e-01,4.030591706576e-01,4.311569608441e-01,0.000000000000e+00
47.700000,-1.305314288431e-01,3.827751289522e-01,4.044196499432e-01,4.334007218300e-01,0.000000000000e+00
47.710000,-1.325313983586e-01,3.835355533072e-01,4.057882356619e-01,4.357378913353e-01,0.000000000000e+00
47.720000,-1.345487078629e-01,3.842916145120e-01,4.071650768077e-01,4.381692253907e-01,0.000000000000e+00
47.730000,-1.365843372211e-01,3.850429697544e-01,4.085503270485e-01,4.406951612463e-01,0.000000000000e+00
47.740000,-1.386392816828e-01,3.857892578894e-01,4.099441448886e-01,4.433157994829e-01,0.000000000000e+00
47.750000,-1.407145513887e-01,3.865300992163e-01,4.113466938881e-01,4.460308875654e-01,0.000000000000e+00
47.760000,-1.428111707645e-01,3.872650953348e-01,4.127581429357e-01,4.488398049515e-01,0.000000000000e+00
47.770000,-1.449301777951e-01,3.879938290859e-01,4.141786665733e-01,4.517415498618e-01,0.000000000000e+00
47.780000,-1.470726231728e-01,3.887158645779e-01,4.156084453683e-01,4.547347278109e-01,0.000000000000e+00
47.790000,-1.492395693127e-01,3.894307473013e-01,4.170476663312e-01,4.578175419928e-01,0.000000000000e+00
47.800000,-1.514320892330e-01,3.901380043350e-01,4.184965233738e-01,4.609877856025e-01,0.000000000000e+00
47.810000,-1.536512652921e-01,3.908371446439e-01,4.199552178021e-01,4.642428361701e-01,0.000000000000e+00
47.820000,-1.558981877810e-01,3.915276594718e-01,4.214239588405e-01,4.675796519735e-01,0.000000000000e+00
47.830000,-1.581739533671e-01,3.922090228283e-01,4.229029641794e-01,4.709947705843e-01,0.000000000000e+00
47.840000,-1.604796633869e-01,3.928806920722e-01,4.243924605408e-01,4.744843095942e-01,0.000000000000e+00
47.850000,-1.628164219861e-01,3.935421085905e-01,4.258926842553e-01,4.780439695566e-01,0.000000000000e+00
47.860000,-1.651853341080e-01,3.941926985736e-01,4.274038818414e-01,4.816690391668e-01,0.000000000000e+00
47.870000,-1.675875033280e-01,3.948318738867e-01,4.289263105810e-01,4.853544026947e-01,0.000000000000e+00
47.880000,-1.700240295390e-01,3.954590330362e-01,4.304602390820e-01,4.890945496695e-01,0.000000000000e+00
47.890000,-1.724960064879e-01,3.960735622295e-01,4.320059478195e-01,4.928835868059e-01,0.000000000000e+00
47.900000,-1.750045191686e-01,3.966748365289e-01,4.335637296461e-01,4.967152521489e-01,0.000000000000e+00
47.910000,-1.775506410757e-01,3.972622210948e-01,4.351338902632e-01,5.005829313987e-01,0.000000000000e+00
47.920000,-1.801354313256e-01,3.978350725195e-01,4.367167486432e-01,5.044796763710e-01,0.000000000000e+00
47.930000,-1.827599316521e-01,3.983927402462e-01,4.383126373930e-01,5.083982255270e-01,0.000000000000e+00
47.940000,-1.854251632858e-01,3.989345680724e-01,4.399219030495e-01,5.123310265031e-01,0.000000000000e+00
47.950000,-1.881321237262e-01,3.994598957343e-01,4.415449062981e-01,5.162702605512e-01,0.000000000000e+00
47.960000,-1.908817834186e-01,3.999680605675e-01,4.431820221029e-01,5.202078687918e-01,0.000000000000e+00
47.970000,-1.936750823476e-01,4.004583992425e-01,4.448336397421e-01,5.241355801692e-01,0.000000000000e+00
47.980000,-1.965129265604e-01,4.009302495682e-01,4.465001627370e-01,5.280449409855e-01,0.000000000000e+00
47.990000,-1.993961846349e-01,4.013829523621e-01,4.481820086682e-01,5.319273458796e-01,0.000000000000e+00
48.000000,-2.023256841079e-01,4.018158533788e-01,4.498796088692e-01,5.357740701069e-01,0.000000000000e+00
48.010000,-2.053022078794e-01,4.022283052956e-01,4.515934079912e-01,5.395763029638e-01,0.000000000000e+00
48.020000,-2.083264906120e-01,4.026196697460e-01,4.533238634322e-01,5.433251821930e-01,0.000000000000e+00
48.030000,-2.113992151414e-01,4.029893193985e-01,4.550714446234e-01,5.470118291970e-01,0.000000000000e+00
48.040000,-2.145210089185e-01,4.033366400725e-01,4.568366321699e-01,5.506273848778e-01,0.000000000000e+00
48.050000,-2.176924405024e-01,4.036610328857e-01,4.586199168399e-01,5.541630459163e-01,0.000000000000e+00
48.060000,-2.209140161237e-01,4.039619164263e-01,4.604217984008e-01,5.576101012977e-01,0.000000000000e+00
48.070000,-2.241861763385e-01,4.042387289427e-01,4.622427843012e-01,5.609599688849e-01,0.000000000000e+00
48.080000,-2.275092927950e-01,4.044909305435e-01,4.640833881966e-01,5.642042318389e-01,0.000000000000e+00
48.090000,-2.308836651308e-01,4.047180054001e-01,4.659441283236e-01,5.673346746832e-01,0.000000000000e+00
48.100000,-2.343095180240e-01,4.049194639436e-01,4.678255257219e-01,5.703433188093e-01,0.000000000000e+00
48.110000,-2.377869984171e-01,4.050948450491e-01,4.697281023119e-01,5.732224572179e-01,0.000000000000e+00
48.120000,-2.413161729335e-01,4.052437181970e-01,4.716523788315e-01,5.759646882985e-01,0.000000000000e+00
48.130000,-2.448970255075e-01,4.053656856048e-01,4.735988726425e-01,5.785629484464e-01,0.000000000000e+00
48.140000,-2.485294552441e-01,4.054603843185e-01,4.755680954140e-01,5.810105433291e-01,0.000000000000e+00
48.150000,-2.522132745298e-01,4.055274882568e-01,4.775605506958e-01,5.833011776130e-01,0.000000000000e+00
48.160000,-2.559482074078e-01,4.055667101968e-01,4.795767313945e-01,5.854289829752e-01,0.000000000000e+00
48.170000,-2.597338882363e-01,4.055778036940e-01,4.816171171663e-01,5.873885442325e-01,0.000000000000e+00
48.180000,-2.635698606429e-01,4.055605649262e-01,4.836821717436e-01,5.891749234284e-01,0.000000000000e+00
48.190000,-2.674555767885e-01,4.055148344520e-01,4.857723402129e-01,5.907836817363e-01,0.000000000000e+00
48.200000,-2.713903969522e-01,4.054404988753e-01,4.878880462628e-01,5.922108990433e-01,0.000000000000e+00
48.210000,-2.753735894476e-01,4.053374924066e-01,4.900296894228e-01,5.934531911018e-01,0.000000000000e+00
48.220000,-2.794043308778e-01,4.052057983118e-01,4.921976423133e-01,5.945077241432e-01,0.000000000000e+00
48.230000,-2.834817067359e-01,4.050454502390e-01,4.943922479300e-01,5.953722268716e-01,0.000000000000e+00
48.240000,-2.876047123553e-01,4.048565334170e-01,4.966138169840e-01,5.960449997679e-01,0.000000000000e+00
48.250000,-2.917722542115e-01,4.046391857137e-01,4.988626253216e-01,5.965249216553e-01,0.000000000000e+00
48.260000,-2.959831515763e-01,4.043935985504e-01,5.011389114463e-01,5.968114534933e-01,0.000000000000e+00
48.270000,-3.002361385222e-01,4.041200176599e-01,5.034428741657e-01,5.969046393905e-01,0.000000000000e+00
48.280000,-3.045298662728e-01,4.038187436857e-01,5.057746703859e-01,5.968051048379e-01,0.000000000000e+00
48.290000,-3.088629058930e-01,4.034901326116e-01,5.081344130755e-01,5.965140521936e-01,0.000000000000e+00
48.300000,-3.132337513116e-01,4.031345960181e-01,5.105221694182e-01,5.960332534575e-01,0.000000000000e+00
48.310000,-3.176408226646e-01,4.027526011585e-01,5.129379591754e-01,5.953650404040e-01,0.000000000000e+00
48.320000,-3.220824699474e-01,4.023446708501e-01,5.153817532750e-01,5.945122921500e-01,0.000000000000e+00
48.330000,-3.265569769623e-01,4.019113831753e-01,5.178534726432e-01,5.934784202585e-01,0.000000000000e+00
48.340000,-3.310625655441e-01,4.014533709897e-01,5.203529872919e-01,5.922673514930e-01,0.000000000000e+00
48.350000,-3.355974000458e-01,4.009713212334e-01,5.228801156758e-01,5.908835083530e-01,0.000000000000e+00
48.360000,-3.401595920653e-01,4.004659740426e-01,5.254346243254e-01,5.893317875366e-01,0.000000000000e+00
48.370000,-3.447472053926e-01,3.999381216599e-01,5.280162277647e-01,5.876175364900e-01,0.000000000000e+00
48.380000,-3.493582611525e-01,3.993886071431e-01,5.306245887171e-01,5.857465282137e-01,0.000000000000e+00
48.390000,-3.539907431221e-01,3.988183228707e-01,5.332593185998e-01,5.837249345085e-01,0.000000000000e+00
48.400000,-3.586426031961e-01,3.982282088450e-01,5.359199783057e-01,5.815592978510e-01,0.000000000000e+00
48.410000,-3.633117669751e-01,3.976192507945e-01,5.386060792685e-01,5.792565020977e-01,0.000000000000e+00
48.420000,-3.679961394505e-01,3.969924780764e-01,5.413170848031e-01,5.768237422210e-01,0.000000000000e+00
48.430000,-3.726936107587e-01,3.963489613827e-01,5.440524117119e-01,5.742684932848e-01,0.000000000000e+00
48.440000,-3.774020619779e-01,3.956898102528e-01,5.468114321437e-01,5.715984788695e-01,0.000000000000e+00
48.450000,-3.821193709397e-01,3.950161703965e-01,5.495934756910e-01,5.688216391557e-01,0.000000000000e+00
48.460000,-3.868434180289e-01,3.943292208323e-01,5.523978317069e-01,5.659460988763e-01,0.000000000000e+00
48.470000,-3.915720919434e-01,3.936301708471e-01,5.552237518245e-01,5.629801353396e-01,0.000000000000e+00
48.480000,-3.963032953890e-01,3.929202567826e-01,5.580704526547e-01,5.599321467240e-01,0.000000000000e+00
48.490000,-4.010349506825e-01,3.922007386554e-01,5.609371186423e-01,5.568106208369e-01,0.000000000000e+00
48.500000,-4.057650052380e-01,3.914728966194e-01,5.638229050539e-01,5.536241045206e-01,0.000000000000e+00
48.510000,-4.104914369127e-01,3.907380272774e-01,5.667269410742e-01,5.503811738779e-01,0.000000000000e+00
48.520000,-4.152122591891e-01,3.899974398521e-01,5.696483329845e-01,5.470904054806e-01,0.000000000000e+00
48.530000,-4.199255261721e-01,3.892524522250e-01,5.725861673967e-01,5.437603487067e-01,0.000000000000e+00
48.540000,-4.246293373811e-01,3.885043868547e-01,5.755395145167e-01,5.403994993413e-01,0.000000000000e+00
48.550000,-4.293218423181e-01,3.877545665848e-01,5.785074314119e-01,5.370162745575e-01,0.000000000000e+00
48.560000,-4.340012447950e-01,3.870043103537e-01,5.814889652573e-01,5.336189893794e-01,0.000000000000e+00
48.570000,-4.386658070051e-01,3.862549288179e-01,5.844831565337e-01,5.302158347101e-01,0.000000000000e+00
48.580000,-4.433138533264e-01,3.855077199030e-01,5.874890421581e-01,5.268148569894e-01,0.000000000000e+00
48.590000,-4.479437738423e-01,3.847639642956e-01,5.905056585203e-01,5.234239395279e-01,0.000000000000e+00
48.600000,-4.525540275748e-01,3.840249208908e-01,5.935320444082e-01,5.200507855449e-01,0.000000000000e+00
48.610000,-4.571431454178e-01,3.832918222110e-01,5.965672438010e-01,5.167029029174e-01,0.000000000000e+00
48.620000,-4.617097327687e-01,3.825658698111e-01,5.996103085151e-01,5.133875906300e-01,0.000000000000e+00
48.630000,-4.662524718522e-01,3.818482296883e-01,6.026603006872e-01,5.101119268945e-01,0.000000000000e+00
48.640000,-4.707701237357e-01,3.811400277134e-01,6.057162950817e-01,5.068827588923e-01,0.000000000000e+00
48.650000,-4.752615300354e-01,3.804423451015e-01,6.087773812141e-01,5.037066940711e-01,0.000000000000e+00
48.660000,-4.797256143157e-01,3.797562139420e-01,6.118426652810e-01,5.005900929149e-01,0.000000000000e+00
48.670000,-4.841613831842e-01,3.790826128081e-01,6.149112718924e-01,4.975390630861e-01,0.000000000000e+00
48.680000,-4.885679270884e-01,3.784224624647e-01,6.179823456032e-01,4.945594548274e-01,0.000000000000e+00
48.690000,-4.929444208187e-01,3.777766216978e-01,6.210550522439e-01,4.916568574952e-01,0.000000000000e+00
48.700000,-4.972901237272e-01,3.771458832865e-01,6.241285800510e-01,4.888365970853e-01,0.000000000000e+00
48.710000,-5.016043796693e-01,3.765309701400e-01,6.272021406038e-01,4.861037346030e-01,0.000000000000e+00
48.720000,-5.058866166790e-01,3.759325316225e-01,6.302749695704e-01,4.834630651198e-01,0.000000000000e+00
48.730000,-5.101363463865e-01,3.753511400903e-01,6.333463272742e-01,4.809191173537e-01,0.000000000000e+00
48.740000,-5.143531631922e-01,3.747872876635e-01,6.364154990885e-01,4.784761536055e-01,0.000000000000e+00
48.750000,-5.185367432050e-01,3.742413832576e-01,6.394817956723e-01,4.761381698840e-01,0.000000000000e+00
48.760000,-5.226868429594e-01,3.737137498976e-01,6.425445530587e-01,4.739088960506e-01,0.000000000000e+00
48.770000,-5.268032979223e-01,3.732046223398e-01,6.456031326114e-01,4.717917958204e-01,0.000000000000e+00
48.780000,-5.308860208007e-01,3.727141450239e-01,6.486569208622e-01,4.697900664597e-01,0.000000000000e+00
48.790000,-5.349349996628e-01,3.722423703797e-01,6.517053292479e-01,4.679066380306e-01,0.000000000000e+00
48.800000,-5.389502958835e-01,3.717892575088e-01,6.547477937587e-01,4.661441720433e-01,0.000000000000e+00
48.810000,-5.429320419247e-01,3.713546712657e-01,6.577837745181e-01,4.645050593896e-01,0.000000000000e+00
48.820000,-5.468804389599e-01,3.709383817559e-01,6.608127553072e-01,4.629914174486e-01,0.000000000000e+00
48.830000,-5.507957543536e-01,3.705400642722e-01,6.638342430493e-01,4.616050862735e-01,0.000000000000e+00
48.840000,-5.546783190027e-01,3.701592996853e-01,6.668477672716e-01,4.603476237881e-01,0.000000000000e+00
48.850000,-5.585285245475e-01,3.697955753037e-01,6.698528795545e-01,4.592202999470e-01,0.000000000000e+00
48.860000,-5.623468204598e-01,3.694482862178e-01,6.728491529834e-01,4.582240898365e-01,0.000000000000e+00
48.870000,-5.661337110114e-01,3.691167371367e-01,6.758361816135e-01,4.573596657213e-01,0.000000000000e+00
48.880000,-5.698897521300e-01,3.688001447266e-01,6.788135799564e-01,4.566273880699e-01,0.000000000000e+00
48.890000,-5.736155481442e-01,3.684976404556e-01,6.817809824966e-01,4.560272956221e-01,0.000000000000e+00
48.900000,-5.773117484201e-01,3.682082739452e-01,6.847380432440e-01,4.555590945917e-01,0.000000000000e+00
48.910000,-5.809790438937e-01,3.679310168273e-01,6.876844353243e-01,4.552221471298e-01,0.000000000000e+00
48.920000,-5.846181634966e-01,3.676647670998e-01,6.906198506101e-01,4.550154592046e-01,0.000000000000e+00
48.930000,-5.882298704787e-01,3.674083539705e-01,6.935439993906e-01,4.549376680854e-01,0.000000000000e+00
48.940000,-5.918149586268e-01,3.671605431755e-01,6.964566100766e-01,4.549870296476e-01,0.000000000000e+00
48.950000,-5.953742483793e-01,3.669200427515e-01,6.993574289346e-01,4.551614057467e-01,0.000000000000e+00
48.960000,-5.989085828374e-01,3.666855092408e-01,7.022462198428e-01,4.554582519323e-01,0.000000000000e+00
48.970000,-6.024188236731e-01,3.664555542990e-01,7.051227640576e-01,4.558746058031e-01,0.000000000000e+00
48.980000,-6.059058469359e-01,3.662287516731e-01,7.079868599792e-01,4.564070763201e-01,0.000000000000e+00
48.990000,-6.093705387587e-01,3.660036445138e-01,7.108383229009e-01,4.570518344164e-01,0.000000000000e+00
49.000000,-6.128137909676e-01,3.657787529791e-01,7.136769847284e-01,4.578046052534e-01,0.000000000000e+00
49.010000,-6.162364965991e-01,3.655525820834e-01,7.165026936506e-01,4.586606624844e-01,0.000000000000e+00
49.020000,-6.196395453305e-01,3.653236297430e-01,7.193153137436e-01,4.596148248861e-01,0.000000000000e+00
49.030000,-6.230238188336e-01,3.650903949629e-01,7.221147244920e-01,4.606614557188e-01,0.000000000000e+00
49.040000,-6.263901860591e-01,3.648513861087e-01,7.249008202069e-01,4.617944651658e-01,0.000000000000e+00
49.050000,-6.297394984668e-01,3.646051292028e-01,7.276735093228e-01,4.630073161856e-01,0.000000000000e+00
49.060000,-6.330725852150e-01,3.643501761832e-01,7.304327135579e-01,4.642930340881e-01,0.000000000000e+00
49.070000,-6.363902483290e-01,3.640851130594e-01,7.331783669202e-01,4.656442201151e-01,0.000000000000e+00
49.080000,-6.396932578669e-01,3.638085679009e-01,7.359104145468e-01,4.670530692678e-01,0.000000000000e+00
49.090000,-6.429823471084e-01,3.635192185909e-01,7.386288113647e-01,4.685113925766e-01,0.000000000000e+00
49.100000,-6.462582077924e-01,3.632158002811e-01,7.413335205648e-01,4.700106439583e-01,0.000000000000e+00
49.110000,-6.495214854313e-01,3.628971124805e-01,7.440245118835e-01,4.715419517447e-01,0.000000000000e+00
49.120000,-6.527727747353e-01,3.625620257168e-01,7.467017596923e-01,4.730961549007e-01,0.000000000000e+00
49.130000,-6.560126151807e-01,3.622094877097e-01,7.493652408961e-01,4.746638438795e-01,0.000000000000e+00
49.140000,-6.592414867565e-01,3.618385289983e-01,7.520149326500e-01,4.762354059864e-01,0.000000000000e+00
49.150000,-6.624598059297e-01,3.614482679713e-01,7.546508099061e-01,4.778010750418e-01,0.000000000000e+00
49.160000,-6.656679218666e-01,3.610379152520e-01,7.572728428061e-01,4.793509850548e-01,0.000000000000e+00
49.170000,-6.688661129511e-01,3.606067773969e-01,7.598809939450e-01,4.808752275342e-01,0.000000000000e+00
49.180000,-6.720545836396e-01,3.601542598733e-01,7.624752155289e-01,4.823639119830e-01,0.000000000000e+00
49.190000,-6.752334616923e-01,3.596798692884e-01,7.650554464614e-01,4.838072290440e-01,0.000000000000e+00
49.200000,-6.784027958201e-01,3.591832148514e-01,7.676216093933e-01,4.851955156870e-01,0.000000000000e+00
49.210000,-6.815625537835e-01,3.586640090556e-01,7.701736077741e-01,4.865193217640e-01,0.000000000000e+00
49.220000,-6.847126209777e-01,3.581220675820e-01,7.727113229502e-01,4.877694771931e-01,0.000000000000e+00
49.230000,-6.878527995358e-01,3.575573084270e-01,7.752346113525e-01,4.889371589850e-01,0.000000000000e+00
49.240000,-6.909828079768e-01,3.569697502734e-01,7.777433018225e-01,4.900139572865e-01,0.000000000000e+00
49.250000,-6.941022814205e-01,3.563595101289e-01,7.802371931230e-01,4.909919395875e-01,0.000000000000e+00
49.260000,-6.972107723877e-01,3.557268002646e-01,7.827160516815e-01,4.918637122292e-01,0.000000000000e+00
49.270000,-7.003077521952e-01,3.550719244978e-01,7.851796096125e-01,4.926224783547e-01,0.000000000000e+00
49.280000,-7.033926129516e-01,3.543952738684e-01,7.876275630621e-01,4.932620914638e-01,0.000000000000e+00
49.290000,-7.064646701513e-01,3.536973217651e-01,7.900595709159e-01,4.937771037716e-01,0.000000000000e+00
49.300000,-7.095231658568e-01,3.529786185681e-01,7.924752539062e-01,4.941628086259e-01,0.000000000000e+00
49.310000,-7.125672724523e-01,3.522397858745e-01,7.948741941484e-01,4.944152763081e-01,0.000000000000e+00
49.320000,-7.155960969448e-01,3.514815103813e-01,7.972559351316e-01,4.945313826318e-01,0.000000000000e+00
49.330000,-7.186086857797e-01,3.507045375029e-01,7.996199821810e-01,4.945088298510e-01,0.000000000000e+00
49.340000,-7.216040301325e-01,3.499096648002e-01,8.019658034007e-01,4.943461595080e-01,0.000000000000e+00
49.350000,-7.245810716294e-01,3.490977353014e-01,8.042928310984e-01,4.940427569729e-01,0.000000000000e+00
49.360000,-7.275387084457e-01,3.482696307917e-01,8.066004636861e-01,4.935988475600e-01,0.000000000000e+00
49.370000,-7.304758017226e-01,3.474262651478e-01,8.088880680396e-01,4.930154842457e-01,0.000000000000e+00
49.380000,-7.333911822407e-01,3.465685777901e-01,8.111549822937e-01,4.922945271514e-01,0.000000000000e+00
49.390000,-7.362836572829e-01,3.456975273189e-01,8.134005190411e-01,4.914386150953e-01,0.000000000000e+00
49.400000,-7.391520176172e-01,3.448140853978e-01,8.156239688951e-01,4.904511296499e-01,0.000000000000e+00
49.410000,-7.419950445293e-01,3.439192309369e-01,8.178246043708e-01,4.893361522716e-01,0.000000000000e+00
49.420000,-7.448115168329e-01,3.430139446262e-01,8.200016840318e-01,4.880984151826e-01,0.000000000000e+00
49.430000,-7.476002177874e-01,3.420992038538e-01,8.221544568469e-01,4.867432467886e-01,0.000000000000e+00
49.440000,-7.503599418553e-01,3.411759780423e-01,8.242821666968e-01,4.852765125018e-01,0.000000000000e+00
49.450000,-7.530895012344e-01,3.402452244228e-01,8.263840569687e-01,4.837045519044e-01,0.000000000000e+00
49.460000,-7.557877321043e-01,3.393078842573e-01,8.284593751769e-01,4.820341132347e-01,0.000000000000e+00
49.470000,-7.584535005332e-01,3.383648795148e-01,8.305073775470e-01,4.802722862031e-01,0.000000000000e+00
49.480000,-7.610857079970e-01,3.374171099931e-01,8.325273335052e-01,4.784264341480e-01,0.000000000000e+00
49.490000,-7.636832964704e-01,3.364654508744e-01,8.345185300160e-01,4.765041265209e-01,0.000000000000e+00
49.500000,-7.662452530578e-01,3.355107506932e-01,8.364802757174e-01,4.745130726522e-01,0.000000000000e+00
49.510000,-7.687706141392e-01,3.345538296903e-01,8.384119048084e-01,4.724610576859e-01,0.000000000000e+00
49.520000,-7.712584690185e-01,3.335954785207e-01,8.403127806491e-01,4.703558814983e-01,0.000000000000e+00
49.530000,-7.737079630645e-01,3.326364572805e-01,8.421822990431e-01,4.682053013169e-01,0.000000000000e+00
49.540000,-7.761183003493e-01,3.316774948120e-01,8.440198911767e-01,4.660169786576e-01,0.000000000000e+00
49.550000,-7.784887457938e-01,3.307192882503e-01,8.458250262013e-01,4.637984310790e-01,0.000000000000e+00
49.560000,-7.808186268367e-01,3.297625027675e-01,8.475972134491e-01,4.615569891372e-01,0.000000000000e+00
49.570000,-7.831073346531e-01,3.288077714768e-01,8.493360042828e-01,4.592997588007e-01,0.000000000000e+00
49.580000,-7.853543249520e-01,3.278556954578e-01,8.510409935867e-01,4.570335894675e-01,0.000000000000e+00
49.590000,-7.875591183881e-01,3.269068438680e-01,8.527118209125e-01,4.547650476089e-01,0.000000000000e+00
49.600000,-7.897213006253e-01,3.259617541079e-01,8.543481712992e-01,4.525003959579e-01,0.000000000000e+00
49.610000,-7.918405220951e-01,3.250209320122e-01,8.559497757917e-01,4.502455780595e-01,0.000000000000e+00
49.620000,-7.939164974901e-01,3.240848520444e-01,8.575164116864e-01,4.480062079129e-01,0.000000000000e+00
49.630000,-7.959490050364e-01,3.231539574745e-01,8.590479025351e-01,4.457875643603e-01,0.000000000000e+00
49.640000,-7.979378855869e-01,3.222286605278e-01,8.605441179396e-01,4.435945898104e-01,0.000000000000e+00
49.650000,-7.998830415738e-01,3.213093424942e-01,8.620049731709e-01,4.414318928381e-01,0.000000000000e+00
49.660000,-8.017844358602e-01,3.203963537954e-01,8.634304286468e-01,4.393037541596e-01,0.000000000000e+00
49.670000,-8.036420905227e-01,3.194900140094e-01,8.648204892990e-01,4.372141354559e-01,0.000000000000e+00
49.680000,-8.054560855954e-01,3.185906118563e-01,8.661752038622e-01,4.351666905022e-01,0.000000000000e+00
49.690000,-8.072265578025e-01,3.176984051549e-01,8.674946641102e-01,4.331647780490e-01,0.000000000000e+00
49.700000,-8.089536992978e-01,3.168136207602e-01,8.687790040665e-01,4.312114759075e-01,0.000000000000e+00
49.710000,-8.106377564295e-01,3.159364544975e-01,8.700283992086e-01,4.293095956956e-01,0.000000000000e+00
49.720000,-8.122790285404e-01,3.150670711077e-01,8.712430656842e-01,4.274616977204e-01,0.000000000000e+00
49.730000,-8.138778668087e-01,3.142056042245e-01,8.724232595519e-01,4.256701054983e-01,0.000000000000e+00
49.740000,-8.154346731324e-01,3.133521564011e-01,8.735692760553e-01,4.239369194445e-01,0.000000000000e+00
49.750000,-8.169498990510e-01,3.125067992083e-01,8.746814489349e-01,4.222640293091e-01,0.000000000000e+00
49.760000,-8.184240446984e-01,3.116695734226e-01,8.757601497773e-01,4.206531249888e-01,0.000000000000e+00
49.770000,-8.198576577729e-01,3.108404893254e-01,8.768057873971e-01,4.191057054077e-01,0.000000000000e+00
49.780000,-8.212513325081e-01,3.100195271305e-01,8.778188072424e-01,4.176230852379e-01,0.000000000000e+00
49.790000,-8.226057086231e-01,3.092066375567e-01,8.787996908104e-01,4.162063993206e-01,0.000000000000e+00
49.800000,-8.239214702311e-01,3.084017425581e-01,8.797489550552e-01,4.148566047457e-01,0.000000000000e+00
49.810000,-8.251993446768e-01,3.076047362226e-01,8.806671517671e-01,4.135744806604e-01,0.000000000000e+00
49.820000,-8.264401012779e-01,3.068154858426e-01,8.815548668989e-01,4.123606259925e-01,0.000000000000e+00
49.830000,-8.276445499400e-01,3.060338331590e-01,8.824127198105e-01,4.112154553887e-01,0.000000000000e+00
49.840000,-8.288135396175e-01,3.052595957715e-01,8.832413624055e-01,4.101391937842e-01,0.000000000000e+00
49.850000,-8.299479565923e-01,3.044925687050e-01,8.840414781266e-01,4.091318701182e-01,0.000000000000e+00
49.860000,-8.310487225451e-01,3.037325261125e-01,8.848137807824e-01,4.081933107966e-01,0.000000000000e+00
49.870000,-8.321167923989e-01,3.029792230913e-01,8.855590131760e-01,4.073231335562e-01,0.000000000000e+00
49.880000,-8.331531519164e-01,3.022323975820e-01,8.862779455095e-01,4.065207424182e-01,0.000000000000e+00
49.890000,-8.341588150409e-01,3.014917723155e-01,8.869713735428e-01,4.057853244032e-01,0.000000000000e+00
49.900000,-8.351348209758e-01,3.007570567696e-01,8.876401164903e-01,4.051158486380e-01,0.000000000000e+00
49.910000,-8.360822310060e-01,3.000279490938e-01,8.882850146441e-01,4.045110683981e-01,0.000000000000e+00
49.920000,-8.370021250701e-01,2.993041379581e-01,8.889069267200e-01,4.039695265132e-01,0.000000000000e+00
49.930000,-8.378955981021e-01,2.985853042877e-01,8.895067269310e-01,4.034895644192e-01,0.000000000000e+00
49.940000,-8.387637561656e-01,2.978711228393e-01,8.900853017990e-01,4.030693349769e-01,0.000000000000e+00
49.950000,-8.396077124126e-01,2.971612635875e-01,8.906435467232e-01,4.027068190128e-01,0.000000000000e+00
49.960000,-8.404285829016e-01,2.964553928869e-01,8.911823623309e-01,4.023998453724e-01,0.000000000000e+00
49.970000,-8.412274823154e-01,2.957531743873e-01,8.917026506425e-01,4.021461141336e-01,0.000000000000e+00
49.980000,-8.420055196192e-01,2.950542696832e-01,8.922053110845e-01,4.019432225131e-01,0.000000000000e+00
49.990000,-8.427637937036e-01,2.943583386865e-01,8.926912363924e-01,4.017886929122e-01,0.000000000000e+00
50.000000,-8.435033890542e-01,2.936650397166e-01,8.931613084419e-01,4.016800025099e-01,0.000000000000e+00
50.010000,-8.442253714893e-01,2.929740293125e-01,8.936163940517e-01,4.016146138033e-01,0.000000000000e+00
50.020000,-8.449307840039e-01,2.922849617702e-01,8.940573407978e-01,4.015900055220e-01,0.000000000000e+00
50.030000,-8.456206427566e-01,2.915974884202e-01,8.944849728805e-01,4.016037033984e-01,0.000000000000e+00
50.040000,-8.462959332323e-01,2.909112566588e-01,8.949000870803e-01,4.016533103426e-01,0.000000000000e+00
50.050000,-8.469576066085e-01,2.902259087510e-01,8.953034488386e-01,4.017365356407e-01,0.000000000000e+00
50.060000,-8.476065763533e-01,2.895410804255e-01,8.956957884970e-01,4.018512228647e-01,0.000000000000e+00
50.070000,-8.482437150776e-01,2.888563992830e-01,8.960777977248e-01,4.019953762313e-01,0.000000000000e+00
50.080000,-8.488698516622e-01,2.881714830409e-01,8.964501261638e-01,4.021671851809e-01,0.000000000000e+00
50.090000,-8.494857686782e-01,2.874859376373e-01,8.968133783157e-01,4.023650469664e-01,0.000000000000e+00
50.100000,-8.500922001166e-01,2.867993552206e-01,8.971681106984e-01,4.025875870394e-01,0.000000000000e+00
50.110000,-8.506898294403e-01,2.861113120508e-01,8.975148292906e-01,4.028336770217e-01,0.000000000000e+00
50.120000,-8.512792879685e-01,2.854213663398e-01,8.978539872871e-01,4.031024500443e-01,0.000000000000e+00
50.130000,-8.518611536012e-01,2.847290560598e-01,8.981859831792e-01,4.033933132506e-01,0.000000000000e+00
50.140000,-8.524359498866e-01,2.840338967499e-01,8.985111591750e-01,4.037059572881e-01,0.000000000000e+00
50.150000,-8.530041454301e-01,2.833353793496e-01,8.988297999689e-01,4.040403626670e-01,0.000000000000e+00
50.160000,-8.535661536428e-01,2.826329680900e-01,8.991421318657e-01,4.043968029317e-01,0.000000000000e+00
50.170000,-8.541223328184e-01,2.819260984693e-01,8.994483222605e-01,4.047758446790e-01,0.000000000000e+00
50.180000,-8.546729865270e-01,2.812141753406e-01,8.997484794716e-01,4.051783445412e-01,0.000000000000e+00
50.190000,-8.552183643124e-01,2.804965711338e-01,9.000426529199e-01,4.056054433302e-01,0.000000000000e+00
50.200000,-8.557586626732e-01,2.797726242346e-01,9.003308336447e-01,4.060585575997e-01,0.000000000000e+00
50.210000,-8.562940263090e-01,2.790416375373e-01,9.006129551433e-01,4.065393689233e-01,0.000000000000e+00
50.220000,-8.568245496128e-01,2.783028771876e-01,9.008888945203e-01,4.070498111967e-01,0.000000000000e+00
50.230000,-8.573502783857e-01,2.775555715276e-01,9.011584739290e-01,4.075920562710e-01,0.000000000000e+00
50.240000,-8.578712117559e-01,2.767989102537e-01,9.014214622901e-01,4.081684982012e-01,0.000000000000e+00
50.250000,-8.583873042775e-01,2.760320437962e-01,9.016775772676e-01,4.087817363619e-01,0.000000000000e+00
50.260000,-8.588984681913e-01,2.752540829266e-01,9.019264874862e-01,4.094345576454e-01,0.000000000000e+00
50.270000,-8.594045758250e-01,2.744640985989e-01,9.021678149705e-01,4.101299179146e-01,0.000000000000e+00
50.280000,-8.599054621149e-01,2.736611220297e-01,9.024011377905e-01,4.108709228388e-01,0.000000000000e+00
50.290000,-8.604009272291e-01,2.728441450198e-01,9.026259928942e-01,4.116608081963e-01,0.000000000000e+00
50.300000,-8.608907392751e-01,2.720121205226e-01,9.028418791133e-01,4.125029196835e-01,0.000000000000e+00
50.310000,-8.613746370744e-01,2.711639634607e-01,9.030482603244e-01,4.134006922342e-01,0.000000000000e+00
50.320000,-8.618523329873e-01,2.702985517959e-01,9.032445687513e-01,4.143576288215e-01,0.000000000000e+00
50.330000,-8.623235157725e-01,2.694147278541e-01,9.034302083941e-01,4.153772786972e-01,0.000000000000e+00
50.340000,-8.627878534655e-01,2.685112999089e-01,9.036045585688e-01,4.164632150162e-01,0.000000000000e+00
50.350000,-8.632449962611e-01,2.675870440273e-01,9.037669775452e-01,4.176190118032e-01,0.000000000000e+00
50.360000,-8.636945793837e-01,2.666407061791e-01,9.039168062651e-01,4.188482202338e-01,0.000000000000e+00
50.370000,-8.641362259309e-01,2.656710046116e-01,9.040533721287e-01,4.201543442322e-01,0.000000000000e+00
50.380000,-8.645695496748e-01,2.646766324910e-01,9.041759928309e-01,4.215408154184e-01,0.000000000000e+00
50.390000,-8.649941578054e-01,2.636562608099e-01,9.042839802306e-01,4.230109674763e-01,0.000000000000e+00
50.400000,-8.654096536001e-01,2.626085415572e-01,9.043766442380e-01,4.245680100441e-01,0.000000000000e+00
50.410000,-8.658156390047e-01,2.615321111492e-01,9.044532966976e-01,4.262150022621e-01,0.000000000000e+00
50.420000,-8.662117171094e-01,2.604255941134e-01,9.045132552521e-01,4.279548261400e-01,0.000000000000e+00
50.430000,-8.665974945063e-01,2.592876070185e-01,9.045558471637e-01,4.297901599211e-01,0.000000000000e+00
50.440000,-8.669725835129e-01,2.581167626410e-01,9.045804130752e-01,4.317234516407e-01,0.000000000000e+00
50.450000,-8.673366042475e-01,2.569116743554e-01,9.045863106900e-01,4.337568930776e-01,0.000000000000e+00
50.460000,-8.676891865460e-01,2.556709607339e-01,9.045729183496e-01,4.358923943057e-01,0.000000000000e+00
50.470000,-8.680299717053e-01,2.543932503410e-01,9.045396384890e-01,4.381315590472e-01,0.000000000000e+00
50.480000,-8.683586140451e-01,2.530771867028e-01,9.044859009491e-01,4.404756610255e-01,0.000000000000e+00
50.490000,-8.686747822785e-01,2.517214334333e-01,9.044111661276e-01,4.429256215080e-01,0.000000000000e+00
50.500000,-8.689781606830e-01,2.503246794950e-01,9.043149279473e-01,4.454819882182e-01,0.000000000000e+00
50.510000,-8.692684500666e-01,2.488856445716e-01,9.041967166248e-01,4.481449157875e-01,0.000000000000e+00
50.520000,-8.695453685242e-01,2.474030845290e-01,9.040561012218e-01,4.509141479035e-01,0.000000000000e+00
50.530000,-8.698086519813e-01,2.458757969384e-01,9.038926919617e-01,4.537890013004e-01,0.000000000000e+00
50.540000,-8.700580545249e-01,2.443026266361e-01,9.037061422968e-01,4.567683517241e-01,0.000000000000e+00
50.550000,-8.702933485207e-01,2.426824712930e-01,9.034961507125e-01,4.598506219936e-01,0.000000000000e+00
50.560000,-8.705143245202e-01,2.410142869653e-01,9.032624622535e-01,4.630337722644e-01,0.000000000000e+00
50.570000,-8.707207909613e-01,2.392970936000e-01,9.030048697641e-01,4.663152925916e-01,0.000000000000e+00
50.580000,-8.709125736680e-01,2.375299804642e-01,9.027232148296e-01,4.696921978727e-01,0.000000000000e+00
50.590000,-8.710895151560e-01,2.357121114724e-01,9.024173884126e-01,4.731610252413e-01,0.000000000000e+00
50.600000,-8.712514737543e-01,2.338427303815e-01,9.020873311777e-01,4.767178339670e-01,0.000000000000e+00
50.610000,-8.713983225513e-01,2.319211658255e-01,9.017330334989e-01,4.803582079062e-01,0.000000000000e+00
50.620000,-8.715299481782e-01,2.299468361617e-01,9.013545351482e-01,4.840772605318e-01,0.000000000000e+00
50.630000,-8.716462494421e-01,2.279192541018e-01,9.009519246645e-01,4.878696425581e-01,0.000000000000e+00
50.640000,-8.717471358224e-01,2.258380310994e-01,9.005253384027e-01,4.917295521631e-01,0.000000000000e+00
50.650000,-8.718325258463e-01,2.237028814694e-01,9.000749592680e-01,4.956507477943e-01,0.000000000000e+00
50.660000,-8.719023453585e-01,2.215136262118e-01,8.996010151390e-01,4.996265635311e-01,0.000000000000e+00
50.670000,-8.719565257019e-01,2.192701965190e-01,8.991037769889e-01,5.036499269608e-01,0.000000000000e+00
50.680000,-8.719950018276e-01,2.169726369401e-01,8.985835567119e-01,5.077133795106e-01,0.000000000000e+00
50.690000,-8.720177103498e-01,2.146211081830e-01,8.980407046685e-01,5.118090991621e-01,0.000000000000e+00
50.700000,-8.720245875669e-01,2.122158895332e-01,8.974756069619e-01,5.159289254621e-01,0.000000000000e+00
50.710000,-8.720155674639e-01,2.097573808713e-01,8.968886824626e-01,5.200643867240e-01,0.000000000000e+00
50.720000,-8.719905797170e-01,2.072461042710e-01,8.962803795971e-01,5.242067293034e-01,0.000000000000e+00
50.730000,-8.719495477175e-01,2.046827051641e-01,8.956511729228e-01,5.283469488160e-01,0.000000000000e+00
50.740000,-8.718923866337e-01,2.020679530590e-01,8.950015595089e-01,5.324758231493e-01,0.000000000000e+00
50.750000,-8.718190015282e-01,1.994027418008e-01,8.943320551469e-01,5.365839471104e-01,0.000000000000e+00
50.760000,-8.717292855479e-01,1.966880893645e-01,8.936431904175e-01,5.406617685366e-01,0.000000000000e+00
50.770000,-8.716231182033e-01,1.939251371752e-01,8.929355066380e-01,5.446996256837e-01,0.000000000000e+00
50.780000,-8.715003637536e-01,1.911151489490e-01,8.922095517200e-01,5.486877856982e-01,0.000000000000e+00
50.790000,-8.713608697103e-01,1.882595090543e-01,8.914658759659e-01,5.526164839680e-01,0.000000000000e+00
50.800000,-8.712044654765e-01,1.853597203915e-01,8.907050278346e-01,5.564759641380e-01,0.000000000000e+00
50.810000,-8.710309611311e-01,1.824174017947e-01,8.899275497065e-01,5.602565185709e-01,0.000000000000e+00
50.820000,-8.708401463721e-01,1.794342849604e-01,8.891339736804e-01,5.639485290271e-01,0.000000000000e+00
50.830000,-8.706317896269e-01,1.764122109088e-01,8.883248174326e-01,5.675425073330e-01,0.000000000000e+00
50.840000,-8.704056373406e-01,1.733531259885e-01,8.875005801712e-01,5.710291358060e-01,0.000000000000e+00
50.850000,-8.701614134470e-01,1.702590774361e-01,8.866617387152e-01,5.743993072030e-01,0.000000000000e+00
50.860000,-8.698988190306e-01,1.671322085037e-01,8.858087437309e-01,5.776441639598e-01,0.000000000000e+00
50.870000,-8.696175321808e-01,1.639747531725e-01,8.849420161537e-01,5.807551364920e-01,0.000000000000e+00
50.880000,-8.693172080441e-01,1.607890304690e-01,8.840619438256e-01,5.837239803331e-01,0.000000000000e+00
50.890000,-8.689974790723e-01,1.575774384053e-01,8.831688783740e-01,5.865428118911e-01,0.000000000000e+00
50.900000,-8.686579554680e-01,1.543424475661e-01,8.822631323582e-01,5.892041426136e-01,0.000000000000e+00
50.910000,-8.682982258235e-01,1.510865943661e-01,8.813449767063e-01,5.917009113608e-01,0.000000000000e+00
50.920000,-8.679178579515e-01,1.478124740044e-01,8.804146384644e-01,5.940265147977e-01,0.000000000000e+00
50.930000,-8.675163998990e-01,1.445227331441e-01,8.794722988754e-01,5.961748356304e-01,0.000000000000e+00
50.940000,-8.670933811412e-01,1.412200623442e-01,8.785180918043e-01,5.981402685239e-01,0.000000000000e+00
50.950000,-8.666483139442e-01,1.379071882777e-01,8.775521025222e-01,5.999177435577e-01,0.000000000000e+00
50.960000,-8.661806948884e-01,1.345868657642e-01,8.765743668586e-01,6.015027470890e-01,0.000000000000e+00
50.970000,-8.656900065413e-01,1.312618696518e-01,8.755848707293e-01,6.028913399159e-01,0.000000000000e+00
50.980000,-8.651757192688e-01,1.279349865814e-01,8.745835500418e-01,6.040801726459e-01,0.000000000000e+00
50.990000,-8.646372931694e-01,1.246090066665e-01,8.735702909794e-01,6.050664982007e-01,0.000000000000e+00
51.000000,-8.640741801213e-01,1.212867151247e-01,8.725449306586e-01,6.058481814042e-01,0.000000000000e+00
51.010000,-8.634858259236e-01,1.179708838937e-01,8.715072581554e-01,6.064237056224e-01,0.000000000000e+00
51.020000,-8.628716725193e-01,1.146642632690e-01,8.704570158872e-01,6.067921764441e-01,0.000000000000e+00
51.030000,-8.622311602828e-01,1.113695735960e-01,8.693939013391e-01,6.069533224126e-01,0.000000000000e+00
51.040000,-8.615637303554e-01,1.080894970521e-01,8.683175691168e-01,6.069074928356e-01,0.000000000000e+00
51.050000,-8.608688270132e-01,1.048266695527e-01,8.672276333077e-01,6.066556527248e-01,0.000000000000e+00
51.060000,-8.601459000491e-01,1.015836728133e-01,8.661236701266e-01,6.061993749301e-01,0.000000000000e+00
51.070000,-8.593944071540e-01,9.836302660240e-02,8.650052208224e-01,6.055408295561e-01,0.000000000000e+00
51.080000,-8.586138162785e-01,9.516718121386e-02,8.638717948194e-01,6.046827707614e-01,0.000000000000e+00
51.090000,-8.578036079600e-01,9.199851019127e-02,8.627228730633e-01,6.036285210611e-01,0.000000000000e+00
51.100000,-8.569632775990e-01,8.885930333203e-02,8.615579115427e-01,6.023819532629e-01,0.000000000000e+00
51.110000,-8.560923376680e-01,8.575175999916e-02,8.603763449542e-01,6.009474701856e-01,0.000000000000e+00
51.120000,-8.551903198391e-01,8.267798276649e-02,8.591775904788e-01,5.993299823146e-01,0.000000000000e+00
51.130000,-8.542567770155e-01,7.963997142167e-02,8.579610516363e-01,5.975348835647e-01,0.000000000000e+00
51.140000,-8.532912852524e-01,7.663961734927e-02,8.567261221856e-01,5.955680253246e-01,0.000000000000e+00
51.150000,-8.522934455570e-01,7.367869831457e-02,8.554721900359e-01,5.934356889682e-01,0.000000000000e+00
51.160000,-8.512628855528e-01,7.075887366652e-02,8.541986411381e-01,5.911445570187e-01,0.000000000000e+00
51.170000,-8.501992609997e-01,6.788167997651e-02,8.529048633235e-01,5.887016831599e-01,0.000000000000e+00
51.180000,-8.491022571596e-01,6.504852712727e-02,8.515902500586e-01,5.861144612870e-01,0.000000000000e+00
51.190000,-8.479715899986e-01,6.226069486429e-02,8.502542040883e-01,5.833905937927e-01,0.000000000000e+00
51.200000,-8.468070072194e-01,5.951932981989e-02,8.488961409372e-01,5.805380592805e-01,0.000000000000e+00
51.210000,-8.456082891162e-01,5.682544301803e-02,8.475154922456e-01,5.775650798977e-01,0.000000000000e+00
51.220000,-8.443752492493e-01,5.417990786562e-02,8.461117089139e-01,5.744800884736e-01,0.000000000000e+00
51.230000,-8.431077349343e-01,5.158345863414e-02,8.446842640363e-01,5.712916956447e-01,0.000000000000e+00
51.240000,-8.418056275440e-01,4.903668943328e-02,8.432326556030e-01,5.680086571438e-01,0.000000000000e+00
51.250000,-8.404688426224e-01,4.654005367587e-02,8.417564089540e-01,5.646398414179e-01,0.000000000000e+00
51.260000,-8.390973298102e-01,4.409386403203e-02,8.402550789730e-01,5.611941977373e-01,0.000000000000e+00
51.270000,-8.376910725838e-01,4.169829286774e-02,8.387282520070e-01,5.576807249435e-01,0.000000000000e+00
51.280000,-8.362500878107e-01,3.935337316174e-02,8.371755475064e-01,5.541084409771e-01,0.000000000000e+00
51.290000,-8.347744251243e-01,3.705899989254e-02,8.355966193772e-01,5.504863533148e-01,0.000000000000e+00
51.300000,-8.332641661243e-01,3.481493188565e-02,8.339911570448e-01,5.468234304329e-01,0.000000000000e+00
51.310000,-8.317194234078e-01,3.262079410943e-02,8.323588862277e-01,5.431285744048e-01,0.000000000000e+00
51.320000,-8.301403394391e-01,3.047608040664e-02,8.306995694239e-01,5.394105947247e-01,0.000000000000e+00
51.330000,-8.285270852661e-01,2.838015664692e-02,8.290130061168e-01,5.356781834428e-01,0.000000000000e+00
51.340000,-8.268798590920e-01,2.633226428449e-02,8.272990327049e-01,5.319398916794e-01,0.000000000000e+00
51.350000,-8.251988847143e-01,2.433152430374e-02,8.255575221683e-01,5.282041075759e-01,0.000000000000e+00
51.360000,-8.234844098388e-01,2.237694153458e-02,8.237883834821e-01,5.244790357300e-01,0.000000000000e+00
51.370000,-8.217367042843e-01,2.046740931807e-02,8.219915607913e-01,5.207726781459e-01,0.000000000000e+00
51.380000,-8.199560580865e-01,1.860171450210e-02,8.201670323630e-01,5.170928167225e-01,0.000000000000e+00
51.390000,-8.181427795171e-01,1.677854274615e-02,8.183148093324e-01,5.134469972893e-01,0.000000000000e+00
51.400000,-8.162971930303e-01,1.499648411313e-02,8.164349342629e-01,5.098425151880e-01,0.000000000000e+00
51.410000,-8.144196371506e-01,1.325403892610e-02,8.145274795391e-01,5.062864023885e-01,0.000000000000e+00
51.420000,-8.125104623171e-01,1.154962386685e-02,8.125925456133e-01,5.027854161164e-01,0.000000000000e+00
51.430000,-8.105700286986e-01,9.881578292999e-03,8.106302591280e-01,4.993460289593e-01,0.000000000000e+00
51.440000,-8.085987039944e-01,8.248170750179e-03,8.086407709373e-01,4.959744204108e-01,0.000000000000e+00
51.450000,-8.065968612360e-01,6.647605655245e-03,8.066242540469e-01,4.926764698015e-01,0.000000000000e+00
51.460000,-8.045648766053e-01,5.078030126749e-03,8.045809014990e-01,4.894577505586e-01,0.000000000000e+00
51.470000,-8.025031272833e-01,3.537540938606e-03,8.025109242218e-01,4.863235257282e-01,0.000000000000e+00
51.480000,-8.004119893456e-01,2.024191573046e-03,8.004145488681e-01,4.832787446871e-01,0.000000000000e+00
51.490000,-7.982918357186e-01,5.359993490310e-04,7.982920156623e-01,4.803280409670e-01,0.000000000000e+00
51.500000,-7.961430342114e-01,-9.290473974765e-04,7.961435762803e-01,4.774757311049e-01,0.000000000000e+00
51.510000,-7.939659456374e-01,-2.372982104755e-03,7.939694917791e-01,4.747258144327e-01,0.000000000000e+00
51.520000,-7.917609220390e-01,-3.797852771103e-03,7.917700305984e-01,4.720819737137e-01,0.000000000000e+00
51.530000,-7.895283050291e-01,-5.205714757817e-03,7.895454666505e-01,4.695475765299e-01,0.000000000000e+00
51.540000,-7.872684242611e-01,-6.598623631574e-03,7.872960775162e-01,4.671256773242e-01,0.000000000000e+00
51.550000,-7.849815960401e-01,-7.978628067981e-03,7.850221427626e-01,4.648190199978e-01,0.000000000000e+00
51.560000,-7.826681220855e-01,-9.347762837476e-03,7.827239423953e-01,4.626300409651e-01,0.000000000000e+00
51.570000,-7.803282884553e-01,-1.070804189427e-02,7.804017554599e-01,4.605608725668e-01,0.000000000000e+00
51.580000,-7.779623646419e-01,-1.206145158834e-02,7.780558588004e-01,4.586133467461e-01,0.000000000000e+00
51.590000,-7.755706028458e-01,-1.340994402000e-02,7.756865259866e-01,4.567889988915e-01,0.000000000000e+00
51.600000,-7.731532374366e-01,-1.475543055567e-02,7.732940264153e-01,4.550890717579e-01,0.000000000000e+00
51.610000,-7.707104846050e-01,-1.609977552314e-02,7.708786245915e-01,4.535145193765e-01,0.000000000000e+00
51.620000,-7.682425422114e-01,-1.744479010361e-02,7.684405795930e-01,4.520660108753e-01,0.000000000000e+00
51.630000,-7.657495898343e-01,-1.879222643724e-02,7.659801447204e-01,4.507439341318e-01,0.000000000000e+00
51.640000,-7.632317890205e-01,-2.014377195830e-02,7.634975673309e-01,4.495483991933e-01,0.000000000000e+00
51.650000,-7.606892837375e-01,-2.150104397495e-02,7.609930888550e-01,4.484792414026e-01,0.000000000000e+00
51.660000,-7.581222010271e-01,-2.286558450843e-02,7.584669449917e-01,4.475360241793e-01,0.000000000000e+00
51.670000,-7.555306518584e-01,-2.423885540523e-02,7.559193660761e-01,4.467180414171e-01,0.000000000000e+00
51.680000,-7.529147321762e-01,-2.562223373535e-02,7.533505776128e-01,4.460243194654e-01,0.000000000000e+00
51.690000,-7.502745241387e-01,-2.701700748891e-02,7.507608009648e-01,4.454536186789e-01,0.000000000000e+00
51.700000,-7.476100975395e-01,-2.842437158249e-02,7.481502541888e-01,4.450044345285e-01,0.000000000000e+00
51.710000,-7.449215114032e-01,-2.984542418614e-02,7.455191530042e-01,4.446749982814e-01,0.000000000000e+00
51.720000,-7.422088157478e-01,-3.128116338081e-02,7.428677118816e-01,4.444632772723e-01,0.000000000000e+00
51.730000,-7.394720534994e-01,-3.273248415557e-02,7.401961452383e-01,4.443669747995e-01,0.000000000000e+00
51.740000,-7.367112625494e-01,-3.420017575288e-02,7.375046687233e-01,4.443835296985e-01,0.000000000000e+00
51.750000,-7.339264779389e-01,-3.568491936963e-02,7.347935005770e-01,4.445101156559e-01,0.000000000000e+00
51.760000,-7.311177341550e-01,-3.718728622070e-02,7.320628630469e-01,4.447436403447e-01,0.000000000000e+00
51.770000,-7.282850675230e-01,-3.870773597123e-02,7.293129838423e-01,4.450807444759e-01,0.000000000000e+00
51.780000,-7.254285186770e-01,-4.024661554246e-02,7.265440976104e-01,4.455178008749e-01,0.000000000000e+00
51.790000,-7.225481350903e-01,-4.180415829587e-02,7.237564474140e-01,4.460509137071e-01,0.000000000000e+00
51.800000,-7.196439736455e-01,-4.338048359890e-02,7.209502861929e-01,4.466759179889e-01,0.000000000000e+00
51.810000,-7.167161032254e-01,-4.497559677480e-02,7.181258781912e-01,4.473883795328e-01,0.000000000000e+00
51.820000,-7.137646073030e-01,-4.658938943852e-02,7.152835003316e-01,4.481835954879e-01,0.000000000000e+00
51.830000,-7.107895865100e-01,-4.822164021918e-02,7.124234435197e-01,4.490565956443e-01,0.000000000000e+00
51.840000,-7.077911611616e-01,-4.987201586903e-02,7.095460138605e-01,4.500021446796e-01,0.000000000000e+00
51.850000,-7.047694737170e-01,-5.154007275747e-02,7.066515337726e-01,4.510147455310e-01,0.000000000000e+00
51.860000,-7.017246911532e-01,-5.322525874805e-02,7.037403429837e-01,4.520886440793e-01,0.000000000000e+00
51.870000,-6.986570072318e-01,-5.492691545474e-02,7.008127993947e-01,4.532178353311e-01,0.000000000000e+00
51.880000,-6.955666446371e-01,-5.664428087312e-02,6.978692797991e-01,4.543960712872e-01,0.000000000000e+00
51.890000,-6.924538569665e-01,-5.837649238046e-02,6.949101804481e-01,4.556168706736e-01,0.000000000000e+00
51.900000,-6.893189305532e-01,-6.012259009780e-02,6.919359174513e-01,4.568735307091e-01,0.000000000000e+00
51.910000,-6.861621861035e-01,-6.188152060551e-02,6.889469270058e-01,4.581591410656e-01,0.000000000000e+00
51.920000,-6.829839801316e-01,-6.365214100251e-02,6.859436654497e-01,4.594666001669e-01,0.000000000000e+00
51.930000,-6.797847061774e-01,-6.543322329814e-02,6.829266091345e-01,4.607886339463e-01,0.000000000000e+00
51.940000,-6.765647957920e-01,-6.722345912371e-02,6.798962541164e-01,4.621178171635e-01,0.000000000000e+00
51.950000,-6.733247192803e-01,-6.902146474973e-02,6.768531156684e-01,4.634465973526e-01,0.000000000000e+00
51.960000,-6.700649861906e-01,-7.082578639297e-02,6.737977276132e-01,4.647673214414e-01,0.000000000000e+00
51.970000,-6.667861455423e-01,-7.263490579589e-02,6.707306414852e-01,4.660722650471e-01,0.000000000000e+00
51.980000,-6.634887857874e-01,-7.444724605953e-02,6.676524255265e-01,4.673536644165e-01,0.000000000000e+00
51.990000,-6.601735345012e-01,-7.626117770918e-02,6.645636635277e-01,4.686037509367e-01,0.000000000000e+00
52.000000,-6.568410578022e-01,-7.807502497056e-02,6.614649535228e-01,4.698147880979e-01,0.000000000000e+00
52.010000,-6.534920595023e-01,-7.988707223266e-02,6.583569063528e-01,4.709791107466e-01,0.000000000000e+00
52.020000,-6.501272799904e-01,-8.169557067173e-02,6.552401441114e-01,4.720891664170e-01,0.000000000000e+00
52.030000,-6.467474948573e-01,-8.349874500945e-02,6.521152984882e-01,4.731375584836e-01,0.000000000000e+00
52.040000,-6.433535132691e-01,-8.529480037694e-02,6.489830090280e-01,4.741170908286e-01,0.000000000000e+00
52.050000,-6.399461761006e-01,-8.708192925472e-02,6.458439213220e-01,4.750208136708e-01,0.000000000000e+00
52.060000,-6.365263538430e-01,-8.885831845766e-02,6.426986851518e-01,4.758420701589e-01,0.000000000000e+00
52.070000,-6.330949442988e-01,-9.062215613286e-02,6.395479526031e-01,4.765745432885e-01,0.000000000000e+00
52.080000,-6.296528700833e-01,-9.237163873741e-02,6.363923761699e-01,4.772123026652e-01,0.000000000000e+00
52.090000,-6.262010759515e-01,-9.410497796238e-02,6.332326068675e-01,4.777498506020e-01,0.000000000000e+00
52.100000,-6.227405259689e-01,-9.582040756867e-02,6.300692923724e-01,4.781821670101e-01,0.000000000000e+00
52.110000,-6.192722005506e-01,-9.751619010042e-02,6.269030752090e-01,4.785047525247e-01,0.000000000000e+00
52.120000,-6.157970933894e-01,-9.919062344134e-02,6.237345909965e-01,4.787136692894e-01,0.000000000000e+00
52.130000,-6.123162082982e-01,-1.008420471798e-01,6.205644667753e-01,4.788055788223e-01,0.000000000000e+00
52.140000,-6.088305559889e-01,-1.024688487489e-01,6.173933194242e-01,4.787777763873e-01,0.000000000000e+00
52.150000,-6.053411508140e-01,-1.040694693092e-01,6.142217541825e-01,4.786282213104e-01,0.000000000000e+00
52.160000,-6.018490074934e-01,-1.056424093419e-01,6.110503632863e-01,4.783555627034e-01,0.000000000000e+00
52.170000,-5.983551378514e-01,-1.071862339229e-01,6.078797247283e-01,4.779591600913e-01,0.000000000000e+00
52.180000,-5.948605475865e-01,-1.086995776494e-01,6.047104011476e-01,4.774390984854e-01,0.000000000000e+00
52.190000,-5.913662330964e-01,-1.101811491927e-01,6.015429388531e-01,4.767961974965e-01,0.000000000000e+00
52.200000,-5.878731783790e-01,-1.116297354542e-01,5.983778669829e-01,4.760320141494e-01,0.000000000000e+00
52.210000,-5.843823520299e-01,-1.130442053034e-01,5.952156967996e-01,4.751488391290e-01,0.000000000000e+00
52.220000,-5.808947043539e-01,-1.144235128794e-01,5.920569211200e-01,4.741496862745e-01,0.000000000000e+00
52.230000,-5.774111646071e-01,-1.157667004430e-01,5.889020138737e-01,4.730382752220e-01,0.000000000000e+00
52.240000,-5.739326383848e-01,-1.170729007658e-01,5.857514297867e-01,4.718190071924e-01,0.000000000000e+00
52.250000,-5.704600051666e-01,-1.183413390509e-01,5.826056041809e-01,4.704969340184e-01,0.000000000000e+00
52.260000,-5.669941160306e-01,-1.195713343801e-01,5.794649528822e-01,4.690777206061e-01,0.000000000000e+00
52.270000,-5.635357915453e-01,-1.207623006875e-01,5.763298722259e-01,4.675676011266e-01,0.000000000000e+00
52.280000,-5.600858198441e-01,-1.219137472637e-01,5.732007391502e-01,4.659733293355e-01,0.000000000000e+00
52.290000,-5.566449548900e-01,-1.230252787970e-01,5.700779113662e-01,4.643021235120e-01,0.000000000000e+00
52.300000,-5.532139149303e-01,-1.240965949645e-01,5.669617275921e-01,4.625616066041e-01,0.000000000000e+00
52.310000,-5.497933811439e-01,-1.251274895849e-01,5.638525078417e-01,4.607597422499e-01,0.000000000000e+00
52.320000,-5.463839964809e-01,-1.261178493533e-01,5.607505537545e-01,4.589047674194e-01,0.000000000000e+00
52.330000,-5.429863646912e-01,-1.270676521779e-01,5.576561489579e-01,4.570051224871e-01,0.000000000000e+00
52.340000,-5.396010495391e-01,-1.279769651418e-01,5.545695594519e-01,4.550693795970e-01,0.000000000000e+00
52.350000,-5.362285742001e-01,-1.288459421169e-01,5.514910340057e-01,4.531061702201e-01,0.000000000000e+00
52.360000,-5.328694208330e-01,-1.296748210572e-01,5.484208045608e-01,4.511241128267e-01,0.000000000000e+00
52.370000,-5.295240303224e-01,-1.304639210013e-01,5.453590866318e-01,4.491317416015e-01,0.000000000000e+00
52.380000,-5.261928021838e-01,-1.312136388160e-01,5.423060797016e-01,4.471374371225e-01,0.000000000000e+00
52.390000,-5.228760946237e-01,-1.319244457103e-01,5.392619676047e-01,4.451493598945e-01,0.000000000000e+00
52.400000,-5.195742247482e-01,-1.325968835547e-01,5.362269188982e-01,4.431753875871e-01,0.000000000000e+00
52.410000,-5.162874689107e-01,-1.332315610350e-01,5.332010872176e-01,4.412230567651e-01,0.000000000000e+00
52.420000,-5.130160631921e-01,-1.338291496730e-01,5.301846116168e-01,4.392995098275e-01,0.000000000000e+00
52.430000,-5.097602040032e-01,-1.343903797447e-01,5.271776168933e-01,4.374114477804e-01,0.000000000000e+00
52.440000,-5.065200488041e-01,-1.349160361239e-01,5.241802138996e-01,4.355650893680e-01,0.000000000000e+00
52.450000,-5.032957169295e-01,-1.354069540789e-01,5.211924998429e-01,4.337661369784e-01,0.000000000000e+00
52.460000,-5.000872905129e-01,-1.358640150485e-01,5.182145585736e-01,4.320197496173e-01,0.000000000000e+00
52.470000,-4.968948155015e-01,-1.362881424190e-01,5.152464608673e-01,4.303305231238e-01,0.000000000000e+00
52.480000,-4.937183027515e-01,-1.366802973249e-01,5.122882646993e-01,4.287024776724e-01,0.000000000000e+00
52.490000,-4.905577291974e-01,-1.370414744909e-01,5.093400155162e-01,4.271390524806e-01,0.000000000000e+00
52.500000,-4.874130390834e-01,-1.373726981322e-01,5.064017465023e-01,4.256431075205e-01,0.000000000000e+00
52.510000,-4.842841452483e-01,-1.376750179264e-01,5.034734788446e-01,4.242169319113e-01,0.000000000000e+00
52.520000,-4.811709304547e-01,-1.379495050709e-01,5.005552219925e-01,4.228622585685e-01,0.000000000000e+00
52.530000,-4.780732487497e-01,-1.381972484333e-01,4.976469739128e-01,4.215802845831e-01,0.000000000000e+00
52.540000,-4.749909268468e-01,-1.384193508052e-01,4.947487213365e-01,4.203716967259e-01,0.000000000000e+00
52.550000,-4.719237655182e-01,-1.386169252651e-01,4.918604399937e-01,4.192367014020e-01,0.000000000000e+00
52.560000,-4.688715409831e-01,-1.387910916566e-01,4.889820948328e-01,4.181750583322e-01,0.000000000000e+00
52.570000,-4.658340062808e-01,-1.389429731862e-01,4.861136402175e-01,4.171861172059e-01,0.000000000000e+00
52.580000,-4.628108926153e-01,-1.390736931466e-01,4.832550200969e-01,4.162688565348e-01,0.000000000000e+00
52.590000,-4.598019106577e-01,-1.391843717666e-01,4.804061681416e-01,4.154219239431e-01,0.000000000000e+00
52.600000,-4.568067517944e-01,-1.392761231961e-01,4.775670078402e-01,4.146436771515e-01,0.000000000000e+00
52.610000,-4.538250893084e-01,-1.393500526267e-01,4.747374525492e-01,4.139322249508e-01,0.000000000000e+00
52.620000,-4.508565794813e-01,-1.394072535566e-01,4.719174054914e-01,4.132854675133e-01,0.000000000000e+00
52.630000,-4.479008626056e-01,-1.394488052032e-01,4.691067596991e-01,4.127011354591e-01,0.000000000000e+00
52.640000,-4.449575638986e-01,-1.394757700721e-01,4.663053978969e-01,4.121768271648e-01,0.000000000000e+00
52.650000,-4.420262943090e-01,-1.394891916898e-01,4.635131923245e-01,4.117100438920e-01,0.000000000000e+00
52.660000,-4.391066512113e-01,-1.394900925075e-01,4.607300044991e-01,4.112982223938e-01,0.000000000000e+00
52.670000,-4.361982189840e-01,-1.394794719875e-01,4.579556849202e-01,4.109387647525e-01,0.000000000000e+00
52.680000,-4.333005694720e-01,-1.394583048798e-01,4.551900727220e-01,4.106290652839e-01,0.000000000000e+00
52.690000,-4.304132623337e-01,-1.394275397000e-01,4.524329952817e-01,4.103665344328e-01,0.000000000000e+00
52.700000,-4.275358452787e-01,-1.393880974177e-01,4.496842677923e-01,4.101486196578e-01,0.000000000000e+00
52.710000,-4.246678542033e-01,-1.393408703649e-01,4.469436928156e-01,4.099728233771e-01,0.000000000000e+00
52.720000,-4.218088132358e-01,-1.392867213728e-01,4.442110598287e-01,4.098367181062e-01,0.000000000000e+00
52.730000,-4.189582347038e-01,-1.392264831425e-01,4.414861447819e-01,4.097379589711e-01,0.000000000000e+00
52.740000,-4.161156190409e-01,-1.391609578569e-01,4.387687096882e-01,4.096742938224e-01,0.000000000000e+00
52.750000,-4.132804546514e-01,-1.390909170338e-01,4.360585022656e-01,4.096435712077e-01,0.000000000000e+00
52.760000,-4.104522177526e-01,-1.390171016220e-01,4.333552556522e-01,4.096437464844e-01,0.000000000000e+00
52.770000,-4.076303722188e-01,-1.389402223367e-01,4.306586882187e-01,4.096728863691e-01,0.000000000000e+00
52.780000,-4.048143694472e-01,-1.388609602283e-01,4.279685034982e-01,4.097291722329e-01,0.000000000000e+00
52.790000,-4.020036482714e-01,-1.387799674736e-01,4.252843902561e-01,4.098109024516e-01,0.000000000000e+00
52.800000,-3.991976349439e-01,-1.386978683789e-01,4.226060227181e-01,4.099164941242e-01,0.000000000000e+00
52.810000,-3.963957432094e-01,-1.386152605754e-01,4.199330609739e-01,4.100444844679e-01,0.000000000000e+00
52.820000,-3.935973744901e-01,-1.385327163899e-01,4.172651515713e-01,4.101935321908e-01,0.000000000000e+00
52.830000,-3.908019181986e-01,-1.384507843662e-01,4.146019283111e-01,4.103624191363e-01,0.000000000000e+00
52.840000,-3.880087521950e-01,-1.383699909134e-01,4.119430132498e-01,4.105500524768e-01,0.000000000000e+00
52.850000,-3.852172433984e-01,-1.382908420526e-01,4.092880179129e-01,4.107554677185e-01,0.000000000000e+00
52.860000,-3.824267485591e-01,-1.382138252355e-01,4.066365447174e-01,4.109778327516e-01,0.000000000000e+00
52.870000,-3.796366151970e-01,-1.381394112032e-01,4.039881885969e-01,4.112164531483e-01,0.000000000000e+00
52.880000,-3.768461827010e-01,-1.380680558592e-01,4.013425388182e-01,4.114707788678e-01,0.000000000000e+00
52.890000,-3.740547835871e-01,-1.380002021245e-01,3.986991809758e-01,4.117404124694e-01,0.000000000000e+00
52.900000,-3.712617449023e-01,-1.379362817517e-01,3.960576991442e-01,4.120251188744e-01,0.000000000000e+00
52.910000,-3.684663897612e-01,-1.378767170718e-01,3.934176781668e-01,4.123248366321e-01,0.000000000000e+00
52.920000,-3.656680389967e-01,-1.378219226512e-01,3.907787060562e-01,4.126396905614e-01,0.000000000000e+00
52.930000,-3.628660129050e-01,-1.377723068440e-01,3.881403764808e-01,4.129700055412e-01,0.000000000000e+00
52.940000,-3.600596330604e-01,-1.377282732216e-01,3.855022913086e-01,4.133163211206e-01,0.000000000000e+00
52.950000,-3.572482241763e-01,-1.376902218728e-01,3.828640631824e-01,4.136794065262e-01,0.000000000000e+00
52.960000,-3.544311159868e-01,-1.376585505662e-01,3.802253180992e-01,4.140602755460e-01,0.000000000000e+00
52.970000,-3.516076451233e-01,-1.376336557740e-01,3.775856979691e-01,4.144602006978e-01,0.000000000000e+00
52.980000,-3.487771569642e-01,-1.376159335598e-01,3.749448631327e-01,4.148807260311e-01,0.000000000000e+00
52.990000,-3.459390074338e-01,-1.376057803343e-01,3.723024948153e-01,4.153236778832e-01,0.000000000000e+00
53.000000,-3.430925647321e-01,-1.376035934868e-01,3.696582975059e-01,4.157911729121e-01,0.000000000000e+00
53.010000,-3.402372109795e-01,-1.376097719040e-01,3.670120012460e-01,4.162856227673e-01,0.000000000000e+00
53.020000,-3.373723437633e-01,-1.376247163837e-01,3.643633638225e-01,4.168097348284e-01,0.000000000000e+00
53.030000,-3.344973775762e-01,-1.376488299567e-01,3.617121728582e-01,4.173665085483e-01,0.000000000000e+00
53.040000,-3.316117451414e-01,-1.376825181248e-01,3.590582477996e-01,4.179592270680e-01,0.000000000000e+00
53.050000,-3.287148986208e-01,-1.377261890256e-01,3.564014418024e-01,4.185914439217e-01,0.000000000000e+00
53.060000,-3.258063107037e-01,-1.377802535279e-01,3.537416435148e-01,4.192669648121e-01,0.000000000000e+00
53.070000,-3.228854755787e-01,-1.378451252650e-01,3.510787787649e-01,4.199898245987e-01,0.000000000000e+00
53.080000,-3.199519097878e-01,-1.379212206054e-01,3.484128121498e-01,4.207642597908e-01,0.000000000000e+00
53.090000,-3.170051529641e-01,-1.380089585623e-01,3.457437485324e-01,4.215946769686e-01,0.000000000000e+00
53.100000,-3.140447684534e-01,-1.381087606403e-01,3.430716344418e-01,4.224856176555e-01,0.000000000000e+00
53.110000,-3.110703438187e-01,-1.382210506159e-01,3.403965593786e-01,4.234417202339e-01,0.000000000000e+00
53.120000,-3.080814912224e-01,-1.383462542507e-01,3.377186570195e-01,4.244676795313e-01,0.000000000000e+00
53.130000,-3.050778476859e-01,-1.384847989357e-01,3.350381063176e-01,4.255682047030e-01,0.000000000000e+00
53.140000,-3.020590752164e-01,-1.386371132654e-01,3.323551324941e-01,4.267479760138e-01,0.000000000000e+00
53.150000,-2.990248607989e-01,-1.388036265473e-01,3.296700079147e-01,4.280116010766e-01,0.000000000000e+00
53.160000,-2.959749162439e-01,-1.389847682494e-01,3.269830528498e-01,4.293635710551e-01,0.000000000000e+00
53.170000,-2.929089778897e-01,-1.391809673963e-01,3.242946361163e-01,4.308082172803e-01,0.000000000000e+00
53.180000,-2.898268061534e-01,-1.393926519231e-01,3.216051756039e-01,4.323496686952e-01,0.000000000000e+00
53.190000,-2.867281849334e-01,-1.396202480020e-01,3.189151386926e-01,4.339918105054e-01,0.000000000000e+00
53.200000,-2.836129208659e-01,-1.398641793541e-01,3.162250425702e-01,4.357382444042e-01,0.000000000000e+00
53.210000,-2.804808424435e-01,-1.401248665619e-01,3.135354544653e-01,4.375922507381e-01,0.000000000000e+00
53.220000,-2.773317990052e-01,-1.404027263973e-01,3.108469918131e-01,4.395567529826e-01,0.000000000000e+00
53.230000,-2.741656596145e-01,-1.406981711764e-01,3.081603223717e-01,4.416342848998e-01,0.000000000000e+00
53.240000,-2.709823118385e-01,-1.410116081534e-01,3.054761643129e-01,4.438269607301e-01,0.000000000000e+00
53.250000,-2.677816604490e-01,-1.413434389614e-01,3.027952863079e-01,4.461364487366e-01,0.000000000000e+00
53.260000,-2.645636260634e-01,-1.416940591068e-01,3.001185076299e-01,4.485639483437e-01,0.000000000000e+00
53.270000,-2.613281437435e-01,-1.420638575214e-01,2.974466982945e-01,4.511101710177e-01,0.000000000000e+00
53.280000,-2.580751615730e-01,-1.424532161730e-01,2.947807792563e-01,4.537753249116e-01,0.000000000000e+00
53.290000,-2.548046392295e-01,-1.428625097369e-01,2.921217226794e-01,4.565591031656e-01,0.000000000000e+00
53.300000,-2.515165465684e-01,-1.432921053247e-01,2.894705522952e-01,4.594606756308e-01,0.000000000000e+00
53.310000,-2.482108622339e-01,-1.437423622684e-01,2.868283438599e-01,4.624786836807e-01,0.000000000000e+00
53.320000,-2.448875723084e-01,-1.442136319571e-01,2.841962257198e-01,4.656112377103e-01,0.000000000000e+00
53.330000,-2.415466690136e-01,-1.447062577202e-01,2.815753794900e-01,4.688559169016e-01,0.000000000000e+00
53.340000,-2.381881494708e-01,-1.452205747524e-01,2.789670408485e-01,4.722097708525e-01,0.000000000000e+00
53.350000,-2.348120145272e-01,-1.457569100761e-01,2.763725004432e-01,4.756693227289e-01,0.000000000000e+00
53.360000,-2.314182676533e-01,-1.463155825345e-01,2.737931049096e-01,4.792305736846e-01,0.000000000000e+00
53.370000,-2.280069139146e-01,-1.468969028116e-01,2.712302579885e-01,4.828890083981e-01,0.000000000000e+00
53.380000,-2.245779590183e-01,-1.475011734742e-01,2.686854217354e-01,4.866396016887e-01,0.000000000000e+00
53.390000,-2.211314084357e-01,-1.481286890329e-01,2.661601178076e-01,4.904768262803e-01,0.000000000000e+00
53.400000,-2.176672666007e-01,-1.487797360193e-01,2.636559288152e-01,4.943946618795e-01,0.000000000000e+00
53.410000,-2.141855361831e-01,-1.494545930780e-01,2.611744997165e-01,4.983866058103e-01,0.000000000000e+00
53.420000,-2.106862174387e-01,-1.501535310716e-01,2.587175392428e-01,5.024456855002e-01,0.000000000000e+00
53.430000,-2.071693076337e-01,-1.508768131987e-01,2.562868213280e-01,5.065644731309e-01,0.000000000000e+00
53.440000,-2.036348005488e-01,-1.516246951249e-01,2.538841865227e-01,5.107351027561e-01,0.000000000000e+00
53.450000,-2.000826860612e-01,-1.523974251250e-01,2.515115433657e-01,5.149492901466e-01,0.000000000000e+00
53.460000,-1.965129498098e-01,-1.531952442376e-01,2.491708696858e-01,5.191983555550e-01,0.000000000000e+00
53.470000,-1.929255729470e-01,-1.540183864298e-01,2.468642138006e-01,5.234732495123e-01,0.000000000000e+00
53.480000,-1.893205319796e-01,-1.548670787719e-01,2.445936955778e-01,5.277645816758e-01,0.000000000000e+00
53.490000,-1.856977987037e-01,-1.557415416191e-01,2.423615073176e-01,5.320626526639e-01,0.000000000000e+00
53.500000,-1.820573402372e-01,-1.566419887987e-01,2.401699144128e-01,5.363574887325e-01,0.000000000000e+00
53.510000,-1.783991191542e-01,-1.575686277994e-01,2.380212557349e-01,5.406388790847e-01,0.000000000000e+00
53.520000,-1.747230937226e-01,-1.585216599592e-01,2.359179436927e-01,5.448964155538e-01,0.000000000000e+00
53.530000,-1.710292182480e-01,-1.595012806488e-01,2.338624639038e-01,5.491195343656e-01,0.000000000000e+00
53.540000,-1.673174435263e-01,-1.605076794459e-01,2.318573744121e-01,5.532975596635e-01,0.000000000000e+00
53.550000,-1.635877174027e-01,-1.615410402964e-01,2.299053043866e-01,5.574197484666e-01,0.000000000000e+00
53.560000,-1.598399854393e-01,-1.626015416593e-01,2.280089522261e-01,5.614753367277e-01,0.000000000000e+00
53.570000,-1.560741916878e-01,-1.636893566295e-01,2.261710829986e-01,5.654535861603e-01,0.000000000000e+00
53.580000,-1.522902795655e-01,-1.648046530361e-01,2.243945251393e-01,5.693438315049e-01,0.000000000000e+00
53.590000,-1.484881928311e-01,-1.659475935123e-01,2.226821663330e-01,5.731355279177e-01,0.000000000000e+00
53.600000,-1.446678766550e-01,-1.671183355329e-01,2.210369485112e-01,5.768182981665e-01,0.000000000000e+00
53.610000,-1.408292787802e-01,-1.683170314175e-01,2.194618618962e-01,5.803819793336e-01,0.000000000000e+00
53.620000,-1.369723507664e-01,-1.695438282960e-01,2.179599380339e-01,5.838166687294e-01,0.000000000000e+00
53.630000,-1.330970493113e-01,-1.707988680345e-01,2.165342417661e-01,5.871127687353e-01,0.000000000000e+00
53.640000,-1.292033376411e-01,-1.720822871212e-01,2.151878621077e-01,5.902610302994e-01,0.000000000000e+00
53.650000,-1.252911869630e-01,-1.733942165094e-01,2.139239020061e-01,5.932525948230e-01,0.000000000000e+00
53.660000,-1.213605779707e-01,-1.747347814178e-01,2.127454669847e-01,5.960790341849e-01,0.000000000000e+00
53.670000,-1.174115023931e-01,-1.761041010896e-01,2.116556526880e-01,5.987323886645e-01,0.000000000000e+00
53.680000,-1.134439645792e-01,-1.775022885075e-01,2.106575313746e-01,6.012052025356e-01,0.000000000000e+00
53.690000,-1.094579831076e-01,-1.789294500690e-01,2.097541374275e-01,6.034905571231e-01,0.000000000000e+00
53.700000,-1.054535924110e-01,-1.803856852216e-01,2.089484519810e-01,6.055821011240e-01,0.000000000000e+00
53.710000,-1.014308444076e-01,-1.818710860601e-01,2.082433867903e-01,6.074740780200e-01,0.000000000000e+00
53.720000,-9.738981012646e-02,-1.833857368882e-01,2.076417674999e-01,6.091613504224e-01,0.000000000000e+00
53.730000,-9.333058131936e-02,-1.849297137485e-01,2.071463164928e-01,6.106394212152e-01,0.000000000000e+00
53.740000,-8.925327204782e-02,-1.865030839226e-01,2.067596355285e-01,6.119044513830e-01,0.000000000000e+00
53.750000,-8.515802023543e-02,-1.881059054053e-01,2.064841883989e-01,6.129532744356e-01,0.000000000000e+00
53.760000,-8.104498917598e-02,-1.897382263573e-01,2.063222838468e-01,6.137834073623e-01,0.000000000000e+00
53.770000,-7.691436898773e-02,-1.914000845410e-01,2.062760590061e-01,6.143930580800e-01,0.000000000000e+00
53.780000,-7.276637800441e-02,-1.930915067424e-01,2.063474636237e-01,6.147811293589e-01,0.000000000000e+00
53.790000,-6.860126409403e-02,-1.948125081853e-01,2.065382453222e-01,6.149472192390e-01,0.000000000000e+00
53.800000,-6.441930589686e-02,-1.965630919427e-01,2.068499361526e-01,6.148916179762e-01,0.000000000000e+00
53.810000,-6.022081397441e-02,-1.983432483494e-01,2.072838406667e-01,6.146153015786e-01,0.000000000000e+00
53.820000,-5.600613186145e-02,-2.001529544218e-01,2.078410257141e-01,6.141199220219e-01,0.000000000000e+00
53.830000,-5.177563701412e-02,-2.019921732911e-01,2.085223121373e-01,6.134077942539e-01,0.000000000000e+00
53.840000,-4.752974164706e-02,-2.038608536525e-01,2.093282684994e-01,6.124818801191e-01,0.000000000000e+00
53.850000,-4.326889345366e-02,-2.057589292386e-01,2.102592069378e-01,6.113457693570e-01,0.000000000000e+00
53.860000,-3.899357620362e-02,-2.076863183206e-01,2.113151811932e-01,6.100036578445e-01,0.000000000000e+00
53.870000,-3.470431021301e-02,-2.096429232419e-01,2.124959868157e-01,6.084603232694e-01,0.000000000000e+00
53.880000,-3.040165268237e-02,-2.116286299908e-01,2.138011635085e-01,6.067210984382e-01,0.000000000000e+00
53.890000,-2.608619789921e-02,-2.136433078149e-01,2.152299995236e-01,6.047918424317e-01,0.000000000000e+00
53.900000,-2.175857730175e-02,-2.156868088833e-01,2.167815379881e-01,6.026789098337e-01,0.000000000000e+00
53.910000,-1.741945940164e-02,-2.177589679995e-01,2.184545850058e-01,6.003891182640e-01,0.000000000000e+00
53.920000,-1.306954956374e-02,-2.198596023696e-01,2.202477193523e-01,5.979297144548e-01,0.000000000000e+00
53.930000,-8.709589642025e-03,-2.219885114291e-01,2.221593035600e-01,5.953083391116e-01,0.000000000000e+00
53.940000,-4.340357470972e-03,-2.241454767315e-01,2.241874961772e-01,5.925329907995e-01,0.000000000000e+00
53.950000,3.733378724569e-05,-2.263302619007e-01,2.263302649798e-01,5.896119890967e-01,0.000000000000e+00
53.960000,4.422636439072e-03,-2.285426126503e-01,2.285854009120e-01,5.865539372528e-01,0.000000000000e+00
53.970000,8.814669197986e-03,-2.307822568718e-01,2.309505325387e-01,5.833676845844e-01,0.000000000000e+00
53.980000,1.321251826306e-02,-2.330489047916e-01,2.334231408053e-01,5.800622888322e-01,0.000000000000e+00
53.990000,1.761523853520e-02,-2.353422491997e-01,2.360005739125e-01,5.766469786982e-01,0.000000000000e+00
54.000000,2.202185496794e-02,-2.376619657484e-01,2.386800621326e-01,5.731311167678e-01,0.000000000000e+00
54.010000,2.643136404942e-02,-2.400077133232e-01,2.414587324164e-01,5.695241630127e-01,0.000000000000e+00
54.020000,3.084273541141e-02,-2.423791344825e-01,2.443336226559e-01,5.658356390565e-01,0.000000000000e+00
54.030000,3.525491356103e-02,-2.447758559684e-01,2.473016954961e-01,5.620750933727e-01,0.000000000000e+00
54.040000,3.966681973029e-02,-2.471974892834e-01,2.503598516047e-01,5.582520675686e-01,0.000000000000e+00
54.050000,4.407735383826e-02,-2.496436313339e-01,2.535049423325e-01,5.543760638950e-01,0.000000000000e+00
54.060000,4.848539656030e-02,-2.521138651370e-01,2.567337817154e-01,5.504565141072e-01,0.000000000000e+00
54.070000,5.288981149849e-02,-2.546077605859e-01,2.600431577853e-01,5.465027497845e-01,0.000000000000e+00
54.080000,5.728944744710e-02,-2.571248752745e-01,2.634298431722e-01,5.425239742029e-01,0.000000000000e+00
54.090000,6.168314074675e-02,-2.596647553724e-01,2.668906049957e-01,5.385292358389e-01,0.000000000000e+00
54.100000,6.606971772048e-02,-2.622269365507e-01,2.704222140513e-01,5.345274035669e-01,0.000000000000e+00
54.110000,7.044799718520e-02,-2.648109449506e-01,2.740214533080e-01,5.305271435979e-01,0.000000000000e+00
54.120000,7.481679303127e-02,-2.674162981924e-01,2.776851257421e-01,5.265368981949e-01,0.000000000000e+00
54.130000,7.917491686323e-02,-2.700425064173e-01,2.814100615337e-01,5.225648661827e-01,0.000000000000e+00
54.140000,8.352118069448e-02,-2.726890733588e-01,2.851931246610e-01,5.186189852615e-01,0.000000000000e+00
54.150000,8.785439968845e-02,-2.753554974369e-01,2.890312189251e-01,5.147069161173e-01,0.000000000000e+00
54.160000,9.217339493900e-02,-2.780412728684e-01,2.929212934439e-01,5.108360283131e-01,0.000000000000e+00
54.170000,9.647699628254e-02,-2.807458907891e-01,2.968603476496e-01,5.070133879336e-01,0.000000000000e+00
54.180000,1.007640451344e-01,-2.834688403800e-01,3.008454358275e-01,5.032457469455e-01,0.000000000000e+00
54.190000,1.050333973417e-01,-2.862096099920e-01,3.048736712294e-01,4.995395342283e-01,0.000000000000e+00
54.200000,1.092839260457e-01,-2.889676882629e-01,3.089422297970e-01,4.959008482210e-01,0.000000000000e+00
54.210000,1.135145245458e-01,-2.917425652191e-01,3.130483535231e-01,4.923354511228e-01,0.000000000000e+00
54.220000,1.177241091569e-01,-2.945337333582e-01,3.171893534826e-01,4.888487645824e-01,0.000000000000e+00
54.230000,1.219116220544e-01,-2.973406887027e-01,3.213626125581e-01,4.854458668013e-01,0.000000000000e+00
54.240000,1.260760340972e-01,-3.001629318221e-01,3.255655878832e-01,4.821314909743e-01,0.000000000000e+00
54.250000,1.302163476229e-01,-3.029999688150e-01,3.297958130269e-01,4.789100249880e-01,0.000000000000e+00
54.260000,1.343315992066e-01,-3.058513122465e-01,3.340508999363e-01,4.757855122904e-01,0.000000000000e+00
54.270000,1.384208623763e-01,-3.087164820351e-01,3.383285406541e-01,4.727616538494e-01,0.000000000000e+00
54.280000,1.424832502774e-01,-3.115950062832e-01,3.426265088259e-01,4.698418111087e-01,0.000000000000e+00
54.290000,1.465179182785e-01,-3.144864220471e-01,3.469426610100e-01,4.670290098572e-01,0.000000000000e+00
54.300000,1.505240665111e-01,-3.173902760407e-01,3.512749377970e-01,4.643259449194e-01,0.000000000000e+00
54.310000,1.545009423366e-01,-3.203061252692e-01,3.556213647517e-01,4.617349855821e-01,0.000000000000e+00
54.320000,1.584478427311e-01,-3.232335375885e-01,3.599800531809e-01,4.592581816683e-01,0.000000000000e+00
54.330000,1.623641165830e-01,-3.261720921869e-01,3.643492007338e-01,4.568972701729e-01,0.000000000000e+00
54.340000,1.662491668931e-01,-3.291213799851e-01,3.687270918388e-01,4.546536823774e-01,0.000000000000e+00
54.350000,1.701024528728e-01,-3.320810039529e-01,3.731120979809e-01,4.525285513612e-01,0.000000000000e+00
54.360000,1.739234919296e-01,-3.350505793395e-01,3.775026778193e-01,4.505227198308e-01,0.000000000000e+00
54.370000,1.777118615344e-01,-3.380297338157e-01,3.818973771493e-01,4.486367481913e-01,0.000000000000e+00
54.380000,1.814672009625e-01,-3.410181075264e-01,3.862948287073e-01,4.468709227885e-01,0.000000000000e+00
54.390000,1.851892129001e-01,-3.440153530533e-01,3.906937518197e-01,4.452252642522e-01,0.000000000000e+00
54.400000,1.888776649094e-01,-3.470211352872e-01,3.950929518957e-01,4.436995358765e-01,0.000000000000e+00
54.410000,1.925323907436e-01,-3.500351312085e-01,3.994913197625e-01,4.422932519772e-01,0.000000000000e+00
54.420000,1.961532915051e-01,-3.530570295799e-01,4.038878308443e-01,4.410056861701e-01,0.000000000000e+00
54.430000,1.997403366391e-01,-3.560865305485e-01,4.082815441809e-01,4.398358795207e-01,0.000000000000e+00
54.440000,2.032935647540e-01,-3.591233451620e-01,4.126716012893e-01,4.387826485173e-01,0.000000000000e+00
54.450000,2.068130842622e-01,-3.621671947998e-01,4.170572248639e-01,4.378445928297e-01,0.000000000000e+00
54.460000,2.102990738333e-01,-3.652178105217e-01,4.214377173170e-01,4.370201028170e-01,0.000000000000e+00
54.470000,2.137517826526e-01,-3.682749323372e-01,4.258124591591e-01,4.363073667554e-01,0.000000000000e+00
54.480000,2.171715304770e-01,-3.713383083995e-01,4.301809072178e-01,4.357043777632e-01,0.000000000000e+00
54.490000,2.205587074823e-01,-3.744076941273e-01,4.345425926972e-01,4.352089404060e-01,0.000000000000e+00
54.500000,2.239137738949e-01,-3.774828512591e-01,4.388971190775e-01,4.348186769698e-01,0.000000000000e+00
54.510000,2.272372594006e-01,-3.805635468447e-01,4.432441598565e-01,4.345310333997e-01,0.000000000000e+00
54.520000,2.305297623265e-01,-3.836495521790e-01,4.475834561347e-01,4.343432849034e-01,0.000000000000e+00
54.530000,2.337919485875e-01,-3.867406416828e-01,4.519148140453e-01,4.342525412307e-01,0.000000000000e+00
54.540000,2.370245503954e-01,-3.898365917373e-01,4.562381020339e-01,4.342557516423e-01,0.000000000000e+00
54.550000,2.402283647235e-01,-3.929371794765e-01,4.605532479884e-01,4.343497095912e-01,0.000000000000e+00
54.560000,2.434042515253e-01,-3.960421815451e-01,4.648602362255e-01,4.345310571450e-01,0.000000000000e+00
54.570000,2.465531317011e-01,-3.991513728276e-01,4.691591043364e-01,4.347962891841e-01,0.000000000000e+00
54.580000,2.496759848138e-01,-4.022645251538e-01,4.734499398986e-01,4.351417574190e-01,0.000000000000e+00
54.590000,2.527738465496e-01,-4.053814059890e-01,4.777328770569e-01,4.355636742748e-01,0.000000000000e+00
54.600000,2.558478059250e-01,-4.085017771137e-01,4.820080929836e-01,4.360581166968e-01,0.000000000000e+00
54.610000,2.588990022398e-01,-4.116253933002e-01,4.862758042206e-01,4.366210299402e-01,0.000000000000e+00
54.620000,2.619286217794e-01,-4.147520009920e-01,4.905362629145e-01,4.372482314086e-01,0.000000000000e+00
54.630000,2.649378942677e-01,-4.178813369925e-01,4.947897529513e-01,4.379354146139e-01,0.000000000000e+00
54.640000,2.679280890774e-01,-4.210131271695e-01,4.990365859992e-01,4.386781533334e-01,0.000000000000e+00
54.650000,2.709005112022e-01,-4.241470851812e-01,5.032770974695e-01,4.394719060460e-01,0.000000000000e+00
54.660000,2.738564969991e-01,-4.272829112296e-01,5.075116424058e-01,4.403120207298e-01,0.000000000000e+00
54.670000,2.767974097106e-01,-4.304202908476e-01,5.117405913114e-01,4.411937401078e-01,0.000000000000e+00
54.680000,2.797246347765e-01,-4.335588937242e-01,5.159643259259e-01,4.421122074311e-01,0.000000000000e+00
54.690000,2.826395749498e-01,-4.366983725747e-01,5.201832349636e-01,4.430624728857e-01,0.000000000000e+00
54.700000,2.855436452295e-01,-4.398383620585e-01,5.243977098246e-01,4.440395007136e-01,0.000000000000e+00
54.710000,2.884382676280e-01,-4.429784777519e-01,5.286081402926e-01,4.450381771315e-01,0.000000000000e+00
54.720000,2.913248657904e-01,-4.461183151776e-01,5.328149102312e-01,4.460533191329e-01,0.000000000000e+00
54.730000,2.942048594870e-01,-4.492574488971e-01,5.370183932933e-01,4.470796842490e-01,0.000000000000e+00
54.740000,2.970796589994e-01,-4.523954316683e-01,5.412189486572e-01,4.481119813435e-01,0.000000000000e+00
54.750000,2.999506594257e-01,-4.555317936726e-01,5.454169168044e-01,4.491448825033e-01,0.000000000000e+00
54.760000,3.028192349293e-01,-4.586660418134e-01,5.496126153537e-01,4.501730360817e-01,0.000000000000e+00
54.770000,3.056867329592e-01,-4.617976590912e-01,5.538063349668e-01,4.511910809381e-01,0.000000000000e+00
54.780000,3.085544684704e-01,-4.649261040543e-01,5.579983353417e-01,4.521936619048e-01,0.000000000000e+00
54.790000,3.114237181752e-01,-4.680508103312e-01,5.621888413103e-01,4.531754464988e-01,0.000000000000e+00
54.800000,3.142957148572e-01,-4.711711862440e-01,5.663780390554e-01,4.541311428798e-01,0.000000000000e+00
54.810000,3.171716417803e-01,-4.742866145061e-01,5.705660724660e-01,4.550555190370e-01,0.000000000000e+00
54.820000,3.200526272284e-01,-4.773964520051e-01,5.747530396464e-01,4.559434231710e-01,0.000000000000e+00
54.830000,3.229397392085e-01,-4.805000296736e-01,5.789389895977e-01,4.567898052143e-01,0.000000000000e+00
54.840000,3.258339803542e-01,-4.835966524487e-01,5.831239190884e-01,4.575897394131e-01,0.000000000000e+00
54.850000,3.287362830645e-01,-4.866855993220e-01,5.873077697345e-01,4.583384478736e-01,0.000000000000e+00
54.860000,3.316475049131e-01,-4.897661234817e-01,5.914904253032e-01,4.590313249482e-01,0.000000000000e+00
54.870000,3.345684243649e-01,-4.928374525486e-01,5.956717092633e-01,4.596639623190e-01,0.000000000000e+00
54.880000,3.374997368324e-01,-4.958987889081e-01,5.998513825961e-01,4.602321746092e-01,0.000000000000e+00
54.890000,3.404420511071e-01,-4.989493101395e-01,6.040291418886e-01,4.607320253311e-01,0.000000000000e+00
54.900000,3.433958861971e-01,-5.019881695456e-01,6.082046177240e-01,4.611598529588e-01,0.000000000000e+00
54.910000,3.463616686028e-01,-5.050144967849e-01,6.123773733901e-01,4.615122968903e-01,0.000000000000e+00
54.920000,3.493397300569e-01,-5.080273986084e-01,6.165469039198e-01,4.617863230450e-01,0.000000000000e+00
54.930000,3.523303057568e-01,-5.110259597056e-01,6.207126354825e-01,4.619792488272e-01,0.000000000000e+00
54.940000,3.553335331112e-01,-5.140092436613e-01,6.248739251421e-01,4.620887671666e-01,0.000000000000e+00
54.950000,3.583494510209e-01,-5.169762940282e-01,6.290300609940e-01,4.621129693394e-01,0.000000000000e+00
54.960000,3.613779997107e-01,-5.199261355189e-01,6.331802626982e-01,4.620503662616e-01,0.000000000000e+00
54.970000,3.644190211237e-01,-5.228577753202e-01,6.373236824170e-01,4.618999079417e-01,0.000000000000e+00
54.980000,3.674722598874e-01,-5.257702045367e-01,6.414594061710e-01,4.616610007785e-01,0.000000000000e+00
54.990000,3.705373648541e-01,-5.286623997652e-01,6.455864556188e-01,4.613335223943e-01,0.000000000000e+00
55.000000,3.736138912163e-01,-5.315333248063e-01,6.497037902686e-01,4.609178336987e-01,0.000000000000e+00
55.010000,3.767013031889e-01,-5.343819325176e-01,6.538103101248e-01,4.604147878940e-01,0.000000000000e+00
55.020000,3.797989772494e-01,-5.372071668115e-01,6.579048587701e-01,4.598257361494e-01,0.000000000000e+00
55.030000,3.829062059192e-01,-5.400079648025e-01,6.619862268821e-01,4.591525296932e-01,0.000000000000e+00
55.040000,3.860222020644e-01,-5.427832591079e-01,6.660531561779e-01,4.583975181028e-01,0.000000000000e+00
55.050000,3.891461036905e-01,-5.455319803031e-01,6.701043437785e-01,4.575635436026e-01,0.000000000000e+00
55.060000,3.922769791988e-01,-5.482530595347e-01,6.741384469814e-01,4.566539312186e-01,0.000000000000e+00
55.070000,3.954138330692e-01,-5.509454312928e-01,6.781540884231e-01,4.556724746821e-01,0.000000000000e+00
55.080000,3.985556119269e-01,-5.536080363401e-01,6.821498616131e-01,4.546234180188e-01,0.000000000000e+00
55.090000,4.017012109494e-01,-5.562398247981e-01,6.861243368148e-01,4.535114328130e-01,0.000000000000e+00
55.100000,4.048494805624e-01,-5.588397593863e-01,6.900760672437e-01,4.523415911856e-01,0.000000000000e+00
55.110000,4.079992333729e-01,-5.614068188089e-01,6.940035955512e-01,4.511193345851e-01,0.000000000000e+00
55.120000,4.111492512837e-01,-5.639400012818e-01,6.979054605581e-01,4.498504385449e-01,0.000000000000e+00
55.130000,4.142982927279e-01,-5.664383281904e-01,7.017802041953e-01,4.485409736190e-01,0.000000000000e+00
55.140000,4.174450999665e-01,-5.689008478668e-01,7.056263786095e-01,4.471972627676e-01,0.000000000000e+00
55.150000,4.205884063836e-01,-5.713266394707e-01,7.094425533848e-01,4.458258355209e-01,0.000000000000e+00
55.160000,4.237269437187e-01,-5.737148169580e-01,7.132273228294e-01,4.444333793042e-01,0.000000000000e+00
55.170000,4.268594491722e-01,-5.760645331176e-01,7.169793132745e-01,4.430266883618e-01,0.000000000000e+00
55.180000,4.299846723229e-01,-5.783749836516e-01,7.206971903280e-01,4.416126107641e-01,0.000000000000e+00
55.190000,4.331013817978e-01,-5.806454112771e-01,7.243796660262e-01,4.401979940278e-01,0.000000000000e+00
55.200000,4.362083716346e-01,-5.828751098185e-01,7.280255058238e-01,4.387896299167e-01,0.000000000000e+00
55.210000,4.393044672849e-01,-5.850634282618e-01,7.316335353618e-01,4.373941990227e-01,0.000000000000e+00
55.220000,4.423885312043e-01,-5.872097747378e-01,7.352026469544e-01,4.360182157496e-01,0.000000000000e+00
55.230000,4.454594679855e-01,-5.893136203981e-01,7.387318057351e-01,4.346679743409e-01,0.000000000000e+00
55.240000,4.485162289920e-01,-5.913745031494e-01,7.422200554043e-01,4.333494965959e-01,0.000000000000e+00
55.250000,4.515578164577e-01,-5.933920312058e-01,7.456665235228e-01,4.320684819201e-01,0.000000000000e+00
55.260000,4.545832870228e-01,-5.953658864213e-01,7.490704262983e-01,4.308302603429e-01,0.000000000000e+00
55.270000,4.575917546848e-01,-5.972958273621e-01,7.524310728164e-01,4.296397491104e-01,0.000000000000e+00
55.280000,4.605823931482e-01,-5.991816920794e-01,7.557478686713e-01,4.285014134356e-01,0.000000000000e+00
55.290000,4.635544375671e-01,-6.010234005429e-01,7.590203189561e-01,4.274192319392e-01,0.000000000000e+00
55.300000,4.665071856788e-01,-6.028209566967e-01,7.622480305797e-01,4.263966672696e-01,0.000000000000e+00
55.310000,4.694399983367e-01,-6.045744501026e-01,7.654307138828e-01,4.254366423245e-01,0.000000000000e+00
55.320000,4.723522994580e-01,-6.062840571341e-01,7.685681835324e-01,4.245415224311e-01,0.000000000000e+00
55.330000,4.752435754071e-01,-6.079500416931e-01,7.716603586815e-01,4.237131037649e-01,0.000000000000e+00
55.340000,4.781133738452e-01,-6.095727554195e-01,7.747072623897e-01,4.229526082011e-01,0.000000000000e+00
55.350000,4.809613020816e-01,-6.111526373710e-01,7.777090203062e-01,4.222606847083e-01,0.000000000000e+00
55.360000,4.837870249681e-01,-6.126902131561e-01,7.806658586264e-01,4.216374172994e-01,0.000000000000e+00
55.370000,4.865902623837e-01,-6.141860935054e-01,7.835781013416e-01,4.210823394592e-01,0.000000000000e+00
55.380000,4.893707863614e-01,-6.156409722751e-01,7.864461668085e-01,4.205944548753e-01,0.000000000000e+00
55.390000,4.921284179131e-01,-6.170556238812e-01,7.892705636733e-01,4.201722642003e-01,0.000000000000e+00
55.400000,4.948630236094e-01,-6.184309001699e-01,7.920518861923e-01,4.198137974859e-01,0.000000000000e+00
55.410000,4.975745119753e-01,-6.197677267362e-01,7.947908090002e-01,4.195166518379e-01,0.000000000000e+00
55.420000,5.002628297630e-01,-6.210670987090e-01,7.974880813788e-01,4.192780337627e-01,0.000000000000e+00
55.430000,5.029279581612e-01,-6.223300760287e-01,8.001445210898e-01,4.190948056012e-01,0.000000000000e+00
55.440000,5.055699090019e-01,-6.235577782485e-01,8.027610078363e-01,4.189635353848e-01,0.000000000000e+00
55.450000,5.081887210203e-01,-6.247513788977e-01,8.053384764227e-01,4.188805493927e-01,0.000000000000e+00
55.460000,5.107844562235e-01,-6.259120994505e-01,8.078779096856e-01,4.188419866541e-01,0.000000000000e+00
55.470000,5.133571964167e-01,-6.270412029490e-01,8.103803312696e-01,4.188438546087e-01,0.000000000000e+00
55.480000,5.159070399321e-01,-6.281399873351e-01,8.128467983211e-01,4.188820851320e-01,0.000000000000e+00
55.490000,5.184340986010e-01,-6.292097785458e-01,8.152783941758e-01,4.189525901288e-01,0.000000000000e+00
55.500000,5.209384950008e-01,-6.302519234353e-01,8.176762211093e-01,4.190513159237e-01,0.000000000000e+00
55.510000,5.234203600050e-01,-6.312677825833e-01,8.200413932208e-01,4.191742957042e-01,0.000000000000e+00
55.520000,5.258798306546e-01,-6.322587230537e-01,8.223750295132e-01,4.193176993233e-01,0.000000000000e+00
55.530000,5.283170483647e-01,-6.332261111662e-01,8.246782472307e-01,4.194778798273e-01,0.000000000000e+00
55.540000,5.307321574707e-01,-6.341713053432e-01,8.269521555049e-01,4.196514161472e-01,0.000000000000e+00
55.550000,5.331253041132e-01,-6.350956490917e-01,8.291978493587e-01,4.198351514769e-01,0.000000000000e+00
55.560000,5.354966354537e-01,-6.360004641755e-01,8.314164041043e-01,4.200262269502e-01,0.000000000000e+00
55.570000,5.378462992063e-01,-6.368870440329e-01,8.336088701705e-01,4.202221103281e-01,0.000000000000e+00
55.580000,5.401744434661e-01,-6.377566474854e-01,8.357762683791e-01,4.204206195112e-01,0.000000000000e+00
55.590000,5.424812168096e-01,-6.386104927810e-01,8.379195856890e-01,4.206199407904e-01,0.000000000000e+00
55.600000,5.447667686385e-01,-6.394497520081e-01,8.400397714132e-01,4.208186418567e-01,0.000000000000e+00
55.610000,5.470312497343e-01,-6.402755459093e-01,8.421377339101e-01,4.210156796839e-01,0.000000000000e+00
55.620000,5.492748129916e-01,-6.410889391181e-01,8.442143377405e-01,4.212104034931e-01,0.000000000000e+00
55.630000,5.514976142928e-01,-6.418909358342e-01,8.462704012765e-01,4.214025530904e-01,0.000000000000e+00
55.640000,5.536998134896e-01,-6.426824759457e-01,8.483066947432e-01,4.215922529395e-01,0.000000000000e+00
55.650000,5.558815754573e-01,-6.434644316014e-01,8.503239386663e-01,4.217800023946e-01,0.000000000000e+00
55.660000,5.580430711862e-01,-6.442376042276e-01,8.523228026985e-01,4.219666625641e-01,0.000000000000e+00
55.670000,5.601844788816e-01,-6.450027219799e-01,8.543039047911e-01,4.221534403058e-01,0.000000000000e+00
55.680000,5.623059850423e-01,-6.457604376146e-01,8.562678106776e-01,4.223418698768e-01,0.000000000000e+00
55.690000,5.644077854940e-01,-6.465113267593e-01,8.582150336334e-01,4.225337927582e-01,0.000000000000e+00
55.700000,5.664900863562e-01,-6.472558865591e-01,8.601460344763e-01,4.227313361691e-01,0.000000000000e+00
55.710000,5.685531049264e-01,-6.479945346736e-01,8.620612217750e-01,4.229368907553e-01,0.000000000000e+00
55.720000,5.705970704701e-01,-6.487276085934e-01,8.639609522313e-01,4.231530879068e-01,0.000000000000e+00
55.730000,5.726222249072e-01,-6.494553652504e-01,8.658455312065e-01,4.233827771101e-01,0.000000000000e+00
55.740000,5.746288233924e-01,-6.501779808898e-01,8.677152133663e-01,4.236290036910e-01,0.000000000000e+00
55.750000,5.766171347901e-01,-6.508955511772e-01,8.695702034199e-01,4.238949872441e-01,0.000000000000e+00
55.760000,5.785874420459e-01,-6.516080915127e-01,8.714106569340e-01,4.241841009862e-01,0.000000000000e+00
55.770000,5.805400424642e-01,-6.523155375284e-01,8.732366812069e-01,4.244998522096e-01,0.000000000000e+00
55.780000,5.824752478990e-01,-6.530177457455e-01,8.750483361927e-01,4.248458639499e-01,0.000000000000e+00
55.790000,5.843933848717e-01,-6.537144943743e-01,8.768456354666e-01,4.252258579297e-01,0.000000000000e+00
55.800000,5.862947946265e-01,-6.544054842399e-01,8.786285472311e-01,4.256436387847e-01,0.000000000000e+00
55.810000,5.881798331403e-01,-6.550903398234e-01,8.803969953623e-01,4.261030795362e-01,0.000000000000e+00
55.820000,5.900488710981e-01,-6.557686104098e-01,8.821508605012e-01,4.266081082302e-01,0.000000000000e+00
55.830000,5.919022938509e-01,-6.564397713391e-01,8.838899811977e-01,4.271626956334e-01,0.000000000000e+00
55.840000,5.937405013681e-01,-6.571032253602e-01,8.856141551171e-01,4.277708438456e-01,0.000000000000e+00
55.850000,5.955639081966e-01,-6.577583040912e-01,8.873231403200e-01,4.284365756672e-01,0.000000000000e+00
55.860000,5.973729434387e-01,-6.584042695922e-01,8.890166566324e-01,4.291639245377e-01,0.000000000000e+00
55.870000,5.991680507578e-01,-6.590403160611e-01,8.906943871177e-01,4.299569248495e-01,0.000000000000e+00
55.880000,6.009496884193e-01,-6.596655716643e-01,8.923559796687e-01,4.308196024189e-01,0.000000000000e+00
55.890000,6.027183293720e-01,-6.602791005177e-01,8.940010487362e-01,4.317559648873e-01,0.000000000000e+00
55.900000,6.044744613734e-01,-6.608799048363e-01,8.956291772096e-01,4.327699918049e-01,0.000000000000e+00
55.910000,6.062185871594e-01,-6.614669272692e-01,8.972399184658e-01,4.338656241343e-01,0.000000000000e+00
55.920000,6.079512246560e-01,-6.620390534438e-01,8.988327986036e-01,4.350467528949e-01,0.000000000000e+00
55.930000,6.096729072281e-01,-6.625951147385e-01,9.004073188748e-01,4.363172066517e-01,0.000000000000e+00
55.940000,6.113841839576e-01,-6.631338913069e-01,9.019629583266e-01,4.376807375398e-01,0.000000000000e+00
55.950000,6.130856199391e-01,-6.636541153767e-01,9.034991766640e-01,4.391410055077e-01,0.000000000000e+00
55.960000,6.147777965795e-01,-6.641544748445e-01,9.050154173401e-01,4.407015604632e-01,0.000000000000e+00
55.970000,6.164613118820e-01,-6.646336171865e-01,9.065111108761e-01,4.423658220194e-01,0.000000000000e+00
55.980000,6.181367806940e-01,-6.650901537048e-01,9.079856784122e-01,4.441370565652e-01,0.000000000000e+00
55.990000,6.198048348939e-01,-6.655226641232e-01,9.094385354819e-01,4.460183514339e-01,0.000000000000e+00
56.000000,6.214661234885e-01,-6.659297015461e-01,9.108690959985e-01,4.480125860099e-01,0.000000000000e+00
56.010000,6.231213125893e-01,-6.663097977841e-01,9.122767764369e-01,4.501223997079e-01,0.000000000000e+00
56.020000,6.247710852361e-01,-6.666614690493e-01,9.136610001867e-01,4.523501568692e-01,0.000000000000e+00
56.030000,6.264161410316e-01,-6.669832220125e-01,9.150212020446e-01,4.546979087589e-01,0.000000000000e+00
56.040000,6.280571955529e-01,-6.672735602075e-01,9.163568328101e-01,4.571673529955e-01,0.000000000000e+00
56.050000,6.296949795060e-01,-6.675309907607e-01,9.176673639402e-01,4.597597909116e-01,0.000000000000e+00
56.060000,6.313302375888e-01,-6.677540314132e-01,9.189522922125e-01,4.624760835060e-01,0.000000000000e+00
56.070000,6.329637270368e-01,-6.679412177951e-01,9.202111443435e-01,4.653166068130e-01,0.000000000000e+00
56.080000,6.345962158249e-01,-6.680911109011e-01,9.214434815030e-01,4.682812076522e-01,0.000000000000e+00
56.090000,6.362284805088e-01,-6.682023047112e-01,9.226489036638e-01,4.713691608432e-01,0.000000000000e+00
56.100000,6.378613036960e-01,-6.682734338900e-01,9.238270537259e-01,4.745791290439e-01,0.000000000000e+00
56.110000,6.394954711437e-01,-6.683031814943e-01,9.249776213557e-01,4.779091264035e-01,0.000000000000e+00
56.120000,6.411317684927e-01,-6.682902866139e-01,9.261003464815e-01,4.813564871990e-01,0.000000000000e+00
56.130000,6.427709776519e-01,-6.682335518689e-01,9.271950223954e-01,4.849178405435e-01,0.000000000000e+00
56.140000,6.444138728609e-01,-6.681318506870e-01,9.282614984142e-01,4.885890921202e-01,0.000000000000e+00
56.150000,6.460612164657e-01,-6.679841342848e-01,9.292996820603e-01,4.923654137083e-01,0.000000000000e+00
56.160000,6.477137544466e-01,-6.677894382842e-01,9.303095407353e-01,4.962412410370e-01,0.000000000000e+00
56.170000,6.493722117496e-01,-6.675468888976e-01,9.312911028617e-01,5.002102802478e-01,0.000000000000e+00
56.180000,6.510372874711e-01,-6.672557086271e-01,9.322444584834e-01,5.042655229698e-01,0.000000000000e+00
56.190000,6.527096499502e-01,-6.669152214262e-01,9.331697593193e-01,5.083992697505e-01,0.000000000000e+00
56.200000,6.543899318252e-01,-6.665248572869e-01,9.340672182748e-01,5.126031613357e-01,0.000000000000e+00
56.210000,6.560787251060e-01,-6.660841562193e-01,9.349371084213e-01,5.168682170912e-01,0.000000000000e+00
56.220000,6.577765763137e-01,-6.655927716034e-01,9.357797614597e-01,5.211848797036e-01,0.000000000000e+00
56.230000,6.594839817347e-01,-6.650504728978e-01,9.365955656879e-01,5.255430652056e-01,0.000000000000e+00
56.240000,6.612013828319e-01,-6.644571476987e-01,9.373849634951e-01,5.299322173409e-01,0.000000000000e+00
56.250000,6.629291618488e-01,-6.638128031475e-01,9.381484484089e-01,5.343413653109e-01,0.000000000000e+00
56.260000,6.646676376414e-01,-6.631175666909e-01,9.388865617218e-01,5.387591840173e-01,0.000000000000e+00
56.270000,6.664170617665e-01,-6.623716862013e-01,9.395998887264e-01,5.431740560224e-01,0.000000000000e+00
56.280000,6.681776148509e-01,-6.615755294675e-01,9.402890545880e-01,5.475741345586e-01,0.000000000000e+00
56.290000,6.699494032651e-01,-6.607295830718e-01,9.409547198891e-01,5.519474070316e-01,0.000000000000e+00
56.300000,6.717324561230e-01,-6.598344506696e-01,9.415975758781e-01,5.562817585389e-01,0.000000000000e+00
56.310000,6.735267226254e-01,-6.588908506937e-01,9.422183394619e-01,5.605650349693e-01,0.000000000000e+00
56.320000,6.753320697673e-01,-6.578996135082e-01,9.428177479823e-01,5.647851052568e-01,0.000000000000e+00
56.330000,6.771482804219e-01,-6.568616780423e-01,9.433965538197e-01,5.689299223241e-01,0.000000000000e+00
56.340000,6.789750518184e-01,-6.557780879388e-01,9.439555188739e-01,5.729875822025e-01,0.000000000000e+00
56.350000,6.808119944206e-01,-6.546499872555e-01,9.444954089675e-01,5.769463807580e-01,0.000000000000e+00
56.360000,6.826586312150e-01,-6.534786157649e-01,9.450169882252e-01,5.807948674280e-01,0.000000000000e+00
56.370000,6.845143974089e-01,-6.522653038966e-01,9.455210134775e-01,5.845218953865e-01,0.000000000000e+00
56.380000,6.863786405355e-01,-6.510114673732e-01,9.460082287352e-01,5.881166676383e-01,0.000000000000e+00
56.390000,6.882506209577e-01,-6.497186015851e-01,9.464793597826e-01,5.915687786897e-01,0.000000000000e+00
56.400000,6.901295127584e-01,-6.483882757538e-01,9.469351089252e-01,5.948682516470e-01,0.000000000000e+00
56.410000,6.920144050010e-01,-6.470221269247e-01,9.473761499315e-01,5.980055708392e-01,0.000000000000e+00
56.420000,6.939043033429e-01,-6.456218538285e-01,9.478031231953e-01,6.009717103096e-01,0.000000000000e+00
56.430000,6.957981319830e-01,-6.441892106443e-01,9.482166311459e-01,6.037581587443e-01,0.000000000000e+00
56.440000,6.976947359265e-01,-6.427260006902e-01,9.486172339267e-01,6.063569415703e-01,0.000000000000e+00
56.450000,6.995928835495e-01,-6.412340700622e-01,9.490054453593e-01,6.087606410382e-01,0.000000000000e+00
56.460000,7.014912694521e-01,-6.397153012373e-01,9.493817292083e-01,6.109624150954e-01,0.000000000000e+00
56.470000,7.033885175879e-01,-6.381716066503e-01,9.497464957604e-01,6.129560157556e-01,0.000000000000e+00
56.480000,7.052831846631e-01,-6.366049222547e-01,9.501000987303e-01,6.147358074910e-01,0.000000000000e+00
56.490000,7.071737637979e-01,-6.350172010719e-01,9.504428325056e-01,6.162967859359e-01,0.000000000000e+00
56.500000,7.090586884482e-01,-6.334104067370e-01,9.507749297424e-01,6.176345969235e-01,0.000000000000e+00
56.510000,7.109363365826e-01,-6.317865070489e-01,9.510965593264e-01,6.187455556023e-01,0.000000000000e+00
56.520000,7.128050351106e-01,-6.301474675356e-01,9.514078247106e-01,6.196266651338e-01,0.000000000000e+00
56.530000,7.146630645574e-01,-6.284952450504e-01,9.517087626440e-01,6.202756342752e-01,0.000000000000e+00
56.540000,7.165086639776e-01,-6.268317814163e-01,9.519993423046e-01,6.206908930269e-01,0.000000000000e+00
56.550000,7.183400360961e-01,-6.251589971447e-01,9.522794648471e-01,6.208716054822e-01,0.000000000000e+00
56.560000,7.201553526631e-01,-6.234787852528e-01,9.525489633764e-01,6.208176790588e-01,0.000000000000e+00
56.570000,7.219527600033e-01,-6.217930052129e-01,9.528076033534e-01,6.205297694123e-01,0.000000000000e+00
56.580000,7.237303847399e-01,-6.201034770646e-01,9.530550834361e-01,6.200092805027e-01,0.000000000000e+00
56.590000,7.254863396650e-01,-6.184119757237e-01,9.532910367559e-01,6.192583594942e-01,0.000000000000e+00
56.600000,7.272187297304e-01,-6.167202255217e-01,9.535150326231e-01,6.182798863775e-01,0.000000000000e+00
56.610000,7.289256581271e-01,-6.150298950067e-01,9.537265786524e-01,6.170774584007e-01,0.000000000000e+00
56.620000,7.306052324219e-01,-6.133425920359e-01,9.539251232920e-01,6.156553695551e-01,0.000000000000e+00
56.630000,7.322555707176e-01,-6.116598591853e-01,9.541100587383e-01,6.140185854840e-01,0.000000000000e+00
56.640000,7.338748078045e-01,-6.099831695005e-01,9.542807242127e-01,6.121727142612e-01,0.000000000000e+00
56.650000,7.354611012691e-01,-6.083139226065e-01,9.544364095721e-01,6.101239735271e-01,0.000000000000e+00
56.660000,7.370126375292e-01,-6.066534411926e-01,9.545763592237e-01,6.078791544863e-01,0.000000000000e+00
56.670000,7.385276377640e-01,-6.050029678836e-01,9.546997763115e-01,6.054455832586e-01,0.000000000000e+00
56.680000,7.400043637085e-01,-6.033636625047e-01,9.548058271391e-01,6.028310800571e-01,0.000000000000e+00
56.690000,7.414411232862e-01,-6.017365997455e-01,9.548936457916e-01,6.000439166400e-01,0.000000000000e+00
56.700000,7.428362760517e-01,-6.001227672225e-01,9.549623389209e-01,5.970927724489e-01,0.000000000000e+00
56.710000,7.441882384207e-01,-5.985230639402e-01,9.550109906551e-01,5.939866898203e-01,0.000000000000e+00
56.720000,7.454954886620e-01,-5.969382991442e-01,9.550386675945e-01,5.907350286245e-01,0.000000000000e+00
56.730000,7.467565716346e-01,-5.953691915608e-01,9.550444238564e-01,5.873474206611e-01,0.000000000000e+00
56.740000,7.479701032466e-01,-5.938163690124e-01,9.550273061320e-01,5.838337241166e-01,0.000000000000e+00
56.750000,7.491347746229e-01,-5.922803683983e-01,9.549863587190e-01,5.802039783649e-01,0.000000000000e+00
56.760000,7.502493559645e-01,-5.907616360265e-01,9.549206284953e-01,5.764683593730e-01,0.000000000000e+00
56.770000,7.513127000871e-01,-5.892605282824e-01,9.548291698015e-01,5.726371359528e-01,0.000000000000e+00
56.780000,7.523237456280e-01,-5.877773126181e-01,9.547110491999e-01,5.687206270826e-01,0.000000000000e+00
56.790000,7.532815199116e-01,-5.863121688434e-01,9.545653500804e-01,5.647291605027e-01,0.000000000000e+00
56.800000,7.541851414669e-01,-5.848651907015e-01,9.543911770882e-01,5.606730327710e-01,0.000000000000e+00
56.810000,7.550338221910e-01,-5.834363877083e-01,9.541876603449e-01,5.565624709487e-01,0.000000000000e+00
56.820000,7.558268691544e-01,-5.820256872363e-01,9.539539594438e-01,5.524075960651e-01,0.000000000000e+00
56.830000,7.565636860472e-01,-5.806329368202e-01,9.536892671965e-01,5.482183884938e-01,0.000000000000e+00
56.840000,7.572437742655e-01,-5.792579066656e-01,9.533928131145e-01,5.440046553546e-01,0.000000000000e+00
56.850000,7.578667336379e-01,-5.779002923364e-01,9.530638666100e-01,5.397760000353e-01,0.000000000000e+00
56.860000,7.584322627976e-01,-5.765597176020e-01,9.527017399027e-01,5.355417939116e-01,0.000000000000e+00
56.870000,7.589401592022e-01,-5.752357374196e-01,9.523057906232e-01,5.313111503211e-01,0.000000000000e+00
56.880000,7.593903188079e-01,-5.739278410337e-01,9.518754241038e-01,5.270929008356e-01,0.000000000000e+00
56.890000,7.597827354057e-01,-5.726354551693e-01,9.514100953519e-01,5.228955738512e-01,0.000000000000e+00
56.900000,7.601174996270e-01,-5.713579472988e-01,9.509093107025e-01,5.187273755060e-01,0.000000000000e+00
56.910000,7.603947976288e-01,-5.700946289637e-01,9.503726291483e-01,5.145961729131e-01,0.000000000000e+00
56.920000,7.606149094697e-01,-5.688447591314e-01,9.497996633495e-01,5.105094796870e-01,0.000000000000e+00
56.930000,7.607782071868e-01,-5.676075475677e-01,9.491900803243e-01,5.064744437221e-01,0.000000000000e+00
56.940000,7.608851525884e-01,-5.663821582099e-01,9.485436018275e-01,5.024978371742e-01,0.000000000000e+00
56.950000,7.609362947738e-01,-5.651677125225e-01,9.478600044215e-01,4.985860485789e-01,0.000000000000e+00
56.960000,7.609322673955e-01,-5.639632928207e-01,9.471391192495e-01,4.947450770345e-01,0.000000000000e+00
56.970000,7.608737856788e-01,-5.627679455479e-01,9.463808315205e-01,4.909805283648e-01,0.000000000000e+00
56.980000,7.607616432134e-01,-5.615806844949e-01,9.455850797165e-01,4.872976131699e-01,0.000000000000e+00
56.990000,7.605967085330e-01,-5.604004939477e-01,9.447518545354e-01,4.837011466649e-01,0.000000000000e+00
57.000000,7.603799214997e-01,-5.592263317558e-01,9.438811975820e-01,4.801955502035e-01,0.000000000000e+00
57.010000,7.601122895084e-01,-5.580571323109e-01,9.429731998232e-01,4.767848543744e-01,0.000000000000e+00
57.020000,7.597948835296e-01,-5.568918094280e-01,9.420279998205e-01,4.734727035580e-01,0.000000000000e+00
57.030000,7.594288340048e-01,-5.557292591252e-01,9.410457817586e-01,4.702623618281e-01,0.000000000000e+00
57.040000,7.590153266140e-01,-5.545683622936e-01,9.400267732846e-01,4.671567200794e-01,0.000000000000e+00
57.050000,7.585555979295e-01,-5.534079872577e-01,9.389712431756e-01,4.641583042642e-01,0.000000000000e+00
57.060000,7.580509309748e-01,-5.522469922207e-01,9.378794988529e-01,4.612692846191e-01,0.000000000000e+00
57.070000,7.575026507025e-01,-5.510842275968e-01,9.367518837596e-01,4.584914857656e-01,0.000000000000e+00
57.080000,7.569121194100e-01,-5.499185382273e-01,9.355887746205e-01,4.558263975695e-01,0.000000000000e+00
57.090000,7.562807321066e-01,-5.487487654855e-01,9.343905786006e-01,4.532751866463e-01,0.000000000000e+00
57.100000,7.556099118486e-01,-5.475737492692e-01,9.331577303824e-01,4.508387084029e-01,0.000000000000e+00
57.110000,7.549011050571e-01,-5.463923298871e-01,9.318906891776e-01,4.485175195112e-01,0.000000000000e+00
57.120000,7.541557768336e-01,-5.452033498419e-01,9.305899356915e-01,4.463118907104e-01,0.000000000000e+00
57.130000,7.533754062867e-01,-5.440056555152e-01,9.292559690581e-01,4.442218198418e-01,0.000000000000e+00
57.140000,7.525614818842e-01,-5.427980987612e-01,9.278893037613e-01,4.422470450236e-01,0.000000000000e+00
57.150000,7.517154968440e-01,-5.415795384143e-01,9.264904665589e-01,4.403870578799e-01,0.000000000000e+00
57.160000,7.508389445750e-01,-5.403488417195e-01,9.250599934264e-01,4.386411167400e-01,0.000000000000e+00
57.170000,7.499333141818e-01,-5.391048856916e-01,9.235984265342e-01,4.370082597356e-01,0.000000000000e+00
57.180000,7.490000860440e-01,-5.378465584127e-01,9.221063112734e-01,4.354873177233e-01,0.000000000000e+00
57.190000,7.480407274796e-01,-5.365727602747e-01,9.205841933452e-01,4.340769269694e-01,0.000000000000e+00
57.200000,7.470566885056e-01,-5.352824051778e-01,9.190326159249e-01,4.327755415400e-01,0.000000000000e+00
57.210000,7.460493977025e-01,-5.339744216909e-01,9.174521169153e-01,4.315814453431e-01,0.000000000000e+00
57.220000,7.450202581948e-01,-5.326477541847e-01,9.158432262995e-01,4.304927637788e-01,0.000000000000e+00
57.230000,7.439706437534e-01,-5.313013639450e-01,9.142064636047e-01,4.295074749561e-01,0.000000000000e+00
57.240000,7.429018950301e-01,-5.299342302747e-01,9.125423354871e-01,4.286234204448e-01,0.000000000000e+00
57.250000,7.418153159309e-01,-5.285453515940e-01,9.108513334465e-01,4.278383155339e-01,0.000000000000e+00
57.260000,7.407121701344e-01,-5.271337465436e-01,9.091339316791e-01,4.271497589759e-01,0.000000000000e+00
57.270000,7.395936777638e-01,-5.256984551021e-01,9.073905850762e-01,4.265552421996e-01,0.000000000000e+00
57.280000,7.384610122167e-01,-5.242385397211e-01,9.056217273747e-01,4.260521579841e-01,0.000000000000e+00
57.290000,7.373152971596e-01,-5.227530864868e-01,9.038277694655e-01,4.256378085872e-01,0.000000000000e+00
57.300000,7.361576036915e-01,-5.212412063113e-01,9.020090978641e-01,4.253094133308e-01,0.000000000000e+00
57.310000,7.349889476822e-01,-5.197020361613e-01,9.001660733471e-01,4.250641156482e-01,0.000000000000e+00
57.320000,7.338102872893e-01,-5.181347403255e-01,8.982990297577e-01,4.248989896065e-01,0.000000000000e+00
57.330000,7.326225206578e-01,-5.165385117259e-01,8.964082729823e-01,4.248110459182e-01,0.000000000000e+00
57.340000,7.314264838074e-01,-5.149125732750e-01,8.944940800986e-01,4.247972374640e-01,0.000000000000e+00
57.350000,7.302229487083e-01,-5.132561792791e-01,8.925566986968e-01,4.248544643519e-01,0.000000000000e+00
57.360000,7.290126215524e-01,-5.115686168901e-01,8.905963463711e-01,4.249795785418e-01,0.000000000000e+00
57.370000,7.277961412189e-01,-5.098492076041e-01,8.886132103833e-01,4.251693880688e-01,0.000000000000e+00
57.380000,7.265740779396e-01,-5.080973088059e-01,8.866074474927e-01,4.254206609016e-01,0.000000000000e+00
57.390000,7.253469321656e-01,-5.063123153555e-01,8.845791839528e-01,4.257301284774e-01,0.000000000000e+00
57.400000,7.241151336365e-01,-5.044936612155e-01,8.825285156685e-01,4.260944889553e-01,0.000000000000e+00
57.410000,7.228790406554e-01,-5.026408211127e-01,8.804555085112e-01,4.265104102348e-01,0.000000000000e+00
57.420000,7.216389395700e-01,-5.007533122289e-01,8.783601987863e-01,4.269745327872e-01,0.000000000000e+00
57.430000,7.203950444620e-01,-4.988306959149e-01,8.762425938474e-01,4.274834723499e-01,0.000000000000e+00
57.440000,7.191474970458e-01,-4.968725794192e-01,8.741026728514e-01,4.280338225367e-01,0.000000000000e+00
57.450000,7.178963667764e-01,-4.948786176241e-01,8.719403876483e-01,4.286221574152e-01,0.000000000000e+00
57.460000,7.166416511680e-01,-4.928485147776e-01,8.697556637972e-01,4.292450341062e-01,0.000000000000e+00
57.470000,7.153832763233e-01,-4.907820262141e-01,8.675484017032e-01,4.298989954597e-01,0.000000000000e+00
57.480000,7.141210976728e-01,-4.886789600498e-01,8.653184778662e-01,4.305805728595e-01,0.000000000000e+00
57.490000,7.128549009244e-01,-4.865391788425e-01,8.630657462329e-01,4.312862892120e-01,0.000000000000e+00
57.500000,7.115844032219e-01,-4.843626012034e-01,8.607900396457e-01,4.320126621701e-01,0.000000000000e+00
57.510000,7.103092545115e-01,-4.821492033476e-01,8.584911713777e-01,4.327562076426e-01,0.000000000000e+00
57.520000,7.090290391141e-01,-4.798990205695e-01,8.561689367471e-01,4.335134436390e-01,0.000000000000e+00
57.530000,7.077432775023e-01,-4.776121486301e-01,8.538231148011e-01,4.342808944929e-01,0.000000000000e+00
57.540000,7.064514282781e-01,-4.752887450415e-01,8.514534700612e-01,4.350550955092e-01,0.000000000000e+00
57.550000,7.051528903500e-01,-4.729290302339e-01,8.490597543206e-01,4.358325980708e-01,0.000000000000e+00
57.560000,7.038470053034e-01,-4.705332885921e-01,8.466417084858e-01,4.366099752411e-01,0.000000000000e+00
57.570000,7.025330599623e-01,-4.681018693452e-01,8.441990644537e-01,4.373838278893e-01,0.000000000000e+00
57.580000,7.012102891366e-01,-4.656351872977e-01,8.417315470153e-01,4.381507913628e-01,0.000000000000e+00
57.590000,6.998778785480e-01,-4.631337233858e-01,8.392388757786e-01,4.389075427231e-01,0.000000000000e+00
57.600000,6.985349679317e-01,-4.605980250475e-01,8.367207671027e-01,4.396508085555e-01,0.000000000000e+00
57.610000,6.971806543026e-01,-4.580287063930e-01,8.341769360357e-01,4.403773733548e-01,0.000000000000e+00
57.620000,6.958139953826e-01,-4.554264481624e-01,8.316070982478e-01,4.410840884824e-01,0.000000000000e+00
57.630000,6.944340131774e-01,-4.527919974615e-01,8.290109719556e-01,4.417678816799e-01,0.000000000000e+00
57.640000,6.930396976951e-01,-4.501261672637e-01,8.263882798278e-01,4.424257671176e-01,0.000000000000e+00
57.650000,6.916300107970e-01,-4.474298356693e-01,8.237387508683e-01,4.430548559449e-01,0.000000000000e+00
57.660000,6.902038901684e-01,-4.447039449151e-01,8.210621222701e-01,4.436523673021e-01,0.000000000000e+00
57.670000,6.887602534000e-01,-4.419495001269e-01,8.183581412353e-01,4.442156397402e-01,0.000000000000e+00
57.680000,6.872980021651e-01,-4.391675678098e-01,8.156265667547e-01,4.447421429897e-01,0.000000000000e+00
57.690000,6.858160264820e-01,-4.363592740734e-01,8.128671713444e-01,4.452294900035e-01,0.000000000000e+00
57.700000,6.843132090465e-01,-4.335258025899e-01,8.100797427333e-01,4.456754491949e-01,0.000000000000e+00
57.710000,6.827884296200e-01,-4.306683922850e-01,8.072640854988e-01,4.460779567767e-01,0.000000000000e+00
57.720000,6.812405694583e-01,-4.277883347621e-01,8.044200226464e-01,4.464351291013e-01,0.000000000000e+00
57.730000,6.796685157657e-01,-4.248869714668e-01,8.015473971297e-01,4.467452748905e-01,0.000000000000e+00
57.740000,6.780711661568e-01,-4.219656905929e-01,7.986460733083e-01,4.470069072355e-01,0.000000000000e+00
57.750000,6.764474331102e-01,-4.190259237410e-01,7.957159383400e-01,4.472187552407e-01,0.000000000000e+00
57.760000,6.747962483955e-01,-4.160691423373e-01,7.927569035045e-01,4.473797751761e-01,0.000000000000e+00
57.770000,6.731165674573e-01,-4.130968538250e-01,7.897689054563e-01,4.474891609987e-01,0.000000000000e+00
57.780000,6.714073737353e-01,-4.101105976402e-01,7.867519074034e-01,4.475463540979e-01,0.000000000000e+00
57.790000,6.696676829046e-01,-4.071119409903e-01,7.837059002098e-01,4.475510521176e-01,0.000000000000e+00
57.800000,6.678965470162e-01,-4.041024744481e-01,7.806309034181e-01,4.475032167029e-01,0.000000000000e+00
57.810000,6.660930585183e-01,-4.010838073848e-01,7.775269661899e-01,4.474030800244e-01,0.000000000000e+00
57.820000,6.642563541408e-01,-3.980575632576e-01,7.743941681618e-01,4.472511499293e-01,0.000000000000e+00
57.830000,6.623856186232e-01,-3.950253747778e-01,7.712326202108e-01,4.470482135762e-01,0.000000000000e+00
57.840000,6.604800882681e-01,-3.919888789804e-01,7.680424651300e-01,4.467953394157e-01,0.000000000000e+00
57.850000,6.585390543013e-01,-3.889497122188e-01,7.648238782067e-01,4.464938773837e-01,0.000000000000e+00
57.860000,6.565618660213e-01,-3.859095051125e-01,7.615770677019e-01,4.461454571894e-01,0.000000000000e+00
57.870000,6.545479337203e-01,-3.828698774713e-01,7.583022752256e-01,4.457519845890e-01,0.000000000000e+00
57.880000,6.524967313612e-01,-3.798324332237e-01,7.549997760037e-01,4.453156355518e-01,0.000000000000e+00
57.890000,6.504077989937e-01,-3.767987553759e-01,7.516698790324e-01,4.448388482420e-01,0.000000000000e+00
57.900000,6.482807448941e-01,-3.737704010294e-01,7.483129271141e-01,4.443243127600e-01,0.000000000000e+00
57.910000,6.461152474176e-01,-3.707488964821e-01,7.449292967713e-01,4.437749586057e-01,0.000000000000e+00
57.920000,6.439110565463e-01,-3.677357324417e-01,7.415193980315e-01,4.431939398524e-01,0.000000000000e+00
57.930000,6.416679951259e-01,-3.647323593743e-01,7.380836740801e-01,4.425846180418e-01,0.000000000000e+00
57.940000,6.393859597764e-01,-3.617401830163e-01,7.346226007739e-01,4.419505428388e-01,0.000000000000e+00
57.950000,6.370649214726e-01,-3.587605600699e-01,7.311366860119e-01,4.412954305131e-01,0.000000000000e+00
57.960000,6.347049257839e-01,-3.557947941077e-01,7.276264689581e-01,4.406231403406e-01,0.000000000000e+00
57.970000,6.323060927699e-01,-3.528441317050e-01,7.240925191110e-01,4.399376490501e-01,0.000000000000e+00
57.980000,6.298686165280e-01,-3.499097588195e-01,7.205354352175e-01,4.392430234684e-01,0.000000000000e+00
57.990000,6.273927643911e-01,-3.469927974355e-01,7.169558440256e-01,4.385433915477e-01,0.000000000000e+00
58.000000,6.248788757751e-01,-3.440943024881e-01,7.133543988753e-01,4.378429119873e-01,0.000000000000e+00
58.010000,6.223273606801e-01,-3.412152590785e-01,7.097317781240e-01,4.371457426911e-01,0.000000000000e+00
58.020000,6.197386978480e-01,-3.383565799922e-01,7.060886834063e-01,4.364560083285e-01,0.000000000000e+00
58.030000,6.171134325841e-01,-3.355191035278e-01,7.024258377280e-01,4.357777672917e-01,0.000000000000e+00
58.040000,6.144521742502e-01,-3.327035916402e-01,6.987439833952e-01,4.351149783643e-01,0.000000000000e+00
58.050000,6.117555934412e-01,-3.299107284032e-01,6.950438797818e-01,4.344714674382e-01,0.000000000000e+00
58.060000,6.090244188576e-01,-3.271411187907e-01,6.913263009379e-01,4.338508946310e-01,0.000000000000e+00
58.070000,6.062594338884e-01,-3.243952877737e-01,6.875920330461e-01,4.332567221690e-01,0.000000000000e+00
58.080000,6.034614729226e-01,-3.216736797300e-01,6.838418717313e-01,4.326921834120e-01,0.000000000000e+00
58.090000,6.006314174073e-01,-3.189766581589e-01,6.800766192326e-01,4.321602533999e-01,0.000000000000e+00
58.100000,5.977701916749e-01,-3.163045056914e-01,6.762970814485e-01,4.316636213001e-01,0.000000000000e+00
58.110000,5.948787585620e-01,-3.136574243860e-01,6.725040648656e-01,4.312046651319e-01,0.000000000000e+00
58.120000,5.919581148435e-01,-3.110355362968e-01,6.686983733856e-01,4.307854291328e-01,0.000000000000e+00
58.130000,5.890092865109e-01,-3.084388842987e-01,6.648808050647e-01,4.304076041154e-01,0.000000000000e+00
58.140000,5.860333239211e-01,-3.058674331545e-01,6.610521487830e-01,4.300725111448e-01,0.000000000000e+00
58.150000,5.830312968451e-01,-3.033210708078e-01,6.572131808605e-01,4.297810888363e-01,0.000000000000e+00
58.160000,5.800042894476e-01,-3.007996098813e-01,6.533646616418e-01,4.295338845449e-01,0.000000000000e+00
58.170000,5.769533952293e-01,-2.983027893647e-01,6.495073320675e-01,4.293310496792e-01,0.000000000000e+00
58.180000,5.738797119625e-01,-2.958302764713e-01,6.456419102562e-01,4.291723393286e-01,0.000000000000e+00
58.190000,5.707843366542e-01,-2.933816686453e-01,6.417690881204e-01,4.290571163487e-01,0.000000000000e+00
58.200000,5.676683605688e-01,-2.909564957003e-01,6.378895280384e-01,4.289843599967e-01,0.000000000000e+00
58.210000,5.645328643428e-01,-2.885542220713e-01,6.340038596083e-01,4.289526791538e-01,0.000000000000e+00
58.220000,5.613789132247e-01,-2.861742491612e-01,6.301126765082e-01,4.289603301155e-01,0.000000000000e+00
58.230000,5.582075524714e-01,-2.838159177657e-01,6.262165334876e-01,4.290052388672e-01,0.000000000000e+00
58.240000,5.550198029321e-01,-2.814785105599e-01,6.223159435157e-01,4.290850277060e-01,0.000000000000e+00
58.250000,5.518166568492e-01,-2.791612546330e-01,6.184113751093e-01,4.291970460009e-01,0.000000000000e+00
58.260000,5.485990739052e-01,-2.768633240553e-01,6.145032498666e-01,4.293384048279e-01,0.000000000000e+00
58.270000,5.453679775406e-01,-2.745838424685e-01,6.105919402281e-01,4.295060151520e-01,0.000000000000e+00
58.280000,5.421242515691e-01,-2.723218856861e-01,6.066777674870e-01,4.296966291706e-01,0.000000000000e+00
58.290000,5.388687371107e-01,-2.700764842969e-01,6.027610000700e-01,4.299068843798e-01,0.000000000000e+00
58.300000,5.356022298629e-01,-2.678466262630e-01,5.988418521067e-01,4.301333498727e-01,0.000000000000e+00
58.310000,5.323254777274e-01,-2.656312595080e-01,5.949204823046e-01,4.303725743347e-01,0.000000000000e+00
58.320000,5.290391788051e-01,-2.634292944894e-01,5.909969931446e-01,4.306211351635e-01,0.000000000000e+00
58.330000,5.257439797716e-01,-2.612396067540e-01,5.870714304095e-01,4.308756881090e-01,0.000000000000e+00
58.340000,5.224404746395e-01,-2.590610394747e-01,5.831437830546e-01,4.311330168073e-01,0.000000000000e+00
58.350000,5.191292039135e-01,-2.568924059669e-01,5.792139834287e-01,4.313900815684e-01,0.000000000000e+00
58.360000,5.158106541373e-01,-2.547324921884e-01,5.752819078487e-01,4.316440667726e-01,0.000000000000e+00
58.370000,5.124852578320e-01,-2.525800592213e-01,5.713473775309e-01,4.318924262390e-01,0.000000000000e+00
58.380000,5.091533938188e-01,-2.504338457405e-01,5.674101598752e-01,4.321329259429e-01,0.000000000000e+00
58.390000,5.058153879173e-01,-2.482925704710e-01,5.634699701005e-01,4.323636834861e-01,0.000000000000e+00
58.400000,5.024715140081e-01,-2.461549346371e-01,5.595264732216e-01,4.325832037639e-01,0.000000000000e+00
58.410000,4.991219954438e-01,-2.440196244075e-01,5.555792863595e-01,4.327904103132e-01,0.000000000000e+00
58.420000,4.957670067900e-01,-2.418853133384e-01,5.516279813700e-01,4.329846718897e-01,0.000000000000e+00
58.430000,4.924066758776e-01,-2.397506648188e-01,5.476720877768e-01,4.331658238791e-01,0.000000000000e+00
58.440000,4.890410861412e-01,-2.376143345195e-01,5.437110959906e-01,4.333341842260e-01,0.000000000000e+00
58.450000,4.856702792207e-01,-2.354749728486e-01,5.397444607927e-01,4.334905636388e-01,0.000000000000e+00
58.460000,4.822942577987e-01,-2.333312274140e-01,5.357716050633e-01,4.336362699145e-01,0.000000000000e+00
58.470000,4.789129886456e-01,-2.311817454930e-01,5.317919237283e-01,4.337731063145e-01,0.000000000000e+00
58.480000,4.755264058441e-01,-2.290251765098e-01,5.278047879002e-01,4.339033640123e-01,0.000000000000e+00
58.490000,4.721344141631e-01,-2.268601745181e-01,5.238095491870e-01,4.340298087241e-01,0.000000000000e+00
58.500000,4.687368925514e-01,-2.246854006866e-01,5.198055441417e-01,4.341556617226e-01,0.000000000000e+00
58.510000,4.653336977217e-01,-2.224995257847e-01,5.157920988245e-01,4.342845755176e-01,0.000000000000e+00
58.520000,4.619246677945e-01,-2.203012326628e-01,5.117685334503e-01,4.344206045728e-01,0.000000000000e+00
58.530000,4.585096259751e-01,-2.180892187246e-01,5.077341670951e-01,4.345681714954e-01,0.000000000000e+00
58.540000,4.550883842345e-01,-2.158621983817e-01,5.036883224330e-01,4.347320292082e-01,0.000000000000e+00
58.550000,4.516607469690e-01,-2.136189054887e-01,4.996303304792e-01,4.349172196664e-01,0.000000000000e+00
58.560000,4.482265146140e-01,-2.113580957477e-01,4.955595353145e-01,4.351290297270e-01,0.000000000000e+00
58.570000,4.447854871884e-01,-2.090785490788e-01,4.914752987672e-01,4.353729448159e-01,0.000000000000e+00
58.580000,4.413374677493e-01,-2.067790719467e-01,4.873770050326e-01,4.356546010563e-01,0.000000000000e+00
58.590000,4.378822657389e-01,-2.044584996372e-01,4.832640652092e-01,4.359797365316e-01,0.000000000000e+00
58.600000,4.344197002049e-01,-2.021156984774e-01,4.791359217352e-01,4.363541423518e-01,0.000000000000e+00
58.610000,4.309496028819e-01,-1.997495679917e-01,4.749920527093e-01,4.367836141742e-01,0.000000000000e+00
58.620000,4.274718211210e-01,-1.973590429885e-01,4.708319760825e-01,4.372739047998e-01,0.000000000000e+00
58.630000,4.239862206555e-01,-1.949430955714e-01,4.666552537117e-01,4.378306784226e-01,0.000000000000e+00
58.640000,4.204926881976e-01,-1.925007370712e-01,4.624614952627e-01,4.384594670594e-01,0.000000000000e+00
58.650000,4.169911338560e-01,-1.900310198936e-01,4.582503619599e-01,4.391656296232e-01,0.000000000000e+00
58.660000,4.134814933726e-01,-1.875330392802e-01,4.540215701741e-01,4.399543140333e-01,0.000000000000e+00
58.670000,4.099637301729e-01,-1.850059349805e-01,4.497748948477e-01,4.408304226804e-01,0.000000000000e+00
58.680000,4.064378372290e-01,-1.824488928331e-01,4.455101727541e-01,4.417985814825e-01,0.000000000000e+00
58.690000,4.029038387344e-01,-1.798611462554e-01,4.412273055911e-01,4.428631126878e-01,0.000000000000e+00
58.700000,3.993617915898e-01,-1.772419776415e-01,4.369262629095e-01,4.440280114939e-01,0.000000000000e+00
58.710000,3.958117867010e-01,-1.745907196689e-01,4.326070848772e-01,4.452969264761e-01,0.000000000000e+00
58.720000,3.922539500900e-01,-1.719067565143e-01,4.282698848815e-01,4.466731437366e-01,0.000000000000e+00
58.730000,3.886884438206e-01,-1.691895249784e-01,4.239148519715e-01,4.481595746180e-01,0.000000000000e+00
58.740000,3.851154667404e-01,-1.664385155224e-01,4.195422531426e-01,4.497587467571e-01,0.000000000000e+00
58.750000,3.815352550410e-01,-1.636532732140e-01,4.151524354654e-01,4.514727982020e-01,0.000000000000e+00
58.760000,3.779480826370e-01,-1.608333985838e-01,4.107458280604e-01,4.533034742649e-01,0.000000000000e+00
58.770000,3.743542613682e-01,-1.579785483923e-01,4.063229439210e-01,4.552521267523e-01,0.000000000000e+00
58.780000,3.707541410237e-01,-1.550884363030e-01,4.018843815840e-01,4.573197151809e-01,0.000000000000e+00
58.790000,3.671481091925e-01,-1.521628334615e-01,3.974308266487e-01,4.595068095799e-01,0.000000000000e+00
58.800000,3.635365909405e-01,-1.492015689755e-01,3.929630531454e-01,4.618135944685e-01,0.000000000000e+00
58.810000,3.599200483174e-01,-1.462045302905e-01,3.884819247510e-01,4.642398736063e-01,0.000000000000e+00
58.820000,3.562989796960e-01,-1.431716634550e-01,3.839883958519e-01,4.667850751246e-01,0.000000000000e+00
58.830000,3.526739189468e-01,-1.401029732683e-01,3.794835124533e-01,4.694482566685e-01,0.000000000000e+00
58.840000,3.490454344512e-01,-1.369985233019e-01,3.749684129339e-01,4.722281102070e-01,0.000000000000e+00
58.850000,3.454141279603e-01,-1.338584357853e-01,3.704443286453e-01,4.751229661998e-01,0.000000000000e+00
58.860000,3.417806333016e-01,-1.306828913465e-01,3.659125843568e-01,4.781307968469e-01,0.000000000000e+00
58.870000,3.381456149443e-01,-1.274721285960e-01,3.613745985468e-01,4.812492181868e-01,0.000000000000e+00
58.880000,3.345097664286e-01,-1.242264435454e-01,3.568318835419e-01,4.844754908504e-01,0.000000000000e+00
58.890000,3.308738086701e-01,-1.209461888484e-01,3.522860455096e-01,4.878065193221e-01,0.000000000000e+00
58.900000,3.272384881493e-01,-1.176317728566e-01,3.477387843075e-01,4.912388496045e-01,0.000000000000e+00
58.910000,3.236045749999e-01,-1.142836584816e-01,3.431918931979e-01,4.947686652301e-01,0.000000000000e+00
58.920000,3.199728610074e-01,-1.109023618550e-01,3.386472584361e-01,4.983917816127e-01,0.000000000000e+00
58.930000,3.163441575349e-01,-1.074884507842e-01,3.341068587420e-01,5.021036387810e-01,0.000000000000e+00
58.940000,3.127192933894e-01,-1.040425429983e-01,3.295727646689e-01,5.058992925946e-01,0.000000000000e+00
58.950000,3.090991126470e-01,-1.005653041876e-01,3.250471378823e-01,5.097734046010e-01,0.000000000000e+00
58.960000,3.054844724522e-01,-9.705744583632e-02,3.205322303633e-01,5.137202307558e-01,0.000000000000e+00
58.970000,3.018762408084e-01,-9.351972285724e-02,3.160303835518e-01,5.177336093022e-01,0.000000000000e+00
58.980000,2.982752943755e-01,-8.995293103539e-02,3.115440274450e-01,5.218069481797e-01,0.000000000000e+00
58.990000,2.946825162910e-01,-8.635790429424e-02,3.070756796649e-01,5.259332124163e-01,0.000000000000e+00
59.000000,2.910987940283e-01,-8.273551179904e-02,3.026279445084e-01,5.301049120441e-01,0.000000000000e+00
59.010000,2.875250173052e-01,-7.908665491544e-02,2.982035119882e-01,5.343140911672e-01,0.000000000000e+00
59.020000,2.839620760543e-01,-7.541226404394e-02,2.938051568732e-01,5.385523188975e-01,0.000000000000e+00
59.030000,2.804108584633e-01,-7.171329535252e-02,2.894357377285e-01,5.428106829551e-01,0.000000000000e+00
59.040000,2.768722490937e-01,-6.799072743175e-02,2.850981959517e-01,5.470797868016e-01,0.000000000000e+00
59.050000,2.733471270797e-01,-6.424555789719e-02,2.807955547944e-01,5.513497512253e-01,0.000000000000e+00
59.060000,2.698363644122e-01,-6.047879996472e-02,2.765309183516e-01,5.556102213290e-01,0.000000000000e+00
59.070000,2.663408243040e-01,-5.669147902378e-02,2.723074704903e-01,5.598503798667e-01,0.000000000000e+00
59.080000,2.628613596369e-01,-5.288462923290e-02,2.681284736824e-01,5.640589678400e-01,0.000000000000e+00
59.090000,2.593988114829e-01,-4.905929016024e-02,2.639972676938e-01,5.682243131787e-01,0.000000000000e+00
59.100000,2.559540076957e-01,-4.521650348973e-02,2.599172680746e-01,5.723343682070e-01,0.000000000000e+00
59.110000,2.525277615638e-01,-4.135730981130e-02,2.558919643819e-01,5.763767564139e-01,0.000000000000e+00
59.120000,2.491208705178e-01,-3.748274551024e-02,2.519249180580e-01,5.803388288241e-01,0.000000000000e+00
59.130000,2.457341148854e-01,-3.359383976828e-02,2.480197598759e-01,5.842077299930e-01,0.000000000000e+00
59.140000,2.423682566855e-01,-2.969161168560e-02,2.441801868565e-01,5.879704733426e-01,0.000000000000e+00
59.150000,2.390240384577e-01,-2.577706752981e-02,2.404099585522e-01,5.916140252193e-01,0.000000000000e+00
59.160000,2.357021821230e-01,-2.185119811573e-02,2.367128925864e-01,5.951253967050e-01,0.000000000000e+00
59.170000,2.324033878754e-01,-1.791497631697e-02,2.330928593337e-01,5.984917418695e-01,0.000000000000e+00
59.180000,2.291283331067e-01,-1.396935470893e-02,2.295537756240e-01,6.017004608269e-01,0.000000000000e+00
59.190000,2.258776713696e-01,-1.001526334147e-02,2.260995973529e-01,6.047393056761e-01,0.000000000000e+00
59.200000,2.226520313886e-01,-6.053607639559e-03,2.227343108884e-01,6.075964871839e-01,0.000000000000e+00
59.210000,2.194520161302e-01,-2.085266430147e-03,2.194619231659e-01,6.102607799220e-01,0.000000000000e+00
59.220000,2.162782019478e-01,1.888909904793e-03,2.162864503809e-01,6.127216235154e-01,0.000000000000e+00
59.230000,2.131311378188e-01,5.868101147611e-03,2.132119052000e-01,6.149692177065e-01,0.000000000000e+00
59.240000,2.100113446927e-01,9.851518832629e-03,2.102422824337e-01,6.169946090848e-01,0.000000000000e+00
59.250000,2.069193149706e-01,1.383840769527e-02,2.073815431407e-01,6.187897675837e-01,0.000000000000e+00
59.260000,2.038555121348e-01,1.782804697289e-02,2.046335971600e-01,6.203476511809e-01,0.000000000000e+00
59.270000,2.008203705485e-01,2.181975154460e-02,2.020022841076e-01,6.216622576472e-01,0.000000000000e+00
59.280000,1.978142954389e-01,2.581287289498e-02,1.994913529131e-01,6.227286626479e-01,0.000000000000e+00
59.290000,1.948376630788e-01,2.980679988470e-02,1.971044400144e-01,6.235430439742e-01,0.000000000000e+00
59.300000,1.918908211718e-01,3.380095930990e-02,1.948450463837e-01,6.241026921527e-01,0.000000000000e+00
59.310000,1.889740894448e-01,3.779481623277e-02,1.927165136037e-01,6.244060081089e-01,0.000000000000e+00
59.320000,1.860877604442e-01,4.178787406654e-02,1.907219992716e-01,6.244524889246e-01,0.000000000000e+00
59.330000,1.832321005263e-01,4.577967440128e-02,1.888644520591e-01,6.242427030035e-01,0.000000000000e+00
59.340000,1.804073510258e-01,4.976979656043e-02,1.871465868078e-01,6.237782561381e-01,0.000000000000e+00
59.350000,1.776137295824e-01,5.375785688315e-02,1.855708600854e-01,6.230617500412e-01,0.000000000000e+00
59.360000,1.748514316004e-01,5.774350773365e-02,1.841394466650e-01,6.220967348740e-01,0.000000000000e+00
59.370000,1.721206318107e-01,6.172643624467e-02,1.828542174148e-01,6.208876571934e-01,0.000000000000e+00
59.380000,1.694214859050e-01,6.570636280968e-02,1.817167190986e-01,6.194398045601e-01,0.000000000000e+00
59.390000,1.667541322096e-01,6.968303934429e-02,1.807281565812e-01,6.177592478359e-01,0.000000000000e+00
59.400000,1.641186933649e-01,7.365624734362e-02,1.798893779092e-01,6.158527819803e-01,0.000000000000e+00
59.410000,1.615152779822e-01,7.762579576746e-02,1.792008626938e-01,6.137278659533e-01,0.000000000000e+00
59.420000,1.589439822469e-01,8.159151878858e-02,1.786627141592e-01,6.113925621752e-01,0.000000000000e+00
59.430000,1.564048914459e-01,8.555327344225e-02,1.782746551389e-01,6.088554758910e-01,0.000000000000e+00
59.440000,1.538980813960e-01,8.951093721571e-02,1.780360282038e-01,6.061256947435e-01,0.000000000000e+00
59.450000,1.514236197597e-01,9.346440561573e-02,1.779458000016e-01,6.032127288718e-01,0.000000000000e+00
59.460000,1.489815672347e-01,9.741358975051e-02,1.780025697674e-01,6.001264518950e-01,0.000000000000e+00
59.470000,1.465719786125e-01,1.013584139588e-01,1.782045818565e-01,5.968770432073e-01,0.000000000000e+00
59.480000,1.441949037016e-01,1.052988135152e-01,1.785497420363e-01,5.934749320614e-01,0.000000000000e+00
59.490000,1.418503881188e-01,1.092347324344e-01,1.790356371773e-01,5.899307439415e-01,0.000000000000e+00
59.500000,1.395384739527e-01,1.131661213949e-01,1.796595578994e-01,5.862552497057e-01,0.000000000000e+00
59.510000,1.372592003081e-01,1.170929357922e-01,1.804185236655e-01,5.824593179033e-01,0.000000000000e+00
59.520000,1.350126037419e-01,1.210151339310e-01,1.813093097706e-01,5.785538705513e-01,0.000000000000e+00
59.530000,1.327987186012e-01,1.249326753573e-01,1.823284756532e-01,5.745498425014e-01,0.000000000000e+00
59.540000,1.306175772778e-01,1.288455193281e-01,1.834723939585e-01,5.704581443523e-01,0.000000000000e+00
59.550000,1.284692103908e-01,1.327536234126e-01,1.847372797992e-01,5.662896286995e-01,0.000000000000e+00
59.560000,1.263536469074e-01,1.366569422150e-01,1.861192197016e-01,5.620550593647e-01,0.000000000000e+00
59.570000,1.242709142134e-01,1.405554262093e-01,1.876141997726e-01,5.577650831404e-01,0.000000000000e+00
59.580000,1.222210381406e-01,1.444490206738e-01,1.892181326877e-01,5.534302035191e-01,0.000000000000e+00
59.590000,1.202040429551e-01,1.483376647153e-01,1.909268831672e-01,5.490607558600e-01,0.000000000000e+00
59.600000,1.182199513116e-01,1.522212903732e-01,1.927362916811e-01,5.446668834800e-01,0.000000000000e+00
59.610000,1.162687841735e-01,1.560998217983e-01,1.946421961925e-01,5.402585142288e-01,0.000000000000e+00
59.620000,1.143505607002e-01,1.599731745008e-01,1.966404518208e-01,5.358453372256e-01,0.000000000000e+00
59.630000,1.124652980980e-01,1.638412546666e-01,1.987269483663e-01,5.314367795793e-01,0.000000000000e+00
59.640000,1.106130114358e-01,1.677039585438e-01,2.008976256957e-01,5.270419830719e-01,0.000000000000e+00
59.650000,1.087937134217e-01,1.715611719023e-01,2.031484870349e-01,5.226697809455e-01,0.000000000000e+00
59.660000,1.070074141395e-01,1.754127695715e-01,2.054756102548e-01,5.183286750748e-01,0.000000000000e+00
59.670000,1.052541207461e-01,1.792586150634e-01,2.078751572663e-01,5.140268139131e-01,0.000000000000e+00
59.680000,1.035338371278e-01,1.830985602863e-01,2.103433816627e-01,5.097719716655e-01,0.000000000000e+00
59.690000,1.018465635175e-01,1.869324453574e-01,2.128766347621e-01,5.055715291567e-01,0.000000000000e+00
59.700000,1.001922960762e-01,1.907600985190e-01,2.154713702096e-01,5.014324568333e-01,0.000000000000e+00
59.710000,9.857102644047e-02,1.945813361634e-01,2.181241473030e-01,4.973613002737e-01,0.000000000000e+00
59.720000,9.698274124104e-02,1.983959629707e-01,2.208316331998e-01,4.933641684881e-01,0.000000000000e+00
59.730000,9.542742159768e-02,2.022037721609e-01,2.235906041606e-01,4.894467251901e-01,0.000000000000e+00
59.740000,9.390504259521e-02,2.060045458602e-01,2.263979459710e-01,4.856141831179e-01,0.000000000000e+00
59.750000,9.241557274712e-02,2.097980555808e-01,2.292506536777e-01,4.818713013896e-01,0.000000000000e+00
59.760000,9.095897345252e-02,2.135840628105e-01,2.321458307576e-01,4.782223858002e-01,0.000000000000e+00
59.770000,8.953519845237e-02,2.173623197086e-01,2.350806878308e-01,4.746712919025e-01,0.000000000000e+00
59.780000,8.814419329066e-02,2.211325699014e-01,2.380525410116e-01,4.712214306735e-01,0.000000000000e+00
59.790000,8.678589478573e-02,2.248945493710e-01,2.410588099833e-01,4.678757765363e-01,0.000000000000e+00
59.800000,8.546023051653e-02,2.286479874304e-01,2.440970158685e-01,4.646368774942e-01,0.000000000000e+00
59.810000,8.416711832789e-02,2.323926077765e-01,2.471647789568e-01,4.615068671279e-01,0.000000000000e+00
59.820000,8.290646585844e-02,2.361281296121e-01,2.502598163415e-01,4.584874782103e-01,0.000000000000e+00
59.830000,8.167817009396e-02,2.398542688292e-01,2.533799395088e-01,4.555800577035e-01,0.000000000000e+00
59.840000,8.048211694851e-02,2.435707392434e-01,2.565230519156e-01,4.527855829121e-01,0.000000000000e+00
59.850000,7.931818087501e-02,2.472772538718e-01,2.596871465816e-01,4.501046785841e-01,0.000000000000e+00
59.860000,7.818622450620e-02,2.509735262448e-01,2.628703037208e-01,4.475376347642e-01,0.000000000000e+00
59.870000,7.708609832674e-02,2.546592717435e-01,2.660706884273e-01,4.450844252211e-01,0.000000000000e+00
59.880000,7.601764037626e-02,2.583342089549e-01,2.692865484289e-01,4.427447262825e-01,0.000000000000e+00
59.890000,7.498067598316e-02,2.619980610354e-01,2.725162119163e-01,4.405179359284e-01,0.000000000000e+00
59.900000,7.397501752825e-02,2.656505570764e-01,2.757580854541e-01,4.384031930045e-01,0.000000000000e+00
59.910000,7.300046423711e-02,2.692914334639e-01,2.790106519756e-01,4.363993964278e-01,0.000000000000e+00
59.920000,7.205680199978e-02,2.729204352248e-01,2.822724688624e-01,4.345052242706e-01,0.000000000000e+00
59.930000,7.114380321591e-02,2.765373173537e-01,2.855421661072e-01,4.327191526161e-01,0.000000000000e+00
59.940000,7.026122666369e-02,2.801418461137e-01,2.888184445569e-01,4.310394740868e-01,0.000000000000e+00
59.950000,6.940881739014e-02,2.837338003047e-01,2.921000742329e-01,4.294643159603e-01,0.000000000000e+00
59.960000,6.858630662068e-02,2.873129724944e-01,2.953858927225e-01,4.279916577873e-01,0.000000000000e+00
59.970000,6.779341168556e-02,2.908791702064e-01,2.986748036376e-01,4.266193484415e-01,0.000000000000e+00
59.980000,6.702983596049e-02,2.944322170602e-01,3.019657751333e-01,4.253451225325e-01,0.000000000000e+00
59.990000,6.629526881923e-02,2.979719538587e-01,3.052578384811e-01,4.241666161235e-01,0.000000000000e+00
60.000000,6.558938559522e-02,3.014982396195e-01,3.085500866900e-01,4.230813817013e-01,0.000000000000e+00
60.010000,6.491184754993e-02,3.050109525453e-01,3.118416731692e-01,4.220869023523e-01,0.000000000000e+00
60.020000,6.426230184531e-02,3.085099909306e-01,3.151318104262e-01,4.211806051074e-01,0.000000000000e+00
60.030000,6.364038151783e-02,3.119952740005e-01,3.184197687933e-01,4.203598734224e-01,0.000000000000e+00
60.040000,6.304570545177e-02,3.154667426801e-01,3.217048751777e-01,4.196220587723e-01,0.000000000000e+00
60.050000,6.247787834943e-02,3.189243602904e-01,3.249865118273e-01,4.189644913392e-01,0.000000000000e+00
60.060000,6.193649069624e-02,3.223681131701e-01,3.282641151095e-01,4.183844897853e-01,0.000000000000e+00
60.070000,6.142111871868e-02,3.257980112187e-01,3.315371742938e-01,4.178793701070e-01,0.000000000000e+00
60.080000,6.093132433336e-02,3.292140883626e-01,3.348052303377e-01,4.174464535732e-01,0.000000000000e+00
60.090000,6.046665508563e-02,3.326164029392e-01,3.380678746664e-01,4.170830737579e-01,0.000000000000e+00
60.100000,6.002664407644e-02,3.360050380002e-01,3.413247479463e-01,4.167865826827e-01,0.000000000000e+00
60.110000,5.961080987647e-02,3.393801015323e-01,3.445755388448e-01,4.165543560929e-01,0.000000000000e+00
60.120000,5.921865642655e-02,3.427417265936e-01,3.478199827746e-01,4.163837978937e-01,0.000000000000e+00
60.130000,5.884967292416e-02,3.460900713666e-01,3.510578606182e-01,4.162723437811e-01,0.000000000000e+00
60.140000,5.850333369546e-02,3.494253191264e-01,3.542889974301e-01,4.162174641070e-01,0.000000000000e+00
60.150000,5.817909805331e-02,3.527476781233e-01,3.575132611130e-01,4.162166660193e-01,0.000000000000e+00
60.160000,5.787641014141e-02,3.560573813815e-01,3.607305610662e-01,4.162674949284e-01,0.000000000000e+00
60.170000,5.759469876541e-02,3.593546864117e-01,3.639408468034e-01,4.163675353474e-01,0.000000000000e+00
60.180000,5.733337721200e-02,3.626398748391e-01,3.671441065384e-01,4.165144111652e-01,0.000000000000e+00
60.190000,5.709184305732e-02,3.659132519469e-01,3.703403657368e-01,4.167057854059e-01,0.000000000000e+00
60.200000,5.686947796630e-02,3.691751461349e-01,3.735296856314e-01,4.169393595379e-01,0.000000000000e+00
60.210000,5.666564748490e-02,3.724259082950e-01,3.767121617020e-01,4.172128723921e-01,0.000000000000e+00
60.220000,5.647970082739e-02,3.756659111023e-01,3.798879221164e-01,4.175240987531e-01,0.000000000000e+00
60.230000,5.631097066123e-02,3.788955482249e-01,3.830571261332e-01,4.178708476876e-01,0.000000000000e+00
60.240000,5.615877289215e-02,3.821152334502e-01,3.862199624663e-01,4.182509606727e-01,0.000000000000e+00
60.250000,5.602240645256e-02,3.853253997319e-01,3.893766476091e-01,4.186623095892e-01,0.000000000000e+00
60.260000,5.590115309621e-02,3.885264981560e-01,3.925274241208e-01,4.191027946413e-01,0.000000000000e+00
60.270000,5.579427720260e-02,3.917189968282e-01,3.956725588724e-01,4.195703422655e-01,0.000000000000e+00
60.280000,5.570102559466e-02,3.949033796839e-01,3.988123412559e-01,4.200629030875e-01,0.000000000000e+00
60.290000,5.562062737324e-02,3.980801452223e-01,4.019470813548e-01,4.205784499849e-01,0.000000000000e+00
60.300000,5.555229377218e-02,4.012498051662e-01,4.050771080786e-01,4.211149763104e-01,0.000000000000e+00
60.310000,5.549521803786e-02,4.044128830485e-01,4.082027672624e-01,4.216704943267e-01,0.000000000000e+00
60.320000,5.544857533708e-02,4.075699127291e-01,4.113244197333e-01,4.222430339013e-01,0.000000000000e+00
60.330000,5.541152269715e-02,4.107214368431e-01,4.144424393448e-01,4.228306415048e-01,0.000000000000e+00
60.340000,5.538319898218e-02,4.138680051833e-01,4.175572109830e-01,4.234313795526e-01,0.000000000000e+00
60.350000,5.536272490931e-02,4.170101730201e-01,4.206691285460e-01,4.240433261247e-01,0.000000000000e+00
60.360000,5.534920310898e-02,4.201484993618e-01,4.237785929005e-01,4.246645750939e-01,0.000000000000e+00
60.370000,5.534171823259e-02,4.232835451579e-01,4.268860098181e-01,4.252932366863e-01,0.000000000000e+00
60.380000,5.533933711153e-02,4.264158714515e-01,4.299917878957e-01,4.259274384944e-01,0.000000000000e+00
60.390000,5.534110897093e-02,4.295460374823e-01,4.330963364643e-01,4.265653269564e-01,0.000000000000e+00
60.400000,5.534606570130e-02,4.326745987465e-01,4.362000634904e-01,4.272050693090e-01,0.000000000000e+00
60.410000,5.535322219155e-02,4.358021050189e-01,4.393033734743e-01,4.278448560162e-01,0.000000000000e+00
60.420000,5.536157672592e-02,4.389290983414e-01,4.424066653525e-01,4.284829036701e-01,0.000000000000e+00
60.430000,5.537011144781e-02,4.420561109848e-01,4.455103304086e-01,4.291174583543e-01,0.000000000000e+00
60.440000,5.537779289284e-02,4.451836633904e-01,4.486147501982e-01,4.297467994530e-01,0.000000000000e+00
60.450000,5.538357259327e-02,4.483122620975e-01,4.517202944967e-01,4.303692438855e-01,0.000000000000e+00
60.460000,5.538638775575e-02,4.514423976654e-01,4.548273192746e-01,4.309831507370e-01,0.000000000000e+00
60.470000,5.538516201402e-02,4.545745425966e-01,4.579361647088e-01,4.315869262536e-01,0.000000000000e+00
60.480000,5.537880625774e-02,4.577091492699e-01,4.610471532370e-01,4.321790291625e-01,0.000000000000e+00
60.490000,5.536621953858e-02,4.608466478934e-01,4.641605876639e-01,4.327579762729e-01,0.000000000000e+00
60.500000,5.534629005403e-02,4.639874444838e-01,4.672767493267e-01,4.333223483083e-01,0.000000000000e+00
60.510000,5.531789620951e-02,4.671319188853e-01,4.703958963283e-01,4.338707959182e-01,0.000000000000e+00
60.520000,5.527990775853e-02,4.702804228350e-01,4.735182618481e-01,4.344020458078e-01,0.000000000000e+00
60.530000,5.523118702074e-02,4.734332780865e-01,4.766440525376e-01,4.349149069270e-01,0.000000000000e+00
60.540000,5.517059017719e-02,4.765907746035e-01,4.797734470118e-01,4.354082766499e-01,0.000000000000e+00
60.550000,5.509696864176e-02,4.797531688310e-01,4.829065944434e-01,4.358811468778e-01,0.000000000000e+00
60.560000,5.500917050750e-02,4.829206820599e-01,4.860436132705e-01,4.363326099932e-01,0.000000000000e+00
60.570000,5.490604206636e-02,4.860934988912e-01,4.891845900268e-01,4.367618645920e-01,0.000000000000e+00
60.580000,5.478642940031e-02,4.892717658158e-01,4.923295783019e-01,4.371682209177e-01,0.000000000000e+00
60.590000,5.464918004174e-02,4.924555899172e-01,4.954785978425e-01,4.375511059233e-01,0.000000000000e+00
60.600000,5.449314470068e-02,4.956450377113e-01,4.986316338012e-01,4.379100678836e-01,0.000000000000e+00
60.610000,5.431717905613e-02,4.988401341323e-01,5.017886361425e-01,4.382447804826e-01,0.000000000000e+00
60.620000,5.412014560849e-02,5.020408616765e-01,5.049495192131e-01,4.385550463030e-01,0.000000000000e+00
60.630000,5.390091559011e-02,5.052471597140e-01,5.081141614839e-01,4.388407996438e-01,0.000000000000e+00
60.640000,5.365837093028e-02,5.084589239776e-01,5.112824054701e-01,4.391021085981e-01,0.000000000000e+00
60.650000,5.339140627130e-02,5.116760062395e-01,5.144540578369e-01,4.393391763250e-01,0.000000000000e+00
60.660000,5.309893103182e-02,5.148982141826e-01,5.176288896933e-01,4.395523414546e-01,0.000000000000e+00
60.670000,5.277987151333e-02,5.181253114757e-01,5.208066370821e-01,4.397420775696e-01,0.000000000000e+00
60.680000,5.243317304600e-02,5.213570180584e-01,5.239870016656e-01,4.399089917157e-01,0.000000000000e+00
60.690000,5.205780216930e-02,5.245930106424e-01,5.271696516128e-01,4.400538218959e-01,0.000000000000e+00
60.700000,5.165274884326e-02,5.278329234325e-01,5.303542226874e-01,4.401774335164e-01,0.000000000000e+00
60.710000,5.121702868566e-02,5.310763490733e-01,5.335403195377e-01,4.402808147569e-01,0.000000000000e+00
60.720000,5.074968523061e-02,5.343228398205e-01,5.367275171862e-01,4.403650708494e-01,0.000000000000e+00
60.730000,5.024979220364e-02,5.375719089407e-01,5.399153627178e-01,4.404314172601e-01,0.000000000000e+00
60.740000,4.971645580839e-02,5.408230323367e-01,5.431033771613e-01,4.404811717785e-01,0.000000000000e+00
60.750000,4.914881701984e-02,5.440756503976e-01,5.462910575600e-01,4.405157455317e-01,0.000000000000e+00
60.760000,4.854605387874e-02,5.473291700686e-01,5.494778792228e-01,4.405366329515e-01,0.000000000000e+00
60.770000,4.790738378194e-02,5.505829671357e-01,5.526632981489e-01,4.405454007379e-01,0.000000000000e+00
60.780000,4.723206576295e-02,5.538363887178e-01,5.558467536149e-01,4.405436758719e-01,0.000000000000e+00
60.790000,4.651940275679e-02,5.570887559570e-01,5.590276709131e-01,4.405331327479e-01,0.000000000000e+00
60.800000,4.576874384331e-02,5.603393668958e-01,5.622054642265e-01,4.405154795058e-01,0.000000000000e+00
60.810000,4.497948646226e-02,5.635874995301e-01,5.653795396272e-01,4.404924436595e-01,0.000000000000e+00
60.820000,4.415107859379e-02,5.668324150219e-01,5.685492981796e-01,4.404657571295e-01,0.000000000000e+00
60.830000,4.328302089718e-02,5.700733610559e-01,5.717141391321e-01,4.404371408018e-01,0.000000000000e+00
60.840000,4.237486880042e-02,5.733095753233e-01,5.748734631754e-01,4.404082887480e-01,0.000000000000e+00
60.850000,4.142623453292e-02,5.765402891126e-01,5.780266757491e-01,4.403808522513e-01,0.000000000000e+00
60.860000,4.043678909302e-02,5.797647309856e-01,5.811731903718e-01,4.403564237967e-01,0.000000000000e+00
60.870000,3.940626414164e-02,5.829821305181e-01,5.843124319720e-01,4.403365211918e-01,0.000000000000e+00
60.880000,3.833445381274e-02,5.861917220801e-01,5.874438401962e-01,4.403225719937e-01,0.000000000000e+00
60.890000,3.722121643085e-02,5.893927486317e-01,5.905668726674e-01,4.403158984256e-01,0.000000000000e+00
60.900000,3.606647612535e-02,5.925844655073e-01,5.936810081691e-01,4.403177029699e-01,0.000000000000e+00
60.910000,3.487022433045e-02,5.957661441640e-01,5.967857497267e-01,4.403290548304e-01,0.000000000000e+00
60.920000,3.363252115950e-02,5.989370758645e-01,5.998806275624e-01,4.403508774569e-01,0.000000000000e+00
60.930000,3.235349664145e-02,6.020965752681e-01,6.029652018936e-01,4.403839373253e-01,0.000000000000e+00
60.940000,3.103335180681e-02,6.052439839018e-01,6.060390655508e-01,4.404288341616e-01,0.000000000000e+00
60.950000,2.967235961001e-02,6.083786734830e-01,6.091018463884e-01,4.404859927955e-01,0.000000000000e+00
60.960000,2.827086567441e-02,6.115000490679e-01,6.121532094631e-01,4.405556568190e-01,0.000000000000e+00
60.970000,2.682928884581e-02,6.146075519962e-01,6.151928589562e-01,4.406378842157e-01,0.000000000000e+00
60.980000,2.534812154021e-02,6.177006626087e-01,6.182205398180e-01,4.407325451126e-01,0.000000000000e+00
60.990000,2.382792987081e-02,6.207789027110e-01,6.212360391132e-01,4.408393217901e-01,0.000000000000e+00
61.000000,2.226935353963e-02,6.238418377596e-01,6.242391870480e-01,4.409577110679e-01,0.000000000000e+00
61.010000,2.067310547873e-02,6.268890787498e-01,6.272298576645e-01,4.410870291607e-01,0.000000000000e+00
61.020000,1.903997122622e-02,6.299202837838e-01,6.302079691868e-01,4.412264190764e-01,0.000000000000e+00
61.030000,1.737080802267e-02,6.329351593022e-01,6.331734840092e-01,4.413748606010e-01,0.000000000000e+00
61.040000,1.566654361386e-02,6.359334609626e-01,6.361264083189e-01,4.415311828868e-01,0.000000000000e+00
61.050000,1.392817474645e-02,6.389149941522e-01,6.390667913484e-01,4.416940796289e-01,0.000000000000e+00
61.060000,1.215676534420e-02,6.418796141261e-01,6.419947242573e-01,4.418621267842e-01,0.000000000000e+00
61.070000,1.035344435329e-02,6.448272257615e-01,6.449103386466e-01,4.420338027527e-01,0.000000000000e+00
61.080000,8.519403246720e-03,6.477577829269e-01,6.478138047109e-01,4.422075109063e-01,0.000000000000e+00
61.090000,6.655893179378e-03,6.506712874636e-01,6.507053290420e-01,4.423816043160e-01,0.000000000000e+00
61.100000,4.764221787074e-03,6.535677877843e-01,6.535851520946e-01,4.425544124920e-01,0.000000000000e+00
61.110000,2.845749625091e-03,6.564473770934e-01,6.564535453357e-01,4.427242699192e-01,0.000000000000e+00
61.120000,9.018862439761e-04,6.593101912418e-01,6.593108080974e-01,4.428895461331e-01,0.000000000000e+00
61.130000,-1.065914097050e-03,6.621564062267e-01,6.621572641601e-01,4.430486770527e-01,0.000000000000e+00
61.140000,-3.056157075928e-03,6.649862353571e-01,6.649932580940e-01,4.432001972526e-01,0.000000000000e+00
61.150000,-5.067313306658e-03,6.677999261020e-01,6.678191513920e-01,4.433427728337e-01,0.000000000000e+00
61.160000,-7.097823681931e-03,6.705977566488e-01,6.706353184283e-01,4.434752345223e-01,0.000000000000e+00
61.170000,-9.146105046716e-03,6.733800321962e-01,6.734421422795e-01,4.435966106083e-01,0.000000000000e+00
61.180000,-1.121055618659e-02,6.761470810133e-01,6.762400104496e-01,4.437061593180e-01,0.000000000000e+00
61.190000,-1.328956411095e-02,6.788992502973e-01,6.790293105371e-01,4.438034002006e-01,0.000000000000e+00
61.200000,-1.538151060746e-02,6.816369018639e-01,6.818104258891e-01,4.438881441032e-01,0.000000000000e+00
61.210000,-1.748477904068e-02,6.843604077086e-01,6.845837312829e-01,4.439605213047e-01,0.000000000000e+00
61.220000,-1.959776136368e-02,6.870701454781e-01,6.873495886794e-01,4.440210073845e-01,0.000000000000e+00
61.230000,-2.171886530825e-02,6.897664938895e-01,6.901083430903e-01,4.440704464073e-01,0.000000000000e+00
61.240000,-2.384652171556e-02,6.924498281408e-01,6.928603185997e-01,4.441100710266e-01,0.000000000000e+00
61.250000,-2.597919196591e-02,6.951205153527e-01,6.956058145814e-01,4.441415191235e-01,0.000000000000e+00
61.260000,-2.811537546301e-02,6.977789100825e-01,6.983451021475e-01,4.441668466303e-01,0.000000000000e+00
61.270000,-3.025361712557e-02,7.004253499516e-01,7.010784208660e-01,4.441885362192e-01,0.000000000000e+00
61.280000,-3.239251483640e-02,7.030601514254e-01,7.038059757772e-01,4.442095015749e-01,0.000000000000e+00
61.290000,-3.453072679699e-02,7.056836057845e-01,7.065279347387e-01,4.442330870149e-01,0.000000000000e+00
61.300000,-3.666697873432e-02,7.082959753221e-01,7.092444261233e-01,4.442630622708e-01,0.000000000000e+00
61.310000,-3.880007090485e-02,7.108974898025e-01,7.119555368910e-01,4.443036122952e-01,0.000000000000e+00
61.320000,-4.092888484066e-02,7.134883432103e-01,7.146613110497e-01,4.443593220197e-01,0.000000000000e+00
61.330000,-4.305238978200e-02,7.160686908188e-01,7.173617485181e-01,4.444351560456e-01,0.000000000000e+00
61.340000,-4.516964874164e-02,7.186386466013e-01,7.200568043956e-01,4.445364333162e-01,0.000000000000e+00
61.350000,-4.727982414686e-02,7.211982810045e-01,7.227463886421e-01,4.446687968797e-01,0.000000000000e+00
61.360000,-4.938218300736e-02,7.237476191017e-01,7.254303661648e-01,4.448381789200e-01,0.000000000000e+00
61.370000,-5.147610155920e-02,7.262866391356e-01,7.281085573035e-01,4.450507612946e-01,0.000000000000e+00
61.380000,-5.356106933820e-02,7.288152714583e-01,7.307807387031e-01,4.453129318852e-01,0.000000000000e+00
61.390000,-5.563669263988e-02,7.313333978721e-01,7.334466445564e-01,4.456312371243e-01,0.000000000000e+00
61.400000,-5.770269732709e-02,7.338408513674e-01,7.361059681965e-01,4.460123311211e-01,0.000000000000e+00
61.410000,-5.975893095148e-02,7.363374162522e-01,7.387583640145e-01,4.464629218649e-01,0.000000000000e+00
61.420000,-6.180536416022e-02,7.388228286619e-01,7.414034496757e-01,4.469897150289e-01,0.000000000000e+00
61.430000,-6.384209136519e-02,7.412967774355e-01,7.440408086026e-01,4.475993559447e-01,0.000000000000e+00
61.440000,-6.586933065811e-02,7.437589053365e-01,7.466699926934e-01,4.482983703500e-01,0.000000000000e+00
61.450000,-6.788742296176e-02,7.462088106001e-01,7.492905252394e-01,4.490931045426e-01,0.000000000000e+00
61.460000,-6.989683041402e-02,7.486460487769e-01,7.519019040082e-01,4.499896655931e-01,0.000000000000e+00
61.470000,-7.189813398885e-02,7.510701348482e-01,7.545036044526e-01,4.509938622802e-01,0.000000000000e+00
61.480000,-7.389203036507e-02,7.534805455798e-01,7.570950830106e-01,4.521111474153e-01,0.000000000000e+00
61.490000,-7.587932806123e-02,7.558767220835e-01,7.596757804582e-01,4.533465622161e-01,0.000000000000e+00
61.500000,-7.786094286165e-02,7.582580725520e-01,7.622451252803e-01,4.547046833714e-01,0.000000000000e+00
61.510000,-7.983789256561e-02,7.606239751333e-01,7.648025370231e-01,4.561895734150e-01,0.000000000000e+00
61.520000,-8.181129109817e-02,7.629737809110e-01,7.673474295968e-01,4.578047349895e-01,0.000000000000e+00
61.530000,-8.378234202710e-02,7.653068169550e-01,7.698792144962e-01,4.595530695367e-01,0.000000000000e+00
61.540000,-8.575233153605e-02,7.676223894124e-01,7.723973039124e-01,4.614368408997e-01,0.000000000000e+00
61.550000,-8.772262090919e-02,7.699197866053e-01,7.749011137078e-01,4.634576442594e-01,0.000000000000e+00
61.560000,-8.969463858659e-02,7.721982821078e-01,7.773900662354e-01,4.656163807594e-01,0.000000000000e+00
61.570000,-9.166987185351e-02,7.744571377747e-01,7.798635929801e-01,4.679132381032e-01,0.000000000000e+00
61.580000,-9.364985822941e-02,7.766956066991e-01,7.823211370097e-01,4.703476773230e-01,0.000000000000e+00
61.590000,-9.563617662425e-02,7.789129360768e-01,7.847621552210e-01,4.729184258418e-01,0.000000000000e+00
61.600000,-9.763043833104e-02,7.811083699618e-01,7.871861203763e-01,4.756234768613e-01,0.000000000000e+00
61.610000,-9.963427792342e-02,7.832811518983e-01,7.895925229233e-01,4.784600950249e-01,0.000000000000e+00
61.620000,-1.016493441263e-01,7.854305274185e-01,7.919808725987e-01,4.814248282168e-01,0.000000000000e+00
61.630000,-1.036772907260e-01,7.875557464019e-01,7.943506998190e-01,4.845135252765e-01,0.000000000000e+00
61.640000,-1.057197675838e-01,7.896560652899e-01,7.967015568625e-01,4.877213593266e-01,0.000000000000e+00
61.650000,-1.077784118135e-01,7.917307491596e-01,7.990330188533e-01,4.910428563363e-01,0.000000000000e+00
61.660000,-1.098548391782e-01,7.937790736573e-01,8.013446845566e-01,4.944719284749e-01,0.000000000000e+00
61.670000,-1.119506357600e-01,7.958003268006e-01,8.036361769999e-01,4.980019117485e-01,0.000000000000e+00
61.680000,-1.140673499458e-01,7.977938106558e-01,8.059071439343e-01,5.016256073597e-01,0.000000000000e+00
61.690000,-1.162064847723e-01,7.997588429037e-01,8.081572581533e-01,5.053353261885e-01,0.000000000000e+00
61.700000,-1.183694906612e-01,8.016947583045e-01,8.103862176841e-01,5.091229357627e-01,0.000000000000e+00
61.710000,-1.205577585746e-01,8.036009100763e-01,8.125937458705e-01,5.129799090613e-01,0.000000000000e+00
61.720000,-1.227726136093e-01,8.054766712019e-01,8.147795913638e-01,5.168973744919e-01,0.000000000000e+00
61.730000,-1.250153090453e-01,8.073214356775e-01,8.169435280361e-01,5.208661663818e-01,0.000000000000e+00
61.740000,-1.272870208554e-01,8.091346197177e-01,8.190853548342e-01,5.248768753395e-01,0.000000000000e+00
61.750000,-1.295888426781e-01,8.109156629295e-01,8.212048955840e-01,5.289198978688e-01,0.000000000000e+00
61.760000,-1.319217812479e-01,8.126640294689e-01,8.233019987588e-01,5.329854846562e-01,0.000000000000e+00
61.770000,-1.342867522751e-01,8.143792091876e-01,8.253765372202e-01,5.370637869965e-01,0.000000000000e+00
61.780000,-1.366845767590e-01,8.160607187804e-01,8.274284079364e-01,5.411449008789e-01,0.000000000000e+00
61.790000,-1.391159777166e-01,8.177081029383e-01,8.294575316838e-01,5.452189083166e-01,0.000000000000e+00
61.800000,-1.415815773048e-01,8.193209355102e-01,8.314638527305e-01,5.492759155735e-01,0.000000000000e+00
61.810000,-1.440818943115e-01,8.208988206757e-01,8.334473385014e-01,5.533060880136e-01,0.000000000000e+00
61.820000,-1.466173419888e-01,8.224413941246e-01,8.354079792182e-01,5.572996813745e-01,0.000000000000e+00
61.830000,-1.491882262026e-01,8.239483242418e-01,8.373457875086e-01,5.612470693450e-01,0.000000000000e+00
61.840000,-1.517947438695e-01,8.254193132872e-01,8.392607979728e-01,5.651387674059e-01,0.000000000000e+00
61.850000,-1.544369816559e-01,8.268540985636e-01,8.411530666974e-01,5.689654529655e-01,0.000000000000e+00
61.860000,-1.571149149135e-01,8.282524535588e-01,8.430226707002e-01,5.727179819027e-01,0.000000000000e+00
61.870000,-1.598284068285e-01,8.296141890496e-01,8.448697072933e-01,5.763874016942e-01,0.000000000000e+00
61.880000,-1.625772077641e-01,8.309391541507e-01,8.466942933462e-01,5.799649613748e-01,0.000000000000e+00
61.890000,-1.653609547795e-01,8.322272372917e-01,8.484965644336e-01,5.834421186396e-01,0.000000000000e+00
61.900000,-1.681791713128e-01,8.334783671044e-01,8.502766738506e-01,5.868105444519e-01,0.000000000000e+00
61.910000,-1.710312670182e-01,8.346925132004e-01,8.520347914790e-01,5.900621255745e-01,0.000000000000e+00
61.920000,-1.739165377528e-01,8.358696868199e-01,8.537711024908e-01,5.931889654827e-01,0.000000000000e+00
61.930000,-1.768341657145e-01,8.370099413309e-01,8.554858058733e-01,5.961833841581e-01,0.000000000000e+00
61.940000,-1.797832197337e-01,8.381133725609e-01,8.571791127666e-01,5.990379172900e-01,0.000000000000e+00
61.950000,-1.827626557296e-01,8.391801189395e-01,8.588512446010e-01,6.017453154374e-01,0.000000000000e+00
61.960000,-1.857713173455e-01,8.402103614352e-01,8.605024310316e-01,6.042985437161e-01,0.000000000000e+00
61.970000,-1.888079367794e-01,8.412043232679e-01,8.621329076631e-01,6.066907825866e-01,0.000000000000e+00
61.980000,-1.918711358349e-01,8.421622693821e-01,8.637429135671e-01,6.089154303104e-01,0.000000000000e+00
61.990000,-1.949594272171e-01,8.430845056649e-01,8.653326885961e-01,6.109661076314e-01,0.000000000000e+00
62.000000,-1.980712161040e-01,8.439713778977e-01,8.669024705003e-01,6.128366652119e-01,0.000000000000e+00
62.010000,-2.012048020252e-01,8.448232704321e-01,8.684524918622e-01,6.145211943128e-01,0.000000000000e+00
62.020000,-2.043583810835e-01,8.456406045804e-01,8.699829768646e-01,6.160140411523e-01,0.000000000000e+00
62.030000,-2.075300485553e-01,8.464238367194e-01,8.714941379149e-01,6.173098253072e-01,0.000000000000e+00
62.040000,-2.107178019065e-01,8.471734561053e-01,8.729861721526e-01,6.184034624307e-01,0.000000000000e+00
62.050000,-2.139195442616e-01,8.478899824031e-01,8.744592578712e-01,6.192901914558e-01,0.000000000000e+00
62.060000,-2.171330883618e-01,8.485739629388e-01,8.759135508937e-01,6.199656063243e-01,0.000000000000e+00
62.070000,-2.203561610447e-01,8.492259696859e-01,8.773491809418e-01,6.204256921436e-01,0.000000000000e+00
62.080000,-2.235864082777e-01,8.498465960046e-01,8.787662480473e-01,6.206668655099e-01,0.000000000000e+00
62.090000,-2.268214007696e-01,8.504364531555e-01,8.801648190554e-01,6.206860185695e-01,0.000000000000e+00
62.100000,-2.300586401806e-01,8.509961666171e-01,8.815449242771e-01,6.204805662042e-01,0.000000000000e+00
62.110000,-2.332955659435e-01,8.515263722393e-01,8.829065543464e-01,6.200484955480e-01,0.000000000000e+00
62.120000,-2.365295627009e-01,8.520277122744e-01,8.842496573452e-01,6.193884168569e-01,0.000000000000e+00
62.130000,-2.397579683522e-01,8.525008313278e-01,8.855741362546e-01,6.184996145849e-01,0.000000000000e+00
62.140000,-2.429780826942e-01,8.529463722783e-01,8.868798467958e-01,6.173820973672e-01,0.000000000000e+00
62.150000,-2.461871766277e-01,8.533649722213e-01,8.881665957185e-01,6.160366454883e-01,0.000000000000e+00
62.160000,-2.493825018897e-01,8.537572584893e-01,8.894341395921e-01,6.144648543240e-01,0.000000000000e+00
62.170000,-2.525613012571e-01,8.541238448083e-01,8.906821841503e-01,6.126691722067e-01,0.000000000000e+00
62.180000,-2.557208191558e-01,8.544653276465e-01,8.919103842313e-01,6.106529311726e-01,0.000000000000e+00
62.190000,-2.588583125970e-01,8.547822828123e-01,8.931183443477e-01,6.084203691201e-01,0.000000000000e+00
62.200000,-2.619710623497e-01,8.550752623545e-01,8.943056199081e-01,6.059766420368e-01,0.000000000000e+00
62.210000,-2.650563842479e-01,8.553447918131e-01,8.954717191025e-01,6.033278251499e-01,0.000000000000e+00
62.220000,-2.681116405238e-01,8.555913678633e-01,8.966161054467e-01,6.004809021028e-01,0.000000000000e+00
62.230000,-2.711342510501e-01,8.558154563860e-01,8.977382009705e-01,5.974437415712e-01,0.000000000000e+00
62.240000,-2.741217043728e-01,8.560174909912e-01,8.988373900162e-01,5.942250610791e-01,0.000000000000e+00
62.250000,-2.770715684112e-01,8.561978720071e-01,8.999130236036e-01,5.908343781585e-01,0.000000000000e+00
62.260000,-2.799815007095e-01,8.563569659407e-01,9.009644243003e-01,5.872819493928e-01,0.000000000000e+00
62.270000,-2.828492581244e-01,8.564951054013e-01,9.019908915271e-01,5.835786982758e-01,0.000000000000e+00
62.280000,-2.856727058447e-01,8.566125894692e-01,9.029917072165e-01,5.797361331946e-01,0.000000000000e+00
62.290000,-2.884498256498e-01,8.567096844821e-01,9.039661417347e-01,5.757662571698e-01,0.000000000000e+00
62.300000,-2.911787233266e-01,8.567866252005e-01,9.049134599732e-01,5.716814712647e-01,0.000000000000e+00
62.310000,-2.938576351828e-01,8.568436163107e-01,9.058329275135e-01,5.674944737670e-01,0.000000000000e+00
62.320000,-2.964849336086e-01,8.568808342127e-01,9.067238167700e-01,5.632181573615e-01,0.000000000000e+00
62.330000,-2.990591316603e-01,8.568984290428e-01,9.075854130194e-01,5.588655065276e-01,0.000000000000e+00
62.340000,-3.015788866551e-01,8.568965268767e-01,9.084170202332e-01,5.544494973182e-01,0.000000000000e+00
62.350000,-3.040430027838e-01,8.568752320594e-01,9.092179666387e-01,5.499830015107e-01,0.000000000000e+00
62.360000,-3.064504327668e-01,8.568346296152e-01,9.099876099436e-01,5.454786968683e-01,0.000000000000e+00
62.370000,-3.088002785878e-01,8.567747876918e-01,9.107253421753e-01,5.409489849428e-01,0.000000000000e+00
62.380000,-3.110917913562e-01,8.566957599998e-01,9.114305940942e-01,5.364059174873e-01,0.000000000000e+00
62.390000,-3.133243703544e-01,8.565975882183e-01,9.121028391576e-01,5.318611321709e-01,0.000000000000e+00
62.400000,-3.154975613333e-01,8.564803043394e-01,9.127415970189e-01,5.273257979111e-01,0.000000000000e+00
62.410000,-3.176110541236e-01,8.563439329355e-01,9.133464365601e-01,5.228105697830e-01,0.000000000000e+00
62.420000,-3.196646796293e-01,8.561884933363e-01,9.139169784636e-01,5.183255531650e-01,0.000000000000e+00
62.430000,-3.216584062700e-01,8.560140017082e-01,9.144528973352e-01,5.138802765278e-01,0.000000000000e+00
62.440000,-3.235923359357e-01,8.558204730326e-01,9.149539233962e-01,5.094836721054e-01,0.000000000000e+00
62.450000,-3.254666995132e-01,8.556079229805e-01,9.154198437651e-01,5.051440635852e-01,0.000000000000e+00
62.460000,-3.272818520409e-01,8.553763696828e-01,9.158505033503e-01,5.008691599242e-01,0.000000000000e+00
62.470000,-3.290382675423e-01,8.551258353949e-01,9.162458053749e-01,4.966660544356e-01,0.000000000000e+00
62.480000,-3.307365335880e-01,8.548563480521e-01,9.166057115548e-01,4.925412283671e-01,0.000000000000e+00
62.490000,-3.323773456289e-01,8.545679427133e-01,9.169302419490e-01,4.885005583008e-01,0.000000000000e+00
62.500000,-3.339615011462e-01,8.542606628859e-01,9.172194745000e-01,4.845493268281e-01,0.000000000000e+00
62.510000,-3.354898936578e-01,8.539345617259e-01,9.174735442816e-01,4.806922360591e-01,0.000000000000e+00
62.520000,-3.369635066215e-01,8.535897031070e-01,9.176926424707e-01,4.769334236226e-01,0.000000000000e+00
62.530000,-3.383834072756e-01,8.532261625487e-01,9.178770150609e-01,4.732764808712e-01,0.000000000000e+00
62.540000,-3.397507404539e-01,8.528440280012e-01,9.180269613340e-01,4.697244730337e-01,0.000000000000e+00
62.550000,-3.410667224134e-01,8.524434004788e-01,9.181428321115e-01,4.662799610563e-01,0.000000000000e+00
62.560000,-3.423326347093e-01,8.520243945430e-01,9.182250278027e-01,4.629450248508e-01,0.000000000000e+00
62.570000,-3.435498181494e-01,8.515871386323e-01,9.182739962748e-01,4.597212876312e-01,0.000000000000e+00
62.580000,-3.447196668575e-01,8.511317752437e-01,9.182902305632e-01,4.566099409948e-01,0.000000000000e+00
62.590000,-3.458436224708e-01,8.506584609679e-01,9.182742664477e-01,4.536117703810e-01,0.000000000000e+00
62.600000,-3.469231684914e-01,8.501673663859e-01,9.182266799128e-01,4.507271805517e-01,0.000000000000e+00
62.610000,-3.479598248094e-01,8.496586758317e-01,9.181480845144e-01,4.479562207680e-01,0.000000000000e+00
62.620000,-3.489551424080e-01,8.491325870301e-01,9.180391286701e-01,4.452986093916e-01,0.000000000000e+00
62.630000,-3.499106982617e-01,8.485893106129e-01,9.179004928883e-01,4.427537577142e-01,0.000000000000e+00
62.640000,-3.508280904298e-01,8.480290695236e-01,9.177328869511e-01,4.403207928944e-01,0.000000000000e+00
62.650000,-3.517089333506e-01,8.474520983116e-01,9.175370470621e-01,4.379985799587e-01,0.000000000000e+00
62.660000,-3.525548533363e-01,8.468586423242e-01,9.173137329671e-01,4.357857428858e-01,0.000000000000e+00
62.670000,-3.533674842683e-01,8.462489567972e-01,9.170637250586e-01,4.336806848381e-01,0.000000000000e+00
62.680000,-3.541484634928e-01,8.456233058512e-01,9.167878214685e-01,4.316816076373e-01,0.000000000000e+00
62.690000,-3.548994279136e-01,8.449819613941e-01,9.164868351563e-01,4.297865305930e-01,0.000000000000e+00
62.700000,-3.556220102825e-01,8.443252019355e-01,9.161615909984e-01,4.279933088031e-01,0.000000000000e+00
62.710000,-3.563178356843e-01,8.436533113156e-01,9.158129228835e-01,4.262996510461e-01,0.000000000000e+00
62.720000,-3.569885182157e-01,8.429665773530e-01,9.154416708191e-01,4.247031373846e-01,0.000000000000e+00
62.730000,-3.576356578579e-01,8.422652904152e-01,9.150486780547e-01,4.232012365969e-01,0.000000000000e+00
62.740000,-3.582608375417e-01,8.415497419166e-01,9.146347882275e-01,4.217913235362e-01,0.000000000000e+00
62.750000,-3.588656204081e-01,8.408202227507e-01,9.142008425382e-01,4.204706964957e-01,0.000000000000e+00
62.760000,-3.594515472641e-01,8.400770216616e-01,9.137476769625e-01,4.192365946167e-01,0.000000000000e+00
62.770000,-3.600201342364e-01,8.393204235650e-01,9.132761195110e-01,4.180862153252e-01,0.000000000000e+00
62.780000,-3.605728706261e-01,8.385507078284e-01,9.127869875447e-01,4.170167317273e-01,0.000000000000e+00
62.790000,-3.611112169629e-01,8.377681465217e-01,9.122810851612e-01,4.160253098323e-01,0.000000000000e+00
62.800000,-3.616366032641e-01,8.369730026534e-01,9.117592006616e-01,4.151091254273e-01,0.000000000000e+00
62.810000,-3.621504274925e-01,8.361655284064e-01,9.112221041152e-01,4.142653803883e-01,0.000000000000e+00
62.820000,-3.626540542145e-01,8.353459633895e-01,9.106705450322e-01,4.134913181949e-01,0.000000000000e+00
62.830000,-3.631488134526e-01,8.345145329229e-01,9.101052501615e-01,4.127842384147e-01,0.000000000000e+00
62.840000,-3.636359997254e-01,8.336714463734e-01,9.095269214238e-01,4.121415099368e-01,0.000000000000e+00
62.850000,-3.641168712676e-01,8.328168955561e-01,9.089362339930e-01,4.115605827617e-01,0.000000000000e+00
62.860000,-3.645926494187e-01,8.319510532194e-01,9.083338345361e-01,4.110389981928e-01,0.000000000000e+00
62.870000,-3.650645181696e-01,8.310740716279e-01,9.077203396193e-01,4.105743973210e-01,0.000000000000e+00
62.880000,-3.655336238519e-01,8.301860812566e-01,9.070963342878e-01,4.101645277414e-01,0.000000000000e+00
62.890000,-3.660010749572e-01,8.292871896069e-01,9.064623708218e-01,4.098072484903e-01,0.000000000000e+00
62.900000,-3.664679420690e-01,8.283774801571e-01,9.058189676727e-01,4.095005332379e-01,0.000000000000e+00
62.910000,-3.669352578931e-01,8.274570114516e-01,9.051666085785e-01,4.092424718111e-01,0.000000000000e+00
62.920000,-3.674040173690e-01,8.265258163377e-01,9.045057418566e-01,4.090312701527e-01,0.000000000000e+00
62.930000,-3.678751778470e-01,8.255839013516e-01,9.038367798706e-01,4.088652488502e-01,0.000000000000e+00
62.940000,-3.683496593153e-01,8.246312462569e-01,9.031600986652e-01,4.087428403756e-01,0.000000000000e+00
62.950000,-3.688283446623e-01,8.236678037360e-01,9.024760377637e-01,4.086625851919e-01,0.000000000000e+00
62.960000,-3.693120799594e-01,8.226934992324e-01,9.017849001193e-01,4.086231268744e-01,0.000000000000e+00
62.970000,-3.698016747524e-01,8.217082309423e-01,9.010869522127e-01,4.086232063951e-01,0.000000000000e+00
62.980000,-3.702979023471e-01,8.207118699524e-01,9.003824242862e-01,4.086616557075e-01,0.000000000000e+00
62.990000,-3.708015000807e-01,8.197042605181e-01,8.996715107047e-01,4.087373907589e-01,0.000000000000e+00
63.000000,-3.713131695663e-01,8.186852204785e-01,8.989543704345e-01,4.088494040494e-01,0.000000000000e+00
63.010000,-3.718335769045e-01,8.176545418010e-01,8.982311276289e-01,4.089967568439e-01,0.000000000000e+00
63.020000,-3.723633528520e-01,8.166119912506e-01,8.975018723108e-01,4.091785711371e-01,0.000000000000e+00
63.030000,-3.729030929422e-01,8.155573111752e-01,8.967666611428e-01,4.093940214622e-01,0.000000000000e+00
63.040000,-3.734533575531e-01,8.144902204018e-01,8.960255182738e-01,4.096423266292e-01,0.000000000000e+00
63.050000,-3.740146719164e-01,8.134104152345e-01,8.952784362536e-01,4.099227414716e-01,0.000000000000e+00
63.060000,-3.745875260673e-01,8.123175705471e-01,8.945253770043e-01,4.102345486787e-01,0.000000000000e+00
63.070000,-3.751723747316e-01,8.112113409633e-01,8.937662728416e-01,4.105770507827e-01,0.000000000000e+00
63.080000,-3.757696371506e-01,8.100913621150e-01,8.930010275344e-01,4.109495623719e-01,0.000000000000e+00
63.090000,-3.763796968433e-01,8.089572519718e-01,8.922295173965e-01,4.113514025924e-01,0.000000000000e+00
63.100000,-3.770029013090e-01,8.078086122333e-01,8.914515924007e-01,4.117818880017e-01,0.000000000000e+00
63.110000,-3.776395616710e-01,8.066450297760e-01,8.906670773086e-01,4.122403258308e-01,0.000000000000e+00
63.120000,-3.782899522667e-01,8.054660781472e-01,8.898757728086e-01,4.127260077106e-01,0.000000000000e+00
63.130000,-3.789543101883e-01,8.042713190971e-01,8.890774566552e-01,4.132382039103e-01,0.000000000000e+00
63.140000,-3.796328347793e-01,8.030603041432e-01,8.882718848039e-01,4.137761581343e-01,0.000000000000e+00
63.150000,-3.803256870928e-01,8.018325761576e-01,8.874587925364e-01,4.143390829157e-01,0.000000000000e+00
63.160000,-3.810329893210e-01,8.005876709714e-01,8.866378955709e-01,4.149261556424e-01,0.000000000000e+00
63.170000,-3.817548242005e-01,7.993251189880e-01,8.858088911529e-01,4.155365152402e-01,0.000000000000e+00
63.180000,-3.824912344047e-01,7.980444468000e-01,8.849714591244e-01,4.161692595380e-01,0.000000000000e+00
63.190000,-3.832422219318e-01,7.967451788024e-01,8.841252629668e-01,4.168234433270e-01,0.000000000000e+00
63.200000,-3.840077474968e-01,7.954268387968e-01,8.832699508168e-01,4.174980771230e-01,0.000000000000e+00
63.210000,-3.847877299394e-01,7.940889515808e-01,8.824051564528e-01,4.181921266327e-01,0.000000000000e+00
63.220000,-3.855820456567e-01,7.927310445172e-01,8.815305002517e-01,4.189045129172e-01,0.000000000000e+00
63.230000,-3.863905280724e-01,7.913526490795e-01,8.806455901151e-01,4.196341132415e-01,0.000000000000e+00
63.240000,-3.872129671520e-01,7.899533023680e-01,8.797500223659e-01,4.203797625887e-01,0.000000000000e+00
63.250000,-3.880491089762e-01,7.885325485937e-01,8.788433826165e-01,4.211402558145e-01,0.000000000000e+00
63.260000,-3.888986553809e-01,7.870899405256e-01,8.779252466091e-01,4.219143504087e-01,0.000000000000e+00
63.270000,-3.897612636774e-01,7.856250409001e-01,8.769951810317e-01,4.227007698272e-01,0.000000000000e+00
63.280000,-3.906365464597e-01,7.841374237877e-01,8.760527443107e-01,4.234982073498e-01,0.000000000000e+00
63.290000,-3.915240715109e-01,7.826266759162e-01,8.750974873853e-01,4.243053304168e-01,0.000000000000e+00
63.300000,-3.924233618171e-01,7.810923979483e-01,8.741289544641e-01,4.251207853914e-01,0.000000000000e+00
63.310000,-3.933338956984e-01,7.795342057113e-01,8.731466837704e-01,4.259432026919e-01,0.000000000000e+00
63.320000,-3.942551070636e-01,7.779517313780e-01,8.721502082783e-01,4.267712022333e-01,0.000000000000e+00
63.330000,-3.951863857986e-01,7.763446245978e-01,8.711390564442e-01,4.276033991172e-01,0.000000000000e+00
63.340000,-3.961270782926e-01,7.747125535764e-01,8.701127529381e-01,4.284384095042e-01,0.000000000000e+00
63.350000,-3.970764881099e-01,7.730552061043e-01,8.690708193782e-01,4.292748566055e-01,0.000000000000e+00
63.360000,-3.980338768111e-01,7.713722905322e-01,8.680127750732e-01,4.301113767239e-01,0.000000000000e+00
63.370000,-3.989984649293e-01,7.696635366937e-01,8.669381377767e-01,4.309466252807e-01,0.000000000000e+00
63.380000,-3.999694331021e-01,7.679286967739e-01,8.658464244569e-01,4.317792827614e-01,0.000000000000e+00
63.390000,-4.009459233640e-01,7.661675461241e-01,8.647371520850e-01,4.326080605144e-01,0.000000000000e+00
63.400000,-4.019270405983e-01,7.643798840215e-01,8.636098384460e-01,4.334317063417e-01,0.000000000000e+00
63.410000,-4.029118541495e-01,7.625655343724e-01,8.624640029746e-01,4.342490098189e-01,0.000000000000e+00
63.420000,-4.038993995954e-01,7.607243463600e-01,8.612991676174e-01,4.350588072885e-01,0.000000000000e+00
63.430000,-4.048886806748e-01,7.588561950336e-01,8.601148577250e-01,4.358599864713e-01,0.000000000000e+00
63.440000,-4.058786713706e-01,7.569609818395e-01,8.589106029739e-01,4.366514906466e-01,0.000000000000e+00
63.450000,-4.068683181412e-01,7.550386350918e-01,8.576859383180e-01,4.374323223546e-01,0.000000000000e+00
63.460000,-4.078565422968e-01,7.530891103815e-01,8.564404049726e-01,4.382015465817e-01,0.000000000000e+00
63.470000,-4.088422425126e-01,7.511123909216e-01,8.551735514261e-01,4.389582933923e-01,0.000000000000e+00
63.480000,-4.098242974734e-01,7.491084878273e-01,8.538849344815e-01,4.397017599782e-01,0.000000000000e+00
63.490000,-4.108015686396e-01,7.470774403279e-01,8.525741203225e-01,4.404312121025e-01,0.000000000000e+00
63.500000,-4.117729031267e-01,7.450193159089e-01,8.512406856036e-01,4.411459849195e-01,0.000000000000e+00
63.510000,-4.127371366877e-01,7.429342103806e-01,8.498842185586e-01,4.418454831625e-01,0.000000000000e+00
63.520000,-4.136930967874e-01,7.408222478706e-01,8.485043201243e-01,4.425291806929e-01,0.000000000000e+00
63.530000,-4.146396057579e-01,7.386835807383e-01,8.471006050732e-01,4.431966194163e-01,0.000000000000e+00
63.540000,-4.155754840222e-01,7.365183894053e-01,8.456727031497e-01,4.438474075736e-01,0.000000000000e+00
63.550000,-4.164995533742e-01,7.343268821019e-01,8.442202602037e-01,4.444812174261e-01,0.000000000000e+00
63.560000,-4.174106403010e-01,7.321092945222e-01,8.427429393133e-01,4.450977823569e-01,0.000000000000e+00
63.570000,-4.183075793342e-01,7.298658893883e-01,8.412404218896e-01,4.456968934212e-01,0.000000000000e+00
63.580000,-4.191892164164e-01,7.275969559160e-01,8.397124087556e-01,4.462783953822e-01,0.000000000000e+00
63.590000,-4.200544122692e-01,7.253028091813e-01,8.381586211888e-01,4.468421822783e-01,0.000000000000e+00
63.600000,-4.209020457462e-01,7.229837893827e-01,8.365788019209e-01,4.473881925708e-01,0.000000000000e+00
63.610000,-4.217310171600e-01,7.206402609960e-01,8.349727160831e-01,4.479164039313e-01,0.000000000000e+00
63.620000,-4.225402515655e-01,7.182726118187e-01,8.333401520879e-01,4.484268277299e-01,0.000000000000e+00
63.630000,-4.233287019876e-01,7.158812519001e-01,8.316809224387e-01,4.489195032935e-01,0.000000000000e+00
63.640000,-4.240953525775e-01,7.134666123553e-01,8.299948644561e-01,4.493944920079e-01,0.000000000000e+00
63.650000,-4.248392216854e-01,7.110291440597e-01,8.282818409119e-01,4.498518713405e-01,0.000000000000e+00
63.660000,-4.255593648346e-01,7.085693162224e-01,8.265417405615e-01,4.502917288663e-01,0.000000000000e+00
63.670000,-4.262548775856e-01,7.060876148372e-01,8.247744785649e-01,4.507141563820e-01,0.000000000000e+00
63.680000,-4.269248982760e-01,7.035845410087e-01,8.229799967888e-01,4.511192441972e-01,0.000000000000e+00
63.690000,-4.275686106266e-01,7.010606091548e-01,8.211582639794e-01,4.515070756904e-01,0.000000000000e+00
63.700000,-4.281852462005e-01,6.985163450840e-01,8.193092758008e-01,4.518777222234e-01,0.000000000000e+00
63.710000,-4.287740867058e-01,6.959522839500e-01,8.174330547303e-01,4.522312385038e-01,0.000000000000e+00
63.720000,-4.293344661331e-01,6.933689680835e-01,8.155296498050e-01,4.525676584882e-01,0.000000000000e+00
63.730000,-4.298657727172e-01,6.907669447043e-01,8.135991362151e-01,4.528869919134e-01,0.000000000000e+00
63.740000,-4.303674507176e-01,6.881467635172e-01,8.116416147391e-01,4.531892215457e-01,0.000000000000e+00
63.750000,-4.308390020091e-01,6.855089741949e-01,8.096572110183e-01,4.534743012292e-01,0.000000000000e+00
63.760000,-4.312799874779e-01,6.828541237543e-01,8.076460746684e-01,4.537421548154e-01,0.000000000000e+00
63.770000,-4.316900282186e-01,6.801827538303e-01,8.056083782283e-01,4.539926760444e-01,0.000000000000e+00
63.780000,-4.320688065276e-01,6.774953978560e-01,8.035443159467e-01,4.542257294489e-01,0.000000000000e+00
63.790000,-4.324160666911e-01,6.747925781558e-01,8.014541024081e-01,4.544411523367e-01,0.000000000000e+00
63.800000,-4.327316155669e-01,6.720748029620e-01,7.993379710032e-01,4.546387579051e-01,0.000000000000e+00
63.810000,-4.330153229574e-01,6.693425633634e-01,7.971961722474e-01,4.548183395263e-01,0.000000000000e+00
63.820000,-4.332671217782e-01,6.665963301986e-01,7.950289719552e-01,4.549796762350e-01,0.000000000000e+00
63.830000,-4.334870080199e-01,6.638365509051e-01,7.928366492789e-01,4.551225394343e-01,0.000000000000e+00
63.840000,-4.336750405103e-01,6.610636463389e-01,7.906194946195e-01,4.552467008265e-01,0.000000000000e+00
63.850000,-4.338313404767e-01,6.582780075769e-01,7.883778074243e-01,4.553519415585e-01,0.000000000000e+00
63.860000,-4.339560909172e-01,6.554799927204e-01,7.861118938808e-01,4.554380625590e-01,0.000000000000e+00
63.870000,-4.340495357835e-01,6.526699237130e-01,7.838220645232e-01,4.555048960282e-01,0.000000000000e+00
63.880000,-4.341119789836e-01,6.498480831922e-01,7.815086317665e-01,4.555523180250e-01,0.000000000000e+00
63.890000,-4.341437832114e-01,6.470147113920e-01,7.791719073856e-01,4.555802620810e-01,0.000000000000e+00
63.900000,-4.341453686116e-01,6.441700031162e-01,7.768121999567e-01,4.555887337523e-01,0.000000000000e+00
63.910000,-4.341172112874e-01,6.413141048002e-01,7.744298122823e-01,4.555778260056e-01,0.000000000000e+00
63.920000,-4.340598416631e-01,6.384471116839e-01,7.720250388181e-01,4.555477353161e-01,0.000000000000e+00
63.930000,-4.339738427079e-01,6.355690651144e-01,7.695981631247e-01,4.554987783396e-01,0.000000000000e+00
63.940000,-4.338598480337e-01,6.326799500011e-01,7.671494553666e-01,4.554314090054e-01,0.000000000000e+00
63.950000,-4.337185398768e-01,6.297796924437e-01,7.646791698794e-01,4.553462358595e-01,0.000000000000e+00
63.960000,-4.335506469732e-01,6.268681575547e-01,7.621875428311e-01,4.552440394752e-01,0.000000000000e+00
63.970000,-4.333569423388e-01,6.239451474984e-01,7.596747899991e-01,4.551257897335e-01,0.000000000000e+00
63.980000,-4.331382409667e-01,6.210103997678e-01,7.571411046875e-01,4.549926627642e-01,0.000000000000e+00
63.990000,-4.328953974486e-01,6.180635857195e-01,7.545866558088e-01,4.548460573285e-01,0.000000000000e+00
64.000000,-4.326293035352e-01,6.151043093889e-01,7.520115861515e-01,4.546876104141e-01,0.000000000000e+00
64.010000,-4.323408856418e-01,6.121321066037e-01,7.494160108596e-01,4.545192118091e-01,0.000000000000e+00
64.020000,-4.320311023117e-01,6.091464444168e-01,7.468000161424e-01,4.543430174138e-01,0.000000000000e+00
64.030000,-4.317009416448e-01,6.061467208747e-01,7.441636582393e-01,4.541614610510e-01,0.000000000000e+00
64.040000,-4.313514187015e-01,6.031322651407e-01,7.415069626575e-01,4.539772645320e-01,0.000000000000e+00
64.050000,-4.309835728892e-01,6.001023379861e-01,7.388299237014e-01,4.537934457427e-01,0.000000000000e+00
64.060000,-4.305984653395e-01,5.970561326647e-01,7.361325043124e-01,4.536133245160e-01,0.000000000000e+00
64.070000,-4.301971762828e-01,5.939927761837e-01,7.334146362325e-01,4.534405260699e-01,0.000000000000e+00
64.080000,-4.297808024263e-01,5.909113309788e-01,7.306762205062e-01,4.532789817994e-01,0.000000000000e+00
64.090000,-4.293504543413e-01,5.878107970048e-01,7.279171283316e-01,4.531329272262e-01,0.000000000000e+00
64.100000,-4.289072538638e-01,5.846901142457e-01,7.251372022684e-01,4.530068969293e-01,0.000000000000e+00
64.110000,-4.284523315131e-01,5.815481656487e-01,7.223362578110e-01,4.529057162985e-01,0.000000000000e+00
64.120000,-4.279868239304e-01,5.783837804833e-01,7.195140853272e-01,4.528344899786e-01,0.000000000000e+00
64.130000,-4.275118713419e-01,5.751957381240e-01,7.166704523659e-01,4.527985868967e-01,0.000000000000e+00
64.140000,-4.270286150453e-01,5.719827722519e-01,7.138051063283e-01,4.528036217963e-01,0.000000000000e+00
64.150000,-4.265381949242e-01,5.687435754681e-01,7.109177775000e-01,4.528554332321e-01,0.000000000000e+00
64.160000,-4.260417469883e-01,5.654768043100e-01,7.080081824312e-01,4.529600580138e-01,0.000000000000e+00
64.170000,-4.255404009409e-01,5.621810846551e-01,7.050760276573e-01,4.531237021245e-01,0.000000000000e+00
64.180000,-4.250352777734e-01,5.588550174979e-01,7.021210137394e-01,4.533527081738e-01,0.000000000000e+00
64.190000,-4.245274873859e-01,5.554971850805e-01,6.991428396104e-01,4.536535194891e-01,0.000000000000e+00
64.200000,-4.240181262335e-01,5.521061573536e-01,6.961412072003e-01,4.540326409847e-01,0.000000000000e+00
64.210000,-4.235082749971e-01,5.486804987438e-01,6.931158263182e-01,4.544965969921e-01,0.000000000000e+00
64.220000,-4.229989962782e-01,5.452187751984e-01,6.900664197606e-01,4.550518862739e-01,0.000000000000e+00
64.230000,-4.224913323174e-01,5.417195614762e-01,6.869927286146e-01,4.557049344859e-01,0.000000000000e+00
64.240000,-4.219863027348e-01,5.381814486518e-01,6.838945177209e-01,4.564620443920e-01,0.000000000000e+00
64.250000,-4.214849022936e-01,5.346030517951e-01,6.807715812592e-01,4.573293441743e-01,0.000000000000e+00
64.260000,-4.209880986874e-01,5.309830177897e-01,6.776237484161e-01,4.583127342209e-01,0.000000000000e+00
64.270000,-4.204968303507e-01,5.273200332457e-01,6.744508890922e-01,4.594178328069e-01,0.000000000000e+00
64.280000,-4.200120042957e-01,5.236128324678e-01,6.712529196045e-01,4.606499211175e-01,0.000000000000e+00
64.290000,-4.195344939775e-01,5.198602054304e-01,6.680298083373e-01,4.620138880934e-01,0.000000000000e+00
64.300000,-4.190651371904e-01,5.160610057157e-01,6.647815812947e-01,4.635141756020e-01,0.000000000000e+00
64.310000,-4.186047339999e-01,5.122141583664e-01,6.615083275048e-01,4.651547244625e-01,0.000000000000e+00
64.320000,-4.181540447161e-01,5.083186676056e-01,6.582102042272e-01,4.669389218677e-01,0.000000000000e+00
64.330000,-4.177137879130e-01,5.043736243732e-01,6.548874419134e-01,4.688695507589e-01,0.000000000000e+00
64.340000,-4.172846385026e-01,5.003782136325e-01,6.515403488720e-01,4.709487417166e-01,0.000000000000e+00
64.350000,-4.168672258706e-01,4.963317213968e-01,6.481693155880e-01,4.731779279299e-01,0.000000000000e+00
64.360000,-4.164621320831e-01,4.922335414280e-01,6.447748186506e-01,4.755578038005e-01,0.000000000000e+00
64.370000,-4.160698901742e-01,4.880831815605e-01,6.413574242432e-01,4.780882877262e-01,0.000000000000e+00
64.380000,-4.156909825251e-01,4.838802696059e-01,6.379177911507e-01,4.807684895885e-01,0.000000000000e+00
64.390000,-4.153258393462e-01,4.796245587921e-01,6.344566732450e-01,4.835966834407e-01,0.000000000000e+00
64.400000,-4.149748372737e-01,4.753159326985e-01,6.309749214092e-01,4.865702858607e-01,0.000000000000e+00
64.410000,-4.146382980943e-01,4.709544096465e-01,6.274734848677e-01,4.896858403889e-01,0.000000000000e+00
64.420000,-4.143164876085e-01,4.665401465096e-01,6.239534118903e-01,4.929390084259e-01,0.000000000000e+00
64.430000,-4.140096146487e-01,4.620734419118e-01,6.204158498473e-01,4.963245669052e-01,0.000000000000e+00
64.440000,-4.137178302604e-01,4.575547387842e-01,6.168620445928e-01,4.998364129968e-01,0.000000000000e+00
64.450000,-4.134412270639e-01,4.529846262559e-01,6.132933391619e-01,5.034675760261e-01,0.000000000000e+00
64.460000,-4.131798388039e-01,4.483638408598e-01,6.097111717728e-01,5.072102367225e-01,0.000000000000e+00
64.470000,-4.129336401018e-01,4.436932670349e-01,6.061170731301e-01,5.110557538261e-01,0.000000000000e+00
64.480000,-4.127025464187e-01,4.389739369176e-01,6.025126630316e-01,5.149946980056e-01,0.000000000000e+00
64.490000,-4.124864142401e-01,4.342070294134e-01,5.988996462886e-01,5.190168929478e-01,0.000000000000e+00
64.500000,-4.122850414883e-01,4.293938685497e-01,5.952798079752e-01,5.231114633943e-01,0.000000000000e+00
64.510000,-4.120981681713e-01,4.245359211137e-01,5.916550080291e-01,5.272668898129e-01,0.000000000000e+00
64.520000,-4.119254772705e-01,4.196347935849e-01,5.880271752322e-01,5.314710692999e-01,0.000000000000e+00
64.530000,-4.117665958722e-01,4.146922283774e-01,5.843983006074e-01,5.357113822289e-01,0.000000000000e+00
64.540000,-4.116210965416e-01,4.097100994113e-01,5.807704302715e-01,5.399747640742e-01,0.000000000000e+00
64.550000,-4.114884989411e-01,4.046904070390e-01,5.771456577937e-01,5.442477817656e-01,0.000000000000e+00
64.560000,-4.113682716863e-01,3.996352723549e-01,5.735261161101e-01,5.485167138572e-01,0.000000000000e+00
64.570000,-4.112598344371e-01,3.945469309241e-01,5.699139690540e-01,5.527676337339e-01,0.000000000000e+00
64.580000,-4.111625602147e-01,3.894277259667e-01,5.663114025639e-01,5.569864950253e-01,0.000000000000e+00
64.590000,-4.110757779351e-01,3.842801010418e-01,5.627206156359e-01,5.611592183579e-01,0.000000000000e+00
64.600000,-4.109987751480e-01,3.791065922746e-01,5.591438110891e-01,5.652717785448e-01,0.000000000000e+00
64.610000,-4.109308009665e-01,3.739098201779e-01,5.555831862183e-01,5.693102912982e-01,0.000000000000e+00
64.620000,-4.108710691721e-01,3.686924811170e-01,5.520409234059e-01,5.732610985465e-01,0.000000000000e+00
64.630000,-4.108187614794e-01,3.634573384718e-01,5.485191807699e-01,5.771108514507e-01,0.000000000000e+00
64.640000,-4.107730309397e-01,3.582072135522e-01,5.450200829219e-01,5.808465902401e-01,0.000000000000e+00
64.650000,-4.107330054650e-01,3.529449763200e-01,5.415457119097e-01,5.844558200281e-01,0.000000000000e+00
64.660000,-4.106977914525e-01,3.476735359760e-01,5.380980984189e-01,5.879265818238e-01,0.000000000000e+00
64.670000,-4.106664774859e-01,3.423958314673e-01,5.346792133016e-01,5.912475180217e-01,0.000000000000e+00
64.680000,-4.106381380942e-01,3.371148219699e-01,5.312909595027e-01,5.944079317314e-01,0.000000000000e+00
64.690000,-4.106118375446e-01,3.318334774023e-01,5.279351644441e-01,5.973978393999e-01,0.000000000000e+00
64.700000,-4.105866336478e-01,3.265547690222e-01,5.246135729291e-01,6.002080162774e-01,0.000000000000e+00
64.710000,-4.105615815552e-01,3.212816601577e-01,5.213278406174e-01,6.028300343839e-01,0.000000000000e+00
64.720000,-4.105357375259e-01,3.160170971215e-01,5.180795281219e-01,6.052562927459e-01,0.000000000000e+00
64.730000,-4.105081626451e-01,3.107640003538e-01,5.148700957660e-01,6.074800397872e-01,0.000000000000e+00
64.740000,-4.104779264731e-01,3.055252558377e-01,5.117008990380e-01,6.094953878718e-01,0.000000000000e+00
64.750000,-4.104441106095e-01,3.003037068258e-01,5.085731847702e-01,6.112973201125e-01,0.000000000000e+00
64.760000,-4.104058121543e-01,2.951021459148e-01,5.054880880630e-01,6.128816896674e-01,0.000000000000e+00
64.770000,-4.103621470516e-01,2.899233075010e-01,5.024466299669e-01,6.142452118523e-01,0.000000000000e+00
64.780000,-4.103122533032e-01,2.847698606446e-01,4.994497159297e-01,6.153854494913e-01,0.000000000000e+00
64.790000,-4.102552940390e-01,2.796444023701e-01,4.964981350055e-01,6.163007920170e-01,0.000000000000e+00
64.800000,-4.101904604345e-01,2.745494514221e-01,4.935925598179e-01,6.169904289061e-01,0.000000000000e+00
64.810000,-4.101169744656e-01,2.694874424956e-01,4.907335472613e-01,6.174543180988e-01,0.000000000000e+00
64.820000,-4.100340914933e-01,2.644607209560e-01,4.879215399174e-01,6.176931501031e-01,0.000000000000e+00
64.830000,-4.099411026725e-01,2.594715380567e-01,4.851568681590e-01,6.177083085181e-01,0.000000000000e+00
64.840000,-4.098373371772e-01,2.545220466650e-01,4.824397529050e-01,6.175018277345e-01,0.000000000000e+00
64.850000,-4.097221642398e-01,2.496142974979e-01,4.797703089862e-01,6.170763485783e-01,0.000000000000e+00
64.860000,-4.095949949999e-01,2.447502358699e-01,4.771485490781e-01,6.164350726569e-01,0.000000000000e+00
64.870000,-4.094552841577e-01,2.399316989515e-01,4.745743881484e-01,6.155817161503e-01,0.000000000000e+00
64.880000,-4.093025314329e-01,2.351604135317e-01,4.720476483680e-01,6.145204637568e-01,0.000000000000e+00
64.890000,-4.091362828223e-01,2.304379942790e-01,4.695680644262e-01,6.132559234630e-01,0.000000000000e+00
64.900000,-4.089561316576e-01,2.257659424904e-01,4.671352891925e-01,6.117930827554e-01,0.000000000000e+00
64.910000,-4.087617194592e-01,2.211456453162e-01,4.647488996625e-01,6.101372668297e-01,0.000000000000e+00
64.920000,-4.085527365844e-01,2.165783754457e-01,4.624084031258e-01,6.082940992903e-01,0.000000000000e+00
64.930000,-4.083289226695e-01,2.120652912390e-01,4.601132434920e-01,6.062694657541e-01,0.000000000000e+00
64.940000,-4.080900668615e-01,2.076074372847e-01,4.578628077131e-01,6.040694807015e-01,0.000000000000e+00
64.950000,-4.078360078407e-01,2.032057453643e-01,4.556564322387e-01,6.017004578311e-01,0.000000000000e+00
64.960000,-4.075666336310e-01,1.988610358019e-01,4.534934094444e-01,5.991688840968e-01,0.000000000000e+00
64.970000,-4.072818811976e-01,1.945740191755e-01,4.513729939750e-01,5.964813975193e-01,0.000000000000e+00
64.980000,-4.069817358322e-01,1.903452983649e-01,4.492944089465e-01,5.936447687812e-01,0.000000000000e+00
64.990000,-4.066662303255e-01,1.861753709119e-01,4.472568519557e-01,5.906658865338e-01,0.000000000000e+00
65.000000,-4.063354439292e-01,1.820646316648e-01,4.452595008491e-01,5.875517462590e-01,0.000000000000e+00
65.010000,-4.059895011097e-01,1.780133756801e-01,4.433015192082e-01,5.843094424549e-01,0.000000000000e+00
65.020000,-4.056285700972e-01,1.740218013541e-01,4.413820615132e-01,5.809461638363e-01,0.000000000000e+00
65.030000,-4.052528612365e-01,1.700900137555e-01,4.395002779518e-01,5.774691911689e-01,0.000000000000e+00
65.040000,-4.048626251455e-01,1.662180281306e-01,4.376553188473e-01,5.738858972929e-01,0.000000000000e+00
65.050000,-4.044581506919e-01,1.624057735538e-01,4.358463386846e-01,5.702037488281e-01,0.000000000000e+00
65.060000,-4.040397627977e-01,1.586530966957e-01,4.340724997195e-01,5.664303090037e-01,0.000000000000e+00
65.070000,-4.036078200848e-01,1.549597656812e-01,4.323329751633e-01,5.625732410085e-01,0.000000000000e+00
65.080000,-4.031627123770e-01,1.513254740138e-01,4.306269519395e-01,5.586403112268e-01,0.000000000000e+00
65.090000,-4.027048580744e-01,1.477498445402e-01,4.289536330169e-01,5.546393917033e-01,0.000000000000e+00
65.100000,-4.022347014181e-01,1.442324334340e-01,4.273122393276e-01,5.505784611732e-01,0.000000000000e+00
65.110000,-4.017527096662e-01,1.407727341764e-01,4.257020112845e-01,5.464656040016e-01,0.000000000000e+00
65.120000,-4.012593702015e-01,1.373701815171e-01,4.241222099166e-01,5.423090064044e-01,0.000000000000e+00
65.130000,-4.007551875921e-01,1.340241553966e-01,4.225721176459e-01,5.381169493656e-01,0.000000000000e+00
65.140000,-4.002406806293e-01,1.307339848174e-01,4.210510387315e-01,5.338977977310e-01,0.000000000000e+00
65.150000,-3.997163793640e-01,1.274989516513e-01,4.195582994103e-01,5.296599850454e-01,0.000000000000e+00
65.160000,-3.991828221649e-01,1.243182943726e-01,4.180932477656e-01,5.254119938009e-01,0.000000000000e+00
65.170000,-3.986405528204e-01,1.211912117104e-01,4.166552533556e-01,5.211623308944e-01,0.000000000000e+00
65.180000,-3.980901177063e-01,1.181168662135e-01,4.152437066344e-01,5.169194982277e-01,0.000000000000e+00
65.190000,-3.975320630366e-01,1.150943877242e-01,4.138580181991e-01,5.126919585432e-01,0.000000000000e+00
65.200000,-3.969669322188e-01,1.121228767583e-01,4.124976178934e-01,5.084880967545e-01,0.000000000000e+00
65.210000,-3.963952633269e-01,1.092014077902e-01,4.111619537985e-01,5.043161772009e-01,0.000000000000e+00
65.220000,-3.958175867074e-01,1.063290324429e-01,4.098504911393e-01,5.001842974270e-01,0.000000000000e+00
65.230000,-3.952344227299e-01,1.035047825816e-01,4.085627111325e-01,4.961003392557e-01,0.000000000000e+00
65.240000,-3.946462796903e-01,1.007276733134e-01,4.072981097974e-01,4.920719180708e-01,0.000000000000e+00
65.250000,-3.940536518740e-01,9.799670589006e-02,4.060561967518e-01,4.881063313554e-01,0.000000000000e+00
65.260000,-3.934570177827e-01,9.531087051647e-02,4.048364940084e-01,4.842105076372e-01,0.000000000000e+00
65.270000,-3.928568385264e-01,9.266914906085e-02,4.036385347865e-01,4.803909570554e-01,0.000000000000e+00
65.280000,-3.922535563801e-01,9.007051766581e-02,4.024618623490e-01,4.766537247919e-01,0.000000000000e+00
65.290000,-3.916475935032e-01,8.751394925616e-02,4.013060288748e-01,4.730043485934e-01,0.000000000000e+00
65.300000,-3.910393508171e-01,8.499841593872e-02,4.001705943713e-01,4.694478215472e-01,0.000000000000e+00
65.310000,-3.904292070364e-01,8.252289128799e-02,3.990551256325e-01,4.659885611595e-01,0.000000000000e+00
65.320000,-3.898175178477e-01,8.008635251034e-02,3.979591952441e-01,4.626303856357e-01,0.000000000000e+00
65.330000,-3.892046152289e-01,7.768778247832e-02,3.968823806393e-01,4.593764980619e-01,0.000000000000e+00
65.340000,-3.885908069040e-01,7.532617162587e-02,3.958242632054e-01,4.562294789605e-01,0.000000000000e+00
65.350000,-3.879763759252e-01,7.300051969487e-02,3.947844274433e-01,4.531912874409e-01,0.000000000000e+00
65.360000,-3.873615803791e-01,7.070983732308e-02,3.937624601813e-01,4.502632709000e-01,0.000000000000e+00
65.370000,-3.867466532100e-01,6.845314746428e-02,3.927579498456e-01,4.474461829608e-01,0.000000000000e+00
65.380000,-3.861318021579e-01,6.622948663185e-02,3.917704857914e-01,4.447402090859e-01,0.000000000000e+00
65.390000,-3.855172098075e-01,6.403790595870e-02,3.907996576986e-01,4.421449990688e-01,0.000000000000e+00
65.400000,-3.849030337478e-01,6.187747206790e-02,3.898450550382e-01,4.396597054197e-01,0.000000000000e+00
65.410000,-3.842894068395e-01,5.974726775093e-02,3.889062666155e-01,4.372830265094e-01,0.000000000000e+00
65.420000,-3.836764375924e-01,5.764639245285e-02,3.879828801976e-01,4.350132532479e-01,0.000000000000e+00
65.430000,-3.830642106506e-01,5.557396256658e-02,3.870744822340e-01,4.328483180361e-01,0.000000000000e+00
65.440000,-3.824527873883e-01,5.352911154192e-02,3.861806576766e-01,4.307858447533e-01,0.000000000000e+00
65.450000,-3.818422066143e-01,5.151098981748e-02,3.853009899080e-01,4.288231986214e-01,0.000000000000e+00
65.460000,-3.812324853857e-01,4.951876458733e-02,3.844350607835e-01,4.269575349111e-01,0.000000000000e+00
65.470000,-3.806236199280e-01,4.755161941676e-02,3.835824507928e-01,4.251858456202e-01,0.000000000000e+00
65.480000,-3.800155866582e-01,4.560875372390e-02,3.827427393425e-01,4.235050034409e-01,0.000000000000e+00
65.490000,-3.794083433064e-01,4.368938214622e-02,3.819155051616e-01,4.219118025320e-01,0.000000000000e+00
65.500000,-3.788018301265e-01,4.179273381200e-02,3.811003268257e-01,4.204029958054e-01,0.000000000000e+00
65.510000,-3.781959711883e-01,3.991805153768e-02,3.802967833964e-01,4.189753286157e-01,0.000000000000e+00
65.520000,-3.775906757373e-01,3.806459097203e-02,3.795044551644e-01,4.176255688897e-01,0.000000000000e+00
65.530000,-3.769858396097e-01,3.623161970717e-02,3.787229244881e-01,4.163505338421e-01,0.000000000000e+00
65.540000,-3.763813466867e-01,3.441841637513e-02,3.779517767116e-01,4.151471134995e-01,0.000000000000e+00
65.550000,-3.757770703712e-01,3.262426974673e-02,3.771906011465e-01,4.140122912785e-01,0.000000000000e+00
65.560000,-3.751728750699e-01,3.084847784710e-02,3.764389921006e-01,4.129431618630e-01,0.000000000000e+00
65.570000,-3.745686176648e-01,2.909034709940e-02,3.756965499358e-01,4.119369465853e-01,0.000000000000e+00
65.580000,-3.739641489547e-01,2.734919150579e-02,3.749628821356e-01,4.109910064638e-01,0.000000000000e+00
65.590000,-3.733593150549e-01,2.562433187166e-02,3.742376043668e-01,4.101028529910e-01,0.000000000000e+00
65.600000,-3.727539587387e-01,2.391509507692e-02,3.735203415182e-01,4.092701567086e-01,0.000000000000e+00
65.610000,-3.721479207089e-01,2.222081339586e-02,3.728107287028e-01,4.084907535716e-01,0.000000000000e+00
65.620000,-3.715410407919e-01,2.054082386530e-02,3.721084122104e-01,4.077626490868e-01,0.000000000000e+00
65.630000,-3.709331590443e-01,1.887446769961e-02,3.714130504028e-01,4.070840202241e-01,0.000000000000e+00
65.640000,-3.703241167681e-01,1.722108974995e-02,3.707243145415e-01,4.064532151377e-01,0.000000000000e+00
65.650000,-3.697137574311e-01,1.558003800466e-02,3.700418895450e-01,4.058687507960e-01,0.000000000000e+00
65.660000,-3.691019274902e-01,1.395066312737e-02,3.693654746706e-01,4.053293086883e-01,0.000000000000e+00
65.670000,-3.684884771183e-01,1.233231802909e-02,3.686947841195e-01,4.048337288546e-01,0.000000000000e+00
65.680000,-3.678732608359e-01,1.072435747050e-02,3.680295475654e-01,4.043810025464e-01,0.000000000000e+00
65.690000,-3.672561380492e-01,9.126137690647e-03,3.673695106075e-01,4.039702638740e-01,0.000000000000e+00
65.700000,-3.666369734987e-01,7.537016058188e-03,3.667144351499e-01,4.036007808114e-01,0.000000000000e+00
65.710000,-3.660156376223e-01,5.956350741471e-03,3.660640997123e-01,4.032719459201e-01,0.000000000000e+00
65.720000,-3.653920068388e-01,4.383500394026e-03,3.654182996751e-01,4.029832671079e-01,0.000000000000e+00
65.730000,-3.647659637576e-01,2.817823852462e-03,3.647768474660e-01,4.027343586760e-01,0.000000000000e+00
65.740000,-3.641373973205e-01,1.258679844505e-03,3.641395726947e-01,4.025249328265e-01,0.000000000000e+00
65.750000,-3.635062028856e-01,-2.945732941137e-04,3.635063222418e-01,4.023547917181e-01,0.000000000000e+00
65.760000,-3.628722822577e-01,-1.842577894128e-03,3.628769603106e-01,4.022238200770e-01,0.000000000000e+00
65.770000,-3.622355436741e-01,-3.385977217519e-03,3.622513684482e-01,4.021319783080e-01,0.000000000000e+00
65.780000,-3.615959017521e-01,-4.925415710553e-03,3.616294455431e-01,4.020792959974e-01,0.000000000000e+00
65.790000,-3.609532774021e-01,-6.461539242131e-03,3.610111078024e-01,4.020658656698e-01,0.000000000000e+00
65.800000,-3.603075977119e-01,-7.994995324167e-03,3.603962887144e-01,4.020918366425e-01,0.000000000000e+00
65.810000,-3.596587958017e-01,-9.526433310719e-03,3.597849389971e-01,4.021574088101e-01,0.000000000000e+00
65.820000,-3.590068106530e-01,-1.105650457320e-02,3.591770265324e-01,4.022628261881e-01,0.000000000000e+00
65.830000,-3.583515869089e-01,-1.258586264991e-02,3.585725362863e-01,4.024083700418e-01,0.000000000000e+00
65.840000,-3.576930746442e-01,-1.411516336943e-02,3.579714702115e-01,4.025943514311e-01,0.000000000000e+00
65.850000,-3.570312291040e-01,-1.564506494860e-02,3.573738471304e-01,4.028211030131e-01,0.000000000000e+00
65.860000,-3.563660104078e-01,-1.717622806727e-02,3.567797025961e-01,4.030889699731e-01,0.000000000000e+00
65.870000,-3.556973832174e-01,-1.870931592281e-02,3.561890887295e-01,4.033983000010e-01,0.000000000000e+00
65.880000,-3.550253163671e-01,-2.024499426864e-02,3.556020740301e-01,4.037494322944e-01,0.000000000000e+00
65.890000,-3.543497824562e-01,-2.178393144100e-02,3.550187431612e-01,4.041426856501e-01,0.000000000000e+00
65.900000,-3.536707574029e-01,-2.332679837909e-02,3.544391967102e-01,4.045783457919e-01,0.000000000000e+00
65.910000,-3.529882199632e-01,-2.487426864318e-02,3.538635509251e-01,4.050566521623e-01,0.000000000000e+00
65.920000,-3.523021512154e-01,-2.642701843520e-02,3.532919374319e-01,4.055777844734e-01,0.000000000000e+00
65.930000,-3.516125340162e-01,-2.798572662583e-02,3.527245029369e-01,4.061418493584e-01,0.000000000000e+00
65.940000,-3.509193524313e-01,-2.955107479090e-02,3.521614089194e-01,4.067488674797e-01,0.000000000000e+00
65.950000,-3.502225911490e-01,-3.112374725935e-02,3.516028313233e-01,4.073987614486e-01,0.000000000000e+00
65.960000,-3.495222348814e-01,-3.270443117326e-02,3.510489602532e-01,4.080913448726e-01,0.000000000000e+00
65.970000,-3.488182677626e-01,-3.429381655961e-02,3.504999996850e-01,4.088263128033e-01,0.000000000000e+00
65.980000,-3.481106727502e-01,-3.589259641182e-02,3.499561671978e-01,4.096032337878e-01,0.000000000000e+00
65.990000,-3.473994310378e-01,-3.750146677816e-02,3.494176937361e-01,4.104215436574e-01,0.000000000000e+00
66.000000,-3.466845214875e-01,-3.912112685295e-02,3.488848234092e-01,4.112805411155e-01,0.000000000000e+00
66.010000,-3.459659200868e-01,-4.075227906581e-02,3.483578133336e-01,4.121793851162e-01,0.000000000000e+00
66.020000,-3.452435994378e-01,-4.239562916341e-02,3.478369335262e-01,4.131170939720e-01,0.000000000000e+00
66.030000,-3.445175282827e-01,-4.405188627815e-02,3.473224668499e-01,4.140925460798e-01,0.000000000000e+00
66.040000,-3.437876710719e-01,-4.572176297780e-02,3.468147090174e-01,4.151044821310e-01,0.000000000000e+00
66.050000,-3.430539875759e-01,-4.740597529023e-02,3.463139686541e-01,4.161515086510e-01,0.000000000000e+00
66.060000,-3.423164325459e-01,-4.910524269782e-02,3.458205674209e-01,4.172321027144e-01,0.000000000000e+00
66.070000,-3.415749554242e-01,-5.082028809605e-02,3.453348401989e-01,4.183446176867e-01,0.000000000000e+00
66.080000,-3.408295001063e-01,-5.255183771149e-02,3.448571353322e-01,4.194872898534e-01,0.000000000000e+00
66.090000,-3.400800047554e-01,-5.430062097466e-02,3.443878149306e-01,4.206582458135e-01,0.000000000000e+00
66.100000,-3.393264016705e-01,-5.606737034380e-02,3.439272552269e-01,4.218555105264e-01,0.000000000000e+00
66.110000,-3.385686172067e-01,-5.785282107588e-02,3.434758469874e-01,4.230770159132e-01,0.000000000000e+00
66.120000,-3.378065717507e-01,-5.965771094177e-02,3.430339959723e-01,4.243206099237e-01,0.000000000000e+00
66.130000,-3.370401797470e-01,-6.148277988287e-02,3.426021234406e-01,4.255840659871e-01,0.000000000000e+00
66.140000,-3.362693497784e-01,-6.332876960689e-02,3.421806666957e-01,4.268650927672e-01,0.000000000000e+00
66.150000,-3.354939846976e-01,-6.519642312090e-02,3.417700796676e-01,4.281613441482e-01,0.000000000000e+00
66.160000,-3.347139818092e-01,-6.708648420027e-02,3.413708335241e-01,4.294704293756e-01,0.000000000000e+00
66.170000,-3.339292331032e-01,-6.899969679225e-02,3.409834173070e-01,4.307899232779e-01,0.000000000000e+00
66.180000,-3.331396255369e-01,-7.093680435371e-02,3.406083385867e-01,4.321173764963e-01,0.000000000000e+00
66.190000,-3.323450413649e-01,-7.289854912259e-02,3.402461241279e-01,4.334503256468e-01,0.000000000000e+00
66.200000,-3.315453585172e-01,-7.488567132322e-02,3.398973205599e-01,4.347863033430e-01,0.000000000000e+00
66.210000,-3.307404510222e-01,-7.689890830600e-02,3.395624950448e-01,4.361228480068e-01,0.000000000000e+00
66.220000,-3.299301894759e-01,-7.893899362222e-02,3.392422359343e-01,4.374575133994e-01,0.000000000000e+00
66.230000,-3.291144415535e-01,-8.100665603536e-02,3.389371534092e-01,4.387878778046e-01,0.000000000000e+00
66.240000,-3.282930725650e-01,-8.310261847042e-02,3.386478800920e-01,4.401115528052e-01,0.000000000000e+00
66.250000,-3.274659460507e-01,-8.522759690331e-02,3.383750716244e-01,4.414261915937e-01,0.000000000000e+00
66.260000,-3.266329244179e-01,-8.738229919260e-02,3.381194072010e-01,4.427294967685e-01,0.000000000000e+00
66.270000,-3.257938696157e-01,-8.956742385634e-02,3.378815900511e-01,4.440192275702e-01,0.000000000000e+00
66.280000,-3.249486438477e-01,-9.178365879708e-02,3.376623478575e-01,4.452932065228e-01,0.000000000000e+00
66.290000,-3.240971103200e-01,-9.403167997833e-02,3.374624331052e-01,4.465493254479e-01,0.000000000000e+00
66.300000,-3.232391340252e-01,-9.631215005622e-02,3.372826233499e-01,4.477855508322e-01,0.000000000000e+00
66.310000,-3.223745825588e-01,-9.862571697039e-02,3.371237213960e-01,4.489999285338e-01,0.000000000000e+00
66.320000,-3.215033269675e-01,-1.009730124982e-01,3.369865553760e-01,4.501905878211e-01,0.000000000000e+00
66.330000,-3.206252426283e-01,-1.033546507770e-01,3.368719787214e-01,4.513557447465e-01,0.000000000000e+00
66.340000,-3.197402101555e-01,-1.057712267989e-01,3.367808700161e-01,4.524937048645e-01,0.000000000000e+00
66.350000,-3.188481163359e-01,-1.082233148839e-01,3.367141327230e-01,4.536028653124e-01,0.000000000000e+00
66.360000,-3.179488550879e-01,-1.107114671346e-01,3.366726947746e-01,4.546817162750e-01,0.000000000000e+00
66.370000,-3.170423284448e-01,-1.132362118804e-01,3.366575080208e-01,4.557288418685e-01,0.000000000000e+00
66.380000,-3.161284475586e-01,-1.157980521150e-01,3.366695475231e-01,4.567429204770e-01,0.000000000000e+00
66.390000,-3.152071337231e-01,-1.183974639326e-01,3.367098106910e-01,4.577227245868e-01,0.000000000000e+00
66.400000,-3.142783194135e-01,-1.210348949703e-01,3.367793162500e-01,4.586671201664e-01,0.000000000000e+00
66.410000,-3.133419493395e-01,-1.237107628609e-01,3.368791030377e-01,4.595750656454e-01,0.000000000000e+00
66.420000,-3.123979815100e-01,-1.264254537022e-01,3.370102286212e-01,4.604456105474e-01,0.000000000000e+00
66.430000,-3.114463883046e-01,-1.291793205500e-01,3.371737677308e-01,4.612778938400e-01,0.000000000000e+00
66.440000,-3.104871575509e-01,-1.319726819393e-01,3.373708105072e-01,4.620711420619e-01,0.000000000000e+00
66.450000,-3.095202936014e-01,-1.348058204405e-01,3.376024605594e-01,4.628246672933e-01,0.000000000000e+00
66.460000,-3.085458184078e-01,-1.376789812570e-01,3.378698328305e-01,4.635378650346e-01,0.000000000000e+00
66.470000,-3.075637725879e-01,-1.405923708688e-01,3.381740512739e-01,4.642102120609e-01,0.000000000000e+00
66.480000,-3.065742164801e-01,-1.435461557301e-01,3.385162463387e-01,4.648412643162e-01,0.000000000000e+00
66.490000,-3.055772311809e-01,-1.465404610249e-01,3.388975522685e-01,4.654306549141e-01,0.000000000000e+00
66.500000,-3.045729195603e-01,-1.495753694877e-01,3.393191042173e-01,4.659780923076e-01,0.000000000000e+00
66.510000,-3.035614072488e-01,-1.526509202950e-01,3.397820351899e-01,4.664833586886e-01,0.000000000000e+00
66.520000,-3.025428435905e-01,-1.557671080330e-01,3.402874728121e-01,4.669463086751e-01,0.000000000000e+00
66.530000,-3.015174025565e-01,-1.589238817470e-01,3.408365359434e-01,4.673668683402e-01,0.000000000000e+00
66.540000,-3.004852836098e-01,-1.621211440787e-01,3.414303311416e-01,4.677450346323e-01,0.000000000000e+00
66.550000,-2.994467125185e-01,-1.653587504965e-01,3.420699489927e-01,4.680808752323e-01,0.000000000000e+00
66.560000,-2.984019421053e-01,-1.686365086244e-01,3.427564603231e-01,4.683745288851e-01,0.000000000000e+00
66.570000,-2.973512529306e-01,-1.719541776734e-01,3.434909123088e-01,4.686262062417e-01,0.000000000000e+00
66.580000,-2.962949538975e-01,-1.753114679831e-01,3.442743245023e-01,4.688361912357e-01,0.000000000000e+00
66.590000,-2.952333827737e-01,-1.787080406755e-01,3.451076847972e-01,4.690048430176e-01,0.000000000000e+00
66.600000,-2.941669066198e-01,-1.821435074278e-01,3.459919453518e-01,4.691325984563e-01,0.000000000000e+00
66.610000,-2.930959221181e-01,-1.856174303675e-01,3.469280184973e-01,4.692199752172e-01,0.000000000000e+00
66.620000,-2.920208557921e-01,-1.891293220951e-01,3.479167726536e-01,4.692675754105e-01,0.000000000000e+00
66.630000,-2.909421641092e-01,-1.926786458383e-01,3.489590282807e-01,4.692760898027e-01,0.000000000000e+00
66.640000,-2.898603334580e-01,-1.962648157407e-01,3.500555538912e-01,4.692463025706e-01,0.000000000000e+00
66.650000,-2.887758799927e-01,-1.998871972906e-01,3.512070621531e-01,4.691790965716e-01,0.000000000000e+00
66.660000,-2.876893493372e-01,-2.035451078911e-01,3.524142061104e-01,4.690754590955e-01,0.000000000000e+00
66.670000,-2.866013161399e-01,-2.072378175772e-01,3.536775755505e-01,4.689364880537e-01,0.000000000000e+00
66.680000,-2.855123834740e-01,-2.109645498801e-01,3.549976935462e-01,4.687633985539e-01,0.000000000000e+00
66.690000,-2.844231820755e-01,-2.147244828432e-01,3.563750132013e-01,4.685575298009e-01,0.000000000000e+00
66.700000,-2.833343694129e-01,-2.185167501916e-01,3.578099146263e-01,4.683203522553e-01,0.000000000000e+00
66.710000,-2.822466285838e-01,-2.223404426563e-01,3.593027021711e-01,4.680534749740e-01,0.000000000000e+00
66.720000,-2.811606670326e-01,-2.261946094549e-01,3.608536019394e-01,4.677586530501e-01,0.000000000000e+00
66.730000,-2.800772150866e-01,-2.300782599301e-01,3.624627596086e-01,4.674377950613e-01,0.000000000000e+00
66.740000,-2.789970243062e-01,-2.339903653461e-01,3.641302385775e-01,4.670929704310e-01,0.000000000000e+00
66.750000,-2.779208656476e-01,-2.379298608434e-01,3.658560184598e-01,4.667264165984e-01,0.000000000000e+00
66.760000,-2.768495274372e-01,-2.418956475501e-01,3.676399939423e-01,4.663405458899e-01,0.000000000000e+00
66.770000,-2.757838131574e-01,-2.458865948513e-01,3.694819740220e-01,4.659379519788e-01,0.000000000000e+00
66.780000,-2.747245390446e-01,-2.499015428118e-01,3.713816816336e-01,4.655214158145e-01,0.000000000000e+00
66.790000,-2.736725315027e-01,-2.539393047522e-01,3.733387536770e-01,4.650939109031e-01,0.000000000000e+00
66.800000,-2.726286243351e-01,-2.579986699739e-01,3.753527414515e-01,4.646586078134e-01,0.000000000000e+00
66.810000,-2.715936558014e-01,-2.620784066299e-01,3.774231114985e-01,4.642188777858e-01,0.000000000000e+00
66.820000,-2.705684655029e-01,-2.661772647366e-01,3.795492468538e-01,4.637782953169e-01,0.000000000000e+00
66.830000,-2.695538911089e-01,-2.702939793218e-01,3.817304487063e-01,4.633406395953e-01,0.000000000000e+00
66.840000,-2.685507649281e-01,-2.744272737015e-01,3.839659384564e-01,4.629098946656e-01,0.000000000000e+00
66.850000,-2.675599103413e-01,-2.785758628801e-01,3.862548601652e-01,4.624902481977e-01,0.000000000000e+00
66.860000,-2.665821381027e-01,-2.827384570645e-01,3.885962833824e-01,4.620860887456e-01,0.000000000000e+00
66.870000,-2.656182425279e-01,-2.869137652843e-01,3.909892063385e-01,4.617020013830e-01,0.000000000000e+00
66.880000,-2.646689975807e-01,-2.911004991077e-01,3.934325594827e-01,4.613427616083e-01,0.000000000000e+00
66.890000,-2.637351528771e-01,-2.952973764419e-01,3.959252093472e-01,4.610133274214e-01,0.000000000000e+00
66.900000,-2.628174296240e-01,-2.995031254073e-01,3.984659627156e-01,4.607188294820e-01,0.000000000000e+00
66.910000,-2.619165165107e-01,-3.037164882712e-01,4.010535710711e-01,4.604645592690e-01,0.000000000000e+00
66.920000,-2.610330655768e-01,-3.079362254278e-01,4.036867352975e-01,4.602559551728e-01,0.000000000000e+00
66.930000,-2.601676880736e-01,-3.121611194097e-01,4.063641106061e-01,4.600985864646e-01,0.000000000000e+00
66.940000,-2.593209503460e-01,-3.163899789144e-01,4.090843116593e-01,4.599981351008e-01,0.000000000000e+00
66.950000,-2.584933697554e-01,-3.206216428286e-01,4.118459178596e-01,4.599603753356e-01,0.000000000000e+00
66.960000,-2.576854106691e-01,-3.248549842340e-01,4.146474787737e-01,4.599911511322e-01,0.000000000000e+00
66.970000,-2.568974805414e-01,-3.290889143729e-01,4.174875196597e-01,4.600963513798e-01,0.000000000000e+00
66.980000,-2.561299261106e-01,-3.333223865561e-01,4.203645470647e-01,4.602818829426e-01,0.000000000000e+00
66.990000,-2.553830297391e-01,-3.375543999921e-01,4.232770544605e-01,4.605536415883e-01,0.000000000000e+00
67.000000,-2.546570059214e-01,-3.417840035143e-01,4.262235278855e-01,4.609174808613e-01,0.000000000000e+00
67.010000,-2.539519979867e-01,-3.460102991871e-01,4.292024515598e-01,4.613791789920e-01,0.000000000000e+00
67.020000,-2.532680750205e-01,-3.502324457653e-01,4.322123134425e-01,4.619444039519e-01,0.000000000000e+00
67.030000,-2.526052290325e-01,-3.544496619855e-01,4.352516106991e-01,4.626186767900e-01,0.000000000000e+00
67.040000,-2.519633723927e-01,-3.586612296658e-01,4.383188550506e-01,4.634073334098e-01,0.000000000000e+00
67.050000,-2.513423355626e-01,-3.628664965883e-01,4.414125779725e-01,4.643154849681e-01,0.000000000000e+00
67.060000,-2.507418651418e-01,-3.670648791432e-01,4.445313357180e-01,4.653479771043e-01,0.000000000000e+00
67.070000,-2.501616222531e-01,-3.712558647089e-01,4.476737141368e-01,4.665093482295e-01,0.000000000000e+00
67.080000,-2.496011812856e-01,-3.754390137448e-01,4.508383332646e-01,4.678037871327e-01,0.000000000000e+00
67.090000,-2.490600290148e-01,-3.796139615750e-01,4.540238516592e-01,4.692350901813e-01,0.000000000000e+00
67.100000,-2.485375641168e-01,-3.837804198391e-01,4.572289704612e-01,4.708066184185e-01,0.000000000000e+00
67.110000,-2.480330970900e-01,-3.879381775899e-01,4.604524371571e-01,4.725212548805e-01,0.000000000000e+00
67.120000,-2.475458505992e-01,-3.920871020167e-01,4.636930490278e-01,4.743813624774e-01,0.000000000000e+00
67.130000,-2.470749602498e-01,-3.962271387756e-01,4.669496562636e-01,4.763887428015e-01,0.000000000000e+00
67.140000,-2.466194758019e-01,-4.003583119100e-01,4.702211647301e-01,4.785445962412e-01,0.000000000000e+00
67.150000,-2.461783628288e-01,-4.044807233446e-01,4.735065383735e-01,4.808494837957e-01,0.000000000000e+00
67.160000,-2.457505048217e-01,-4.085945519403e-01,4.768048012504e-01,4.833032909965e-01,0.000000000000e+00
67.170000,-2.453347057404e-01,-4.127000520981e-01,4.801150391755e-01,4.859051943498e-01,0.000000000000e+00
67.180000,-2.449296930067e-01,-4.167975519039e-01,4.834364009768e-01,4.886536307210e-01,0.000000000000e+00
67.190000,-2.445341209336e-01,-4.208874508083e-01,4.867680993540e-01,4.915462700818e-01,0.000000000000e+00
67.200000,-2.441465745803e-01,-4.249702168381e-01,4.901094113346e-01,4.945799920394e-01,0.000000000000e+00
67.210000,-2.437655740207e-01,-4.290463833403e-01,4.934596783275e-01,4.977508665590e-01,0.000000000000e+00
67.220000,-2.433895790089e-01,-4.331165452621e-01,4.968183057718e-01,5.010541392786e-01,0.000000000000e+00
67.230000,-2.430169940223e-01,-4.371813549747e-01,5.001847623840e-01,5.044842217977e-01,0.000000000000e+00
67.240000,-2.426461736607e-01,-4.412415176514e-01,5.035585790069e-01,5.080346872991e-01,0.000000000000e+00
67.250000,-2.422754283759e-01,-4.452977862157e-01,5.069393470656e-01,5.116982718318e-01,0.000000000000e+00
67.260000,-2.419030305032e-01,-4.493509558776e-01,5.103267166382e-01,5.154668815525e-01,0.000000000000e+00
67.270000,-2.415272205651e-01,-4.534018582815e-01,5.137203941513e-01,5.193316061775e-01,0.000000000000e+00
67.280000,-2.411462138117e-01,-4.574513552924e-01,5.171201397108e-01,5.232827388553e-01,0.000000000000e+00
67.290000,-2.407582069649e-01,-4.615003324514e-01,5.205257640825e-01,5.273098026135e-01,0.000000000000e+00
67.300000,-2.403613851258e-01,-4.655496921350e-01,5.239371253372e-01,5.314015834789e-01,0.000000000000e+00
67.310000,-2.399539288073e-01,-4.696003464575e-01,5.273541251788e-01,5.355461703042e-01,0.000000000000e+00
67.320000,-2.395340210499e-01,-4.736532099572e-01,5.307767049740e-01,5.397310012679e-01,0.000000000000e+00
67.330000,-2.390998545775e-01,-4.777091921135e-01,5.342048415063e-01,5.439429169417e-01,0.000000000000e+00
67.340000,-2.386496389517e-01,-4.817691897424e-01,5.376385424770e-01,5.481682197432e-01,0.000000000000e+00
67.350000,-2.381816076782e-01,-4.858340793216e-01,5.410778417811e-01,5.523927395144e-01,0.000000000000e+00
67.360000,-2.376940252227e-01,-4.899047093001e-01,5.445227945835e-01,5.566019048855e-01,0.000000000000e+00
67.370000,-2.371851938921e-01,-4.939818924458e-01,5.479734722283e-01,5.607808200041e-01,0.000000000000e+00
67.380000,-2.366534605375e-01,-4.980663982900e-01,5.514299570117e-01,5.649143461292e-01,0.000000000000e+00
67.390000,-2.360972230366e-01,-5.021589457257e-01,5.548923368527e-01,5.689871875122e-01,0.000000000000e+00
67.400000,-2.355149365162e-01,-5.062601958179e-01,5.583606998991e-01,5.729839809118e-01,0.000000000000e+00
67.410000,-2.349051192743e-01,-5.103707448844e-01,5.618351291038e-01,5.768893880218e-01,0.000000000000e+00
67.420000,-2.342663583664e-01,-5.144911179039e-01,5.653156968140e-01,5.806881900247e-01,0.000000000000e+00
67.430000,-2.335973148224e-01,-5.186217623071e-01,5.688024594099e-01,5.843653834308e-01,0.000000000000e+00
67.440000,-2.328967284634e-01,-5.227630422041e-01,5.722954520380e-01,5.879062763136e-01,0.000000000000e+00
67.450000,-2.321634222907e-01,-5.269152330997e-01,5.757946834787e-01,5.912965840177e-01,0.000000000000e+00
67.460000,-2.313963064244e-01,-5.310785171431e-01,5.793001311909e-01,5.945225233883e-01,0.000000000000e+00
67.470000,-2.305943815718e-01,-5.352529789550e-01,5.828117365777e-01,5.975709045607e-01,0.000000000000e+00
67.480000,-2.297567420104e-01,-5.394386020728e-01,5.863294005126e-01,6.004292193482e-01,0.000000000000e+00
67.490000,-2.288825780745e-01,-5.436352660453e-01,5.898529791687e-01,6.030857252817e-01,0.000000000000e+00
67.500000,-2.279711781398e-01,-5.478427442061e-01,5.933822801885e-01,6.055295243828e-01,0.000000000000e+00
67.510000,-2.270219301031e-01,-5.520607021477e-01,5.969170592332e-01,6.077506357978e-01,0.000000000000e+00
67.520000,-2.260343223610e-01,-5.562886969122e-01,6.004570169442e-01,6.097400614745e-01,0.000000000000e+00
67.530000,-2.250079442937e-01,-5.605261769062e-01,6.040017963486e-01,6.114898441381e-01,0.000000000000e+00
67.540000,-2.239424862667e-01,-5.647724825440e-01,6.075509807368e-01,6.129931169058e-01,0.000000000000e+00
67.550000,-2.228377391650e-01,-5.690268476122e-01,6.111040920331e-01,6.142441439740e-01,0.000000000000e+00
67.560000,-2.216935934788e-01,-5.732884013464e-01,6.146605896817e-01,6.152383519236e-01,0.000000000000e+00
67.570000,-2.205100379660e-01,-5.775561711979e-01,6.182198700564e-01,6.159723512974e-01,0.000000000000e+00
67.580000,-2.192871579148e-01,-5.818290862686e-01,6.217812664069e-01,6.164439482319e-01,0.000000000000e+00
67.590000,-2.180251330370e-01,-5.861059813790e-01,6.253440493393e-01,6.166521460509e-01,0.000000000000e+00
67.600000,-2.167242350222e-01,-5.903856017338e-01,6.289074278306e-01,6.165971368552e-01,0.000000000000e+00
67.610000,-2.153848247867e-01,-5.946666081401e-01,6.324705507652e-01,6.162802832786e-01,0.000000000000e+00
67.620000,-2.140073494498e-01,-5.989475827302e-01,6.360325089780e-01,6.157040907022e-01,0.000000000000e+00
67.630000,-2.125923390729e-01,-6.032270351357e-01,6.395923377833e-01,6.148721703485e-01,0.000000000000e+00
67.640000,-2.111404031968e-01,-6.075034090563e-01,6.431490199612e-01,6.137891937874e-01,0.000000000000e+00
67.650000,-2.096522272103e-01,-6.117750891631e-01,6.467014891700e-01,6.124608395004e-01,0.000000000000e+00
67.660000,-2.081285685850e-01,-6.160404082755e-01,6.502486337467e-01,6.108937322419e-01,0.000000000000e+00
67.670000,-2.065702530075e-01,-6.202976547464e-01,6.537893008542e-01,6.090953760232e-01,0.000000000000e+00
67.680000,-2.049781704405e-01,-6.245450799936e-01,6.573223009311e-01,6.070740816145e-01,0.000000000000e+00
67.690000,-2.033532711399e-01,-6.287809061120e-01,6.608464123943e-01,6.048388895158e-01,0.000000000000e+00
67.700000,-2.016965616542e-01,-6.330033335057e-01,6.643603865467e-01,6.023994893852e-01,0.000000000000e+00
67.710000,-2.000091008293e-01,-6.372105484771e-01,6.678629526370e-01,5.997661369378e-01,0.000000000000e+00
67.720000,-1.982919958384e-01,-6.414007307171e-01,6.713528230208e-01,5.969495693303e-01,0.000000000000e+00
67.730000,-1.965463982539e-01,-6.455720606396e-01,6.748286983710e-01,5.939609200388e-01,0.000000000000e+00
67.740000,-1.947735001744e-01,-6.497227265113e-01,6.782892728884e-01,5.908116342074e-01,0.000000000000e+00
67.750000,-1.929745304194e-01,-6.538509313283e-01,6.817332394636e-01,5.875133854038e-01,0.000000000000e+00
67.760000,-1.911507507965e-01,-6.579548994013e-01,6.851592947456e-01,5.840779946618e-01,0.000000000000e+00
67.770000,-1.893034524485e-01,-6.620328826101e-01,6.885661440748e-01,5.805173526207e-01,0.000000000000e+00
67.780000,-1.874339522802e-01,-6.660831663004e-01,6.919525062431e-01,5.768433454942e-01,0.000000000000e+00
67.790000,-1.855435894671e-01,-6.701040747963e-01,6.953171180483e-01,5.730677855084e-01,0.000000000000e+00
67.800000,-1.836337220416e-01,-6.740939765119e-01,6.986587386131e-01,5.692023463588e-01,0.000000000000e+00
67.810000,-1.817057235545e-01,-6.780512886482e-01,7.019761534482e-01,5.652585041300e-01,0.000000000000e+00
67.820000,-1.797609798062e-01,-6.819744814699e-01,7.052681782393e-01,5.612474840218e-01,0.000000000000e+00
67.830000,-1.778008856417e-01,-6.858620821606e-01,7.085336623483e-01,5.571802131216e-01,0.000000000000e+00
67.840000,-1.758268418037e-01,-6.897126782606e-01,7.117714920198e-01,5.530672793576e-01,0.000000000000e+00
67.850000,-1.738402518372e-01,-6.935249206969e-01,7.149805932936e-01,5.489188966719e-01,0.000000000000e+00
67.860000,-1.718425190403e-01,-6.972975264180e-01,7.181599346237e-01,5.447448763536e-01,0.000000000000e+00
67.870000,-1.698350434555e-01,-7.010292806528e-01,7.213085292148e-01,5.405546043874e-01,0.000000000000e+00
67.880000,-1.678192188992e-01,-7.047190388118e-01,7.244254370850e-01,5.363570245910e-01,0.000000000000e+00
67.890000,-1.657964300252e-01,-7.083657280566e-01,7.275097668721e-01,5.321606272422e-01,0.000000000000e+00
67.900000,-1.637680494225e-01,-7.119683485605e-01,7.305606774004e-01,5.279734428365e-01,0.000000000000e+00
67.910000,-1.617354347480e-01,-7.155259744900e-01,7.335773790289e-01,5.238030405603e-01,0.000000000000e+00
67.920000,-1.596999258971e-01,-7.190377547314e-01,7.365591348023e-01,5.196565310273e-01,0.000000000000e+00
67.930000,-1.576628422173e-01,-7.225029133936e-01,7.395052614270e-01,5.155405727883e-01,0.000000000000e+00
67.940000,-1.556254797702e-01,-7.259207501118e-01,7.424151300968e-01,5.114613821096e-01,0.000000000000e+00
67.950000,-1.535891086533e-01,-7.292906401795e-01,7.452881671879e-01,5.074247454964e-01,0.000000000000e+00
67.960000,-1.515549703885e-01,-7.326120345328e-01,7.481238548474e-01,5.034360344406e-01,0.000000000000e+00
67.970000,-1.495242753931e-01,-7.358844596114e-01,7.509217314937e-01,4.995002218758e-01,0.000000000000e+00
67.980000,-1.474982005431e-01,-7.391075171140e-01,7.536813922460e-01,4.956218998339e-01,0.000000000000e+00
67.990000,-1.454778868466e-01,-7.422808836682e-01,7.564024893009e-01,4.918052978225e-01,0.000000000000e+00
68.000000,-1.434644372410e-01,-7.454043104282e-01,7.590847322650e-01,4.880543014643e-01,0.000000000000e+00
68.010000,-1.414589145301e-01,-7.484776226132e-01,7.617278884567e-01,4.843724709747e-01,0.000000000000e+00
68.020000,-1.394623394792e-01,-7.515007189935e-01,7.643317831811e-01,4.807630590869e-01,0.000000000000e+00
68.030000,-1.374756890825e-01,-7.544735713308e-01,7.668962999815e-01,4.772290280769e-01,0.000000000000e+00
68.040000,-1.354998950208e-01,-7.573962237739e-01,7.694213808685e-01,4.737730655801e-01,0.000000000000e+00
68.050000,-1.335358423234e-01,-7.602687922090e-01,7.719070265207e-01,4.703975989406e-01,0.000000000000e+00
68.060000,-1.315843682507e-01,-7.630914635604e-01,7.743532964524e-01,4.671048078784e-01,0.000000000000e+00
68.070000,-1.296462614086e-01,-7.658644950334e-01,7.767603091366e-01,4.638966353132e-01,0.000000000000e+00
68.080000,-1.277222611084e-01,-7.685882132912e-01,7.791282420711e-01,4.607747962310e-01,0.000000000000e+00
68.090000,-1.258130569813e-01,-7.712630135526e-01,7.814573317726e-01,4.577407845355e-01,0.000000000000e+00
68.100000,-1.239192888548e-01,-7.738893585963e-01,7.837478736806e-01,4.547958778790e-01,0.000000000000e+00
68.110000,-1.220415468976e-01,-7.764677776552e-01,7.860002219504e-01,4.519411405218e-01,0.000000000000e+00
68.120000,-1.201803720350e-01,-7.789988651846e-01,7.882147891161e-01,4.491774243254e-01,0.000000000000e+00
68.130000,-1.183362566348e-01,-7.814832794828e-01,7.903920455986e-01,4.465053680398e-01,0.000000000000e+00
68.140000,-1.165096454603e-01,-7.839217411479e-01,7.925325190361e-01,4.439253951002e-01,0.000000000000e+00
68.150000,-1.147009368842e-01,-7.863150313483e-01,7.946367934135e-01,4.414377102024e-01,0.000000000000e+00
68.160000,-1.129104843529e-01,-7.886639898890e-01,7.967055079667e-01,4.390422949760e-01,0.000000000000e+00
68.170000,-1.111385980868e-01,-7.909695130540e-01,7.987393558387e-01,4.367389031235e-01,0.000000000000e+00
68.180000,-1.093855470002e-01,-7.932325512075e-01,8.007390824655e-01,4.345270554353e-01,0.000000000000e+00
68.190000,-1.076515608174e-01,-7.954541061380e-01,8.027054836727e-01,4.324060351243e-01,0.000000000000e+00
68.200000,-1.059368323614e-01,-7.976352281306e-01,8.046394034633e-01,4.303748839543e-01,0.000000000000e+00
68.210000,-1.042415199841e-01,-7.997770127586e-01,8.065417314843e-01,4.284323996475e-01,0.000000000000e+00
68.220000,-1.025657501061e-01,-8.018805973848e-01,8.084134001593e-01,4.265771350661e-01,0.000000000000e+00
68.230000,-1.009096198301e-01,-8.039471573707e-01,8.102553814808e-01,4.248073996471e-01,0.000000000000e+00
68.240000,-9.927319958744e-02,-8.059779019942e-01,8.120686834617e-01,4.231212635485e-01,0.000000000000e+00
68.250000,-9.765653577793e-02,-8.079740700824e-01,8.138543462473e-01,4.215165649192e-01,0.000000000000e+00
68.260000,-9.605965335829e-02,-8.099369253709e-01,8.156134378997e-01,4.199909206459e-01,0.000000000000e+00
68.270000,-9.448255833588e-02,-8.118677516079e-01,8.173470498696e-01,4.185417408555e-01,0.000000000000e+00
68.280000,-9.292524012330e-02,-8.137678474267e-01,8.190562921786e-01,4.171662473541e-01,0.000000000000e+00
68.290000,-9.138767371076e-02,-8.156385210167e-01,8.207422883418e-01,4.158614960775e-01,0.000000000000e+00
68.300000,-8.986982161517e-02,-8.174810846296e-01,8.224061700671e-01,4.146244035072e-01,0.000000000000e+00
68.310000,-8.837163556835e-02,-8.192968489626e-01,8.240490717749e-01,4.134517768736e-01,0.000000000000e+00
68.320000,-8.689305791089e-02,-8.210871174665e-01,8.256721249882e-01,4.123403478332e-01,0.000000000000e+00
68.330000,-8.543402266416e-02,-8.228531806318e-01,8.272764526471e-01,4.112868091704e-01,0.000000000000e+00
68.340000,-8.399445625922e-02,-8.245963103081e-01,8.288631634088e-01,4.102878539435e-01,0.000000000000e+00
68.350000,-8.257427790916e-02,-8.263177541180e-01,8.304333459965e-01,4.093402163715e-01,0.000000000000e+00
68.360000,-8.117339961969e-02,-8.280187300248e-01,8.319880636630e-01,4.084407136565e-01,0.000000000000e+00
68.370000,-7.979172584155e-02,-8.297004211162e-01,8.335283488359e-01,4.075862878518e-01,0.000000000000e+00
68.380000,-7.842915277731e-02,-8.313639706645e-01,8.350551980105e-01,4.067740468312e-01,0.000000000000e+00
68.390000,-7.708556736445e-02,-8.330104775200e-01,8.365695669542e-01,4.060013033905e-01,0.000000000000e+00
68.400000,-7.576084596490e-02,-8.346409918900e-01,8.380723662813e-01,4.052656115209e-01,0.000000000000e+00
68.410000,-7.445485279928e-02,-8.362565115523e-01,8.395644574534e-01,4.045647989425e-01,0.000000000000e+00
68.420000,-7.316743817123e-02,-8.378579785418e-01,8.410466492500e-01,4.038969950643e-01,0.000000000000e+00
68.430000,-7.189843653247e-02,-8.394462763417e-01,8.425196947489e-01,4.032606536550e-01,0.000000000000e+00
68.440000,-7.064766444366e-02,-8.410222276038e-01,8.439842888437e-01,4.026545696538e-01,0.000000000000e+00
68.450000,-6.941491848813e-02,-8.425865924086e-01,8.454410663171e-01,4.020778897205e-01,0.000000000000e+00
68.460000,-6.819997319652e-02,-8.441400670695e-01,8.468906004769e-01,4.015301163127e-01,0.000000000000e+00
68.470000,-6.700257903856e-02,-8.456832834746e-01,8.483334023520e-01,4.010111052743e-01,0.000000000000e+00
68.480000,-6.582246053546e-02,-8.472168089486e-01,8.497699204349e-01,4.005210571175e-01,0.000000000000e+00
68.490000,-6.465931454149e-02,-8.487411466124e-01,8.512005409479e-01,4.000605023674e-01,0.000000000000e+00
68.500000,-6.351280873728e-02,-8.502567362075e-01,8.526255886026e-01,3.996302815068e-01,0.000000000000e+00
68.510000,-6.238258037018e-02,-8.517639553478e-01,8.540453278154e-01,3.992315202026e-01,0.000000000000e+00
68.520000,-6.126823526905e-02,-8.532631211582e-01,8.554599643359e-01,3.988656005998e-01,0.000000000000e+00
68.530000,-6.016934715295e-02,-8.547544922542e-01,8.568696472426e-01,3.985341295422e-01,0.000000000000e+00
68.540000,-5.908545724490e-02,-8.562382710176e-01,8.582744712579e-01,3.982389046025e-01,0.000000000000e+00
68.550000,-5.801607419421e-02,-8.577146061224e-01,8.596744793354e-01,3.979818787961e-01,0.000000000000e+00
68.560000,-5.696067430451e-02,-8.591835952685e-01,8.610696654718e-01,3.977651247989e-01,0.000000000000e+00
68.570000,-5.591870205833e-02,-8.606452880802e-01,8.624599777002e-01,3.975907994075e-01,0.000000000000e+00
68.580000,-5.488957092504e-02,-8.620996891324e-01,8.638453212228e-01,3.974611088733e-01,0.000000000000e+00
68.590000,-5.387266443541e-02,-8.635467610700e-01,8.652255616473e-01,3.973782756170e-01,0.000000000000e+00
68.600000,-5.286733750427e-02,-8.649864277890e-01,8.666005282908e-01,3.973445067025e-01,0.000000000000e+00
68.610000,-5.187291798174e-02,-8.664185776518e-01,8.679700175237e-01,3.973619643261e-01,0.000000000000e+00
68.620000,-5.088870841352e-02,-8.678430667120e-01,8.693337961244e-01,3.974327384658e-01,0.000000000000e+00
68.630000,-4.991398799153e-02,-8.692597219250e-01,8.706916046214e-01,3.975588217454e-01,0.000000000000e+00
68.640000,-4.894801467678e-02,-8.706683443238e-01,8.720431605995e-01,3.977420865078e-01,0.000000000000e+00
68.650000,-4.799002747778e-02,-8.720687121399e-01,8.733881619479e-01,3.979842640539e-01,0.000000000000e+00
68.660000,-4.703924886815e-02,-8.734605838479e-01,8.747262900302e-01,3.982869259947e-01,0.000000000000e+00
68.670000,-4.609488732772e-02,-8.748437011160e-01,8.760572127550e-01,3.986514676771e-01,0.000000000000e+00
68.680000,-4.515613999112e-02,-8.762177916409e-01,8.773805875257e-01,3.990790936726e-01,0.000000000000e+00
68.690000,-4.422219538728e-02,-8.775825718500e-01,8.786960640515e-01,3.995708053509e-01,0.000000000000e+00
68.700000,-4.329223625232e-02,-8.789377494507e-01,8.800032869991e-01,4.001273905937e-01,0.000000000000e+00
68.710000,-4.236544239663e-02,-8.802830258117e-01,8.813018984670e-01,4.007494157221e-01,0.000000000000e+00
68.720000,-4.144099360639e-02,-8.816180981610e-01,8.825915402700e-01,4.014372197148e-01,0.000000000000e+00
68.730000,-4.051807255806e-02,-8.829426615903e-01,8.838718560175e-01,4.021909107689e-01,0.000000000000e+00
68.740000,-3.959586772454e-02,-8.842564108563e-01,8.851424929814e-01,4.030103652106e-01,0.000000000000e+00
68.750000,-3.867357625158e-02,-8.855590419782e-01,8.864031037454e-01,4.038952286929e-01,0.000000000000e+00
68.760000,-3.775040678455e-02,-8.868502536292e-01,8.876533476389e-01,4.048449195322e-01,0.000000000000e+00
68.770000,-3.682558222747e-02,-8.881297483282e-01,8.888928919571e-01,4.058586339444e-01,0.000000000000e+00
68.780000,-3.589834241928e-02,-8.893972334405e-01,8.901214129770e-01,4.069353528533e-01,0.000000000000e+00
68.790000,-3.496794671568e-02,-8.906524219981e-01,8.913385967793e-01,4.080738498726e-01,0.000000000000e+00
68.800000,-3.403367646881e-02,-8.918950333529e-01,8.925441398909e-01,4.092727000172e-01,0.000000000000e+00
68.810000,-3.309483740090e-02,-8.931247936789e-01,8.937377497602e-01,4.105302886877e-01,0.000000000000e+00
68.820000,-3.215076187127e-02,-8.943414363355e-01,8.949191450827e-01,4.118448204986e-01,0.000000000000e+00
68.830000,-3.120081103951e-02,-8.955447021088e-01,8.960880559882e-01,4.132143275827e-01,0.000000000000e+00
68.840000,-3.024437692896e-02,-8.967343393400e-01,8.972442241037e-01,4.146366770992e-01,0.000000000000e+00
68.850000,-2.928088439635e-02,-8.979101039542e-01,8.983874025019e-01,4.161095777861e-01,0.000000000000e+00
68.860000,-2.830979301294e-02,-8.990717593959e-01,8.995173555433e-01,4.176305855261e-01,0.000000000000e+00
68.870000,-2.733059886188e-02,-9.002190764786e-01,9.006338586185e-01,4.191971080128e-01,0.000000000000e+00
68.880000,-2.634283625458e-02,-9.013518331524e-01,9.017366977944e-01,4.208064087163e-01,0.000000000000e+00
68.890000,-2.534607936675e-02,-9.024698141923e-01,9.028256693668e-01,4.224556104285e-01,0.000000000000e+00
68.900000,-2.433994379189e-02,-9.035728108090e-01,9.039005793212e-01,4.241416987328e-01,0.000000000000e+00
68.910000,-2.332408800738e-02,-9.046606201833e-01,9.049612427015e-01,4.258615257694e-01,0.000000000000e+00
68.920000,-2.229821474514e-02,-9.057330449236e-01,9.060074828871e-01,4.276118146842e-01,0.000000000000e+00
68.930000,-2.126207225644e-02,-9.067898924471e-01,9.070391307771e-01,4.293891651303e-01,0.000000000000e+00
68.940000,-2.021545545742e-02,-9.078309742850e-01,9.080560238832e-01,4.311900601677e-01,0.000000000000e+00
68.950000,-1.915820694013e-02,-9.088561053119e-01,9.090580053307e-01,4.330108748577e-01,0.000000000000e+00
68.960000,-1.809021783155e-02,-9.098651029024e-01,9.100449227708e-01,4.348478867836e-01,0.000000000000e+00
68.970000,-1.701142848260e-02,-9.108577860170e-01,9.110166272066e-01,4.366972886418e-01,0.000000000000e+00
68.980000,-1.592182896822e-02,-9.118339742240e-01,9.119729717413e-01,4.385552029400e-01,0.000000000000e+00
68.990000,-1.482145938087e-02,-9.127934866647e-01,9.129138102557e-01,4.404176987065e-01,0.000000000000e+00
69.000000,-1.371040990143e-02,-9.137361409744e-01,9.138389960285e-01,4.422808099814e-01,0.000000000000e+00
69.010000,-1.258882063457e-02,-9.146617521704e-01,9.147483803147e-01,4.441405557211e-01,0.000000000000e+00
69.020000,-1.145688119975e-02,-9.155701315255e-01,9.156418109001e-01,4.459929606377e-01,0.000000000000e+00
69.030000,-1.031483007349e-02,-9.164610854429e-01,9.165191306517e-01,4.478340764151e-01,0.000000000000e+00
69.040000,-9.162953683789e-03,-9.173344143526e-01,9.173801760861e-01,4.496600027165e-01,0.000000000000e+00
69.050000,-8.001585262199e-03,-9.181899116470e-01,9.182247759765e-01,4.514669074193e-01,0.000000000000e+00
69.060000,-6.831103463757e-03,-9.190273626751e-01,9.190527500204e-01,4.532510455795e-01,0.000000000000e+00
69.070000,-5.651930768551e-03,-9.198465438099e-01,9.198639075866e-01,4.550087767351e-01,0.000000000000e+00
69.080000,-4.464531681537e-03,-9.206472216058e-01,9.206580465589e-01,4.567365802810e-01,0.000000000000e+00
69.090000,-3.269410749081e-03,-9.214291520565e-01,9.214349522924e-01,4.584310687797e-01,0.000000000000e+00
69.100000,-2.067110411536e-03,-9.221920799630e-01,9.221943966930e-01,4.600889991946e-01,0.000000000000e+00
69.110000,-8.582087112550e-04,-9.229357384199e-01,9.229361374304e-01,4.617072821354e-01,0.000000000000e+00
69.120000,3.566831252328e-04,-9.236598484220e-01,9.236599172909e-01,4.632829892816e-01,0.000000000000e+00
69.130000,1.576923213240e-03,-9.243641185953e-01,9.243654636740e-01,4.648133591941e-01,0.000000000000e+00
69.140000,2.801841627911e-03,-9.250482450512e-01,9.250524882345e-01,4.662958017434e-01,0.000000000000e+00
69.150000,4.030743099451e-03,-9.257119113627e-01,9.257206866700e-01,4.677279013738e-01,0.000000000000e+00
69.160000,5.262909772359e-03,-9.263547886594e-01,9.263697386527e-01,4.691074193976e-01,0.000000000000e+00
69.170000,6.497604016737e-03,-9.269765358368e-01,9.269993079016e-01,4.704322954802e-01,0.000000000000e+00
69.180000,7.734071280906e-03,-9.275767998763e-01,9.276090423920e-01,4.717006484385e-01,0.000000000000e+00
69.190000,8.971542975527e-03,-9.281552162683e-01,9.281985746969e-01,4.729107764414e-01,0.000000000000e+00
69.200000,1.020923938016e-02,-9.287114095334e-01,9.287675224545e-01,4.740611566778e-01,0.000000000000e+00
69.210000,1.144637256380e-02,-9.292449938357e-01,9.293154889560e-01,4.751504445347e-01,0.000000000000e+00
69.220000,1.268214931155e-02,-9.297555736793e-01,9.298420638468e-01,4.761774723222e-01,0.000000000000e+00
69.230000,1.391577404983e-02,-9.302427446821e-01,9.303468239324e-01,4.771412475760e-01,0.000000000000e+00
69.240000,1.514645176313e-02,-9.307060944186e-01,9.308293340828e-01,4.780409509707e-01,0.000000000000e+00
69.250000,1.637339089575e-02,-9.311452033239e-01,9.312891482255e-01,4.788759338793e-01,0.000000000000e+00
69.260000,1.759580623204e-02,-9.315596456498e-01,9.317258104186e-01,4.796457156241e-01,0.000000000000e+00
69.270000,1.881292174968e-02,-9.319489904656e-01,9.321388559944e-01,4.803499804644e-01,0.000000000000e+00
69.280000,2.002397344037e-02,-9.323128026943e-01,9.325278127649e-01,4.809885743774e-01,0.000000000000e+00
69.290000,2.122821209341e-02,-9.326506441749e-01,9.328922022766e-01,4.815615016894e-01,0.000000000000e+00
69.300000,2.242490603746e-02,-9.329620747431e-01,9.332315411085e-01,4.820689216186e-01,0.000000000000e+00
69.310000,2.361334383694e-02,-9.332466533205e-01,9.335453421988e-01,4.825111447916e-01,0.000000000000e+00
69.320000,2.479283693949e-02,-9.335039390040e-01,9.338331161934e-01,4.828886297959e-01,0.000000000000e+00
69.330000,2.596272227174e-02,-9.337334921468e-01,9.340943728042e-01,4.832019798282e-01,0.000000000000e+00
69.340000,2.712236478079e-02,-9.339348754229e-01,9.343286221681e-01,4.834519394952e-01,0.000000000000e+00
69.350000,2.827115991939e-02,-9.341076548667e-01,9.345353761970e-01,4.836393918185e-01,0.000000000000e+00
69.360000,2.940853607315e-02,-9.342514008800e-01,9.347141499091e-01,4.837653554906e-01,0.000000000000e+00
69.370000,3.053395692827e-02,-9.343656892006e-01,9.348644627330e-01,4.838309824213e-01,0.000000000000e+00
69.380000,3.164692377876e-02,-9.344501018231e-01,9.349858397761e-01,4.838375556063e-01,0.000000000000e+00
69.390000,3.274697777190e-02,-9.345042278692e-01,9.350778130502e-01,4.837864873434e-01,0.000000000000e+00
69.400000,3.383370209137e-02,-9.345276643993e-01,9.351399226452e-01,4.836793178117e-01,0.000000000000e+00
69.410000,3.490672407691e-02,-9.345200171621e-01,9.351717178478e-01,4.835177140224e-01,0.000000000000e+00
69.420000,3.596571727976e-02,-9.344809012771e-01,9.351727581955e-01,4.833034691401e-01,0.000000000000e+00
69.430000,3.701040345293e-02,-9.344099418479e-01,9.351426144647e-01,4.830385021657e-01,0.000000000000e+00
69.440000,3.804055447498e-02,-9.343067745021e-01,9.350808695857e-01,4.827248579633e-01,0.000000000000e+00
69.450000,3.905599420618e-02,-9.341710458565e-01,9.349871194835e-01,4.823647076067e-01,0.000000000000e+00
69.460000,4.005660027507e-02,-9.340024139067e-01,9.348609738400e-01,4.819603490110e-01,0.000000000000e+00
69.470000,4.104230579373e-02,-9.338005483400e-01,9.347020567779e-01,4.815142078106e-01,0.000000000000e+00
69.480000,4.201310099907e-02,-9.335651307718e-01,9.345100074630e-01,4.810288384343e-01,0.000000000000e+00
69.490000,4.296903481740e-02,-9.332958549075e-01,9.342844806271e-01,4.805069253265e-01,0.000000000000e+00
69.500000,4.391021634898e-02,-9.329924266296e-01,9.340251470105e-01,4.799512842524e-01,0.000000000000e+00
69.510000,4.483681626859e-02,-9.326545640142e-01,9.337316937266e-01,4.793648636249e-01,0.000000000000e+00
69.520000,4.574906813771e-02,-9.322819972787e-01,9.334038245505e-01,4.787507457824e-01,0.000000000000e+00
69.530000,4.664726962351e-02,-9.318744686643e-01,9.330412601336e-01,4.781121481449e-01,0.000000000000e+00
69.540000,4.753178361886e-02,-9.314317322575e-01,9.326437381499e-01,4.774524241723e-01,0.000000000000e+00
69.550000,4.840303925743e-02,-9.309535537556e-01,9.322110133760e-01,4.767750640458e-01,0.000000000000e+00
69.560000,4.926153281710e-02,-9.304397101805e-01,9.317428577114e-01,4.760836949902e-01,0.000000000000e+00
69.570000,5.010782850448e-02,-9.298899895461e-01,9.312390601427e-01,4.753820811570e-01,0.000000000000e+00
69.580000,5.094255911259e-02,-9.293041904861e-01,9.306994266593e-01,4.746741229848e-01,0.000000000000e+00
69.590000,5.176642654360e-02,-9.286821218477e-01,9.301237801264e-01,4.739638559540e-01,0.000000000000e+00
69.600000,5.258020218762e-02,-9.280236022568e-01,9.295119601209e-01,4.732554486551e-01,0.000000000000e+00
69.610000,5.338472714834e-02,-9.273284596630e-01,9.288638227392e-01,4.725532000915e-01,0.000000000000e+00
69.620000,5.418091230600e-02,-9.265965308691e-01,9.281792403824e-01,4.718615361376e-01,0.000000000000e+00
69.630000,5.496973820750e-02,-9.258276610531e-01,9.274581015278e-01,4.711850050791e-01,0.000000000000e+00
69.640000,5.575225477352e-02,-9.250217032896e-01,9.267003104937e-01,4.705282721646e-01,0.000000000000e+00
69.650000,5.652958081213e-02,-9.241785180761e-01,9.259057872052e-01,4.698961131009e-01,0.000000000000e+00
69.660000,5.730290332837e-02,-9.232979728721e-01,9.250744669699e-01,4.692934064325e-01,0.000000000000e+00
69.670000,5.807347661901e-02,-9.223799416572e-01,9.242063002696e-01,4.687251247466e-01,0.000000000000e+00
69.680000,5.884262114198e-02,-9.214243045133e-01,9.233012525772e-01,4.681963246570e-01,0.000000000000e+00
69.690000,5.961172214997e-02,-9.204309472396e-01,9.223593042053e-01,4.677121355211e-01,0.000000000000e+00
69.700000,6.038222807794e-02,-9.193997610029e-01,9.213804501941e-01,4.672777468558e-01,0.000000000000e+00
69.710000,6.115564867456e-02,-9.183306420318e-01,9.203647002462e-01,4.668983944246e-01,0.000000000000e+00
69.720000,6.193355286816e-02,-9.172234913569e-01,9.193120787131e-01,4.665793449757e-01,0.000000000000e+00
69.730000,6.271756635817e-02,-9.160782146044e-01,9.182226246411e-01,4.663258796221e-01,0.000000000000e+00
69.740000,6.350936892382e-02,-9.148947218453e-01,9.170963918812e-01,4.661432758615e-01,0.000000000000e+00
69.750000,6.431069144244e-02,-9.136729275046e-01,9.159334492683e-01,4.660367882457e-01,0.000000000000e+00
69.760000,6.512331261081e-02,-9.124127503341e-01,9.147338808734e-01,4.660116277205e-01,0.000000000000e+00
69.770000,6.594905536395e-02,-9.111141134511e-01,9.134977863318e-01,4.660729396637e-01,0.000000000000e+00
69.780000,6.678978298660e-02,-9.097769444448e-01,9.122252812517e-01,4.662257806661e-01,0.000000000000e+00
69.790000,6.764739491440e-02,-9.084011755526e-01,9.109164977011e-01,4.664750941077e-01,0.000000000000e+00
69.800000,6.852382222257e-02,-9.069867439073e-01,9.095715847780e-01,4.668256845952e-01,0.000000000000e+00
69.810000,6.942102280184e-02,-9.055335918546e-01,9.081907092588e-01,4.672821913400e-01,0.000000000000e+00
69.820000,7.034097622257e-02,-9.040416673423e-01,9.067740563266e-01,4.678490605664e-01,0.000000000000e+00
69.830000,7.128567829006e-02,-9.025109243790e-01,9.053218303746e-01,4.685305170565e-01,0.000000000000e+00
69.840000,7.225713529568e-02,-9.009413235618e-01,9.038342558802e-01,4.693305349484e-01,0.000000000000e+00
69.850000,7.325735797028e-02,-8.993328326705e-01,9.023115783452e-01,4.702528079195e-01,0.000000000000e+00
69.860000,7.428835514858e-02,-8.976854273262e-01,9.007540652945e-01,4.713007188995e-01,0.000000000000e+00
69.870000,7.535212715527e-02,-8.959990917116e-01,8.991620073239e-01,4.724773094730e-01,0.000000000000e+00
69.880000,7.645065892566e-02,-8.942738193475e-01,8.975357191893e-01,4.737852491428e-01,0.000000000000e+00
69.890000,7.758591287602e-02,-8.925096139245e-01,8.958755409232e-01,4.752268046412e-01,0.000000000000e+00
69.900000,7.875982154128e-02,-8.907064901818e-01,8.941818389686e-01,4.768038094868e-01,0.000000000000e+00
69.910000,7.997427999991e-02,-8.888644748309e-01,8.924550073129e-01,4.785176340008e-01,0.000000000000e+00
69.920000,8.123113810830e-02,-8.869836075169e-01,8.906954686098e-01,4.803691560047e-01,0.000000000000e+00
69.930000,8.253219256954e-02,-8.850639418120e-01,8.889036752686e-01,4.823587324375e-01,0.000000000000e+00
69.940000,8.387917886386e-02,-8.831055462349e-01,8.870801104961e-01,4.844861721373e-01,0.000000000000e+00
69.950000,8.527376307042e-02,-8.811085052896e-01,8.852252892692e-01,4.867507100432e-01,0.000000000000e+00
69.960000,8.671753361278e-02,-8.790729205154e-01,8.833397592203e-01,4.891509830839e-01,0.000000000000e+00
69.970000,8.821199296241e-02,-8.769989115434e-01,8.814241014124e-01,4.916850080216e-01,0.000000000000e+00
69.980000,8.975854933732e-02,-8.748866171485e-01,8.794789309840e-01,4.943501615299e-01,0.000000000000e+00
69.990000,9.135850843489e-02,-8.727361962930e-01,8.775048976407e-01,4.971431627832e-01,0.000000000000e+00
70.000000,9.301306523991e-02,-8.705478291503e-01,8.755026859716e-01,5.000600588401e-01,0.000000000000e+00
70.010000,9.472329595123e-02,-8.683217181042e-01,8.734730155691e-01,5.030962130978e-01,0.000000000000e+00
70.020000,9.649015007184e-02,-8.660580887134e-01,8.714166409283e-01,5.062462970937e-01,0.000000000000e+00
70.030000,9.831444270876e-02,-8.637571906342e-01,8.693343511086e-01,5.095042859213e-01,0.000000000000e+00
70.040000,1.001968471307e-01,-8.614192984938e-01,8.672269691335e-01,5.128634575170e-01,0.000000000000e+00
70.050000,1.021378876324e-01,-8.590447127055e-01,8.650953511130e-01,5.163163960621e-01,0.000000000000e+00
70.060000,1.041379327549e-01,-8.566337602197e-01,8.629403850711e-01,5.198549997256e-01,0.000000000000e+00
70.070000,1.061971889124e-01,-8.541867952015e-01,8.607629894631e-01,5.234704929530e-01,0.000000000000e+00
70.080000,1.083156944758e-01,-8.517041996286e-01,8.585641113713e-01,5.271534434801e-01,0.000000000000e+00
70.090000,1.104933143617e-01,-8.491863838038e-01,8.563447243701e-01,5.308937842245e-01,0.000000000000e+00
70.100000,1.127297351781e-01,-8.466337867733e-01,8.541058260540e-01,5.346808401709e-01,0.000000000000e+00
70.110000,1.150244609729e-01,-8.440468766467e-01,8.518484352273e-01,5.385033603319e-01,0.000000000000e+00
70.120000,1.173768096327e-01,-8.414261508129e-01,8.495735887557e-01,5.423495548252e-01,0.000000000000e+00
70.130000,1.197859099762e-01,-8.387721360457e-01,8.472823380878e-01,5.462071370614e-01,0.000000000000e+00
70.140000,1.222506995837e-01,-8.360853884971e-01,8.449757454548e-01,5.500633709906e-01,0.000000000000e+00
70.150000,1.247699234022e-01,-8.333664935714e-01,8.426548797659e-01,5.539051233056e-01,0.000000000000e+00
70.160000,1.273421331612e-01,-8.306160656808e-01,8.403208122170e-01,5.577189204417e-01,0.000000000000e+00
70.170000,1.299656876305e-01,-8.278347478767e-01,8.379746116401e-01,5.614910101626e-01,0.000000000000e+00
70.180000,1.326387537474e-01,-8.250232113580e-01,8.356173396209e-01,5.652074274605e-01,0.000000000000e+00
70.190000,1.353593086344e-01,-8.221821548542e-01,8.332500454213e-01,5.688540644402e-01,0.000000000000e+00
70.200000,1.381251425261e-01,-8.193123038844e-01,8.308737607448e-01,5.724167438018e-01,0.000000000000e+00
70.210000,1.409338626138e-01,-8.164144098930e-01,8.284894943885e-01,5.758812954733e-01,0.000000000000e+00
70.220000,1.437828978149e-01,-8.134892492640e-01,8.260982268303e-01,5.792336358931e-01,0.000000000000e+00
70.230000,1.466695044635e-01,-8.105376222179e-01,8.237009048012e-01,5.824598493863e-01,0.000000000000e+00
70.240000,1.495907729165e-01,-8.075603515946e-01,8.212984358985e-01,5.855462710267e-01,0.000000000000e+00
70.250000,1.525436350569e-01,-8.045582815265e-01,8.188916832947e-01,5.884795703357e-01,0.000000000000e+00
70.260000,1.555248726754e-01,-8.015322760099e-01,8.164814606017e-01,5.912468351226e-01,0.000000000000e+00
70.270000,1.585311266981e-01,-7.984832173795e-01,8.140685269490e-01,5.938356547424e-01,0.000000000000e+00
70.280000,1.615589072260e-01,-7.954120046945e-01,8.116535823343e-01,5.962342020181e-01,0.000000000000e+00
70.290000,1.646046043416e-01,-7.923195520453e-01,8.092372633064e-01,5.984313130561e-01,0.000000000000e+00
70.300000,1.676644996325e-01,-7.892067867900e-01,8.068201390349e-01,6.004165641757e-01,0.000000000000e+00
70.310000,1.707347783760e-01,-7.860746477299e-01,8.044027078216e-01,6.021803451739e-01,0.000000000000e+00
70.320000,1.738115423202e-01,-7.829240832363e-01,8.019853941034e-01,6.037139281554e-01,0.000000000000e+00
70.330000,1.768908229926e-01,-7.797560493388e-01,7.995685459918e-01,6.050095311820e-01,0.000000000000e+00
70.340000,1.799685954636e-01,-7.765715077861e-01,7.971524333892e-01,6.060603760254e-01,0.000000000000e+00
70.350000,1.830407924831e-01,-7.733714240940e-01,7.947372467162e-01,6.068607393510e-01,0.000000000000e+00
70.360000,1.861033189091e-01,-7.701567655890e-01,7.923230962755e-01,6.074059967123e-01,0.000000000000e+00
70.370000,1.891520663396e-01,-7.669284994626e-01,7.899100122726e-01,6.076926588013e-01,0.000000000000e+00
70.380000,1.921829278609e-01,-7.636875908468e-01,7.874979455050e-01,6.077183994695e-01,0.000000000000e+00
70.390000,1.951918128185e-01,-7.604350009236e-01,7.850867687211e-01,6.074820751193e-01,0.000000000000e+00
70.400000,1.981746615200e-01,-7.571716850785e-01,7.826762786447e-01,6.069837351516e-01,0.000000000000e+00
70.410000,2.011274597781e-01,-7.538985911103e-01,7.802661986495e-01,6.062246232529e-01,0.000000000000e+00
70.420000,2.040462532010e-01,-7.506166575063e-01,7.778561820615e-01,6.052071694057e-01,0.000000000000e+00
70.430000,2.069271611413e-01,-7.473268117922e-01,7.754458160577e-01,6.039349726104e-01,0.000000000000e+00
70.440000,2.097663902176e-01,-7.440299689658e-01,7.730346261224e-01,6.024127744134e-01,0.000000000000e+00
70.450000,2.125602473223e-01,-7.407270300207e-01,7.706220810131e-01,6.006464234441e-01,0.000000000000e+00
70.460000,2.153051520398e-01,-7.374188805665e-01,7.682075981861e-01,5.986428312690e-01,0.000000000000e+00
70.470000,2.179976483982e-01,-7.341063895507e-01,7.657905496193e-01,5.964099199744e-01,0.000000000000e+00
70.480000,2.206344158887e-01,-7.307904080842e-01,7.633702679712e-01,5.939565619873e-01,0.000000000000e+00
70.490000,2.232122796886e-01,-7.274717683749e-01,7.609460530065e-01,5.912925127390e-01,0.000000000000e+00
70.500000,2.257282200348e-01,-7.241512827674e-01,7.585171782193e-01,5.884283368561e-01,0.000000000000e+00
70.510000,2.281793806998e-01,-7.208297428907e-01,7.560828975797e-01,5.853753286449e-01,0.000000000000e+00
70.520000,2.305630765314e-01,-7.175079189098e-01,7.536424523326e-01,5.821454276955e-01,0.000000000000e+00
70.530000,2.328768000241e-01,-7.141865588787e-01,7.511950777744e-01,5.787511304901e-01,0.000000000000e+00
70.540000,2.351182269004e-01,-7.108663881915e-01,7.487400099375e-01,5.752053989387e-01,0.000000000000e+00
70.550000,2.372852206876e-01,-7.075481091234e-01,7.462764921133e-01,5.715215667960e-01,0.000000000000e+00
70.560000,2.393758362834e-01,-7.042324004581e-01,7.438037811489e-01,5.677132449296e-01,0.000000000000e+00
70.570000,2.413883225137e-01,-7.009199171913e-01,7.413211534561e-01,5.637942264096e-01,0.000000000000e+00
70.580000,2.433211236929e-01,-6.976112903046e-01,7.388279106772e-01,5.597783923806e-01,0.000000000000e+00
70.590000,2.451728802045e-01,-6.943071266000e-01,7.363233849575e-01,5.556796196531e-01,0.000000000000e+00
70.600000,2.469424281282e-01,-6.910080085861e-01,7.338069437802e-01,5.515116909116e-01,0.000000000000e+00
70.610000,2.486287979465e-01,-6.877144944075e-01,7.312779943267e-01,5.472882083928e-01,0.000000000000e+00
70.620000,2.502312123673e-01,-6.844271178079e-01,7.287359873326e-01,5.430225118227e-01,0.000000000000e+00
70.630000,2.517490833109e-01,-6.811463881179e-01,7.261804204148e-01,5.387276013362e-01,0.000000000000e+00
70.640000,2.531820081064e-01,-6.778727902594e-01,7.236108408550e-01,5.344160660213e-01,0.000000000000e+00
70.650000,2.545297649560e-01,-6.746067847586e-01,7.210268478295e-01,5.301000186487e-01,0.000000000000e+00
70.660000,2.557923077207e-01,-6.713488077590e-01,7.184280940836e-01,5.257910370514e-01,0.000000000000e+00
70.670000,2.569697600903e-01,-6.680992710298e-01,7.158142870545e-01,5.215001125289e-01,0.000000000000e+00
70.680000,2.580624091994e-01,-6.648585619615e-01,7.131851894531e-01,5.172376055488e-01,0.000000000000e+00
70.690000,2.590706987533e-01,-6.616270435461e-01,7.105406193203e-01,5.130132089213e-01,0.000000000000e+00
70.700000,2.599952217286e-01,-6.584050543356e-01,7.078804495792e-01,5.088359185232e-01,0.000000000000e+00
70.710000,2.608367127122e-01,-6.551929083784e-01,7.052046071090e-01,5.047140115504e-01,0.000000000000e+00
70.720000,2.615960399448e-01,-6.519908951283e-01,7.025130713695e-01,5.006550321867e-01,0.000000000000e+00
70.730000,2.622741971289e-01,-6.487992793288e-01,6.998058726084e-01,4.966657844855e-01,0.000000000000e+00
70.740000,2.628722950643e-01,-6.456183008693e-01,6.970830896886e-01,4.927523321824e-01,0.000000000000e+00
70.750000,2.633915531694e-01,-6.424481746156e-01,6.943448475706e-01,4.889200050767e-01,0.000000000000e+00
70.760000,2.638332909429e-01,-6.392890902158e-01,6.915913144905e-01,4.851734115576e-01,0.000000000000e+00
70.770000,2.641989194211e-01,-6.361412118837e-01,6.888226988712e-01,4.815164567904e-01,0.000000000000e+00
70.780000,2.644899326785e-01,-6.330046781621e-01,6.860392460082e-01,4.779523660283e-01,0.000000000000e+00
70.790000,2.647078994186e-01,-6.298796016693e-01,6.832412345678e-01,4.744837124808e-01,0.000000000000e+00
70.800000,2.648544546970e-01,-6.267660688323e-01,6.804289729372e-01,4.711124491376e-01,0.000000000000e+00
70.810000,2.649312918155e-01,-6.236641396104e-01,6.776027954629e-01,4.678399439313e-01,0.000000000000e+00
70.820000,2.649401544216e-01,-6.205738472129e-01,6.747630586136e-01,4.646670176146e-01,0.000000000000e+00
70.830000,2.648828288435e-01,-6.174951978145e-01,6.719101371017e-01,4.615939837289e-01,0.000000000000e+00
70.840000,2.647611366894e-01,-6.144281702728e-01,6.690444199946e-01,4.586206900546e-01,0.000000000000e+00
70.850000,2.645769277325e-01,-6.113727158514e-01,6.661663068453e-01,4.557465609530e-01,0.000000000000e+00
70.860000,2.643320731024e-01,-6.083287579511e-01,6.632762038706e-01,4.529706400393e-01,0.000000000000e+00
70.870000,2.640284587996e-01,-6.052961918543e-01,6.603745202000e-01,4.502916326615e-01,0.000000000000e+00
70.880000,2.636679795455e-01,-6.022748844843e-01,6.574616642194e-01,4.477079477021e-01,0.000000000000e+00
70.890000,2.632525329796e-01,-5.992646741836e-01,6.545380400286e-01,4.452177382689e-01,0.000000000000e+00
70.900000,2.627840142102e-01,-5.962653705125e-01,6.516040440304e-01,4.428189408882e-01,0.000000000000e+00
70.910000,2.622643107248e-01,-5.932767540724e-01,6.486600616677e-01,4.405093128718e-01,0.000000000000e+00
70.920000,2.616952976629e-01,-5.902985763555e-01,6.457064643212e-01,4.382864675823e-01,0.000000000000e+00
70.930000,2.610788334515e-01,-5.873305596233e-01,6.427436063811e-01,4.361479073785e-01,0.000000000000e+00
70.940000,2.604167558038e-01,-5.843723968173e-01,6.397718225003e-01,4.340910540771e-01,0.000000000000e+00
70.950000,2.597108780765e-01,-5.814237515049e-01,6.367914250406e-01,4.321132768219e-01,0.000000000000e+00
70.960000,2.589629859832e-01,-5.784842578626e-01,6.338027017173e-01,4.302119173016e-01,0.000000000000e+00
70.970000,2.581748346581e-01,-5.755535207011e-01,6.308059134489e-01,4.283843123070e-01,0.000000000000e+00
70.980000,2.573481460622e-01,-5.726311155350e-01,6.278012924170e-01,4.266278136613e-01,0.000000000000e+00
70.990000,2.564846067259e-01,-5.697165887025e-01,6.247890403409e-01,4.249398055971e-01,0.000000000000e+00
71.000000,2.555858658170e-01,-5.668094575386e-01,6.217693269699e-01,4.233177196881e-01,0.000000000000e+00
71.010000,2.546535335262e-01,-5.639092106068e-01,6.187422887961e-01,4.217590474755e-01,0.000000000000e+00
71.020000,2.536891797579e-01,-5.610153079960e-01,6.157080279906e-01,4.202613509502e-01,0.000000000000e+00
71.030000,2.526943331141e-01,-5.581271816860e-01,6.126666115635e-01,4.188222710755e-01,0.000000000000e+00
71.040000,2.516704801603e-01,-5.552442359896e-01,6.096180707490e-01,4.174395345472e-01,0.000000000000e+00
71.050000,2.506190649587e-01,-5.523658480765e-01,6.065624006168e-01,4.161109590010e-01,0.000000000000e+00
71.060000,2.495414888537e-01,-5.494913685846e-01,6.034995599073e-01,4.148344568812e-01,0.000000000000e+00
71.070000,2.484391104971e-01,-5.466201223257e-01,6.004294710921e-01,4.136080381901e-01,0.000000000000e+00
71.080000,2.473132460937e-01,-5.437514090898e-01,5.973520206550e-01,4.124298123342e-01,0.000000000000e+00
71.090000,2.461651698537e-01,-5.408845045549e-01,5.942670595925e-01,4.112979892835e-01,0.000000000000e+00
71.100000,2.449961146340e-01,-5.380186613051e-01,5.911744041298e-01,4.102108802504e-01,0.000000000000e+00
71.110000,2.438072727497e-01,-5.351531099616e-01,5.880738366457e-01,4.091668980916e-01,0.000000000000e+00
71.120000,2.425997969409e-01,-5.322870604287e-01,5.849651068018e-01,4.081645576219e-01,0.000000000000e+00
71.130000,2.413748014732e-01,-5.294197032572e-01,5.818479328684e-01,4.072024760210e-01,0.000000000000e+00
71.140000,2.401333633574e-01,-5.265502111230e-01,5.787220032374e-01,4.062793734999e-01,0.000000000000e+00
71.150000,2.388765236689e-01,-5.236777404223e-01,5.755869781136e-01,4.053940743776e-01,0.000000000000e+00
71.160000,2.376052889487e-01,-5.208014329785e-01,5.724424913726e-01,4.045455087030e-01,0.000000000000e+00
71.170000,2.363206326717e-01,-5.179204178566e-01,5.692881525723e-01,4.037327145379e-01,0.000000000000e+00
71.180000,2.350234967630e-01,-5.150338132800e-01,5.661235491060e-01,4.029548409938e-01,0.000000000000e+00
71.190000,2.337147931495e-01,-5.121407286400e-01,5.629482484819e-01,4.022111520916e-01,0.000000000000e+00
71.200000,2.323954053315e-01,-5.092402665907e-01,5.597618007122e-01,4.015010314856e-01,0.000000000000e+00
71.210000,2.310661899607e-01,-5.063315252177e-01,5.565637407990e-01,4.008239880605e-01,0.000000000000e+00
71.220000,2.297279784145e-01,-5.034136002678e-01,5.533535912968e-01,4.001796623771e-01,0.000000000000e+00
71.230000,2.283815783550e-01,-5.004855874293e-01,5.501308649370e-01,3.995678339022e-01,0.000000000000e+00
71.240000,2.270277752648e-01,-4.975465846459e-01,5.468950672977e-01,3.989884289182e-01,0.000000000000e+00
71.250000,2.256673339512e-01,-4.945956944525e-01,5.436456994989e-01,3.984415289614e-01,0.000000000000e+00
71.260000,2.243010000149e-01,-4.916320263161e-01,5.403822609111e-01,3.979273795951e-01,0.000000000000e+00
71.270000,2.229295012759e-01,-4.886546989687e-01,5.371042518574e-01,3.974463992714e-01,0.000000000000e+00
71.280000,2.215535491561e-01,-4.856628427162e-01,5.338111762963e-01,3.969991879947e-01,0.000000000000e+00
71.290000,2.201738400150e-01,-4.826556017100e-01,5.305025444698e-01,3.965865354516e-01,0.000000000000e+00
71.300000,2.187910564370e-01,-4.796321361669e-01,5.271778755039e-01,3.962094282328e-01,0.000000000000e+00
71.310000,2.174058684712e-01,-4.765916245261e-01,5.238366999497e-01,3.958690557410e-01,0.000000000000e+00
71.320000,2.160189348226e-01,-4.735332655300e-01,5.204785622534e-01,3.955668143515e-01,0.000000000000e+00
71.330000,2.146309039951e-01,-4.704562802193e-01,5.171030231468e-01,3.953043093801e-01,0.000000000000e+00
71.340000,2.132424153873e-01,-4.673599138340e-01,5.137096619483e-01,3.950833544113e-01,0.000000000000e+00
71.350000,2.118541003399e-01,-4.642434376099e-01,5.102980787684e-01,3.949059675555e-01,0.000000000000e+00
71.360000,2.104665831363e-01,-4.611061504674e-01,5.068678966121e-01,3.947743642336e-01,0.000000000000e+00
71.370000,2.090804819528e-01,-4.579473805841e-01,5.034187633744e-01,3.946909461395e-01,0.000000000000e+00
71.380000,2.076964097596e-01,-4.547664868485e-01,4.999503537228e-01,3.946582860948e-01,0.000000000000e+00
71.390000,2.063149751683e-01,-4.515628601912e-01,4.964623708628e-01,3.946791085984e-01,0.000000000000e+00
71.400000,2.049367832230e-01,-4.483359247907e-01,4.929545481844e-01,3.947562659753e-01,0.000000000000e+00
71.410000,2.035624361313e-01,-4.450851391519e-01,4.894266507839e-01,3.948927101447e-01,0.000000000000e+00
71.420000,2.021925339299e-01,-4.418099970552e-01,4.858784768591e-01,3.950914601591e-01,0.000000000000e+00
71.430000,2.008276750799e-01,-4.385100283752e-01,4.823098589741e-01,3.953555657990e-01,0.000000000000e+00
71.440000,1.994684569854e-01,-4.351847997676e-01,4.787206651909e-01,3.956880676526e-01,0.000000000000e+00
71.450000,1.981154764296e-01,-4.318339152216e-01,4.751108000630e-01,3.960919542437e-01,0.000000000000e+00
71.460000,1.967693299237e-01,-4.284570164770e-01,4.714802054879e-01,3.965701169040e-01,0.000000000000e+00
71.470000,1.954306139611e-01,-4.250537833025e-01,4.678288614151e-01,3.971253032014e-01,0.000000000000e+00
71.480000,1.940999251749e-01,-4.216239336338e-01,4.641567864049e-01,3.977600698325e-01,0.000000000000e+00
71.490000,1.927778603936e-01,-4.181672235666e-01,4.604640380348e-01,3.984767359604e-01,0.000000000000e+00
71.500000,1.914650165937e-01,-4.146834472029e-01,4.567507131503e-01,3.992773380193e-01,0.000000000000e+00
71.510000,1.901619907498e-01,-4.111724363469e-01,4.530169479582e-01,4.001635870147e-01,0.000000000000e+00
71.520000,1.888693795823e-01,-4.076340600459e-01,4.492629179593e-01,4.011368293231e-01,0.000000000000e+00
71.530000,1.875877792095e-01,-4.040682239758e-01,4.454888377229e-01,4.021980119258e-01,0.000000000000e+00
71.540000,1.863177847075e-01,-4.004748696674e-01,4.416949605027e-01,4.033476529130e-01,0.000000000000e+00
71.550000,1.850599895889e-01,-3.968539735740e-01,4.378815776989e-01,4.045858179598e-01,0.000000000000e+00
71.560000,1.838149852105e-01,-3.932055459799e-01,4.340490181734e-01,4.059121033113e-01,0.000000000000e+00
71.570000,1.825833601225e-01,-3.895296297542e-01,4.301976474251e-01,4.073256256309e-01,0.000000000000e+00
71.580000,1.813656993754e-01,-3.858262989526e-01,4.263278666395e-01,4.088250188650e-01,0.000000000000e+00
71.590000,1.801625837995e-01,-3.820956572763e-01,4.224401116262e-01,4.104084380712e-01,0.000000000000e+00
71.600000,1.789745892752e-01,-3.783378363977e-01,4.185348516627e-01,4.120735699575e-01,0.000000000000e+00
71.610000,1.778022860130e-01,-3.745529941651e-01,4.146125882670e-01,4.138176496888e-01,0.000000000000e+00
71.620000,1.766462378587e-01,-3.707413127029e-01,4.106738539210e-01,4.156374833517e-01,0.000000000000e+00
71.630000,1.755070016439e-01,-3.669029964270e-01,4.067192107746e-01,4.175294753313e-01,0.000000000000e+00
71.640000,1.743851265964e-01,-3.630382699938e-01,4.027492493577e-01,4.194896597526e-01,0.000000000000e+00
71.650000,1.732811538251e-01,-3.591473762105e-01,3.987645873317e-01,4.215137350774e-01,0.000000000000e+00
71.660000,1.721956158926e-01,-3.552305739282e-01,3.947658683143e-01,4.235971009272e-01,0.000000000000e+00
71.670000,1.711290364835e-01,-3.512881359482e-01,3.907537608082e-01,4.257348962244e-01,0.000000000000e+00
71.680000,1.700819301768e-01,-3.473203469667e-01,3.867289572682e-01,4.279220377987e-01,0.000000000000e+00
71.690000,1.690548023240e-01,-3.433275015865e-01,3.826921733383e-01,4.301532586943e-01,0.000000000000e+00
71.700000,1.680481490330e-01,-3.393099024225e-01,3.786441472879e-01,4.324231455237e-01,0.000000000000e+00
71.710000,1.670624572559e-01,-3.352678583272e-01,3.745856396763e-01,4.347261743374e-01,0.000000000000e+00
71.720000,1.660982049718e-01,-3.312016827570e-01,3.705174332686e-01,4.370567446085e-01,0.000000000000e+00
71.730000,1.651558614571e-01,-3.271116923028e-01,3.664403332261e-01,4.394092110543e-01,0.000000000000e+00
71.740000,1.642358876302e-01,-3.229982053991e-01,3.623551675866e-01,4.417779131285e-01,0.000000000000e+00
71.750000,1.633387364579e-01,-3.188615412261e-01,3.582627880492e-01,4.441572021127e-01,0.000000000000e+00
71.760000,1.624648534081e-01,-3.147020188128e-01,3.541640710712e-01,4.465414658028e-01,0.000000000000e+00
71.770000,1.616146769330e-01,-3.105199563454e-01,3.500599192837e-01,4.489251508377e-01,0.000000000000e+00
71.780000,1.607886389683e-01,-3.063156706816e-01,3.459512632242e-01,4.513027827434e-01,0.000000000000e+00
71.790000,1.599871654316e-01,-3.020894770660e-01,3.418390633864e-01,4.536689837725e-01,0.000000000000e+00
71.800000,1.592106767082e-01,-2.978416890384e-01,3.377243125793e-01,4.560184886237e-01,0.000000000000e+00
71.810000,1.584595881097e-01,-2.935726185243e-01,3.336080385889e-01,4.583461581154e-01,0.000000000000e+00
71.820000,1.577343102959e-01,-2.892825760923e-01,3.294913071314e-01,4.606469908897e-01,0.000000000000e+00
71.830000,1.570352496512e-01,-2.849718713625e-01,3.253752250876e-01,4.629161332299e-01,0.000000000000e+00
71.840000,1.563628086074e-01,-2.806408135461e-01,3.212609440056e-01,4.651488870959e-01,0.000000000000e+00
71.850000,1.557173859100e-01,-2.762897120987e-01,3.171496638595e-01,4.673407165168e-01,0.000000000000e+00
71.860000,1.550993768231e-01,-2.719188774645e-01,3.130426370520e-01,4.694872525332e-01,0.000000000000e+00
71.870000,1.545091732728e-01,-2.675286218936e-01,3.089411726490e-01,4.715842969346e-01,0.000000000000e+00
71.880000,1.539471639294e-01,-2.631192603108e-01,3.048466408351e-01,4.736278251010e-01,0.000000000000e+00
71.890000,1.534137342295e-01,-2.586911112181e-01,3.007604775789e-01,4.756139883072e-01,0.000000000000e+00
71.900000,1.529092663422e-01,-2.542444976128e-01,2.966841895007e-01,4.775391158846e-01,0.000000000000e+00
71.910000,1.524341390827e-01,-2.497797479062e-01,2.926193589323e-01,4.793997176458e-01,0.000000000000e+00
71.920000,1.519887277788e-01,-2.452971968280e-01,2.885676491631e-01,4.811924869564e-01,0.000000000000e+00
71.930000,1.515734040976e-01,-2.407971863073e-01,2.845308098665e-01,4.829143047857e-01,0.000000000000e+00
71.940000,1.511885358367e-01,-2.362800663208e-01,2.805106827004e-01,4.845622449833e-01,0.000000000000e+00
71.950000,1.508344866899e-01,-2.317461957043e-01,2.765092070772e-01,4.861335809178e-01,0.000000000000e+00
71.960000,1.505116159921e-01,-2.271959429266e-01,2.725284260969e-01,4.876257934883e-01,0.000000000000e+00
71.970000,1.502202784506e-01,-2.226296868273e-01,2.685704926357e-01,4.890365803885e-01,0.000000000000e+00
71.980000,1.499608238685e-01,-2.180478173257e-01,2.646376755789e-01,4.903638663823e-01,0.000000000000e+00
71.990000,1.497335968632e-01,-2.134507361078e-01,2.607323661814e-01,4.916058142411e-01,0.000000000000e+00
72.000000,1.495389365823e-01,-2.088388573023e-01,2.568570845305e-01,4.927608359192e-01,0.000000000000e+00
72.010000,1.493771764153e-01,-2.042126081576e-01,2.530144860760e-01,4.938276034916e-01,0.000000000000e+00
72.020000,1.492486436991e-01,-1.995724297306e-01,2.492073681788e-01,4.948050593589e-01,0.000000000000e+00
72.030000,1.491536594125e-01,-1.949187775978e-01,2.454386766106e-01,4.956924252276e-01,0.000000000000e+00
72.040000,1.490925378512e-01,-1.902521225956e-01,2.417115119208e-01,4.964892094027e-01,0.000000000000e+00
72.050000,1.490655862771e-01,-1.855729515948e-01,2.380291355606e-01,4.971952119647e-01,0.000000000000e+00
72.060000,1.490731045332e-01,-1.808817683091e-01,2.343949756326e-01,4.978105274648e-01,0.000000000000e+00
72.070000,1.491153846164e-01,-1.761790941338e-01,2.308126321047e-01,4.983355448405e-01,0.000000000000e+00
72.080000,1.491927102022e-01,-1.714654690068e-01,2.272858813019e-01,4.987709443459e-01,0.000000000000e+00
72.090000,1.493053561165e-01,-1.667414522788e-01,2.238186794553e-01,4.991176914095e-01,0.000000000000e+00
72.100000,1.494535877529e-01,-1.620076235801e-01,2.204151650642e-01,4.993770274684e-01,0.000000000000e+00
72.110000,1.496376604342e-01,-1.572645836646e-01,2.170796597920e-01,4.995504579906e-01,0.000000000000e+00
72.120000,1.498578187225e-01,-1.525129552143e-01,2.138166675927e-01,4.996397380588e-01,0.000000000000e+00
72.130000,1.501142956802e-01,-1.477533835848e-01,2.106308717362e-01,4.996468560420e-01,0.000000000000e+00
72.140000,1.504073120899e-01,-1.429865374741e-01,2.075271293806e-01,4.995740159997e-01,0.000000000000e+00
72.150000,1.507370756398e-01,-1.382131094977e-01,2.045104633251e-01,4.994236195259e-01,0.000000000000e+00
72.160000,1.511037800836e-01,-1.334338166562e-01,2.015860505665e-01,4.991982477439e-01,0.000000000000e+00
72.170000,1.515076043856e-01,-1.286494006819e-01,1.987592072899e-01,4.989006441019e-01,0.000000000000e+00
72.180000,1.519487118586e-01,-1.238606282561e-01,1.960353699399e-01,4.985336985005e-01,0.000000000000e+00
72.190000,1.524272493056e-01,-1.190682910908e-01,1.934200720560e-01,4.981004331353e-01,0.000000000000e+00
72.200000,1.529433461743e-01,-1.142732058714e-01,1.909189166089e-01,4.976039902700e-01,0.000000000000e+00
72.210000,1.534971137313e-01,-1.094762140601e-01,1.885375436584e-01,4.970476219929e-01,0.000000000000e+00
72.220000,1.540886442640e-01,-1.046781815607e-01,1.862815932559e-01,4.964346818729e-01,0.000000000000e+00
72.230000,1.547180103156e-01,-9.987999824956e-02,1.841566636491e-01,4.957686183209e-01,0.000000000000e+00
72.240000,1.553852639582e-01,-9.508257737540e-02,1.821682650072e-01,4.950529693947e-01,0.000000000000e+00
72.250000,1.560904361068e-01,-9.028685483373e-02,1.803217690679e-01,4.942913587537e-01,0.000000000000e+00
72.260000,1.568335358779e-01,-8.549378832100e-02,1.786223553126e-01,4.934874924679e-01,0.000000000000e+00
72.270000,1.576145499944e-01,-8.070435637307e-02,1.770749544897e-01,4.926451564140e-01,0.000000000000e+00
72.280000,1.584334422385e-01,-7.591955729276e-02,1.756841905212e-01,4.917682140294e-01,0.000000000000e+00
72.290000,1.592901529536e-01,-7.114040797062e-02,1.744543220278e-01,4.908606042438e-01,0.000000000000e+00
72.300000,1.601845985959e-01,-6.636794260266e-02,1.733891848780e-01,4.899263394546e-01,0.000000000000e+00
72.310000,1.611166713386e-01,-6.160321130824e-02,1.724921372895e-01,4.889695034474e-01,0.000000000000e+00
72.320000,1.620862387260e-01,-5.684727865130e-02,1.717660090775e-01,4.879942491975e-01,0.000000000000e+00
72.330000,1.630931433826e-01,-5.210122206768e-02,1.712130566264e-01,4.870047965038e-01,0.000000000000e+00
72.340000,1.641372027739e-01,-4.736613020135e-02,1.708349250730e-01,4.860054294190e-01,0.000000000000e+00
72.350000,1.652182090237e-01,-4.264310115219e-02,1.706326190061e-01,4.850004934436e-01,0.000000000000e+00
72.360000,1.663359287857e-01,-3.793324063831e-02,1.706064827324e-01,4.839943924496e-01,0.000000000000e+00
72.370000,1.674901031716e-01,-3.323766007584e-02,1.707561908329e-01,4.829915852993e-01,0.000000000000e+00
72.380000,1.686804477369e-01,-2.855747457941e-02,1.710807493644e-01,4.819965821157e-01,0.000000000000e+00
72.390000,1.699066525241e-01,-2.389380088678e-02,1.715785076656e-01,4.810139401616e-01,0.000000000000e+00
72.400000,1.711683821646e-01,-1.924775521125e-02,1.722471803354e-01,4.800482592760e-01,0.000000000000e+00
72.410000,1.724652760397e-01,-1.462045102596e-02,1.730838785897e-01,4.791041768164e-01,0.000000000000e+00
72.420000,1.737969485013e-01,-1.001299678409e-02,1.740851498922e-01,4.781863620535e-01,0.000000000000e+00
72.430000,1.751629891524e-01,-5.426493579632e-03,1.752470245150e-01,4.772995099643e-01,0.000000000000e+00
72.440000,1.765629631867e-01,-8.620327534148e-04,1.765650675240e-01,4.764483343699e-01,0.000000000000e+00
72.450000,1.779964117900e-01,3.679306550615e-03,1.780344346097e-01,4.756375603696e-01,0.000000000000e+00
72.460000,1.794628525993e-01,8.196459873602e-03,1.796499301907e-01,4.748719160227e-01,0.000000000000e+00
72.470000,1.809617802228e-01,1.268837996898e-02,1.814060662923e-01,4.741561232383e-01,0.000000000000e+00
72.480000,1.824926668187e-01,1.715403936297e-02,1.832971208423e-01,4.734948878354e-01,0.000000000000e+00
72.490000,1.840549627317e-01,2.159243294235e-02,1.853171942010e-01,4.728928887461e-01,0.000000000000e+00
72.500000,1.856480971877e-01,2.600258056349e-02,1.874602629502e-01,4.723547663376e-01,0.000000000000e+00
72.510000,1.872714790448e-01,3.038352967603e-02,1.897202301791e-01,4.718851098414e-01,0.000000000000e+00
72.520000,1.889244976001e-01,3.473435795480e-02,1.920909717191e-01,4.714884438826e-01,0.000000000000e+00
72.530000,1.906065234501e-01,3.905417593305e-02,1.945663779782e-01,4.711692141128e-01,0.000000000000e+00
72.540000,1.923169094046e-01,4.334212962984e-02,1.971403912032e-01,4.709317719595e-01,0.000000000000e+00
72.550000,1.940549914506e-01,4.759740316449e-02,1.998070381515e-01,4.707803585125e-01,0.000000000000e+00
72.560000,1.958200897668e-01,5.181922135044e-02,2.025604582777e-01,4.707190875792e-01,0.000000000000e+00
72.570000,1.976115097844e-01,5.600685226073e-02,2.053949276380e-01,4.707519279488e-01,0.000000000000e+00
72.580000,1.994285432931e-01,6.015960975731e-02,2.083048787862e-01,4.708826849150e-01,0.000000000000e+00
72.590000,2.012704695899e-01,6.427685597576e-02,2.112849169796e-01,4.711149811184e-01,0.000000000000e+00
72.600000,2.031365566681e-01,6.835800375713e-02,2.143298330439e-01,4.714522367751e-01,0.000000000000e+00
72.610000,2.050260624433e-01,7.240251901816e-02,2.174346132546e-01,4.718976493733e-01,0.000000000000e+00
72.620000,2.069382360128e-01,7.640992305115e-02,2.205944465865e-01,4.724541729234e-01,0.000000000000e+00
72.630000,2.088723189472e-01,8.037979474423e-02,2.238047296763e-01,4.731244968595e-01,0.000000000000e+00
72.640000,2.108275466073e-01,8.431177271296e-02,2.270610698170e-01,4.739110246997e-01,0.000000000000e+00
72.650000,2.128031494857e-01,8.820555733375e-02,2.303592862804e-01,4.748158525790e-01,0.000000000000e+00
72.660000,2.147983545666e-01,9.206091266958e-02,2.336954102375e-01,4.758407477792e-01,0.000000000000e+00
72.670000,2.168123867004e-01,9.587766827835e-02,2.370656835166e-01,4.769871273874e-01,0.000000000000e+00
72.680000,2.188444699879e-01,9.965572089403e-02,2.404665564090e-01,4.782560372244e-01,0.000000000000e+00
72.690000,2.208938291700e-01,1.033950359709e-01,2.438946847080e-01,4.796481311880e-01,0.000000000000e+00
72.700000,2.229596910162e-01,1.070956490809e-01,2.473469261384e-01,4.811636511689e-01,0.000000000000e+00
72.710000,2.250412857069e-01,1.107576671545e-01,2.508203363089e-01,4.828024076970e-01,0.000000000000e+00
72.720000,2.271378482045e-01,1.143812695548e-01,2.543121643020e-01,4.845637614874e-01,0.000000000000e+00
72.730000,2.292486196051e-01,1.179667089764e-01,2.578198479900e-01,4.864466060564e-01,0.000000000000e+00
72.740000,2.313728484668e-01,1.215143121578e-01,2.613410091563e-01,4.884493515843e-01,0.000000000000e+00
72.750000,2.335097921059e-01,1.250244803999e-01,2.648734484779e-01,4.905699102047e-01,0.000000000000e+00
72.760000,2.356587178551e-01,1.284976898807e-01,2.684151404183e-01,4.928056829016e-01,0.000000000000e+00
72.770000,2.378189042771e-01,1.319344917579e-01,2.719642280649e-01,4.951535481975e-01,0.000000000000e+00
72.780000,2.399896423250e-01,1.353355120510e-01,2.755190179378e-01,4.976098528161e-01,0.000000000000e+00
72.790000,2.421702364437e-01,1.387014512964e-01,2.790779747865e-01,5.001704045000e-01,0.000000000000e+00
72.800000,2.443600056039e-01,1.420330839664e-01,2.826397163878e-01,5.028304671626e-01,0.000000000000e+00
72.810000,2.465582842617e-01,1.453312576488e-01,2.862030083488e-01,5.055847585488e-01,0.000000000000e+00
72.820000,2.487644232366e-01,1.485968919782e-01,2.897667589179e-01,5.084274505712e-01,0.000000000000e+00
72.830000,2.509777904998e-01,1.518309773169e-01,2.933300138021e-01,5.113521724818e-01,0.000000000000e+00
72.840000,2.531977718672e-01,1.550345731804e-01,2.968919509851e-01,5.143520170299e-01,0.000000000000e+00
72.850000,2.554237715885e-01,1.582088064051e-01,3.004518755419e-01,5.174195497419e-01,0.000000000000e+00
72.860000,2.576552128265e-01,1.613548690559e-01,3.040092144405e-01,5.205468214480e-01,0.000000000000e+00
72.870000,2.598915380206e-01,1.644740160740e-01,3.075635113244e-01,5.237253841622e-01,0.000000000000e+00
72.880000,2.621322091280e-01,1.675675626654e-01,3.111144212664e-01,5.269463104040e-01,0.000000000000e+00
72.890000,2.643767077377e-01,1.706368814319e-01,3.146617054855e-01,5.302002160298e-01,0.000000000000e+00
72.900000,2.666245350518e-01,1.736833992482e-01,3.182052260193e-01,5.334772866187e-01,0.000000000000e+00
72.910000,2.688752117311e-01,1.767085938900e-01,3.217449403456e-01,5.367673074319e-01,0.000000000000e+00
72.920000,2.711282775999e-01,1.797139904203e-01,3.252808959454e-01,5.400596969389e-01,0.000000000000e+00
72.930000,2.733832912091e-01,1.827011573404e-01,3.288132248037e-01,5.433435438729e-01,0.000000000000e+00
72.940000,2.756398292544e-01,1.856717025166e-01,3.323421378442e-01,5.466076477480e-01,0.000000000000e+00
72.950000,2.778974858497e-01,1.886272688941e-01,3.358679192957e-01,5.498405627379e-01,0.000000000000e+00
72.960000,2.801558716548e-01,1.915695300089e-01,3.393909209900e-01,5.530306447808e-01,0.000000000000e+00
72.970000,2.824146128603e-01,1.945001853154e-01,3.429115565927e-01,5.561661017423e-01,0.000000000000e+00
72.980000,2.846733500306e-01,1.974209553435e-01,3.464302957687e-01,5.592350464296e-01,0.000000000000e+00
72.990000,2.869317368085e-01,2.003335767038e-01,3.499476582903e-01,5.622255522166e-01,0.000000000000e+00
73.000000,2.891894384872e-01,2.032397969617e-01,3.534642080913e-01,5.651257110012e-01,0.000000000000e+00
73.010000,2.914461304557e-01,2.061413693984e-01,3.569805472782e-01,5.679236931809e-01,0.000000000000e+00
73.020000,2.937014965228e-01,2.090400476846e-01,3.604973101088e-01,5.706078092997e-01,0.000000000000e+00
73.030000,2.959552271312e-01,2.119375804876e-01,3.640151569499e-01,5.731665729826e-01,0.000000000000e+00
73.040000,2.982070174695e-01,2.148357060396e-01,3.675347682296e-01,5.755887647460e-01,0.000000000000e+00
73.050000,3.004565654937e-01,2.177361466899e-01,3.710568384003e-01,5.778634962409e-01,0.000000000000e+00
73.060000,3.027035698711e-01,2.206406034715e-01,3.745820699299e-01,5.799802744607e-01,0.000000000000e+00
73.070000,3.049477278598e-01,2.235507507066e-01,3.781111673415e-01,5.819290654239e-01,0.000000000000e+00
73.080000,3.071887331381e-01,2.264682306816e-01,3.816448313223e-01,5.837003568228e-01,0.000000000000e+00
73.090000,3.094262736009e-01,2.293946484188e-01,3.851837529255e-01,5.852852191157e-01,0.000000000000e+00
73.100000,3.116600291384e-01,2.323315665740e-01,3.887286078864e-01,5.866753645315e-01,0.000000000000e+00
73.110000,3.138896694169e-01,2.352805004884e-01,3.922800510818e-01,5.878632034543e-01,0.000000000000e+00
73.120000,3.161148516782e-01,2.382429134235e-01,3.958387111540e-01,5.888418976539e-01,0.000000000000e+00
73.130000,3.183352185789e-01,2.412202120060e-01,3.994051853293e-01,5.896054098424e-01,0.000000000000e+00
73.140000,3.205503960888e-01,2.442137419104e-01,4.029800344565e-01,5.901485490468e-01,0.000000000000e+00
73.150000,3.227599914682e-01,2.472247838038e-01,4.065637782924e-01,5.904670113123e-01,0.000000000000e+00
73.160000,3.249635913463e-01,2.502545495785e-01,4.101568910618e-01,5.905574152774e-01,0.000000000000e+00
73.170000,3.271607599206e-01,2.533041788937e-01,4.137597973182e-01,5.904173321954e-01,0.000000000000e+00
73.180000,3.293510372980e-01,2.563747360483e-01,4.173728681325e-01,5.900453100178e-01,0.000000000000e+00
73.190000,3.315339379989e-01,2.594672072031e-01,4.209964176319e-01,5.894408912010e-01,0.000000000000e+00
73.200000,3.337089496438e-01,2.625824979683e-01,4.246306999165e-01,5.886046239482e-01,0.000000000000e+00
73.210000,3.358755318424e-01,2.657214313702e-01,4.282759063733e-01,5.875380666550e-01,0.000000000000e+00
73.220000,3.380331153040e-01,2.688847462092e-01,4.319321634078e-01,5.862437853885e-01,0.000000000000e+00
73.230000,3.401811011860e-01,2.720730958153e-01,4.355995306134e-01,5.847253442935e-01,0.000000000000e+00
73.240000,3.423188606986e-01,2.752870472081e-01,4.392779993928e-01,5.829872888855e-01,0.000000000000e+00
73.250000,3.444457349792e-01,2.785270806627e-01,4.429674920441e-01,5.810351222620e-01,0.000000000000e+00
73.260000,3.465610352504e-01,2.817935896796e-01,4.466678613224e-01,5.788752743314e-01,0.000000000000e+00
73.270000,3.486640432745e-01,2.850868813555e-01,4.503788904839e-01,5.765150642328e-01,0.000000000000e+00
73.280000,3.507540121117e-01,2.884071771462e-01,4.541002938140e-01,5.739626561869e-01,0.000000000000e+00
73.290000,3.528301671918e-01,2.917546140126e-01,4.578317176411e-01,5.712270090906e-01,0.000000000000e+00
73.300000,3.548917077026e-01,2.951292459333e-01,4.615727418308e-01,5.683178202318e-01,0.000000000000e+00
73.310000,3.569378082994e-01,2.985310457699e-01,4.653228817521e-01,5.652454635644e-01,0.000000000000e+00
73.320000,3.589676211343e-01,3.019599074633e-01,4.690815907047e-01,5.620209230447e-01,0.000000000000e+00
73.330000,3.609802782028e-01,3.054156485400e-01,4.728482627910e-01,5.586557215803e-01,0.000000000000e+00
73.340000,3.629748940028e-01,3.088980129029e-01,4.766222362120e-01,5.551618461950e-01,0.000000000000e+00
73.350000,3.649505684972e-01,3.124066738810e-01,4.804027969650e-01,5.515516700512e-01,0.000000000000e+00
73.360000,3.669063903684e-01,3.159412375079e-01,4.841891829143e-01,5.478378720093e-01,0.000000000000e+00
73.370000,3.688414405514e-01,3.195012460008e-01,4.879805882042e-01,5.440333544286e-01,0.000000000000e+00
73.380000,3.707547960274e-01,3.230861814070e-01,4.917761679804e-01,5.401511599345e-01,0.000000000000e+00
73.390000,3.726455338588e-01,3.266954693867e-01,4.955750433816e-01,5.362043878890e-01,0.000000000000e+00
73.400000,3.745127354415e-01,3.303284831000e-01,4.993763067618e-01,5.322061113037e-01,0.000000000000e+00
73.410000,3.763554909508e-01,3.339845471637e-01,5.031790270997e-01,5.281692949293e-01,0.000000000000e+00
73.420000,3.781729039514e-01,3.376629416473e-01,5.069822555523e-01,5.241067152430e-01,0.000000000000e+00
73.430000,3.799640961414e-01,3.413629060754e-01,5.107850311048e-01,5.200308830349e-01,0.000000000000e+00
73.440000,3.817282121985e-01,3.450836434058e-01,5.145863862701e-01,5.159539692616e-01,0.000000000000e+00
73.450000,3.834644246937e-01,3.488243239539e-01,5.183853527904e-01,5.118877348051e-01,0.000000000000e+00
73.460000,3.851719390350e-01,3.525840892366e-01,5.221809672928e-01,5.078434647243e-01,0.000000000000e+00
73.470000,3.868499984062e-01,3.563620557079e-01,5.259722768504e-01,5.038319075447e-01,0.000000000000e+00
73.480000,3.884978886601e-01,3.601573183648e-01,5.297583444034e-01,4.998632200694e-01,0.000000000000e+00
73.490000,3.901149431279e-01,3.639689542017e-01,5.335382539934e-01,4.959469181393e-01,0.000000000000e+00
73.500000,3.917005473051e-01,3.677960254947e-01,5.373111157689e-01,4.920918337030e-01,0.000000000000e+00
73.510000,3.932541433752e-01,3.716375829011e-01,5.410760707205e-01,4.883060784895e-01,0.000000000000e+00
73.520000,3.947752345299e-01,3.754926683611e-01,5.448322951065e-01,4.845970145067e-01,0.000000000000e+00
73.530000,3.962633890513e-01,3.793603177932e-01,5.485790045368e-01,4.809712315139e-01,0.000000000000e+00
73.540000,3.977182441153e-01,3.832395635770e-01,5.523154576805e-01,4.774345315450e-01,0.000000000000e+00
73.550000,3.991395092843e-01,3.871294368194e-01,5.560409595739e-01,4.739919204840e-01,0.000000000000e+00
73.560000,4.005269696537e-01,3.910289694055e-01,5.597548645026e-01,4.706476066215e-01,0.000000000000e+00
73.570000,4.018804886229e-01,3.949371958370e-01,5.634565784436e-01,4.674050060493e-01,0.000000000000e+00
73.580000,4.032000102617e-01,3.988531548627e-01,5.671455610502e-01,4.642667546811e-01,0.000000000000e+00
73.590000,4.044855612493e-01,4.027758909108e-01,5.708213271753e-01,4.612347266218e-01,0.000000000000e+00
73.600000,4.057372523615e-01,4.067044553335e-01,5.744834479270e-01,4.583100585451e-01,0.000000000000e+00
73.610000,4.069552794923e-01,4.106379074754e-01,5.781315512601e-01,4.554931796827e-01,0.000000000000e+00
73.620000,4.081399241926e-01,4.145753155822e-01,5.817653221102e-01,4.527838469756e-01,0.000000000000e+00
73.630000,4.092915537195e-01,4.185157575645e-01,5.853845020804e-01,4.501811848938e-01,0.000000000000e+00
73.640000,4.104106205895e-01,4.224583216344e-01,5.889888886990e-01,4.476837293891e-01,0.000000000000e+00
73.650000,4.114976616352e-01,4.264021068328e-01,5.925783342670e-01,4.452894754146e-01,0.000000000000e+00
73.660000,4.125532965695e-01,4.303462234656e-01,5.961527443210e-01,4.429959274196e-01,0.000000000000e+00
73.670000,4.135782260652e-01,4.342897934683e-01,5.997120757380e-01,4.408001522103e-01,0.000000000000e+00
73.680000,4.145732293624e-01,4.382319507155e-01,6.032563345145e-01,4.386988335561e-01,0.000000000000e+00
73.690000,4.155391614209e-01,4.421718412947e-01,6.067855732533e-01,4.366883279227e-01,0.000000000000e+00
73.700000,4.164769496372e-01,4.461086237597e-01,6.102998883925e-01,4.347647207144e-01,0.000000000000e+00
73.710000,4.173875901524e-01,4.500414693794e-01,6.137994172157e-01,4.329238824247e-01,0.000000000000e+00
73.720000,4.182721437762e-01,4.539695623969e-01,6.172843346805e-01,4.311615241146e-01,0.000000000000e+00
73.730000,4.191317315618e-01,4.578921003084e-01,6.207548501033e-01,4.294732516643e-01,0.000000000000e+00
73.740000,4.199675300610e-01,4.618082941753e-01,6.242112037401e-01,4.278546182811e-01,0.000000000000e+00
73.750000,4.207807663001e-01,4.657173689752e-01,6.276536632995e-01,4.263011747833e-01,0.000000000000e+00
73.760000,4.215727125108e-01,4.696185639989e-01,6.310825204251e-01,4.248085172281e-01,0.000000000000e+00
73.770000,4.223446806579e-01,4.735111332967e-01,6.344980871807e-01,4.233723315013e-01,0.000000000000e+00
73.780000,4.230980168032e-01,4.773943461750e-01,6.379006925710e-01,4.219884345385e-01,0.000000000000e+00
73.790000,4.238340953451e-01,4.812674877440e-01,6.412906791279e-01,4.206528119073e-01,0.000000000000e+00
73.800000,4.245543131766e-01,4.851298595114e-01,6.446683995873e-01,4.193616515347e-01,0.000000000000e+00
73.810000,4.252600837997e-01,4.889807800196e-01,6.480342136816e-01,4.181113734270e-01,0.000000000000e+00
73.820000,4.259528314353e-01,4.928195855175e-01,6.513884850667e-01,4.168986552866e-01,0.000000000000e+00
73.830000,4.266339851670e-01,4.966456306607e-01,6.547315783998e-01,4.157204539881e-01,0.000000000000e+00
73.840000,4.273049731520e-01,5.004582892295e-01,6.580638565815e-01,4.145740229346e-01,0.000000000000e+00
73.850000,4.279672169345e-01,5.042569548543e-01,6.613856781709e-01,4.134569253660e-01,0.000000000000e+00
73.860000,4.286221258900e-01,5.080410417376e-01,6.646973949793e-01,4.123670437424e-01,0.000000000000e+00
73.870000,4.292710918298e-01,5.118099853595e-01,6.679993498458e-01,4.113025853708e-01,0.000000000000e+00
73.880000,4.299154837885e-01,5.155632431567e-01,6.712918745936e-01,4.102620844829e-01,0.000000000000e+00
73.890000,4.305566430169e-01,5.193002951618e-01,6.745752881637e-01,4.092444010073e-01,0.000000000000e+00
73.900000,4.311958781977e-01,5.230206445917e-01,6.778498949206e-01,4.082487163077e-01,0.000000000000e+00
73.910000,4.318344608997e-01,5.267238183753e-01,6.811159831221e-01,4.072745261809e-01,0.000000000000e+00
73.920000,4.324736212794e-01,5.304093676103e-01,6.843738235433e-01,4.063216314246e-01,0.000000000000e+00
73.930000,4.331145440413e-01,5.340768679411e-01,6.876236682444e-01,4.053901262950e-01,0.000000000000e+00
73.940000,4.337583646597e-01,5.377259198507e-01,6.908657494706e-01,4.044803851777e-01,0.000000000000e+00
73.950000,4.344061658656e-01,5.413561488615e-01,6.941002786718e-01,4.035930477906e-01,0.000000000000e+00
73.960000,4.350589743972e-01,5.449672056410e-01,6.973274456292e-01,4.027290032338e-01,0.000000000000e+00
73.970000,4.357177580135e-01,5.485587660111e-01,7.005474176785e-01,4.018893731838e-01,0.000000000000e+00
73.980000,4.363834227644e-01,5.521305308608e-01,7.037603390162e-01,4.010754945142e-01,0.000000000000e+00
73.990000,4.370568105119e-01,5.556822259637e-01,7.069663300800e-01,4.002889016028e-01,0.000000000000e+00
74.000000,4.377386966963e-01,5.592136017040e-01,7.101654869931e-01,3.995313085608e-01,0.000000000000e+00
74.010000,4.384297883362e-01,5.627244327164e-01,7.133578810643e-01,3.988045915926e-01,0.000000000000e+00
74.020000,4.391307222570e-01,5.662145174455e-01,7.165435583383e-01,3.981107716654e-01,0.000000000000e+00
74.030000,4.398420635349e-01,5.696836776342e-01,7.197225391896e-01,3.974519976406e-01,0.000000000000e+00
74.040000,4.405643041505e-01,5.731317577477e-01,7.228948179580e-01,3.968305299871e-01,0.000000000000e+00
74.050000,4.412978618420e-01,5.765586243449e-01,7.260603626234e-01,3.962487251684e-01,0.000000000000e+00
74.060000,4.420430791492e-01,5.799641654071e-01,7.292191145191e-01,3.957090207684e-01,0.000000000000e+00
74.070000,4.428002226428e-01,5.833482896341e-01,7.323709880870e-01,3.952139213927e-01,0.000000000000e+00
74.080000,4.435694823320e-01,5.867109257193e-01,7.355158706749e-01,3.947659853581e-01,0.000000000000e+00
74.090000,4.443509712459e-01,5.900520216147e-01,7.386536223825e-01,3.943678121613e-01,0.000000000000e+00
74.100000,4.451447251844e-01,5.933715437960e-01,7.417840759590e-01,3.940220306971e-01,0.000000000000e+00
74.110000,4.459507026386e-01,5.966694765375e-01,7.449070367605e-01,3.937312881778e-01,0.000000000000e+00
74.120000,4.467687848785e-01,5.999458212068e-01,7.480222827733e-01,3.934982396916e-01,0.000000000000e+00
74.130000,4.475987762096e-01,6.032005955866e-01,7.511295647093e-01,3.933255383234e-01,0.000000000000e+00
74.140000,4.484404044012e-01,6.064338332310e-01,7.542286061843e-01,3.932158257498e-01,0.000000000000e+00
74.150000,4.492933212901e-01,6.096455828627e-01,7.573191039845e-01,3.931717232119e-01,0.000000000000e+00
74.160000,4.501571035652e-01,6.128359078146e-01,7.604007284302e-01,3.931958227599e-01,0.000000000000e+00
74.170000,4.510312537394e-01,6.160048855200e-01,7.634731238454e-01,3.932906786566e-01,0.000000000000e+00
74.180000,4.519152013159e-01,6.191526070526e-01,7.665359091396e-01,3.934587988230e-01,0.000000000000e+00
74.190000,4.528083041591e-01,6.222791767167e-01,7.695886785099e-01,3.937026362008e-01,0.000000000000e+00
74.200000,4.537098500769e-01,6.253847116856e-01,7.726310022688e-01,3.940245799057e-01,0.000000000000e+00
74.210000,4.546190586270e-01,6.284693416873e-01,7.756624278046e-01,3.944269460399e-01,0.000000000000e+00
74.220000,4.555350831549e-01,6.315332087313e-01,7.786824806784e-01,3.949119680293e-01,0.000000000000e+00
74.230000,4.564570130764e-01,6.345764668720e-01,7.816906658611e-01,3.954817863537e-01,0.000000000000e+00
74.240000,4.573838764128e-01,6.375992820013e-01,7.846864691142e-01,3.961384375328e-01,0.000000000000e+00
74.250000,4.583146425898e-01,6.406018316627e-01,7.876693585139e-01,3.968838422397e-01,0.000000000000e+00
74.260000,4.592482255099e-01,6.435843048757e-01,7.906387861194e-01,3.977197924164e-01,0.000000000000e+00
74.270000,4.601834869054e-01,6.465469019619e-01,7.935941897828e-01,3.986479372769e-01,0.000000000000e+00
74.280000,4.611192399798e-01,6.494898343581e-01,7.965349950969e-01,3.996697680963e-01,0.000000000000e+00
74.290000,4.620542533427e-01,6.524133244050e-01,7.994606174749e-01,4.007866017081e-01,0.000000000000e+00
74.300000,4.629872552423e-01,6.553176050967e-01,8.023704643532e-01,4.019995626529e-01,0.000000000000e+00
74.310000,4.639169380959e-01,6.582029197749e-01,8.052639375089e-01,4.033095639576e-01,0.000000000000e+00
74.320000,4.648419633158e-01,6.610695217538e-01,8.081404354758e-01,4.047172865639e-01,0.000000000000e+00
74.330000,4.657609664277e-01,6.639176738568e-01,8.109993560460e-01,4.062231574713e-01,0.000000000000e+00
74.340000,4.666725624702e-01,6.667476478495e-01,8.138400988372e-01,4.078273267136e-01,0.000000000000e+00
74.350000,4.675753516639e-01,6.695597237518e-01,8.166620679046e-01,4.095296433497e-01,0.000000000000e+00
74.360000,4.684679253330e-01,6.723541890113e-01,8.194646743739e-01,4.113296307170e-01,0.000000000000e+00
74.370000,4.693488720548e-01,6.751313375229e-01,8.222473390680e-01,4.132264612628e-01,0.000000000000e+00
74.380000,4.702167840123e-01,6.778914684788e-01,8.250094950988e-01,4.152189313453e-01,0.000000000000e+00
74.390000,4.710702635153e-01,6.806348850352e-01,8.277505903926e-01,4.173054364677e-01,0.000000000000e+00
74.400000,4.719079296510e-01,6.833618927839e-01,8.304700901157e-01,4.194839474762e-01,0.000000000000e+00
74.410000,4.727284250217e-01,6.860727980204e-01,8.331674789663e-01,4.217519883205e-01,0.000000000000e+00
74.420000,4.735304225191e-01,6.887679058022e-01,8.358422632975e-01,4.241066160259e-01,0.000000000000e+00
74.430000,4.743126320807e-01,6.914475177954e-01,8.384939730354e-01,4.265444035687e-01,0.000000000000e+00
74.440000,4.750738073704e-01,6.941119299125e-01,8.411221633605e-01,4.290614263728e-01,0.000000000000e+00
74.450000,4.758127523187e-01,6.967614297479e-01,8.437264161169e-01,4.316532531474e-01,0.000000000000e+00
74.460000,4.765283274589e-01,6.993962938242e-01,8.463063409226e-01,4.343149417716e-01,0.000000000000e+00
74.470000,4.772194559886e-01,7.020167846678e-01,8.488615759530e-01,4.370410408853e-01,0.000000000000e+00
74.480000,4.778851294911e-01,7.046231477367e-01,8.513917883766e-01,4.398255977811e-01,0.000000000000e+00
74.490000,4.785244132450e-01,7.072156082317e-01,8.538966744273e-01,4.426621730902e-01,0.000000000000e+00
74.500000,4.791364510593e-01,7.097943678252e-01,8.563759591033e-01,4.455438626386e-01,0.000000000000e+00
74.510000,4.797204695682e-01,7.123596013493e-01,8.588293954897e-01,4.484633266964e-01,0.000000000000e+00
74.520000,4.802757819303e-01,7.149114534876e-01,8.612567637102e-01,4.514128266763e-01,0.000000000000e+00
74.530000,4.808017908797e-01,7.174500355204e-01,8.636578695186e-01,4.543842691500e-01,0.000000000000e+00
74.540000,4.812979910870e-01,7.199754221748e-01,8.660325425526e-01,4.573692568494e-01,0.000000000000e+00
74.550000,4.817639707958e-01,7.224876486333e-01,8.683806342755e-01,4.603591461166e-01,0.000000000000e+00
74.560000,4.821994127111e-01,7.249867077551e-01,8.707020156406e-01,4.633451100625e-01,0.000000000000e+00
74.570000,4.826040941291e-01,7.274725475612e-01,8.729965745210e-01,4.663182064998e-01,0.000000000000e+00
74.580000,4.829778863062e-01,7.299450690342e-01,8.752642129484e-01,4.692694495419e-01,0.000000000000e+00
74.590000,4.833207530814e-01,7.324041242777e-01,8.775048442134e-01,4.721898836115e-01,0.000000000000e+00
74.600000,4.836327487735e-01,7.348495150736e-01,8.797183898784e-01,4.750706584840e-01,0.000000000000e+00
74.610000,4.839140153914e-01,7.372809918722e-01,8.819047767579e-01,4.779031039219e-01,0.000000000000e+00
74.620000,4.841647792007e-01,7.396982532358e-01,8.840639339202e-01,4.806788024221e-01,0.000000000000e+00
74.630000,4.843853467041e-01,7.421009457531e-01,8.861957897605e-01,4.833896586217e-01,0.000000000000e+00
74.640000,4.845761000985e-01,7.444886644290e-01,8.883002691939e-01,4.860279639744e-01,0.000000000000e+00
74.650000,4.847374922791e-01,7.468609535436e-01,8.903772910116e-01,4.885864554298e-01,0.000000000000e+00
74.660000,4.848700414635e-01,7.492173079674e-01,8.924267654361e-01,4.910583670103e-01,0.000000000000e+00
74.670000,4.849743255145e-01,7.515571749076e-01,8.944485919064e-01,4.934374733811e-01,0.000000000000e+00
74.680000,4.850509760378e-01,7.538799560530e-01,8.964426571140e-01,4.957181247445e-01,0.000000000000e+00
74.690000,4.851006723312e-01,7.561850100786e-01,8.984088333069e-01,4.978952726424e-01,0.000000000000e+00
74.700000,4.851241352581e-01,7.584716554633e-01,9.003469768657e-01,4.999644865164e-01,0.000000000000e+00
74.710000,4.851221211137e-01,7.607391735714e-01,9.022569271554e-01,5.019219611401e-01,0.000000000000e+00
74.720000,4.850954155470e-01,7.629868119468e-01,9.041385056447e-01,5.037645152868e-01,0.000000000000e+00
74.730000,4.850448275947e-01,7.652137877653e-01,9.059915152818e-01,5.054895822279e-01,0.000000000000e+00
74.740000,4.849711838759e-01,7.674192913966e-01,9.078157401134e-01,5.070951928474e-01,0.000000000000e+00
74.750000,4.848753229881e-01,7.696024900238e-01,9.096109451263e-01,5.085799523194e-01,0.000000000000e+00
74.760000,4.847580901405e-01,7.717625312793e-01,9.113768762939e-01,5.099430113990e-01,0.000000000000e+00
74.770000,4.846203320504e-01,7.738985468554e-01,9.131132608070e-01,5.111840334481e-01,0.000000000000e+00
74.780000,4.844628921233e-01,7.760096560566e-01,9.148198074689e-01,5.123031583284e-01,0.000000000000e+00
74.790000,4.842866059315e-01,7.780949692670e-01,9.164962072389e-01,5.133009642728e-01,0.000000000000e+00
74.800000,4.840922970018e-01,7.801535913104e-01,9.181421339047e-01,5.141784287837e-01,0.000000000000e+00
74.810000,4.838807729157e-01,7.821846246883e-01,9.197572448730e-01,5.149368895142e-01,0.000000000000e+00
74.820000,4.836528217240e-01,7.841871726863e-01,9.213411820641e-01,5.155780059781e-01,0.000000000000e+00
74.830000,4.834092086751e-01,7.861603423420e-01,9.228935729017e-01,5.161037228086e-01,0.000000000000e+00
74.840000,4.831506732486e-01,7.881032472753e-01,9.244140313877e-01,5.165162351630e-01,0.000000000000e+00
74.850000,4.828779264908e-01,7.900150103792e-01,9.259021592568e-01,5.168179567429e-01,0.000000000000e+00
74.860000,4.825916486369e-01,7.918947663767e-01,9.273575472000e-01,5.170114907897e-01,0.000000000000e+00
74.870000,4.822924870108e-01,7.937416642487e-01,9.287797761533e-01,5.170996043122e-01,0.000000000000e+00
74.880000,4.819810541850e-01,7.955548695367e-01,9.301684186409e-01,5.170852057148e-01,0.000000000000e+00
74.890000,4.816579263819e-01,7.973335665288e-01,9.315230401660e-01,5.169713259190e-01,0.000000000000e+00
74.900000,4.813236420983e-01,7.990769603340e-01,9.328432006395e-01,5.167611030017e-01,0.000000000000e+00
74.910000,4.809787009284e-01,8.007842788537e-01,9.341284558379e-01,5.164577703097e-01,0.000000000000e+00
74.920000,4.806235625632e-01,8.024547746563e-01,9.353783588793e-01,5.160646479476e-01,0.000000000000e+00
74.930000,4.802586459403e-01,8.040877267645e-01,9.365924617109e-01,5.155851374651e-01,0.000000000000e+00
74.940000,4.798843285202e-01,8.056824423634e-01,9.377703165978e-01,5.150227194997e-01,0.000000000000e+00
74.950000,4.795009456655e-01,8.072382584403e-01,9.389114776079e-01,5.143809540472e-01,0.000000000000e+00
74.960000,4.791087901008e-01,8.087545433637e-01,9.400155020867e-01,5.136634829520e-01,0.000000000000e+00
74.970000,4.787081114348e-01,8.102306984153e-01,9.410819521211e-01,5.128740341268e-01,0.000000000000e+00
74.980000,4.782991157307e-01,8.116661592813e-01,9.421103959894e-01,5.120164269355e-01,0.000000000000e+00
74.990000,4.778819651123e-01,8.130603975149e-01,9.431004095995e-01,5.110945781212e-01,0.000000000000e+00
75.000000,4.774567774031e-01,8.144129219748e-01,9.440515779171e-01,5.101125076247e-01,0.000000000000e+00
75.010000,4.770236257943e-01,8.157232802471e-01,9.449634963865e-01,5.090743436432e-01,0.000000000000e+00
75.020000,4.765825385481e-01,8.169910600504e-01,9.458357723469e-01,5.079843263162e-01,0.000000000000e+00
75.030000,4.761334987416e-01,8.182158906249e-01,9.466680264459e-01,5.068468094999e-01,0.000000000000e+00
75.040000,4.756764440625e-01,8.193974440999e-01,9.474598940501e-01,5.056662602093e-01,0.000000000000e+00
75.050000,4.752112666687e-01,8.205354368322e-01,9.482110266530e-01,5.044472554418e-01,0.000000000000e+00
75.060000,4.747378131242e-01,8.216296307044e-01,9.489210932745e-01,5.031944762616e-01,0.000000000000e+00
75.070000,4.742558844254e-01,8.226798343702e-01,9.495897818487e-01,5.019126991866e-01,0.000000000000e+00
75.080000,4.737652361276e-01,8.236859044327e-01,9.502168005903e-01,5.006067850737e-01,0.000000000000e+00
75.090000,4.732655785839e-01,8.246477465388e-01,9.508018793333e-01,4.992816658342e-01,0.000000000000e+00
75.100000,4.727565773028e-01,8.255653163765e-01,9.513447708307e-01,4.979423294084e-01,0.000000000000e+00
75.110000,4.722378534312e-01,8.264386205600e-01,9.518452520061e-01,4.965938034923e-01,0.000000000000e+00
75.120000,4.717089843652e-01,8.272677173898e-01,9.523031251477e-01,4.952411385305e-01,0.000000000000e+00
75.130000,4.711695044904e-01,8.280527174775e-01,9.527182190362e-01,4.938893904760e-01,0.000000000000e+00
75.140000,4.706189060496e-01,8.287937842274e-01,9.530903899974e-01,4.925436037800e-01,0.000000000000e+00
75.150000,4.700566401361e-01,8.294911341677e-01,9.534195228748e-01,4.912087950179e-01,0.000000000000e+00
75.160000,4.694821178055e-01,8.301450371269e-01,9.537055319151e-01,4.898899374929e-01,0.000000000000e+00
75.170000,4.688947113001e-01,8.307558162555e-01,9.539483615623e-01,4.885919471005e-01,0.000000000000e+00
75.180000,4.682937553760e-01,8.313238478918e-01,9.541479871581e-01,4.873196696699e-01,0.000000000000e+00
75.190000,4.676785487233e-01,8.318495612757e-01,9.543044155460e-01,4.860778699458e-01,0.000000000000e+00
75.200000,4.670483554658e-01,8.323334381149e-01,9.544176855798e-01,4.848712223063e-01,0.000000000000e+00
75.210000,4.664024067292e-01,8.327760120126e-01,9.544878685381e-01,4.837043032443e-01,0.000000000000e+00
75.220000,4.657399022629e-01,8.331778677663e-01,9.545150684486e-01,4.825815855562e-01,0.000000000000e+00
75.230000,4.650600121061e-01,8.335396405494e-01,9.544994223294e-01,4.815074340901e-01,0.000000000000e+00
75.240000,4.643618782849e-01,8.338620149904e-01,9.544411003557e-01,4.804861028101e-01,0.000000000000e+00
75.250000,4.636446165347e-01,8.341457241640e-01,9.543403059615e-01,4.795217328513e-01,0.000000000000e+00
75.260000,4.629073180412e-01,8.343915485072e-01,9.541972758902e-01,4.786183511680e-01,0.000000000000e+00
75.270000,4.621490511984e-01,8.346003146765e-01,9.540122802049e-01,4.777798693532e-01,0.000000000000e+00
75.280000,4.613688633854e-01,8.347728943546e-01,9.537856222709e-01,4.770100821995e-01,0.000000000000e+00
75.290000,4.605657827631e-01,8.349102030194e-01,9.535176387241e-01,4.763126656156e-01,0.000000000000e+00
75.300000,4.597388200998e-01,8.350131986793e-01,9.532086994333e-01,4.756911735701e-01,0.000000000000e+00
75.310000,4.588869706310e-01,8.350828805804e-01,9.528592074664e-01,4.751490338182e-01,0.000000000000e+00
75.320000,4.580092159633e-01,8.351202878863e-01,9.524695990669e-01,4.746895422479e-01,0.000000000000e+00
75.330000,4.571045260313e-01,8.351264983290e-01,9.520403436460e-01,4.743158557727e-01,0.000000000000e+00
75.340000,4.561718611180e-01,8.351026268281e-01,9.515719437915e-01,4.740309837674e-01,0.000000000000e+00
75.350000,4.552101739472e-01,8.350498240721e-01,9.510649352951e-01,4.738377781157e-01,0.000000000000e+00
75.360000,4.542184118569e-01,8.349692750551e-01,9.505198871963e-01,4.737389219877e-01,0.000000000000e+00
75.370000,4.531955190609e-01,8.348621975613e-01,9.499374018396e-01,4.737369175091e-01,0.000000000000e+00
75.380000,4.521404390054e-01,8.347298405876e-01,9.493181149390e-01,4.738340725095e-01,0.000000000000e+00
75.390000,4.510521168246e-01,8.345734826952e-01,9.486626956458e-01,4.740324865522e-01,0.000000000000e+00
75.400000,4.499295018984e-01,8.343944302819e-01,9.479718466094e-01,4.743340364495e-01,0.000000000000e+00
75.410000,4.487715505138e-01,8.341940157654e-01,9.472463040252e-01,4.747403614567e-01,0.000000000000e+00
75.420000,4.475772286293e-01,8.339735956690e-01,9.464868376584e-01,4.752528483242e-01,0.000000000000e+00
75.430000,4.463455147412e-01,8.337345486034e-01,9.456942508361e-01,4.758726163652e-01,0.000000000000e+00
75.440000,4.450754028481e-01,8.334782731370e-01,9.448693803970e-01,4.766005026765e-01,0.000000000000e+00
75.450000,4.437659055101e-01,8.332061855487e-01,9.440130965881e-01,4.774370476310e-01,0.000000000000e+00
75.460000,4.424160569967e-01,8.329197174606e-01,9.431263029007e-01,4.783824807463e-01,0.000000000000e+00
75.470000,4.410249165170e-01,8.326203133436e-01,9.422099358324e-01,4.794367070223e-01,0.000000000000e+00
75.480000,4.395915715265e-01,8.323094278967e-01,9.412649645679e-01,4.805992938389e-01,0.000000000000e+00
75.490000,4.381151411000e-01,8.319885232955e-01,9.402923905661e-01,4.818694585025e-01,0.000000000000e+00
75.500000,4.365947793633e-01,8.316590663107e-01,9.392932470448e-01,4.832460565349e-01,0.000000000000e+00
75.510000,4.350296789740e-01,8.313225252965e-01,9.382685983520e-01,4.847275708041e-01,0.000000000000e+00
75.520000,4.334190746392e-01,8.309803670488e-01,9.372195392125e-01,4.863121016040e-01,0.000000000000e+00
75.530000,4.317622466604e-01,8.306340535367e-01,9.361471938408e-01,4.879973577965e-01,0.000000000000e+00
75.540000,4.300585244908e-01,8.302850385094e-01,9.350527149096e-01,4.897806491383e-01,0.000000000000e+00
75.550000,4.283072902949e-01,8.299347639816e-01,9.339372823616e-01,4.916588799182e-01,0.000000000000e+00
75.560000,4.265079824923e-01,8.295846566044e-01,9.328021020576e-01,4.936285440349e-01,0.000000000000e+00
75.570000,4.246600992742e-01,8.292361239254e-01,9.316484042483e-01,4.956857216463e-01,0.000000000000e+00
75.580000,4.227632020735e-01,8.288905505472e-01,9.304774418619e-01,4.978260775224e-01,0.000000000000e+00
75.590000,4.208169189748e-01,8.285492941910e-01,9.292904885986e-01,5.000448612276e-01,0.000000000000e+00
75.600000,4.188209480446e-01,8.282136816758e-01,9.280888368232e-01,5.023369092571e-01,0.000000000000e+00
75.610000,4.167750605649e-01,8.278850048242e-01,9.268737952503e-01,5.046966492420e-01,0.000000000000e+00
75.620000,4.146791041520e-01,8.275645163065e-01,9.256466864144e-01,5.071181063304e-01,0.000000000000e+00
75.630000,4.125330057405e-01,8.272534254363e-01,9.244088439221e-01,5.095949118407e-01,0.000000000000e+00
75.640000,4.103367744148e-01,8.269528939331e-01,9.231616094821e-01,5.121203142716e-01,0.000000000000e+00
75.650000,4.080905040681e-01,8.266640316676e-01,9.219063297123e-01,5.146871927376e-01,0.000000000000e+00
75.660000,4.057943758692e-01,8.263878924064e-01,9.206443527242e-01,5.172880728863e-01,0.000000000000e+00
75.670000,4.034486605201e-01,8.261254695751e-01,9.193770244878e-01,5.199151453346e-01,0.000000000000e+00
75.680000,4.010537202821e-01,8.258776920590e-01,9.181056849801e-01,5.225602866459e-01,0.000000000000e+00
75.690000,3.986100107560e-01,8.256454200622e-01,9.168316641263e-01,5.252150828479e-01,0.000000000000e+00
75.700000,3.961180823956e-01,8.254294410456e-01,9.155562775415e-01,5.278708554753e-01,0.000000000000e+00
75.710000,3.935785817387e-01,8.252304657672e-01,9.142808220858e-01,5.305186900965e-01,0.000000000000e+00
75.720000,3.909922523397e-01,8.250491244466e-01,9.130065712467e-01,5.331494672658e-01,0.000000000000e+00
75.730000,3.883599353878e-01,8.248859630773e-01,9.117347703671e-01,5.357538958185e-01,0.000000000000e+00
75.740000,3.856825699981e-01,8.247414399110e-01,9.104666317372e-01,5.383225484028e-01,0.000000000000e+00
75.750000,3.829611931612e-01,8.246159221376e-01,9.092033295750e-01,5.408458991236e-01,0.000000000000e+00
75.760000,3.801969393428e-01,8.245096827838e-01,9.079459949192e-01,5.433143631452e-01,0.000000000000e+00
75.770000,3.773910397210e-01,8.244228978563e-01,9.066957104627e-01,5.457183380814e-01,0.000000000000e+00
75.780000,3.745448210555e-01,8.243556437512e-01,9.054535053574e-01,5.480482469768e-01,0.000000000000e+00
75.790000,3.716597041824e-01,8.243078949537e-01,9.042203500231e-01,5.502945826609e-01,0.000000000000e+00
75.800000,3.687372021305e-01,8.242795220496e-01,9.029971509951e-01,5.524479532376e-01,0.000000000000e+00
75.810000,3.657789178563e-01,8.242702900708e-01,9.017847458466e-01,5.544991284504e-01,0.000000000000e+00
75.820000,3.627865416009e-01,8.242798571943e-01,9.005838982255e-01,5.564390866454e-01,0.000000000000e+00
75.830000,3.597618478679e-01,8.243077738142e-01,8.993952930451e-01,5.582590620383e-01,0.000000000000e+00
75.840000,3.567066920295e-01,8.243534820035e-01,8.982195318684e-01,5.599505919745e-01,0.000000000000e+00
75.850000,3.536230065678e-01,8.244163153827e-01,8.970571285282e-01,5.615055638599e-01,0.000000000000e+00
75.860000,3.505127969597e-01,8.244954994077e-01,8.959085050249e-01,5.629162614276e-01,0.000000000000e+00
75.870000,3.473781372190e-01,8.245901520892e-01,8.947739877423e-01,5.641754099995e-01,0.000000000000e+00
75.880000,3.442211651089e-01,8.246992851547e-01,8.936538040223e-01,5.652762203939e-01,0.000000000000e+00
75.890000,3.410440770422e-01,8.248218056582e-01,8.925480791391e-01,5.662124311318e-01,0.000000000000e+00
75.900000,3.378491226885e-01,8.249565180442e-01,8.914568337082e-01,5.669783485900e-01,0.000000000000e+00
75.910000,3.346385993090e-01,8.251021266675e-01,8.903799815690e-01,5.675688847596e-01,0.000000000000e+00
75.920000,3.314148458435e-01,8.252572387681e-01,8.893173281706e-01,5.679795922708e-01,0.000000000000e+00
75.930000,3.281802367729e-01,8.254203678992e-01,8.882685694942e-01,5.682066963595e-01,0.000000000000e+00
75.940000,3.249371757883e-01,8.255899378010e-01,8.872332915347e-01,5.682471234646e-01,0.000000000000e+00
75.950000,3.216880892911e-01,8.257642867114e-01,8.862109703675e-01,5.680985261620e-01,0.000000000000e+00
75.960000,3.184354197596e-01,8.259416721029e-01,8.852009728155e-01,5.677593041658e-01,0.000000000000e+00
75.970000,3.151816190104e-01,8.261202758299e-01,8.842025577317e-01,5.672286211486e-01,0.000000000000e+00
75.980000,3.119291413901e-01,8.262982096689e-01,8.832148779036e-01,5.665064171624e-01,0.000000000000e+00
75.990000,3.086804369305e-01,8.264735212317e-01,8.822369825850e-01,5.655934164734e-01,0.000000000000e+00
76.000000,3.054379445029e-01,8.266442002278e-01,8.812678206495e-01,5.644911306556e-01,0.000000000000e+00
76.010000,3.022040850060e-01,8.268081850503e-01,8.803062443607e-01,5.632018568240e-01,0.000000000000e+00
76.020000,2.989812546231e-01,8.269633696574e-01,8.793510137431e-01,5.617286709288e-01,0.000000000000e+00
76.030000,2.957718181851e-01,8.271076107178e-01,8.784008015365e-01,5.600754160680e-01,0.000000000000e+00
76.040000,2.925781026725e-01,8.272387349878e-01,8.774541987065e-01,5.582466858192e-01,0.000000000000e+00
76.050000,2.894023908917e-01,8.273545468841e-01,8.765097204844e-01,5.562478026321e-01,0.000000000000e+00
76.060000,2.862469153590e-01,8.274528362167e-01,8.755658128979e-01,5.540847913653e-01,0.000000000000e+00
76.070000,2.831138524240e-01,8.275313860414e-01,8.746208597547e-01,5.517643480949e-01,0.000000000000e+00
76.080000,2.800053166632e-01,8.275879805945e-01,8.736731900339e-01,5.492938043609e-01,0.000000000000e+00
76.090000,2.769233555719e-01,8.276204132652e-01,8.727210856364e-01,5.466810870624e-01,0.000000000000e+00
76.100000,2.738699445822e-01,8.276264945673e-01,8.717627894418e-01,5.439346742490e-01,0.000000000000e+00
76.110000,2.708469824304e-01,8.276040600649e-01,8.707965136170e-01,5.410635470949e-01,0.000000000000e+00
76.120000,2.678562868955e-01,8.275509782101e-01,8.698204481190e-01,5.380771383795e-01,0.000000000000e+00
76.130000,2.648995909294e-01,8.274651580502e-01,8.688327693300e-01,5.349852778277e-01,0.000000000000e+00
76.140000,2.619785391927e-01,8.273445567612e-01,8.678316487660e-01,5.317981346985e-01,0.000000000000e+00
76.150000,2.590946850113e-01,8.271871869647e-01,8.668152617944e-01,5.285261580326e-01,0.000000000000e+00
76.160000,2.562494877617e-01,8.269911237889e-01,8.657817962996e-01,5.251800149983e-01,0.000000000000e+00
76.170000,2.534443106935e-01,8.267545116314e-01,8.647294612339e-01,5.217705277908e-01,0.000000000000e+00
76.180000,2.506804191901e-01,8.264755705868e-01,8.636564949921e-01,5.183086095586e-01,0.000000000000e+00
76.190000,2.479589794701e-01,8.261526025007e-01,8.625611735515e-01,5.148051998419e-01,0.000000000000e+00
76.200000,2.452810577222e-01,8.257839966173e-01,8.614418183177e-01,5.112712000160e-01,0.000000000000e+00
76.210000,2.426476196708e-01,8.253682347847e-01,8.602968036228e-01,5.077174092348e-01,0.000000000000e+00
76.220000,2.400595305578e-01,8.249038961917e-01,8.591245638229e-01,5.041544613707e-01,0.000000000000e+00
76.230000,2.375175555308e-01,8.243896616049e-01,8.579235999472e-01,5.005927634392e-01,0.000000000000e+00
76.240000,2.350223604181e-01,8.238243170852e-01,8.566924858532e-01,4.970424359903e-01,0.000000000000e+00
76.250000,2.325745128736e-01,8.232067571595e-01,8.554298738479e-01,4.935132559311e-01,0.000000000000e+00
76.260000,2.301744838674e-01,8.225359874322e-01,8.541344997392e-01,4.900146022286e-01,0.000000000000e+00
76.270000,2.278226494993e-01,8.218111266207e-01,8.528051872863e-01,4.865554049199e-01,0.000000000000e+00
76.280000,2.255192931066e-01,8.210314080046e-01,8.514408520228e-01,4.831440978283e-01,0.000000000000e+00
76.290000,2.232646076397e-01,8.201961802824e-01,8.500405044316e-01,4.797885753578e-01,0.000000000000e+00
76.300000,2.210586982728e-01,8.193049078317e-01,8.486032524561e-01,4.764961537042e-01,0.000000000000e+00
76.310000,2.189015852205e-01,8.183571703744e-01,8.471283033374e-01,4.732735367838e-01,0.000000000000e+00
76.320000,2.167932067253e-01,8.173526620516e-01,8.456149647712e-01,4.701267871447e-01,0.000000000000e+00
76.330000,2.147334221850e-01,8.162911899163e-01,8.440626453873e-01,4.670613020827e-01,0.000000000000e+00
76.340000,2.127220153855e-01,8.151726718576e-01,8.424708545541e-01,4.640817951398e-01,0.000000000000e+00
76.350000,2.107586978053e-01,8.139971339719e-01,8.408392015214e-01,4.611922831195e-01,0.000000000000e+00
76.360000,2.088431119599e-01,8.127647074010e-01,8.391673939148e-01,4.583960787059e-01,0.000000000000e+00
76.370000,2.069748347527e-01,8.114756246620e-01,8.374552356045e-01,4.556957887243e-01,0.000000000000e+00
76.380000,2.051533808030e-01,8.101302154942e-01,8.357026239707e-01,4.530933180346e-01,0.000000000000e+00
76.390000,2.033782057198e-01,8.087289022556e-01,8.339095465969e-01,4.505898789976e-01,0.000000000000e+00
76.400000,2.016487092954e-01,8.072721949004e-01,8.320760774231e-01,4.481860064072e-01,0.000000000000e+00
76.410000,1.999642385916e-01,8.057606855745e-01,8.302023723966e-01,4.458815777326e-01,0.000000000000e+00
76.420000,1.983240908963e-01,8.041950428675e-01,8.282886646589e-01,4.436758384660e-01,0.000000000000e+00
76.430000,1.967275165293e-01,8.025760057624e-01,8.263352593139e-01,4.415674323286e-01,0.000000000000e+00
76.440000,1.951737214788e-01,8.009043773255e-01,8.243425278215e-01,4.395544360400e-01,0.000000000000e+00
76.450000,1.936618698544e-01,7.991810181805e-01,8.223109020653e-01,4.376343983162e-01,0.000000000000e+00
76.460000,1.921910861440e-01,7.974068398129e-01,8.202408681440e-01,4.358043827241e-01,0.000000000000e+00
76.470000,1.907604572659e-01,7.955827977513e-01,8.181329599363e-01,4.340610139809e-01,0.000000000000e+00
76.480000,1.893690344100e-01,7.937098846723e-01,8.159877524938e-01,4.324005272581e-01,0.000000000000e+00
76.490000,1.880158346668e-01,7.917891234759e-01,8.138058553120e-01,4.308188200199e-01,0.000000000000e+00
76.500000,1.866998424441e-01,7.898215603784e-01,8.115879055328e-01,4.293115059031e-01,0.000000000000e+00
76.510000,1.854200106755e-01,7.878082580698e-01,8.093345611315e-01,4.278739701256e-01,0.000000000000e+00
76.520000,1.841752618282e-01,7.857502889797e-01,8.070464941385e-01,4.265014258980e-01,0.000000000000e+00
76.530000,1.829644887196e-01,7.836487286958e-01,8.047243839471e-01,4.251889713033e-01,0.000000000000e+00
76.540000,1.817865551556e-01,7.815046495785e-01,8.023689107563e-01,4.239316461055e-01,0.000000000000e+00
76.550000,1.806402964061e-01,7.793191146092e-01,7.999807491940e-01,4.227244879542e-01,0.000000000000e+00
76.560000,1.795245195350e-01,7.770931715125e-01,7.975605621679e-01,4.215625874544e-01,0.000000000000e+00
76.570000,1.784380036039e-01,7.748278471850e-01,7.951089949834e-01,4.204411415912e-01,0.000000000000e+00
76.580000,1.773794997717e-01,7.725241424649e-01,7.926266697698e-01,4.193555050131e-01,0.000000000000e+00
76.590000,1.763477313121e-01,7.701830272689e-01,7.901141802499e-01,4.183012387058e-01,0.000000000000e+00
76.600000,1.753413935732e-01,7.678054361239e-01,7.875720868858e-01,4.172741556176e-01,0.000000000000e+00
76.610000,1.743591539035e-01,7.653922641142e-01,7.850009124299e-01,4.162703628333e-01,0.000000000000e+00
76.620000,1.733996515695e-01,7.629443632619e-01,7.824011379066e-01,4.152862999322e-01,0.000000000000e+00
76.630000,1.724614976904e-01,7.604625393562e-01,7.797731990456e-01,4.143187732112e-01,0.000000000000e+00
76.640000,1.715432752129e-01,7.579475492410e-01,7.771174831846e-01,4.133649855006e-01,0.000000000000e+00
76.650000,1.706435389527e-01,7.554000985669e-01,7.744343266547e-01,4.124225613523e-01,0.000000000000e+00
76.660000,1.697608157243e-01,7.528208400117e-01,7.717240126569e-01,4.114895674310e-01,0.000000000000e+00
76.670000,1.688936045808e-01,7.502103719671e-01,7.689867696361e-01,4.105645279958e-01,0.000000000000e+00
76.680000,1.680403771854e-01,7.475692376866e-01,7.662227701524e-01,4.096464354156e-01,0.000000000000e+00
76.690000,1.671995783321e-01,7.448979248873e-01,7.634321302485e-01,4.087347557150e-01,0.000000000000e+00
76.700000,1.663696266320e-01,7.421968657923e-01,7.606149093053e-01,4.078294292070e-01,0.000000000000e+00
76.710000,1.655489153809e-01,7.394664376001e-01,7.577711103762e-01,4.069308663193e-01,0.000000000000e+00
76.720000,1.647358136180e-01,7.367069633616e-01,7.549006809865e-01,4.060399387767e-01,0.000000000000e+00
76.730000,1.639286673872e-01,7.339187132455e-01,7.520035143823e-01,4.051579663476e-01,0.000000000000e+00
76.740000,1.631258012062e-01,7.311019061672e-01,7.490794512069e-01,4.042866994127e-01,0.000000000000e+00
76.750000,1.623255197481e-01,7.282567117580e-01,7.461282815858e-01,4.034282976531e-01,0.000000000000e+00
76.760000,1.615261097371e-01,7.253832526461e-01,7.431497475921e-01,4.025853051925e-01,0.000000000000e+00
76.770000,1.607258420566e-01,7.224816070210e-01,7.401435460696e-01,4.017606225622e-01,0.000000000000e+00
76.780000,1.599229740661e-01,7.195518114534e-01,7.371093317819e-01,4.009574758807e-01,0.000000000000e+00
76.790000,1.591157521207e-01,7.165938639373e-01,7.340467208601e-01,4.001793836642e-01,0.000000000000e+00
76.800000,1.583024142842e-01,7.136077271263e-01,7.309552945171e-01,3.994301216948e-01,0.000000000000e+00
76.810000,1.574811932250e-01,7.105933317309e-01,7.278346029972e-01,3.987136863838e-01,0.000000000000e+00
76.820000,1.566503192824e-01,7.075505800473e-01,7.246841697295e-01,3.980342570698e-01,0.000000000000e+00
76.830000,1.558080236870e-01,7.044793495861e-01,7.215034956523e-01,3.973961576835e-01,0.000000000000e+00
76.840000,1.549525419216e-01,7.013794967721e-01,7.182920636762e-01,3.968038182057e-01,0.000000000000e+00
76.850000,1.540821172015e-01,6.982508606856e-01,7.150493432551e-01,3.962617363253e-01,0.000000000000e+00
76.860000,1.531950040589e-01,6.950932668184e-01,7.117747950334e-01,3.957744396844e-01,0.000000000000e+00
76.870000,1.522894720085e-01,6.919065308168e-01,7.084678755396e-01,3.953464490713e-01,0.000000000000e+00
76.880000,1.513638092774e-01,6.886904621886e-01,7.051280418963e-01,3.949822428918e-01,0.000000000000e+00
76.890000,1.504163265758e-01,6.854448679494e-01,7.017547565202e-01,3.946862232165e-01,0.000000000000e+00
76.900000,1.494453608892e-01,6.821695561887e-01,6.983474917847e-01,3.944626836619e-01,0.000000000000e+00
76.910000,1.484492792725e-01,6.788643395338e-01,6.949057346196e-01,3.943157793274e-01,0.000000000000e+00
76.920000,1.474264826232e-01,6.755290384971e-01,6.914289910262e-01,3.942494989678e-01,0.000000000000e+00
76.930000,1.463754094172e-01,6.721634846887e-01,6.879167904848e-01,3.942676395396e-01,0.000000000000e+00
76.940000,1.452945393847e-01,6.687675238822e-01,6.843686902355e-01,3.943737832180e-01,0.000000000000e+00
76.950000,1.441823971117e-01,6.653410189212e-01,6.807842794131e-01,3.945712769412e-01,0.000000000000e+00
76.960000,1.430375555461e-01,6.618838524574e-01,6.771631830220e-01,3.948632144989e-01,0.000000000000e+00
76.970000,1.418586393956e-01,6.583959295118e-01,6.735050657337e-01,3.952524211440e-01,0.000000000000e+00
76.980000,1.406443283999e-01,6.548771798537e-01,6.698096354966e-01,3.957414406722e-01,0.000000000000e+00
76.990000,1.393933604637e-01,6.513275601913e-01,6.660766469455e-01,3.963325248820e-01,0.000000000000e+00
77.000000,1.381045346389e-01,6.477470561739e-01,6.623059046013e-01,3.970276253000e-01,0.000000000000e+00
77.010000,1.367767139425e-01,6.441356842007e-01,6.584972658543e-01,3.978283870302e-01,0.000000000000e+00
77.020000,1.354088280006e-01,6.404934930399e-01,6.546506437230e-01,3.987361445673e-01,0.000000000000e+00
77.030000,1.339998755093e-01,6.368205652564e-01,6.507660093843e-01,3.997519193966e-01,0.000000000000e+00
77.040000,1.325489265033e-01,6.331170184525e-01,6.468433944714e-01,4.008764191906e-01,0.000000000000e+00
77.050000,1.310551244243e-01,6.293830063244e-01,6.428828931367e-01,4.021100384055e-01,0.000000000000e+00
77.060000,1.295176879847e-01,6.256187195390e-01,6.388846638780e-01,4.034528600759e-01,0.000000000000e+00
77.070000,1.279359128178e-01,6.218243864373e-01,6.348489311298e-01,4.049046586061e-01,0.000000000000e+00
77.080000,1.263091729118e-01,6.180002735689e-01,6.307759866172e-01,4.064649033595e-01,0.000000000000e+00
77.090000,1.246369218219e-01,6.141466860669e-01,6.266661904780e-01,4.081327628555e-01,0.000000000000e+00
77.100000,1.229186936580e-01,6.102639678686e-01,6.225199721529e-01,4.099071093912e-01,0.000000000000e+00
77.110000,1.211541038432e-01,6.063525017916e-01,6.183378310495e-01,4.117865239174e-01,0.000000000000e+00
77.120000,1.193428496421e-01,6.024127094733e-01,6.141203369827e-01,4.137693010150e-01,0.000000000000e+00
77.130000,1.174847104560e-01,5.984450511822e-01,6.098681303982e-01,4.158534538297e-01,0.000000000000e+00
77.140000,1.155795478836e-01,5.944500255115e-01,6.055819223851e-01,4.180367188444e-01,0.000000000000e+00
77.150000,1.136273055472e-01,5.904281689632e-01,6.012624944824e-01,4.203165603844e-01,0.000000000000e+00
77.160000,1.116280086826e-01,5.863800554329e-01,5.969106982890e-01,4.226901747708e-01,0.000000000000e+00
77.170000,1.095817634944e-01,5.823062956042e-01,5.925274548836e-01,4.251544940576e-01,0.000000000000e+00
77.180000,1.074887562769e-01,5.782075362635e-01,5.881137540628e-01,4.277061893085e-01,0.000000000000e+00
77.190000,1.053492523038e-01,5.740844595419e-01,5.836706534069e-01,4.303416733902e-01,0.000000000000e+00
77.200000,1.031635944869e-01,5.699377820964e-01,5.791992771822e-01,4.330571032797e-01,0.000000000000e+00
77.210000,1.009322018107e-01,5.657682542355e-01,5.747008150882e-01,4.358483819071e-01,0.000000000000e+00
77.220000,9.865556754412e-02,5.615766590001e-01,5.701765208610e-01,4.387111595754e-01,0.000000000000e+00
77.230000,9.633425723807e-02,5.573638112048e-01,5.656277107412e-01,4.416408350224e-01,0.000000000000e+00
77.240000,9.396890651313e-02,5.531305564473e-01,5.610557618160e-01,4.446325562154e-01,0.000000000000e+00
77.250000,9.156021864664e-02,5.488777700913e-01,5.564621102456e-01,4.476812209907e-01,0.000000000000e+00
77.260000,8.910896196764e-02,5.446063562272e-01,5.518482493820e-01,4.507814776777e-01,0.000000000000e+00
77.270000,8.661596706982e-02,5.403172466146e-01,5.472157277899e-01,4.539277258711e-01,0.000000000000e+00
77.280000,8.408212385371e-02,5.360113996090e-01,5.425661471770e-01,4.571141175419e-01,0.000000000000e+00
77.290000,8.150837841032e-02,5.316897990739e-01,5.379011602426e-01,4.603345587036e-01,0.000000000000e+00
77.300000,7.889572975952e-02,5.273534532786e-01,5.332224684493e-01,4.635827118748e-01,0.000000000000e+00
77.310000,7.624522645706e-02,5.230033937805e-01,5.285318197265e-01,4.668519996054e-01,0.000000000000e+00
77.320000,7.355796308522e-02,5.186406742904e-01,5.238310061094e-01,4.701356093525e-01,0.000000000000e+00
77.330000,7.083507664253e-02,5.142663695163e-01,5.191218613182e-01,4.734265000146e-01,0.000000000000e+00
77.340000,6.807774284832e-02,5.098815739842e-01,5.144062582822e-01,4.767174104456e-01,0.000000000000e+00
77.350000,6.528717237850e-02,5.054874008276e-01,5.096861066113e-01,4.800008702766e-01,0.000000000000e+00
77.360000,6.246460704887e-02,5.010849805445e-01,5.049633500176e-01,4.832692133812e-01,0.000000000000e+00
77.370000,5.961131596238e-02,4.966754597128e-01,5.002399636891e-01,4.865145943060e-01,0.000000000000e+00
77.380000,5.672859163663e-02,4.922599996607e-01,4.955179516173e-01,4.897290079769e-01,0.000000000000e+00
77.390000,5.381774612761e-02,4.878397750856e-01,4.907993438808e-01,4.929043129611e-01,0.000000000000e+00
77.400000,5.088010716530e-02,4.834159726171e-01,4.860861938859e-01,4.960322585245e-01,0.000000000000e+00
77.410000,4.791701431649e-02,4.789897893199e-01,4.813805755675e-01,4.991045156717e-01,0.000000000000e+00
77.420000,4.492981518931e-02,4.745624311333e-01,4.766845805520e-01,5.021127122887e-01,0.000000000000e+00
77.430000,4.191986169392e-02,4.701351112463e-01,4.720003152870e-01,5.050484724282e-01,0.000000000000e+00
77.440000,3.888850637291e-02,4.657090484080e-01,4.673298981416e-01,5.079034596838e-01,0.000000000000e+00
77.450000,3.583709881474e-02,4.612854651743e-01,4.626754564839e-01,5.106694244954e-01,0.000000000000e+00
77.460000,3.276698216292e-02,4.568655860969e-01,4.580391237435e-01,5.133382551155e-01,0.000000000000e+00
77.470000,2.967948973358e-02,4.524506358578e-01,4.534230364671e-01,5.159020318412e-01,0.000000000000e+00
77.480000,2.657594175349e-02,4.480418373607e-01,4.488293313784e-01,5.183530839944e-01,0.000000000000e+00
77.490000,2.345764223077e-02,4.436404097857e-01,4.442601424547e-01,5.206840490070e-01,0.000000000000e+00
77.500000,2.032587597022e-02,4.392475666240e-01,4.397175980320e-01,5.228879328455e-01,0.000000000000e+00
77.510000,1.718190574526e-02,4.348645137030e-01,4.352038179556e-01,5.249581708966e-01,0.000000000000e+00
77.520000,1.402696963881e-02,4.304924472201e-01,4.307209107888e-01,5.268886883385e-01,0.000000000000e+00
77.530000,1.086227856499e-02,4.261325518017e-01,4.262709710978e-01,5.286739589393e-01,0.000000000000e+00
77.540000,7.689013984169e-03,4.217859986055e-01,4.218560768267e-01,5.303090611696e-01,0.000000000000e+00
77.550000,4.508325823479e-03,4.174539434837e-01,4.174782867789e-01,5.317897304832e-01,0.000000000000e+00
77.560000,1.321330614993e-03,4.131375252285e-01,4.131396382176e-01,5.331124066253e-01,0.000000000000e+00
77.570000,-1.870890136614e-03,4.088378639147e-01,4.088421445989e-01,5.342742748583e-01,0.000000000000e+00
77.580000,-5.067291345563e-03,4.045560593583e-01,4.045877934455e-01,5.352733000694e-01,0.000000000000e+00
77.590000,-8.266865485118e-03,4.002931897076e-01,4.003785443692e-01,5.361082528297e-01,0.000000000000e+00
77.600000,-1.146864346696e-02,3.960503101774e-01,3.962163272438e-01,5.367787266138e-01,0.000000000000e+00
77.610000,-1.467169525186e-02,3.918284519406e-01,3.921030405286e-01,5.372851455637e-01,0.000000000000e+00
77.620000,-1.787513018555e-02,3.876286211841e-01,3.880405497371e-01,5.376287623824e-01,0.000000000000e+00
77.630000,-2.107809705599e-02,3.834517983335e-01,3.840306860405e-01,5.378116461622e-01,0.000000000000e+00
77.640000,-2.427978387071e-02,3.792989374501e-01,3.800752449918e-01,5.378366601960e-01,0.000000000000e+00
77.650000,-2.747941735600e-02,3.751709657979e-01,3.761759853525e-01,5.377074300614e-01,0.000000000000e+00
77.660000,-3.067626218293e-02,3.710687835753e-01,3.723346279968e-01,5.374283025153e-01,0.000000000000e+00
77.670000,-3.386961992861e-02,3.669932638044e-01,3.685528548687e-01,5.370042959697e-01,0.000000000000e+00
77.680000,-3.705882778478e-02,3.629452523653e-01,3.648323079598e-01,5.364410435335e-01,0.000000000000e+00
77.690000,-4.024325702969e-02,3.589255681627e-01,3.611745882773e-01,5.357447297945e-01,0.000000000000e+00
77.700000,-4.342231128258e-02,3.549350034076e-01,3.575812547674e-01,5.349220226638e-01,0.000000000000e+00
77.710000,-4.659542456396e-02,3.509743239955e-01,3.540538231603e-01,5.339800017164e-01,0.000000000000e+00
77.720000,-4.976205918779e-02,3.470442699637e-01,3.505937647039e-01,5.329260845221e-01,0.000000000000e+00
77.730000,-5.292170351492e-02,3.431455560043e-01,3.472025047554e-01,5.317679524765e-01,0.000000000000e+00
77.740000,-5.607386959908e-02,3.392788720153e-01,3.438814212019e-01,5.305134776022e-01,0.000000000000e+00
77.750000,-5.921809075913e-02,3.354448836687e-01,3.406318426875e-01,5.291706517089e-01,0.000000000000e+00
77.760000,-6.235391911170e-02,3.316442329759e-01,3.374550466280e-01,5.277475191707e-01,0.000000000000e+00
77.770000,-6.548092309957e-02,3.278775388350e-01,3.343522570022e-01,5.262521144171e-01,0.000000000000e+00
77.780000,-6.859868505013e-02,3.241453975430e-01,3.313246419132e-01,5.246924050365e-01,0.000000000000e+00
77.790000,-7.170679879782e-02,3.204483832592e-01,3.283733109241e-01,5.230762411795e-01,0.000000000000e+00
77.800000,-7.480486740201e-02,3.167870484117e-01,3.254993121781e-01,5.214113117249e-01,0.000000000000e+00
77.810000,-7.789250098990e-02,3.131619240356e-01,3.227036293197e-01,5.197051074479e-01,0.000000000000e+00
77.820000,-8.096931475035e-02,3.095735200406e-01,3.199871782454e-01,5.179648912176e-01,0.000000000000e+00
77.830000,-8.403492710103e-02,3.060223254032e-01,3.173508037142e-01,5.161976750585e-01,0.000000000000e+00
77.840000,-8.708895804740e-02,3.025088082849e-01,3.147952758599e-01,5.144102037432e-01,0.000000000000e+00
77.850000,-9.013102774709e-02,2.990334160768e-01,3.123212866477e-01,5.126089444499e-01,0.000000000000e+00
77.860000,-9.316075528908e-02,2.955965753759e-01,3.099294463261e-01,5.108000819175e-01,0.000000000000e+00
77.870000,-9.617775769220e-02,2.921986918983e-01,3.076202799261e-01,5.089895184660e-01,0.000000000000e+00
77.880000,-9.918164912310e-02,2.888401503346e-01,3.053942238617e-01,5.071828782194e-01,0.000000000000e+00
77.890000,-1.021720403294e-01,2.855213141561e-01,3.032516226873e-01,5.053855148637e-01,0.000000000000e+00
77.900000,-1.051485382798e-01,2.822425253791e-01,3.011927260654e-01,5.036025222940e-01,0.000000000000e+00
77.910000,-1.081107460005e-01,2.790041042939e-01,2.992176859973e-01,5.018387475394e-01,0.000000000000e+00
77.920000,-1.110582625916e-01,2.758063491665e-01,2.973265543647e-01,5.000988054029e-01,0.000000000000e+00
77.930000,-1.139906834096e-01,2.726495359186e-01,2.955192808275e-01,4.983870942965e-01,0.000000000000e+00
77.940000,-1.169076003954e-01,2.695339177924e-01,2.937957111170e-01,4.967078127997e-01,0.000000000000e+00
77.950000,-1.198086025306e-01,2.664597250035e-01,2.921555857575e-01,4.950649765012e-01,0.000000000000e+00
77.960000,-1.226932764009e-01,2.634271643870e-01,2.905985392444e-01,4.934624347118e-01,0.000000000000e+00
77.970000,-1.255612068499e-01,2.604364190388e-01,2.891240997001e-01,4.919038866506e-01,0.000000000000e+00
77.980000,-1.284119777031e-01,2.574876479543e-01,2.877316890207e-01,4.903928967146e-01,0.000000000000e+00
77.990000,-1.312451725463e-01,2.545809856660e-01,2.864206235231e-01,4.889329084465e-01,0.000000000000e+00
78.000000,-1.340603755427e-01,2.517165418808e-01,2.851901150936e-01,4.875272568221e-01,0.000000000000e+00
78.010000,-1.368571722756e-01,2.488944011190e-01,2.840392728333e-01,4.861791784972e-01,0.000000000000e+00
78.020000,-1.396351506046e-01,2.461146223534e-01,2.829671051916e-01,4.848918196802e-01,0.000000000000e+00
78.030000,-1.423939015262e-01,2.433772386524e-01,2.819725225725e-01,4.836682413510e-01,0.000000000000e+00
78.040000,-1.451330200306e-01,2.406822568262e-01,2.810543403937e-01,4.825114216157e-01,0.000000000000e+00
78.050000,-1.478521059498e-01,2.380296570783e-01,2.802112825755e-01,4.814242550823e-01,0.000000000000e+00
78.060000,-1.505507647918e-01,2.354193926645e-01,2.794419854316e-01,4.804095492542e-01,0.000000000000e+00
78.070000,-1.532286085593e-01,2.328513895613e-01,2.787450019312e-01,4.794700180639e-01,0.000000000000e+00
78.080000,-1.558852565507e-01,2.303255461448e-01,2.781188062983e-01,4.786082727977e-01,0.000000000000e+00
78.090000,-1.585203361451e-01,2.278417328856e-01,2.775617989131e-01,4.778268107855e-01,0.000000000000e+00
78.100000,-1.611334835711e-01,2.253997920578e-01,2.770723114775e-01,4.771280023349e-01,0.000000000000e+00
78.110000,-1.637243446624e-01,2.229995374683e-01,2.766486124061e-01,4.765140764652e-01,0.000000000000e+00
78.120000,-1.662925756043e-01,2.206407542062e-01,2.762889124047e-01,4.759871060394e-01,0.000000000000e+00
78.130000,-1.688378436745e-01,2.183231984151e-01,2.759913701963e-01,4.755489928938e-01,0.000000000000e+00
78.140000,-1.713598279838e-01,2.160465970909e-01,2.757540983579e-01,4.752014535232e-01,0.000000000000e+00
78.150000,-1.738582202219e-01,2.138106479069e-01,2.755751692317e-01,4.749460058010e-01,0.000000000000e+00
78.160000,-1.763327254150e-01,2.116150190680e-01,2.754526208760e-01,4.747839571063e-01,0.000000000000e+00
78.170000,-1.787830626995e-01,2.094593491994e-01,2.753844630245e-01,4.747163940993e-01,0.000000000000e+00
78.180000,-1.812089661184e-01,2.073432472700e-01,2.753686830237e-01,4.747441742550e-01,0.000000000000e+00
78.190000,-1.836101854430e-01,2.052662925573e-01,2.754032517212e-01,4.748679191329e-01,0.000000000000e+00
78.200000,-1.859864870234e-01,2.032280346566e-01,2.754861292800e-01,4.750880092557e-01,0.000000000000e+00
78.210000,-1.883376546686e-01,2.012279935393e-01,2.756152708939e-01,4.754045803814e-01,0.000000000000e+00
78.220000,-1.906634905534e-01,1.992656596656e-01,2.757886323835e-01,4.758175209053e-01,0.000000000000e+00
78.230000,-1.929638161492e-01,1.973404941544e-01,2.760041756495e-01,4.763264701032e-01,0.000000000000e+00
78.240000,-1.952384731721e-01,1.954519290139e-01,2.762598739626e-01,4.769308169294e-01,0.000000000000e+00
78.250000,-1.974873245399e-01,1.935993674352e-01,2.765537170700e-01,4.776296991067e-01,0.000000000000e+00
78.260000,-1.997102553281e-01,1.917821841474e-01,2.768837160968e-01,4.784220022724e-01,0.000000000000e+00
78.270000,-2.019071737141e-01,1.899997258346e-01,2.772479082237e-01,4.793063589781e-01,0.000000000000e+00
78.280000,-2.040780118973e-01,1.882513116098e-01,2.776443611219e-01,4.802811473712e-01,0.000000000000e+00
78.290000,-2.062227269853e-01,1.865362335410e-01,2.780711771272e-01,4.813444894114e-01,0.000000000000e+00
78.300000,-2.083413018338e-01,1.848537572234e-01,2.785264971405e-01,4.824942485046e-01,0.000000000000e+00
78.310000,-2.104337458319e-01,1.832031223902e-01,2.790085042402e-01,4.837280264698e-01,0.000000000000e+00
78.320000,-2.125000956253e-01,1.815835435543e-01,2.795154269991e-01,4.850431598050e-01,0.000000000000e+00
78.330000,-2.145404157690e-01,1.799942106726e-01,2.800455424997e-01,4.864367152796e-01,0.000000000000e+00
78.340000,-2.165547993073e-01,1.784342898256e-01,2.805971790461e-01,4.879054849692e-01,0.000000000000e+00
78.350000,-2.185433682776e-01,1.769029239049e-01,2.811687185734e-01,4.894459809421e-01,0.000000000000e+00
78.360000,-2.205062741352e-01,1.753992333024e-01,2.817585987615e-01,4.910544299085e-01,0.000000000000e+00
78.370000,-2.224436981024e-01,1.739223165972e-01,2.823653148600e-01,4.927267682330e-01,0.000000000000e+00
78.380000,-2.243558514416e-01,1.724712512337e-01,2.829874212367e-01,4.944586377794e-01,0.000000000000e+00
78.390000,-2.262429756564e-01,1.710450941922e-01,2.836235326645e-01,4.962453830961e-01,0.000000000000e+00
78.400000,-2.281053426245e-01,1.696428826491e-01,2.842723253631e-01,4.980820504489e-01,0.000000000000e+00
78.410000,-2.299432546670e-01,1.682636346288e-01,2.849325378144e-01,4.999633891787e-01,0.000000000000e+00
78.420000,-2.317570445595e-01,1.669063496506e-01,2.856029713722e-01,5.018838557950e-01,0.000000000000e+00
78.430000,-2.335470754876e-01,1.655700093760e-01,2.862824906863e-01,5.038376211278e-01,0.000000000000e+00
78.440000,-2.353137409515e-01,1.642535782616e-01,2.869700239612e-01,5.058185807558e-01,0.000000000000e+00
78.450000,-2.370574646222e-01,1.629560042246e-01,2.876645630695e-01,5.078203688104e-01,0.000000000000e+00
78.460000,-2.387787001494e-01,1.616762193298e-01,2.883651635372e-01,5.098363751300e-01,0.000000000000e+00
78.470000,-2.404779309212e-01,1.604131405029e-01,2.890709444170e-01,5.118597656233e-01,0.000000000000e+00
78.480000,-2.421556697739e-01,1.591656702782e-01,2.897810880626e-01,5.138835055868e-01,0.000000000000e+00
78.490000,-2.438124586500e-01,1.579326975852e-01,2.904948398156e-01,5.159003856343e-01,0.000000000000e+00
78.500000,-2.454488681991e-01,1.567130985778e-01,2.912115076127e-01,5.179030498358e-01,0.000000000000e+00
78.510000,-2.470654973192e-01,1.555057375083e-01,2.919304615205e-01,5.198840256362e-01,0.000000000000e+00
78.520000,-2.486629726341e-01,1.543094676466e-01,2.926511332023e-01,5.218357551349e-01,0.000000000000e+00
78.530000,-2.502419479015e-01,1.531231322436e-01,2.933730153195e-01,5.237506273491e-01,0.000000000000e+00
78.540000,-2.518031033502e-01,1.519455655370e-01,2.940956608709e-01,5.256210111468e-01,0.000000000000e+00
78.550000,-2.533471449404e-01,1.507755937939e-01,2.948186824700e-01,5.274392886159e-01,0.000000000000e+00
78.560000,-2.548748035485e-01,1.496120363895e-01,2.955417515623e-01,5.291978887060e-01,0.000000000000e+00
78.570000,-2.563868340703e-01,1.484537069140e-01,2.962645975831e-01,5.308893210476e-01,0.000000000000e+00
78.580000,-2.578840144462e-01,1.472994143045e-01,2.969870070581e-01,5.325062098929e-01,0.000000000000e+00
78.590000,-2.593671446044e-01,1.461479639976e-01,2.977088226454e-01,5.340413281397e-01,0.000000000000e+00
78.600000,-2.608370453259e-01,1.449981590971e-01,2.984299421236e-01,5.354876313981e-01,0.000000000000e+00
78.610000,-2.622945570301e-01,1.438488015531e-01,2.991503173254e-01,5.368382920323e-01,0.000000000000e+00
78.620000,-2.637405384842e-01,1.426986933490e-01,2.998699530187e-01,5.380867330755e-01,0.000000000000e+00
78.630000,-2.651758654386e-01,1.415466376919e-01,3.005889057384e-01,5.392266618764e-01,0.000000000000e+00
78.640000,-2.666014291897e-01,1.403914402042e-01,3.013072825681e-01,5.402521032953e-01,0.000000000000e+00
78.650000,-2.680181350758e-01,1.392319101115e-01,3.020252398771e-01,5.411574322340e-01,0.000000000000e+00
78.660000,-2.694269009070e-01,1.380668614254e-01,3.027429820098e-01,5.419374052606e-01,0.000000000000e+00
78.670000,-2.708286553351e-01,1.368951141171e-01,3.034607599340e-01,5.425871910718e-01,0.000000000000e+00
78.680000,-2.722243361671e-01,1.357154952794e-01,3.041788698457e-01,5.431023995273e-01,0.000000000000e+00
78.690000,-2.736148886285e-01,1.345268402734e-01,3.048976517343e-01,5.434791089912e-01,0.000000000000e+00
78.700000,-2.750012635793e-01,1.333279938583e-01,3.056174879101e-01,5.437138917200e-01,0.000000000000e+00
78.710000,-2.763844156925e-01,1.321178113002e-01,3.063388014935e-01,5.438038370444e-01,0.000000000000e+00
78.720000,-2.777653015974e-01,1.308951594588e-01,3.070620548704e-01,5.437465721106e-01,0.000000000000e+00
78.730000,-2.791448779979e-01,1.296589178477e-01,3.077877481154e-01,5.435402799597e-01,0.000000000000e+00
78.740000,-2.805240997712e-01,1.284079796676e-01,3.085164173829e-01,5.431837147454e-01,0.000000000000e+00
78.750000,-2.819039180551e-01,1.271412528091e-01,3.092486332721e-01,5.426762139124e-01,0.000000000000e+00
78.760000,-2.832852783326e-01,1.258576608250e-01,3.099849991666e-01,5.420177071796e-01,0.000000000000e+00
78.770000,-2.846691185211e-01,1.245561438683e-01,3.107261495512e-01,5.412087221996e-01,0.000000000000e+00
78.780000,-2.860563670765e-01,1.232356595974e-01,3.114727483126e-01,5.402503867897e-01,0.000000000000e+00
78.790000,-2.874479411195e-01,1.218951840456e-01,3.122254870240e-01,5.391444276569e-01,0.000000000000e+00
78.800000,-2.888447445945e-01,1.205337124569e-01,3.129850832204e-01,5.378931655684e-01,0.000000000000e+00
78.810000,-2.902476664698e-01,1.191502600862e-01,3.137522786687e-01,5.364995069453e-01,0.000000000000e+00
78.820000,-2.916575789891e-01,1.177438629669e-01,3.145278376362e-01,5.349669318847e-01,0.000000000000e+00
78.830000,-2.930753359820e-01,1.163135786455e-01,3.153125451648e-01,5.332994786462e-01,0.000000000000e+00
78.840000,-2.945017712453e-01,1.148584868858e-01,3.161072053534e-01,5.315017246630e-01,0.000000000000e+00
78.850000,-2.959376970011e-01,1.133776903458e-01,3.169126396571e-01,5.295787641683e-01,0.000000000000e+00
78.860000,-2.973839024424e-01,1.118703152289e-01,3.177296852063e-01,5.275361825516e-01,0.000000000000e+00
78.870000,-2.988411523745e-01,1.103355119137e-01,3.185591931522e-01,5.253800275892e-01,0.000000000000e+00
78.880000,-3.003101859589e-01,1.087724555663e-01,3.194020270452e-01,5.231167777138e-01,0.000000000000e+00
78.890000,-3.017917155678e-01,1.071803467396e-01,3.202590612498e-01,5.207533075149e-01,0.000000000000e+00
78.900000,-3.032864257571e-01,1.055584119633e-01,3.211311794030e-01,5.182968506827e-01,0.000000000000e+00
78.910000,-3.047949723617e-01,1.039059043324e-01,3.220192729203e-01,5.157549606305e-01,0.000000000000e+00
78.920000,-3.063179817207e-01,1.022221040958e-01,3.229242395535e-01,5.131354690457e-01,0.000000000000e+00
78.930000,-3.078560500359e-01,1.005063192551e-01,3.238469820052e-01,5.104464426423e-01,0.000000000000e+00
78.940000,-3.094097428680e-01,9.875788617536e-02,3.247884066026e-01,5.076961383974e-01,0.000000000000e+00
78.950000,-3.109795947734e-01,9.697617021735e-02,3.257494220340e-01,5.048929575709e-01,0.000000000000e+00
78.960000,-3.125661090825e-01,9.516056639459e-02,3.267309381486e-01,5.020453988162e-01,0.000000000000e+00
78.970000,-3.141697578220e-01,9.331050006266e-02,3.277338648230e-01,4.991620106994e-01,0.000000000000e+00
78.980000,-3.157909817801e-01,9.142542764580e-02,3.287591108911e-01,4.962513439497e-01,0.000000000000e+00
78.990000,-3.174301907142e-01,8.950483740657e-02,3.298075831390e-01,4.933219037684e-01,0.000000000000e+00
79.000000,-3.190877636972e-01,8.754825026329e-02,3.308801853624e-01,4.903821025241e-01,0.000000000000e+00
79.010000,-3.207640496024e-01,8.555522066016e-02,3.319778174812e-01,4.874402131628e-01,0.000000000000e+00
79.020000,-3.224593677192e-01,8.352533749376e-02,3.331013747094e-01,4.845043236558e-01,0.000000000000e+00
79.030000,-3.241740084966e-01,8.145822509936e-02,3.342517467734e-01,4.815822928040e-01,0.000000000000e+00
79.040000,-3.259082344075e-01,7.935354429950e-02,3.354298171712e-01,4.786817077118e-01,0.000000000000e+00
79.050000,-3.276622809264e-01,7.721099351641e-02,3.366364624661e-01,4.758098432282e-01,0.000000000000e+00
79.060000,-3.294363576123e-01,7.503030994885e-02,3.378725516047e-01,4.729736236473e-01,0.000000000000e+00
79.070000,-3.312306492873e-01,7.281127081310e-02,3.391389452491e-01,4.701795869406e-01,0.000000000000e+00
79.080000,-3.330453173024e-01,7.055369464625e-02,3.404364951137e-01,4.674338517825e-01,0.000000000000e+00
79.090000,-3.348805008778e-01,6.825744266919e-02,3.417660432927e-01,4.647420876083e-01,0.000000000000e+00
79.100000,-3.367363185078e-01,6.592242020514e-02,3.431284215682e-01,4.621094879274e-01,0.000000000000e+00
79.110000,-3.386128694175e-01,6.354857814827e-02,3.445244506851e-01,4.595407470916e-01,0.000000000000e+00
79.120000,-3.405102350597e-01,6.113591447580e-02,3.459549395792e-01,4.570400406972e-01,0.000000000000e+00
79.130000,-3.424284806382e-01,5.868447579524e-02,3.474206845477e-01,4.546110097732e-01,0.000000000000e+00
79.140000,-3.443676566453e-01,5.619435891748e-02,3.489224683472e-01,4.522567488845e-01,0.000000000000e+00
79.150000,-3.463278003991e-01,5.366571244466e-02,3.504610592084e-01,4.499797982516e-01,0.000000000000e+00
79.160000,-3.483089375689e-01,5.109873836067e-02,3.520372097555e-01,4.477821399598e-01,0.000000000000e+00
79.170000,-3.503110836736e-01,4.849369361075e-02,3.536516558205e-01,4.456651983043e-01,0.000000000000e+00
79.180000,-3.523342455409e-01,4.585089165535e-02,3.553051151426e-01,4.436298442852e-01,0.000000000000e+00
79.190000,-3.543784227150e-01,4.317070398236e-02,3.569982859459e-01,4.416764042398e-01,0.000000000000e+00
79.200000,-3.564436087992e-01,4.045356156072e-02,3.587318453897e-01,4.398046725662e-01,0.000000000000e+00
79.210000,-3.585297927222e-01,3.769995621736e-02,3.605064478872e-01,4.380139284632e-01,0.000000000000e+00
79.220000,-3.606369599179e-01,3.491044191880e-02,3.623227232920e-01,4.363029565803e-01,0.000000000000e+00
79.230000,-3.627650934055e-01,3.208563593791e-02,3.641812749538e-01,4.346700714407e-01,0.000000000000e+00
79.240000,-3.649141747639e-01,2.922621988591e-02,3.660826776459e-01,4.331131454696e-01,0.000000000000e+00
79.250000,-3.670841849890e-01,2.633294058935e-02,3.680274753726e-01,4.316296404316e-01,0.000000000000e+00
79.260000,-3.692751052283e-01,2.340661079165e-02,3.700161790654e-01,4.302166420499e-01,0.000000000000e+00
79.270000,-3.714869173847e-01,2.044810965898e-02,3.720492641796e-01,4.288708975544e-01,0.000000000000e+00
79.280000,-3.737196045863e-01,1.745838307030e-02,3.741271682083e-01,4.275888558777e-01,0.000000000000e+00
79.290000,-3.759731515170e-01,1.443844367233e-02,3.762502881292e-01,4.263667101926e-01,0.000000000000e+00
79.300000,-3.782475446065e-01,1.138937068045e-02,3.784189778081e-01,4.252004424642e-01,0.000000000000e+00
79.310000,-3.805427720770e-01,8.312309407967e-03,3.806335453789e-01,4.240858696639e-01,0.000000000000e+00
79.320000,-3.828588238488e-01,5.208470507133e-03,3.828942506279e-01,4.230186912794e-01,0.000000000000e+00
79.330000,-3.851956913056e-01,2.079128906892e-03,3.852013024088e-01,4.219945377337e-01,0.000000000000e+00
79.340000,-3.875533669226e-01,-1.074377566084e-03,3.875548561175e-01,4.210090193169e-01,0.000000000000e+00
79.350000,-3.899318437618e-01,-4.250649894522e-03,3.899550112565e-01,4.200577752215e-01,0.000000000000e+00
79.360000,-3.923311148411e-01,-7.448229915229e-03,3.924018091209e-01,4.191365222670e-01,0.000000000000e+00
79.370000,-3.947511723834e-01,-1.066560270841e-02,3.948952306362e-01,4.182411028955e-01,0.000000000000e+00
79.380000,-3.971920069552e-01,-1.390119933623e-02,3.974351943803e-01,4.173675320208e-01,0.000000000000e+00
79.390000,-3.996536065030e-01,-1.715339993250e-02,4.000215548194e-01,4.165120423172e-01,0.000000000000e+00
79.400000,-4.021359552992e-01,-2.042053714279e-02,4.026541007883e-01,4.156711275435e-01,0.000000000000e+00
79.410000,-4.046390328080e-01,-2.370089991111e-02,4.053325542420e-01,4.148415835078e-01,0.000000000000e+00
79.420000,-4.071628124845e-01,-2.699273760663e-02,4.080565693060e-01,4.140205462966e-01,0.000000000000e+00
79.430000,-4.097072605198e-01,-3.029426448053e-02,4.108257316467e-01,4.132055274107e-01,0.000000000000e+00
79.440000,-4.122723345451e-01,-3.360366444043e-02,4.136395581845e-01,4.123944454741e-01,0.000000000000e+00
79.450000,-4.148579823093e-01,-3.691909612644e-02,4.164974971648e-01,4.115856542096e-01,0.000000000000e+00
79.460000,-4.174641403442e-01,-4.023869827004e-02,4.193989286011e-01,4.107779664058e-01,0.000000000000e+00
79.470000,-4.200907326308e-01,-4.356059531408e-02,4.223431650997e-01,4.099706736341e-01,0.000000000000e+00
79.480000,-4.227376692824e-01,-4.688290326934e-02,4.253294530705e-01,4.091635615110e-01,0.000000000000e+00
79.490000,-4.254048452558e-01,-5.020373578035e-02,4.283569743257e-01,4.083569203422e-01,0.000000000000e+00
79.500000,-4.280921391071e-01,-5.352121037076e-02,4.314248480615e-01,4.075515510236e-01,0.000000000000e+00
79.510000,-4.307994118017e-01,-5.683345483618e-02,4.345321332161e-01,4.067487661227e-01,0.000000000000e+00
79.520000,-4.335265055929e-01,-6.013861375040e-02,4.376778311903e-01,4.059503861042e-01,0.000000000000e+00
79.530000,-4.362732429793e-01,-6.343485504901e-02,4.408608889148e-01,4.051587307129e-01,0.000000000000e+00
79.540000,-4.390394257509e-01,-6.672037665305e-02,4.440802022432e-01,4.043766055715e-01,0.000000000000e+00
79.550000,-4.418248341330e-01,-6.999341309394e-02,4.473346196453e-01,4.036072840984e-01,0.000000000000e+00
79.560000,-4.446292260363e-01,-7.325224210028e-02,4.506229461738e-01,4.028544848953e-01,0.000000000000e+00
79.570000,-4.474523364180e-01,-7.649519110635e-02,4.539439476723e-01,4.021223447987e-01,0.000000000000e+00
79.580000,-4.502938767605e-01,-7.972064364212e-02,4.572963551908e-01,4.014153878334e-01,0.000000000000e+00
79.590000,-4.531535346699e-01,-8.292704556470e-02,4.606788695718e-01,4.007384903447e-01,0.000000000000e+00
79.600000,-4.560309735965e-01,-8.611291109171e-02,4.640901661704e-01,4.000968426264e-01,0.000000000000e+00
79.610000,-4.589258326784e-01,-8.927682859796e-02,4.675288996673e-01,3.994959073931e-01,0.000000000000e+00
79.620000,-4.618377267062e-01,-9.241746613817e-02,4.709937089352e-01,3.989413754807e-01,0.000000000000e+00
79.630000,-4.647662462066e-01,-9.553357665993e-02,4.744832219188e-01,3.984391191826e-01,0.000000000000e+00
79.640000,-4.677109576414e-01,-9.862400287320e-02,4.779960604865e-01,3.979951436535e-01,0.000000000000e+00
79.650000,-4.706714037155e-01,-1.016876817450e-01,4.815308452158e-01,3.976155368328e-01,0.000000000000e+00
79.660000,-4.736471037887e-01,-1.047236485900e-01,4.850862000732e-01,3.973064183507e-01,0.000000000000e+00
79.670000,-4.766375543825e-01,-1.077310407315e-01,4.886607569519e-01,3.970738878900e-01,0.000000000000e+00
79.680000,-4.796422297741e-01,-1.107091007095e-01,4.922531600331e-01,3.969239734812e-01,0.000000000000e+00
79.690000,-4.826605826676e-01,-1.136571790159e-01,4.958620699377e-01,3.968625802055e-01,0.000000000000e+00
79.700000,-4.856920449327e-01,-1.165747363409e-01,4.994861676402e-01,3.968954397744e-01,0.000000000000e+00
79.710000,-4.887360283997e-01,-1.194613453184e-01,5.031241581173e-01,3.970280614440e-01,0.000000000000e+00
79.720000,-4.917919257006e-01,-1.223166917601e-01,5.067747737086e-01,3.972656847033e-01,0.000000000000e+00
79.730000,-4.948591111442e-01,-1.251405753744e-01,5.104367771698e-01,3.976132341559e-01,0.000000000000e+00
79.740000,-4.979369416156e-01,-1.279329099679e-01,5.141089644019e-01,3.980752769896e-01,0.000000000000e+00
79.750000,-5.010247574877e-01,-1.306937231318e-01,5.177901668453e-01,3.986559833957e-01,0.000000000000e+00
79.760000,-5.041218835354e-01,-1.334231554195e-01,5.214792535292e-01,3.993590902683e-01,0.000000000000e+00
79.770000,-5.072276298424e-01,-1.361214590237e-01,5.251751327722e-01,4.001878684758e-01,0.000000000000e+00
79.780000,-5.103412926917e-01,-1.387889959679e-01,5.288767535334e-01,4.011450939557e-01,0.000000000000e+00
79.790000,-5.134621554310e-01,-1.414262358253e-01,5.325831064159e-01,4.022330228424e-01,0.000000000000e+00
79.800000,-5.165894893067e-01,-1.440337529875e-01,5.362932243296e-01,4.034533707914e-01,0.000000000000e+00
79.810000,-5.197225542601e-01,-1.466122235021e-01,5.400061828228e-01,4.048072966182e-01,0.000000000000e+00
79.820000,-5.228605996807e-01,-1.491624215044e-01,5.437211000941e-01,4.062953903229e-01,0.000000000000e+00
79.830000,-5.260028651138e-01,-1.516852152705e-01,5.474371367012e-01,4.079176655233e-01,0.000000000000e+00
79.840000,-5.291485809197e-01,-1.541815629178e-01,5.511534949840e-01,4.096735562733e-01,0.000000000000e+00
79.850000,-5.322969688828e-01,-1.566525077852e-01,5.548694182213e-01,4.115619181976e-01,0.000000000000e+00
79.860000,-5.354472427735e-01,-1.590991735222e-01,5.585841895446e-01,4.135810338271e-01,0.000000000000e+00
79.870000,-5.385986088609e-01,-1.615227589185e-01,5.622971306307e-01,4.157286219808e-01,0.000000000000e+00
79.880000,-5.417502663833e-01,-1.639245325085e-01,5.660076002003e-01,4.180018509953e-01,0.000000000000e+00
79.890000,-5.449014079764e-01,-1.663058269799e-01,5.697149923445e-01,4.203973555717e-01,0.000000000000e+00
79.900000,-5.480512200678e-01,-1.686680334209e-01,5.734187347095e-01,4.229112569725e-01,0.000000000000e+00
79.910000,-5.511988832409e-01,-1.710125954371e-01,5.771182865619e-01,4.255391862755e-01,0.000000000000e+00
79.920000,-5.543435725764e-01,-1.733410031681e-01,5.808131367627e-01,4.282763103647e-01,0.000000000000e+00
79.930000,-5.574844579779e-01,-1.756547872344e-01,5.845028016744e-01,4.311173603199e-01,0.000000000000e+00
79.940000,-5.606207044890e-01,-1.779555126428e-01,5.881868230262e-01,4.340566618536e-01,0.000000000000e+00
79.950000,-5.637514726100e-01,-1.802447726772e-01,5.918647657594e-01,4.370881674289e-01,0.000000000000e+00
79.960000,-5.668759186216e-01,-1.825241827999e-01,5.955362158760e-01,4.402054896953e-01,0.000000000000e+00
79.970000,-5.699931949231e-01,-1.847953745863e-01,5.992007783098e-01,4.434019358717e-01,0.000000000000e+00
79.980000,-5.731024503922e-01,-1.870599897159e-01,6.028580748386e-01,4.466705427185e-01,0.000000000000e+00
79.990000,-5.762028307741e-01,-1.893196740366e-01,6.065077420523e-01,4.500041117463e-01,0.000000000000e+00
80.000000,-5.792934791037e-01,-1.915760717223e-01,6.101494293930e-01,4.533952443266e-01,0.000000000000e+00
