t,norm,peak,PR,R_rms
0.0,0.9999999999999998,1.4366969770013327,1.9687012432153013,0.6123724356957948
0.0025,1.0000000000000004,1.4380298588995235,1.9682267186410134,0.612364175529085
0.005,1.0000000000000016,1.442037304223564,1.9668018763586141,0.6123393881119265
0.0075,1.0000000000000022,1.4487455936816114,1.9644229269905804,0.6122980526556843
0.01,1.0000000000000024,1.4581981354990083,1.9610836091048405,0.6122401343872801
0.0125,1.0000000000000036,1.4704548822016474,1.9567752700415209,0.6121655843604873
0.015,1.0000000000000036,1.485591535566516,1.9514869781983468,0.6120743391903674
0.0175,1.000000000000004,1.503698578837505,1.9452056660273884,0.6119663207094335
0.02,1.0000000000000047,1.5248802040199438,1.9379163028934576,0.6118414355436599
0.0225,1.0000000000000056,1.5492532332735773,1.9296020968263672,0.6116995746059342
0.025,1.000000000000006,1.5769461604637676,1.9202447239831386,0.6115406125040148
0.0275,1.000000000000006,1.6080984555877667,1.9098245842304005,0.6113644068593802
0.03,1.0000000000000058,1.6428602773161731,1.8983210805802788,0.6111707975326656
0.0325,1.0000000000000056,1.681392727168976,1.8857129192160988,0.6109596057505574
0.035,1.0000000000000064,1.7238687563730868,1.8719784255273906,0.6107306331280231
0.0375,1.0000000000000069,1.7704748092100258,1.8570958699929063,0.6104836605786269
0.04,1.0000000000000084,1.821413261492482,1.8410437960140635,0.6102184471042796
0.0425,1.00000000000001,1.87690569584499,1.8238013400509934,0.6099347284540731
0.045,1.0000000000000098,1.9371970511759329,1.8053485328022898,0.6096322156397573
0.0475,1.0000000000000124,2.002560694678591,1.785666568829792,0.6093105932927916
0.05,1.0000000000000127,2.073304491937546,1.7647380310497176,0.6089695178446546
0.0525,1.0000000000000133,2.1497779945575926,1.7425470559130554,0.6086086155079637
0.055,1.0000000000000133,2.2323809256748937,1.719079424823568,0.6082274800308262
0.0575,1.000000000000014,2.3215732233553443,1.6943225672505728,0.6078256701902657
0.06,1.000000000000014,2.4178870038129605,1.6682654608557543,0.6074027069823056
0.0625,1.000000000000015,2.521940937060382,1.6408984134513414,0.6069580704556368
0.065,1.0000000000000147,2.634457697487417,1.6122127103241233,0.6064911961221354
0.0675,1.000000000000014,2.7562853769016957,1.582200107860653,0.6060014708596906
0.07,1.000000000000017,2.8884240514803032,1.5508521497950607,0.6054882281993912
0.0725,1.0000000000000169,3.032059111925356,1.5181592748365573,0.6049507428580376
0.075,1.0000000000000182,3.1886035499346876,1.4841096726191594,0.604388224335024
0.0775,1.0000000000000178,3.35975222201555,1.4486878269851422,0.6037998093355887
0.08,1.0000000000000189,3.5475523026061597,1.4118726588174288,0.6031845527034633
0.0825,1.000000000000021,3.754495876232401,1.3736351408372343,0.602541416435381
0.085,1.0000000000000202,3.9836431916420856,1.333935197685754,0.6018692561925486
0.08750000000000001,1.0000000000000218,4.238788970170689,1.2927176165638476,0.6011668044970091
0.09,1.000000000000021,4.524690073477686,1.2499065619616503,0.6004326494675735
0.0925,1.0000000000000218,4.847382025816087,1.2053980903355341,0.599665207453158
0.095,1.0000000000000222,5.214626423732637,1.159049764664971,0.5988626871687672
0.0975,1.000000000000024,5.63655468510153,1.110666031638808,0.5980230417808827
0.1,1.000000000000024,6.12661201262167,1.0599774013607361,0.5971439035799557
0.10250000000000001,1.0000000000000242,6.702969614823315,1.0066106595945936,0.5962224930197314
0.105,1.000000000000025,7.390682091015085,0.9500465435721785,0.5952554893650098
0.1075,1.0000000000000244,8.225053627307005,0.8895614102857909,0.5942388430450198
0.11,1.000000000000026,9.256997166752768,0.8241534213335258,0.5931674990090398
0.1125,1.0000000000000269,10.561708122597135,0.7524706052669432,0.5920349860668462
0.115,1.0000000000000262,12.252800523986782,0.6728114466583021,0.5908328167806697
0.11750000000000001,1.0000000000000269,14.504966574447998,0.5834081678065253,0.5895496754525004
0.12,1.0000000000000286,17.587481286204834,0.4834742377636952,0.5881706160622348
0.1225,1.0000000000000286,21.89994583396598,0.37566433879059563,0.5866775970513818
0.125,1.000000000000029,27.94700938032503,0.2693863647469031,0.5850568630232789
0.1275,1.0000000000000302,36.000105895985214,0.18045711472699566,0.583331031835513
0.13,1.0000000000000306,44.91564225674444,0.12233125436953404,0.5816471259730795
0.1325,1.0000000000000309,50.77147238541432,0.09738867575460905,0.5803591356395859
0.135,1.0000000000000322,49.65290459935869,0.10131746661869918,0.5797978655614384
0.1375,1.000000000000031,42.67497842281081,0.13302119205119736,0.5798695212183512
0.14,1.0000000000000326,34.06506378222407,0.19358952356510176,0.5802103346432743
0.14250000000000002,1.0000000000000324,26.278008285650024,0.2806262070030328,0.5805640045804986
0.145,1.0000000000000324,19.756649883523842,0.3835273639169245,0.5808270428130892
0.1475,1.0000000000000333,14.343024904092893,0.48000287042529033,0.5809745348647669
0.15,1.0000000000000338,9.886663150376574,0.5448797858469033,0.5810127685991029
0.1525,1.0000000000000342,6.385607709508309,0.5702194483267232,0.5809537259010404
0.155,1.0000000000000364,5.607800836742936,0.5706543764843337,0.5808038827122798
0.1575,1.0000000000000362,5.439165143201963,0.565939633657459,0.5805634536051724
0.16,1.0000000000000357,5.13112691003649,0.5651750180502026,0.5802308078300399
0.1625,1.0000000000000362,4.806842062550626,0.5660315835193711,0.5798061234910141
0.165,1.0000000000000377,5.014721686203432,0.5623061584683652,0.5792910943413453
0.1675,1.000000000000039,6.682386774694225,0.5497346440008278,0.5786863334432363
0.17,1.0000000000000397,8.508458455437617,0.5263037052709802,0.5779893351654253
0.17250000000000001,1.0000000000000393,10.614809750744568,0.4907385025487459,0.5771934149521947
0.17500000000000002,1.0000000000000393,13.292533134509636,0.441670114130359,0.5762866934686495
0.1775,1.0000000000000422,16.98672155386016,0.37736899499368987,0.5752507765848781
0.18,1.000000000000042,22.349754270366606,0.29764854809090446,0.5740603375388773
0.1825,1.0000000000000417,30.25811331363992,0.20992501403439678,0.5726924427107495
0.185,1.0000000000000424,41.187074440966725,0.13373136467431893,0.5711866968409597
0.1875,1.0000000000000426,52.49746796968142,0.08850016047258351,0.5698423583080224
0.19,1.000000000000043,56.60278602548917,0.07709471534473725,0.5693175474204933
0.1925,1.0000000000000426,50.01208256520935,0.09567407566333157,0.5699137103506209
0.195,1.000000000000045,38.527116904206125,0.14499282769264402,0.5711288214453139
0.1975,1.0000000000000429,27.940314745066516,0.218320454339109,0.5724259719279151
0.2,1.0000000000000433,19.393877201114634,0.2950907678609641,0.5735989565878243
0.2025,1.0000000000000449,12.55381950625486,0.34671897292467735,0.5746053519334589
0.20500000000000002,1.0000000000000466,7.477690699975522,0.36059736925255204,0.5754516177225999
0.20750000000000002,1.0000000000000464,7.762068980039498,0.35290167115959686,0.5761437746901483
0.21,1.0000000000000466,7.684199408017692,0.34558520520594666,0.5766749297980938
0.2125,1.0000000000000473,7.3213639588962165,0.34587671366637324,0.5770369709718145
0.215,1.0000000000000486,6.876825851264965,0.34678724477186973,0.5772320366213405
0.2175,1.0000000000000486,9.059626797780645,0.3375707721205236,0.5772675380627098
0.22,1.0000000000000508,13.401789280383094,0.31185266561500624,0.5771414387343591
0.2225,1.00000000000005,18.979534847869957,0.26707561606835895,0.576831559678409
0.225,1.0000000000000513,26.926120616134185,0.2038625155962951,0.576296779590919
0.2275,1.0000000000000504,38.69625053900022,0.1338050056045015,0.575521594612166
0.23,1.0000000000000515,53.25046348655727,0.08235506002922009,0.5747397174513807
0.2325,1.0000000000000528,61.30058538376662,0.06456167267474605,0.5748081015563273
0.23500000000000001,1.000000000000053,54.8367900355137,0.07774648470709786,0.5764122604788433
0.23750000000000002,1.000000000000052,40.28468576719546,0.12257897638107784,0.5789292978598478
0.24,1.0000000000000528,26.949436039934398,0.18574657427434466,0.5815151175077018
0.2425,1.0000000000000535,16.569163542859847,0.23486098980289138,0.5838985707335407
0.245,1.0000000000000537,9.47780426940345,0.24768260245884002,0.5860478500584793
0.2475,1.0000000000000537,10.177889139827577,0.23743464324749355,0.5879620066858088
0.25,1.0000000000000542,10.353259030572545,0.2292317684372612,0.5896173646936722
0.2525,1.0000000000000555,10.027427649665954,0.231171142856971,0.5909884165376905
0.255,1.0000000000000553,9.462512589347224,0.23282423991211715,0.5920792509166747
0.2575,1.0000000000000564,15.361011944398257,0.2173145143901689,0.5929079181549992
0.26,1.000000000000057,25.08338226962852,0.17630088271778496,0.5934605872899938
0.2625,1.0000000000000575,39.00690588888792,0.11815678248634598,0.5936966936015319
0.265,1.0000000000000582,56.47466677518765,0.0708385438227768,0.59383879450024
0.2675,1.000000000000058,65.35657672536058,0.05563130680917477,0.5950270607345769
0.27,1.0000000000000593,55.85671797842417,0.07127956930966493,0.59814460060339
0.2725,1.000000000000058,37.73927580736128,0.11719910274067151,0.6022253582338947
0.275,1.0000000000000595,22.410911474819983,0.1663339015095335,0.6062257537165868
0.2775,1.0000000000000597,11.465641229622195,0.1836144073021876,0.6099164210718864
0.28,1.0000000000000602,12.566629228536287,0.17458073805064267,0.6132799264855104
0.28250000000000003,1.0000000000000622,12.99694971282422,0.16678785388312706,0.61627513681247
0.28500000000000003,1.0000000000000602,12.696550590785417,0.17008860245543145,0.6188493492970168
0.28750000000000003,1.0000000000000615,11.980091218664993,0.17192476385421876,0.6210058422317336
0.29,1.0000000000000613,22.93854457407131,0.15100542396423552,0.6227746607435509
0.2925,1.0000000000000633,39.54691682282225,0.10401913278664496,0.6241377413312785
0.295,1.0000000000000622,60.23292625097284,0.061023997219788476,0.6253256426640191
0.2975,1.0000000000000626,68.66881504576634,0.049505318084313986,0.6277936560472016
0.3,1.0000000000000624,54.83966538420959,0.06902372324699207,0.6325024589618541
0.3025,1.0000000000000626,33.49340192919225,0.11413973591566667,0.6380627605709086
0.305,1.0000000000000646,16.859613797815324,0.14415391035033878,0.6433491590531756
0.3075,1.0000000000000653,14.803113424211015,0.14098731782590415,0.6482047050110038
0.31,1.0000000000000644,15.652704821174778,0.13186497499843106,0.6525920654465398
0.3125,1.0000000000000668,15.485335697250372,0.1342932184277951,0.6564379510642593
0.315,1.0000000000000653,14.565214555231403,0.1385895587384837,0.6597303329535427
0.3175,1.0000000000000666,27.64275533446942,0.1195257848715758,0.6625180693355863
0.32,1.0000000000000673,49.28844377575213,0.07593065319276014,0.6648247827882917
0.3225,1.0000000000000675,69.45800141225396,0.04746031228724102,0.6673405473876348
0.325,1.000000000000069,66.3799866463234,0.05075256166190945,0.6719616641102413
0.3275,1.0000000000000682,43.5083043061048,0.08528743341489765,0.6784729250222524
0.33,1.0000000000000684,22.643703443467906,0.12193893237618902,0.6850278366839101
0.3325,1.0000000000000682,16.139998361527716,0.12641414679774512,0.6910834314525259
0.335,1.0000000000000688,17.22193497246828,0.11787420882026377,0.6966041946256735
0.3375,1.00000000000007,17.183844263844943,0.11899854338465733,0.7015366656573201
0.34,1.0000000000000702,16.158503477451287,0.125881306372895,0.7058715284302325
0.3425,1.0000000000000704,27.109748040065046,0.1133176957923987,0.7096758188568888
0.34500000000000003,1.0000000000000708,49.89939808907177,0.07325334090751656,0.7129921251125021
0.34750000000000003,1.000000000000072,70.58374956705853,0.046040798369760036,0.7164662510381394
0.35000000000000003,1.000000000000071,66.61823154717679,0.050382918949981814,0.721933522451063
0.3525,1.0000000000000708,43.13719054385078,0.08627288816738907,0.7291783206653698
0.355,1.0000000000000726,22.811328218609056,0.1247798486307919,0.7364335267122741
0.3575,1.0000000000000722,15.592276177219292,0.1339171915517209,0.7432059354219048
0.36,1.0000000000000742,16.35633223333912,0.12900007054635335,0.7494976388642511
0.3625,1.0000000000000733,16.15523705505303,0.1318590855898374,0.7552945296053417
0.365,1.000000000000073,15.081656885358425,0.14260852890909714,0.7605990206718088
0.3675,1.0000000000000753,21.059281240433986,0.13896232236025058,0.7654733246794644
0.37,1.0000000000000746,39.10091642704107,0.10166674043497398,0.7699509528187831
0.3725,1.0000000000000755,61.01507393834795,0.059899579819005885,0.7741844505638873
0.375,1.000000000000076,69.3198815782974,0.04921808957792435,0.779358779009768
0.3775,1.0000000000000757,55.27038544886001,0.07021021556435489,0.7863612033651536
0.38,1.0000000000000764,35.32801496891552,0.11971947443329232,0.7940771293031333
0.3825,1.0000000000000777,20.950697925845027,0.16715577119727743,0.8015444414174422
0.385,1.000000000000077,11.511675736421575,0.19041557479117904,0.8086603381679609
0.3875,1.000000000000077,11.871276635375326,0.19595777578085943,0.8154802594978435
0.39,1.0000000000000797,11.755915844100253,0.200683754674334,0.8220322680309515
0.3925,1.0000000000000793,11.163844184843843,0.21249731621245355,0.8283209818913584
0.395,1.0000000000000804,10.295011461367405,0.22448395046822783,0.8343601265896352
0.3975,1.0000000000000802,15.951014237388312,0.2193957598887004,0.8401693611824977
0.4,1.000000000000081,25.379365458574878,0.18404104112736722,0.8457409910887597
0.4025,1.000000000000081,38.53449194795519,0.12622396486376022,0.8510428518773134
0.405,1.000000000000082,54.518544588669755,0.07758985953964971,0.8562199119567323
0.40750000000000003,1.000000000000082,63.402533609811556,0.0603583309224187,0.8620010247381326
0.41000000000000003,1.0000000000000833,56.770122835884536,0.07310388941842494,0.8689722272625756
0.41250000000000003,1.0000000000000824,42.291042323630464,0.1157000096382124,0.8765543695343447
0.41500000000000004,1.000000000000083,30.11067814967821,0.17590788400888327,0.8840504739045039
0.4175,1.000000000000083,21.58202586726415,0.23306172430823713,0.8913060333620907
0.42,1.0000000000000846,15.671786335151152,0.2733995474951333,0.8983426254192907
0.4225,1.000000000000086,11.713585522845342,0.2950297199659677,0.9051957018861504
0.425,1.0000000000000855,9.44096431992517,0.3043149200386197,0.9118870407562039
0.4275,1.0000000000000853,8.75538067349032,0.3079145267559241,0.9184249665306595
0.43,1.0000000000000862,9.59864814133898,0.3079366019797791,0.9248103534470682
0.4325,1.0000000000000862,11.94917159390601,0.3012431223241857,0.9310395751962902
0.435,1.0000000000000873,15.948481968649373,0.28082623044435445,0.9371037098450152
0.4375,1.0000000000000888,22.117091282269662,0.2389246563791882,0.9429884681510549
0.44,1.0000000000000882,31.48282044135746,0.17546811377074192,0.9486853076075978
0.4425,1.00000000000009,44.735659487381334,0.11065516506549834,0.954249631881687
0.445,1.0000000000000893,57.93431947996828,0.07241660195203621,0.9599729899099635
0.4475,1.0000000000000906,60.66052029489003,0.06675148733843136,0.966369542463897
0.45,1.000000000000089,50.95492917975203,0.09026013275972981,0.9734776409393102
0.4525,1.0000000000000906,38.27920053397539,0.14030467537879027,0.9808039701225854
0.455,1.0000000000000913,28.45438041880651,0.20244810604302582,0.9880500122610528
0.4575,1.0000000000000917,21.57565714420684,0.25884576665006404,0.9951468505430038
0.46,1.0000000000000915,16.87665078620528,0.29796072338766727,1.0020849863057588
0.4625,1.0000000000000924,13.914369972567407,0.31818376106708607,1.0088695082475538
0.465,1.0000000000000933,12.494315170297295,0.3243038742028197,1.015507475316373
0.4675,1.0000000000000941,12.561112656475686,0.32068195744018047,1.02200325059883
0.47000000000000003,1.0000000000000944,14.181909583715028,0.30758433097950555,1.0283580462219135
0.47250000000000003,1.000000000000095,17.618694166505037,0.2808454090454955,1.0345697495706303
0.47500000000000003,1.0000000000000946,23.490065244625875,0.23433369983746016,1.040631923855145
0.47750000000000004,1.0000000000000973,32.86757981218031,0.16896867732789342,1.0465378472479594
0.48,1.000000000000096,46.28390619030406,0.10546933489359099,1.0523252982504172
0.4825,1.0000000000000948,59.06010906473745,0.07013187688396214,1.0582443979650256
0.485,1.0000000000000964,60.56869846251213,0.06698738271057685,1.064772071076451
0.4875,1.0000000000000973,50.010298535531184,0.09303137207178647,1.071962248181101
0.49,1.000000000000098,37.296397448530776,0.1446502687283036,1.079371493694209
0.4925,1.000000000000098,27.63312259393533,0.20561396622370423,1.0867049498904584
0.495,1.0000000000000993,20.91097782344869,0.25719444300483085,1.0938817577237365
0.4975,1.000000000000098,16.39614656038295,0.2888905079218147,1.1008952981288536
0.5,1.0000000000001006,13.701512473793569,0.30140780090983205,1.1077585162987842
0.5025000000000001,1.0000000000001004,12.689579165975287,0.3008524744484192,1.114483898537513
0.505,1.0000000000001001,13.378823596488145,0.29124747165286635,1.1210778679803453
0.5075000000000001,1.0000000000001001,15.965088318455209,0.27154910541731536,1.1275401600340837
0.51,1.0000000000001021,20.969292151121874,0.23621663483027827,1.1338616309327494
0.5125,1.000000000000103,29.457116418687217,0.1805611253335891,1.14002193063465
0.515,1.000000000000104,42.659962946962416,0.11578779782992717,1.1460138374122528
0.5175,1.000000000000102,57.99838411964389,0.07141276053102852,1.1520008559304353
0.52,1.0000000000001035,63.58354721151731,0.060733470078289616,1.158517998980661
0.5225,1.0000000000001041,54.04030164652347,0.08011238392366146,1.165831612919077
0.525,1.0000000000001035,39.50919343389753,0.12771006864582307,1.1734772334400312
0.5275,1.0000000000001057,28.14261957098327,0.185910626691062,1.1810471172873893
0.53,1.0000000000001052,20.270963320304855,0.23211275271238846,1.1884466539415641
0.5325,1.0000000000001061,14.951717971861209,0.2556379485809686,1.1956807293313705
0.535,1.0000000000001064,11.714789443583625,0.2602938292594709,1.2027682860054312
0.5375,1.0000000000001075,10.451676921267604,0.25509899935610664,1.209720771637311
0.54,1.0000000000001072,11.22973618253282,0.24524241140090527,1.2165402138240011
0.5425,1.0000000000001077,14.275342529710164,0.22959929326591078,1.223221255755646
0.545,1.0000000000001081,20.190495825522273,0.2016904584179759,1.2297484744974132
0.5475,1.000000000000109,30.352902040928534,0.15417754104925097,1.2360919136443693
0.55,1.00000000000011,46.4473782687864,0.09580410918229995,1.2422429347491748
0.5525,1.0000000000001097,63.88081533623355,0.05862261613705294,1.248462493646298
0.555,1.000000000000109,66.01136642108828,0.05529473931737142,1.255448662281066
0.5575,1.0000000000001097,50.766964035653196,0.08352140414185764,1.2632737555206202
0.56,1.0000000000001117,33.820459328294135,0.13505874323064238,1.2712549577970116
0.5625,1.0000000000001112,21.774689320986162,0.17886017171306057,1.279069109531597
0.5650000000000001,1.000000000000112,13.615397525213268,0.19595345763687572,1.2866959982791069
0.5675,1.0000000000001117,12.032301375671187,0.19288292222733414,1.2941577351883387
0.5700000000000001,1.000000000000113,12.72308799133853,0.18417001026208174,1.3014620710178628
0.5725,1.0000000000001137,13.10887879526404,0.17693624538797417,1.3086013923761761
0.5750000000000001,1.0000000000001135,13.206918235641984,0.16860941703880133,1.315564778921791
0.5775,1.000000000000113,20.539064448259797,0.15000169021638682,1.322336668100408
0.58,1.0000000000001144,35.10471442507232,0.11148456249822075,1.3288823504402043
0.5825,1.0000000000001144,57.27576366280098,0.064727566465279,1.3352277563905348
0.585,1.000000000000115,72.74532276766783,0.04474913214301536,1.3419721159962752
0.5875,1.0000000000001155,62.86147628997897,0.05594140350792681,1.3498663759270597
0.59,1.0000000000001161,39.57888290262481,0.09542605807045895,1.3583503570513962
0.5925,1.0000000000001166,21.777625605242445,0.12645947292473467,1.3666805037541534
0.595,1.0000000000001168,16.208614138706373,0.12726667918330897,1.3747605277150765
0.5975,1.000000000000117,17.721032550173053,0.11579511509400324,1.3826093486689837
0.6,1.0000000000001175,18.612949768138897,0.10828371571309006,1.3902108048210862
0.6025,1.0000000000001175,18.814241384734167,0.10469831180656612,1.3975365528795234
0.605,1.0000000000001181,23.967625199454176,0.09437393851309328,1.4045766486304705
0.6075,1.0000000000001186,47.45738781802914,0.06612098941295821,1.4113016156167726
0.61,1.0000000000001195,75.96994233506771,0.038169570054396716,1.4179616267671569
0.6125,1.000000000000119,75.25990271497362,0.038356497668095076,1.4258280563642098
0.615,1.0000000000001197,45.503181687029446,0.06407938693112931,1.4348956086487454
0.6175,1.00000000000012,21.36567189741625,0.07847943311327309,1.4438787324851396
0.62,1.0000000000001215,24.17736138845712,0.07056530183063969,1.452486439086317
0.6225,1.0000000000001197,25.817744073669974,0.06325751069575704,1.4607261423275921
0.625,1.0000000000001206,25.764598278945734,0.06296976782161458,1.468589484861996
0.6275000000000001,1.0000000000001212,28.861026316942045,0.06068956964220439,1.4761057042646424
0.63,1.0000000000001232,61.93022858401362,0.04251793668652357,1.4832900291684157
0.6325000000000001,1.000000000000123,84.57483375811472,0.029976338377096068,1.4909071669006355
0.635,1.0000000000001228,67.04010258027375,0.04047856763731683,1.5002014058635043
0.6375000000000001,1.0000000000001248,34.05646049581495,0.0639142013825775,1.5102265509778907
0.64,1.0000000000001235,23.98768688377221,0.06950128658980004,1.5198835956109866
0.6425,1.0000000000001243,25.226151708324554,0.06629933234097816,1.5291884704817957
0.645,1.0000000000001241,25.14649135000696,0.06706050596582731,1.5381985263782085
0.6475,1.0000000000001257,23.691578981397083,0.07228939063408725,1.546918541617546
0.65,1.0000000000001261,32.901711064445415,0.07008067547596646,1.5553612750616037
0.6525,1.0000000000001248,63.18316885361876,0.04703072748673643,1.5635156509200838
0.655,1.0000000000001257,81.3384747472143,0.03441240466142379,1.5720656427030408
0.6575,1.0000000000001252,65.17594036793533,0.04815156552997939,1.5819625037989624
0.66,1.0000000000001263,38.57712719406024,0.083443722612782,1.592404949027552
0.6625,1.0000000000001263,23.44645277591494,0.10927825369100815,1.6025343269633996
0.665,1.0000000000001268,17.19776378027836,0.12136131488917833,1.612340270941218
0.6675,1.000000000000128,17.275056029130056,0.12725098644458088,1.6219066648685057
0.67,1.0000000000001288,19.407382038612756,0.12829450416327043,1.6312791400732969
0.6725,1.0000000000001288,29.34933372267087,0.1157903836078415,1.6404687766087402
0.675,1.0000000000001288,47.18055754640412,0.08123886545390464,1.6494586235012663
0.6775,1.0000000000001295,68.96600378060249,0.04902148467898358,1.6583578865651099
0.68,1.00000000000013,73.02283160922514,0.04494989925605808,1.6678048545900768
0.6825,1.0000000000001295,56.086165326019746,0.06799420798750025,1.6780395312120715
0.685,1.0000000000001297,38.97760988648181,0.10454457591316481,1.6884190999212465
0.6875,1.0000000000001317,29.236938839984102,0.12699309307384624,1.6985639583763081
0.6900000000000001,1.000000000000132,24.61798543936624,0.12764303352845252,1.708441791551714
0.6925,1.0000000000001321,27.79248179757696,0.11132184143651874,1.7180974291714404
0.6950000000000001,1.000000000000133,34.57242840501581,0.08660426040415327,1.7276082959451078
0.6975,1.0000000000001321,43.16866259541033,0.06287481474871795,1.7371057372929892
0.7000000000000001,1.0000000000001334,52.00768448191501,0.04653920408142288,1.7468107273211835
0.7025,1.0000000000001341,57.59635752985092,0.03867045559112828,1.7569674412370333
0.705,1.0000000000001343,58.98440874765184,0.038207477621352924,1.767535633818169
0.7075,1.000000000000135,55.055230332582916,0.0457024536379013,1.7781264705239155
0.71,1.000000000000135,47.35628481025303,0.05793673754895991,1.7884877017337746
0.7125,1.000000000000136,40.313324416950714,0.0641945209707025,1.7986282089876549
0.715,1.0000000000001361,49.80322699674661,0.057468662299269044,1.808542952082046
0.7175,1.000000000000137,68.66889721613627,0.04323983299869421,1.8183919917690974
0.72,1.0000000000001366,74.60472291283797,0.0390250651455349,1.8287042525253747
0.7225,1.0000000000001366,61.405445543328796,0.04782978397343534,1.8395749415115987
0.725,1.0000000000001368,42.75871807237949,0.05469693563439296,1.8504921054550156
0.7275,1.000000000000139,49.49054984020203,0.04659221352111787,1.8612572454175214
0.73,1.0000000000001394,60.56723639945962,0.03585403419273295,1.8719783917838246
0.7325,1.0000000000001383,62.79537308443065,0.03458642143842771,1.8827583602054363
0.735,1.0000000000001388,54.790120534001325,0.04349173531868405,1.8936211283858009
0.7375,1.0000000000001388,43.86042882045766,0.05772978401777038,1.9045399043147515
0.74,1.0000000000001399,43.06184069674166,0.06497656909808021,1.91540027760039
0.7425,1.0000000000001399,62.142238798752636,0.05257184055528739,1.9261262014843568
0.745,1.0000000000001399,75.92215337572105,0.04101219626357782,1.937027235387566
0.7475,1.0000000000001408,69.66967318390218,0.04766654090023628,1.948527509062382
0.75,1.0000000000001419,53.17780641158515,0.070992627057897,1.9603268297212881
0.7525000000000001,1.000000000000142,42.53326495477326,0.09298732395285263,1.9719616561547033
0.755,1.000000000000142,39.80433752864472,0.09836594016981695,1.9833456055308376
0.7575000000000001,1.000000000000143,44.41247263605853,0.08571921173506526,1.9945206047340667
0.76,1.0000000000001437,55.914718720809766,0.06388755413731702,2.005553675497052
0.7625000000000001,1.0000000000001443,69.24751194787547,0.047314887934919565,2.016577912174407
0.765,1.0000000000001443,72.70771538671677,0.04445445224094617,2.0278537998955963
0.7675000000000001,1.0000000000001448,63.5365837334161,0.05421004239680535,2.039485495898601
0.77,1.0000000000001443,52.24689915928453,0.06578930899246822,2.0512226970004184
0.7725,1.000000000000145,45.732725844505055,0.06623567768152167,2.062812105459505
0.775,1.0000000000001454,47.265251958458855,0.057741424925530485,2.0742308620576955
0.7775,1.0000000000001463,56.87743060534577,0.04885231534453009,2.085662551614187
0.78,1.0000000000001459,65.10530035190081,0.043529550597647494,2.097299303750366
0.7825,1.0000000000001479,70.82842570767528,0.04065693645646597,2.109053683882036
0.785,1.0000000000001472,71.46251382363401,0.0396870556079333,2.1206603038595198
0.7875,1.0000000000001472,65.69892749506933,0.04084347405213447,2.1320829271667043
0.79,1.000000000000149,55.55440761586821,0.04355485374153163,2.1435098807996877
0.7925,1.0000000000001479,58.59240825855847,0.04694861131731461,2.155065986251172
0.795,1.0000000000001485,62.559467983924755,0.04899063439179796,2.1667558713614534
0.7975,1.000000000000148,64.92736782072048,0.048806531091074565,2.1785165034087743
0.8,1.0000000000001499,65.74052792915039,0.04781529173099564,2.1902746995931444
0.8025,1.00000000000015,63.84078493793477,0.04809517700795807,2.202046062612476
0.805,1.0000000000001503,56.88546319890944,0.051567283716744496,2.2139023328262537
0.8075,1.0000000000001499,48.671691588196005,0.05535883186951691,2.2258146020725293
0.81,1.0000000000001505,58.75880270168467,0.052972728004078685,2.237707034916841
0.8125,1.0000000000001525,68.20836644950073,0.045784965902760114,2.249563155065163
0.8150000000000001,1.0000000000001514,70.14055972491018,0.042455585196198985,2.261330100828715
0.8175,1.0000000000001525,63.36857847252669,0.044642962751317475,2.272948314656837
0.8200000000000001,1.000000000000153,56.50690805549346,0.04642694974226464,2.2844841337713873
0.8225,1.0000000000001534,55.43451092159325,0.04633675965168058,2.2960806460209477
0.8250000000000001,1.0000000000001534,59.60136289834507,0.04584180157181281,2.30780551627458
0.8275,1.0000000000001539,64.68725337133482,0.04539609966524441,2.319609166597129
0.8300000000000001,1.0000000000001543,65.64287422372487,0.047843895350666264,2.3314454208404514
0.8325,1.0000000000001557,62.44418548944792,0.054426681940923365,2.3433414894436386
0.835,1.0000000000001565,59.34380125843676,0.06117385050953829,2.355291532395183
0.8375,1.0000000000001554,59.39562315475187,0.06219776081778092,2.3672299960364382
0.84,1.000000000000157,62.23466845445186,0.057409948588832055,2.3790979206540883
0.8425,1.0000000000001557,64.68540697464559,0.05268756638605087,2.3908836687362265
0.845,1.0000000000001574,63.95409824185023,0.05173133570163159,2.4026355590763178
0.8475,1.0000000000001579,60.926197892003486,0.05291399696168621,2.4143950027345014
0.85,1.0000000000001588,58.73202739525541,0.052371954920385835,2.4261421752027443
0.8525,1.0000000000001592,59.33621400906187,0.049163368216300525,2.4378576707806423
0.855,1.000000000000159,62.56364506544989,0.04544970292287531,2.449579638214979
0.8575,1.0000000000001588,66.2719499239307,0.04338277662374301,2.461384710461938
0.86,1.0000000000001597,67.56129472303437,0.044354794200859554,2.4733234894189082
0.8625,1.000000000000161,65.77150559945224,0.04842367543130659,2.4853591119541556
0.865,1.0000000000001608,63.320301347852215,0.0532257471004461,2.4974086765367907
0.8675,1.0000000000001599,62.818355312753496,0.055243395455610855,2.509428989423324
0.87,1.0000000000001597,64.47580551298081,0.05392324038048948,2.521421410562429
0.8725,1.0000000000001619,66.08805197975978,0.05266962184619598,2.533406312568399
0.875,1.0000000000001619,65.67943944222084,0.05434051885904826,2.5454049609704934
0.8775000000000001,1.0000000000001628,63.840589009969776,0.05823255044771906,2.557412124183213
0.88,1.0000000000001623,62.632026195775495,0.061012036055759104,2.569398432719505
0.8825000000000001,1.0000000000001639,63.36506223601035,0.060044210922686636,2.5813470936417
0.885,1.0000000000001648,65.4315701331944,0.05665914167061828,2.5932748178584486
0.8875000000000001,1.0000000000001654,66.51082387003831,0.054998110814500734,2.605213448930542
0.89,1.0000000000001652,65.3259978487531,0.0570204738313788,2.6171707879117703
0.8925000000000001,1.000000000000165,63.35428962257054,0.06058736610529328,2.6291276630049234
0.895,1.0000000000001665,62.6491341579495,0.06196392306619183,2.6410698472216856
0.8975,1.000000000000167,63.831747401685924,0.059693510302730256,2.65300093213051
0.9,1.0000000000001679,65.77079413456167,0.05605752176719191,2.6649420017703864
0.9025,1.0000000000001692,66.25091901227547,0.05474634664064303,2.676913701647728
0.905,1.000000000000168,64.67558504444533,0.05661929926325217,2.6889087556058793
0.9075,1.0000000000001685,63.096846601083676,0.05863412844314852,2.700905590489598
0.91,1.0000000000001692,63.372194321496515,0.05752834244195121,2.7128973814056248
0.9125,1.000000000000171,65.12218688869244,0.053790693144550886,2.7248943658789475
0.915,1.0000000000001705,66.3155360515936,0.05040288884039541,2.736921564086322
0.9175,1.0000000000001696,65.24777692869824,0.04924711889073342,2.7489984816893607
0.92,1.000000000000172,62.59663013567338,0.04953862020407852,2.7611171031429182
0.9225,1.000000000000172,60.860496636721834,0.04936677738257291,2.7732704426891406
0.925,1.0000000000001734,61.74646566445453,0.048148379702484256,2.7854747384309433
0.9275,1.000000000000172,64.65141130308405,0.04672104757427426,2.7977434862498223
0.93,1.0000000000001732,67.05424455109132,0.04664101738271038,2.8100775304464856
0.9325,1.000000000000173,66.84365209588354,0.04925726480322282,2.8224739246727135
0.935,1.0000000000001728,64.76978335578498,0.05380018327499637,2.8349127218785264
0.9375,1.0000000000001728,63.556052450273434,0.05686566870465952,2.847360628577216
0.9400000000000001,1.0000000000001747,64.65216705940327,0.056125374937734784,2.859803814803707
0.9425,1.0000000000001759,66.60310728320033,0.05406165943616811,2.872253555385265
0.9450000000000001,1.0000000000001754,66.87604041764811,0.05457002862997844,2.8847252977063675
0.9475,1.000000000000174,65.08436148224105,0.05827533483657046,2.8972241774675416
0.9500000000000001,1.0000000000001759,63.24987395113612,0.06213701456094958,2.909743139532309
0.9525,1.0000000000001772,63.51147371937029,0.06208138488193717,2.9222740085340093
0.9550000000000001,1.0000000000001776,65.89314643942826,0.0582021952441393,2.9348200333054146
0.9575,1.0000000000001774,67.64098825988859,0.05566034812934601,2.9473911102362584
0.96,1.0000000000001785,66.48977999661373,0.05787103601481587,2.9599993512257794
0.9625,1.0000000000001794,63.78918617989814,0.06296620696618466,2.9726532952664595
0.965,1.000000000000179,62.5902275181897,0.06551179063294284,2.985343508348063
0.9675,1.00000000000018,64.36033267560742,0.06222798731581025,2.998054645010694
0.97,1.0000000000001799,67.25462115640815,0.05720919399238372,3.010793354910822
0.9725,1.0000000000001812,67.66682873055527,0.05659983886845262,3.0235796715174987
0.975,1.000000000000182,65.1045653764098,0.06110216784020285,3.036421405071353
0.9775,1.0000000000001812,62.73903852753555,0.0657359980432698,3.04931043417616
0.98,1.0000000000001827,63.204563757147554,0.06486432470762638,3.062232120266673
0.9825,1.0000000000001819,65.9848816134547,0.05965791334451808,3.075175565027024
0.985,1.000000000000183,67.80498591471364,0.05656404768842429,3.088147802508983
0.9875,1.000000000000184,66.46515953454539,0.05886341213389231,3.10117246654091
0.99,1.000000000000183,63.75380795410686,0.06392066014654604,3.1142585616107885
0.9925,1.0000000000001845,62.82517742291623,0.06582032355579108,3.1273846625001096
0.995,1.0000000000001856,64.61080980588497,0.06232253814812976,3.1405219066222685
0.9975,1.000000000000186,67.0695000373925,0.05790430494092212,3.1536714224202864
1.0,1.0000000000001852,67.27234148834731,0.05757331340877038,3.1668701619753574
1.0025,1.0000000000001872,65.096990660185,0.06146254534785388,3.1801374746826534
1.0050000000000001,1.0000000000001863,63.209874014742695,0.06515183936254021,3.1934468885356186
1.0075,1.0000000000001878,63.632117982228785,0.06432299672844266,3.2067680607125473
1.01,1.000000000000187,65.85050921219889,0.060124886174636176,3.220100668769827
1.0125,1.0000000000001887,67.32004294534708,0.05755759112892186,3.2334692020668405
1.0150000000000001,1.000000000000189,66.31593238820827,0.05931372846133975,3.246893323179523
1.0175,1.0000000000001885,64.13780587929712,0.06338156961642076,3.260364611070784
1.02,1.0000000000001898,63.28101246307322,0.06509936659965924,3.2738594777783248
1.0225,1.0000000000001903,64.6312975859364,0.06245179140732788,3.2873614925917773
1.025,1.0000000000001898,66.6770251682703,0.05871621638665329,3.300875360207438
1.0275,1.0000000000001916,67.01151195400821,0.05814242753389211,3.31442709356906
1.03,1.0000000000001912,65.29265428767823,0.06123219110758208,3.3280304018434492
1.0325,1.0000000000001923,63.60208967020992,0.06450513989540262,3.3416631097233744
1.035,1.0000000000001927,63.79436714189104,0.06413085281828683,3.355296978036097
1.0375,1.000000000000193,65.63265131699809,0.060628055482722945,3.3689317865609802
1.04,1.0000000000001952,67.01263101294991,0.05817563778778659,3.3825915877524406
1.0425,1.0000000000001945,66.3058375132651,0.05942337054035979,3.396293430292894
1.045,1.0000000000001938,64.4241328067046,0.06292626231312333,3.4100273476868335
1.0475,1.000000000000194,63.53998980356247,0.06467833519343559,3.423772588840528
1.05,1.0000000000001954,64.59146436776882,0.06261694576492831,3.4375187661590263
1.0525,1.0000000000001956,66.40140925558238,0.059276183086142034,3.4512712981905596
1.055,1.0000000000001963,66.85206053707218,0.05848751294200848,3.4650477206242636
1.0575,1.0000000000001974,65.44158121248532,0.06102891627967401,3.478858173791562
1.06,1.0000000000001974,63.876997005745245,0.06403580897493423,3.49268710121809
1.0625,1.000000000000198,63.89749910150399,0.06400071093025439,3.5065077558193014
1.065,1.000000000000199,65.46101083357655,0.061007639760814095,3.5203123658850743
1.0675000000000001,1.0000000000001992,66.7838941851891,0.05862865506012963,3.5341188448554264
1.07,1.0000000000001992,66.30472522426042,0.05948035487821558,3.547942492536895
1.0725,1.0000000000001996,64.6439889446094,0.06256242288384838,3.5617710994206484
1.075,1.0000000000001998,63.73145502096042,0.06435571226375965,3.5755803869229834
1.0775000000000001,1.0000000000002007,64.55258982705341,0.06274691496297584,3.5893587447637465
1.08,1.0000000000002012,66.18648173531732,0.059707227079140814,3.603111071616808
1.0825,1.000000000000201,66.72888220742765,0.05874659220851968,3.6168497150149674
1.085,1.0000000000002012,65.55731701484744,0.06086069410845992,3.630580051531115
1.0875000000000001,1.000000000000202,64.09163148080299,0.06366081564375725,3.644291452123617
1.09,1.0000000000002023,63.978091094060325,0.06388871128188538,3.6579645197776816
1.0925,1.000000000000204,65.3249987295652,0.061301987970630606,3.6715900898627565
1.095,1.0000000000002038,66.59850386010017,0.05899113326445822,3.685181980266385
1.0975,1.0000000000002043,66.29802885105103,0.05952840031429431,3.698759357890176
1.1,1.0000000000002047,64.81986017204864,0.062264650660978214,3.71231724081486
1.1025,1.0000000000002056,63.89036050712569,0.06407910145642753,3.725833497230252
1.105,1.0000000000002054,64.52448730941198,0.06283810547773996,3.7392967571152536
1.1075,1.0000000000002056,66.00882014568496,0.060059880092963716,3.7527143295866203
1.11,1.0000000000002065,66.61999699900603,0.05896795115267578,3.766100002728197
1.1125,1.0000000000002072,65.6487073882603,0.060722943672256904,3.77945724806912
1.115,1.000000000000208,64.27301518264964,0.06333786648582469,3.792775916470314
1.1175,1.0000000000002078,64.04981494662489,0.06377931005054586,3.80604212743253
1.12,1.0000000000002083,65.21249893647733,0.061541324470405535,3.8192483508709683
1.1225,1.0000000000002078,66.43828543835987,0.05930079301968109,3.8324025914165176
1.125,1.0000000000002094,66.28604223376244,0.059574837164947034,3.845522007609164
1.1275,1.00000000000021,64.9672039542731,0.06201089730684523,3.8586078801348735
1.1300000000000001,1.0000000000002112,64.0289571697596,0.06383196538808235,3.8716419202294023
1.1325,1.0000000000002105,64.5053584651803,0.06290103041311795,3.884610917385919
1.135,1.0000000000002123,65.85679645863642,0.06035928315059305,3.8975214782347583
1.1375,1.0000000000002134,66.52020183635761,0.059165686898633406,3.9103898164714885
1.1400000000000001,1.0000000000002125,65.72130795321318,0.060611006839188464,3.9232210235804543
1.1425,1.0000000000002123,64.4309296916983,0.06305303951078839,3.9360042873662633
1.145,1.0000000000002134,64.11819655503989,0.06366733579039796,3.948727196655996
1.1475,1.0000000000002145,65.11765719687254,0.06174052779869793,3.961385227028445
1.1500000000000001,1.0000000000002147,66.29533040165694,0.05957468915480898,3.9739833604208945
1.1525,1.000000000000215,66.26847705532542,0.059624283495643034,3.9865329141481527
1.155,1.0000000000002163,65.0935893420487,0.06179056827836176,3.999036468967312
1.1575,1.0000000000002154,64.15473559670265,0.06360357160589591,4.0114797817549865
1.16,1.0000000000002176,64.49320498067756,0.06294336793646507,4.0238475691075015
1.1625,1.0000000000002167,65.72421615211205,0.06061893237141746,4.03614167501393
1.165,1.0000000000002176,66.42595931796046,0.059348800354203174,4.048377953489976
1.1675,1.0000000000002183,65.77945905384735,0.06051993878862702,4.060564734045966
1.17,1.0000000000002185,64.57202259108546,0.06279619298395002,4.072692861353648
1.1725,1.0000000000002192,64.18346063536525,0.06355558209424231,4.084750488563563
1.175,1.000000000000219,65.03855045800272,0.06190542016737783,4.0967366912349625
1.1775,1.0000000000002192,66.16429928599386,0.05982411490457216,4.108660420324227
1.18,1.00000000000022,66.24578109029908,0.05967832860244279,4.120532708896365
1.1825,1.000000000000221,65.20517461297024,0.06159414979909876,4.132357652178431
1.185,1.0000000000002212,64.26864107298161,0.06339439596124571,4.144128079825845
1.1875,1.000000000000222,64.48880080609118,0.06296590404098998,4.1558328526770065
1.19,1.0000000000002218,65.60657690516699,0.06084838485019588,4.167471479273474
1.1925000000000001,1.0000000000002236,66.33583882705692,0.05952149787291421,4.179057580047437
1.195,1.0000000000002232,65.82629098007584,0.0604458082556068,4.190601872248799
1.1975,1.000000000000223,64.69737187839392,0.06256684102898168,4.202097425409916
1.2,1.0000000000002243,64.25018084681567,0.0634370669378144,4.213530073421883
1.2025000000000001,1.0000000000002247,64.96995579687524,0.06204723727577105,4.2248961254614565
1.205,1.0000000000002254,66.04374311668158,0.06005273720802551,4.236204210136969
1.2075,1.000000000000226,66.21984517773467,0.059735061664182514,4.247464653725743
1.21,1.000000000000227,65.29977018594964,0.061427016809729645,4.258679136563195
1.2125000000000001,1.000000000000227,64.3796570795846,0.06318829528056705,4.269841246146331
1.215,1.0000000000002272,64.48769589357,0.06297872281917741,4.280944272703928
1.2175,1.000000000000227,65.49955434609484,0.061056421062050566,4.291988332022319
1.22,1.0000000000002285,66.25371323297853,0.059677837750516556,4.302985128051263
1.2225,1.0000000000002292,65.85927545334079,0.060394357186153526,4.313948260329133
1.225,1.0000000000002285,64.8126926162203,0.06235493064715474,4.324877451790015
1.2275,1.0000000000002294,64.31500817941132,0.06331960518571113,4.3357628563679285
1.23,1.0000000000002305,64.91320686616552,0.06216428077498179,4.346601207577578
1.2325,1.0000000000002303,65.93375406870734,0.06026099201443256,4.357402735821976
1.235,1.0000000000002316,66.18436371453892,0.05980680270113951,4.368181434458127
1.2375,1.0000000000002323,65.38832687267193,0.061269364537770696,4.378940891635205
1.24,1.0000000000002316,64.48156177659135,0.06299827831532577,4.389674817128014
1.2425,1.0000000000002334,64.49202968126875,0.06297858372490717,4.4003770689741994
1.245,1.000000000000233,65.40668605560566,0.06123696322718015,4.41104851675974
1.2475,1.0000000000002334,66.16715855569086,0.059840830740161575,4.421697025903455
1.25,1.0000000000002345,65.89117554974226,0.06034295822829562,4.432331343511157
1.2525,1.000000000000234,64.91589837977021,0.06216497515944841,4.442950906564216
1.2550000000000001,1.000000000000235,64.37519731737036,0.06320934363814906,4.453544295821381
1.2575,1.0000000000002354,64.87006655154923,0.06225367570614039,4.464103421639483
1.26,1.0000000000002358,65.82933501540744,0.06045835419453724,4.474631901022324
1.2625,1.000000000000236,66.14983926938477,0.05987528648455719,4.485138815573636
1.2650000000000001,1.0000000000002365,65.4585964115381,0.061144571060565346,4.495626116419341
1.2675,1.000000000000237,64.58033438947881,0.06281327757346064,4.50608336940973
1.27,1.000000000000237,64.50884559033987,0.06295244869986759,4.516499825021914
1.2725,1.0000000000002378,65.31418565773933,0.06141598599589463,4.5268734148448315
1.2750000000000001,1.0000000000002376,66.08777257764493,0.05999001842338995,4.537208955726024
1.2775,1.0000000000002378,65.91218539695879,0.060310061649930385,4.547511836854718
1.28,1.0000000000002385,65.01273718061987,0.06198643464503006,4.5577794441198725
1.2825,1.0000000000002407,64.43822653716582,0.06309231810528665,4.56800229323093
1.285,1.0000000000002403,64.82545539287872,0.062344581989830394,4.578172058584415
1.2875,1.0000000000002416,65.74116320476945,0.0606253965380992,4.588290195271833
1.29,1.0000000000002414,66.10872046380915,0.05995455016664002,4.598366538765549
1.2925,1.0000000000002425,65.51937005196392,0.06103649678290312,4.608404755903151
1.295,1.0000000000002427,64.67598731487837,0.06263371213488002,4.6183982414170925
1.2975,1.0000000000002425,64.52195179210688,0.0629321914361338,4.628338401228732
1.3,1.0000000000002436,65.24390464640116,0.06155279335601041,4.63822391938051
1.3025,1.0000000000002442,66.00439913682536,0.060145890191688305,4.648062555376471
1.305,1.0000000000002447,65.92026894625404,0.06029965270064853,4.657862015164254
1.3075,1.0000000000002458,65.10840456920833,0.06180962506337692,4.667622602641592
1.31,1.0000000000002462,64.50080581533835,0.06297530623992827,4.67733788935438
1.3125,1.0000000000002451,64.79264466650729,0.06241207069753627,4.687003089431469
1.315,1.0000000000002467,65.64588451183445,0.06080531303651216,4.696621378495577
1.3175000000000001,1.000000000000246,66.07487411917774,0.060019853587663125,4.706202049639824
1.32,1.0000000000002478,65.57799093951212,0.06093166907324972,4.715752466083009
1.3225,1.0000000000002478,64.74961139779924,0.062496111980792565,4.725268989576317
1.325,1.0000000000002487,64.55226604788662,0.06287755485951231,4.734743964925896
1.3275000000000001,1.0000000000002485,65.17685757504206,0.061683067317399115,4.74417676255781
1.33,1.0000000000002505,65.92291378304601,0.060298125614929095,4.753573914815234
1.3325,1.00000000000025,65.92983293293152,0.06028575986776227,4.7629435875668085
1.335,1.0000000000002511,65.18155165214105,0.06167508949677176,4.77228546412026
1.3375000000000001,1.0000000000002507,64.57137376118354,0.06284220641567416,4.781591717679167
1.34,1.0000000000002518,64.77003904220435,0.06245917599334733,4.790856079520276
1.3425,1.0000000000002514,65.55557045215348,0.060976022717529055,4.80007787581822
1.345,1.0000000000002531,66.03341251298784,0.060098420222986386,4.809262548723829
1.3475,1.000000000000252,65.62447920166186,0.060848853112259293,4.818413017741175
1.35,1.0000000000002525,64.83877922412486,0.062328492585878505,4.82752340018894
1.3525,1.0000000000002538,64.57043762057341,0.06284574879615576,4.8365835655110905
1.355,1.0000000000002545,65.11283776098233,0.06180719818668428,4.845587573808659
1.3575,1.000000000000255,65.85939073800525,0.06041730863607752,4.8545388164110586
1.36,1.0000000000002554,65.9212832091193,0.06030430965958367,4.863442642824825
1.3625,1.0000000000002556,65.25436960668948,0.06154097661391149,4.872298324263574
1.365,1.000000000000255,64.63746263354369,0.06271744446390427,4.881098821392651
1.3675,1.000000000000256,64.75142569693355,0.06249800393002491,4.889836793858932
1.37,1.0000000000002556,65.48171655305391,0.06111616120172189,4.898513693730722
1.3725,1.0000000000002567,65.98009022006991,0.06019813688336542,4.907136677799472
1.375,1.000000000000258,65.668058303192,0.06077097106383184,4.91571045070309
1.3775,1.0000000000002578,64.91891281203004,0.06217810357579741,4.924234162584542
1.3800000000000001,1.000000000000259,64.59584665981265,0.06279939648554934,4.932701740846724
1.3825,1.000000000000259,65.06499256023388,0.061900554426483866,4.941110685866584
1.385,1.0000000000002593,65.77878705274915,0.06056771676494246,4.949467017801767
1.3875,1.0000000000002596,65.92035789992055,0.060308408274512816,4.957778939510456
1.3900000000000001,1.0000000000002607,65.32333678390633,0.061413934999733535,4.966049419583075
1.3925,1.0000000000002625,64.69100657903884,0.06261664101604428,4.974274539738229
1.395,1.0000000000002618,64.74983896635774,0.06250361905865918,4.982449862063856
1.3975,1.0000000000002622,65.4057376591305,0.06126029611778386,4.99057646615849
1.4000000000000001,1.0000000000002622,65.92940189135504,0.06029285108953268,4.998661876580245
1.4025,1.0000000000002633,65.70572689304686,0.06070364121408091,5.00671314192164
1.405,1.0000000000002638,64.98724732153708,0.062050147770544295,5.0147285742832395
1.4075,1.0000000000002647,64.63414585327715,0.06272769902710203,5.022702724161
1.41,1.0000000000002645,65.01646046413883,0.0619949799825786,5.030633225606375
1.4125,1.000000000000265,65.70370650702182,0.060708095184266314,5.038523476477141
1.415,1.0000000000002653,65.9163872834442,0.06031769411495191,5.04638098504859
1.4175,1.0000000000002653,65.37903338802242,0.061311663799784186,5.054207701744228
1.42,1.0000000000002658,64.7528702870699,0.062499668002957434,5.061998872846476
1.4225,1.0000000000002671,64.7451992540063,0.06251463446342057,5.069749113244213
1.425,1.000000000000267,65.33904365818492,0.06138708972709285,5.077457237032137
1.4275,1.0000000000002678,65.88445430137804,0.06037692602820302,5.085128533684466
1.43,1.000000000000267,65.72217668131995,0.060675176836529836,5.09276798242201
1.4325,1.0000000000002682,65.0592783797445,0.06191519327925468,5.100374563737622
1.435,1.0000000000002691,64.67918128150286,0.06264272186949912,5.107941939275255
1.4375,1.0000000000002693,64.96819933476581,0.06208869944693415,5.115465543049425
1.44,1.0000000000002691,65.63626719353728,0.060834444059144156,5.122949325135623
1.4425000000000001,1.0000000000002698,65.90189989116664,0.06034589128458199,5.130399609606898
1.445,1.000000000000271,65.4282788592731,0.06122136764674019,5.137818604825649
1.4475,1.000000000000271,64.82517007104214,0.06236271110234299,5.1452033662529875
1.45,1.0000000000002716,64.73833032756033,0.06252962494270595,5.152548669638481
1.4525000000000001,1.0000000000002722,65.27013722335795,0.06151807407131534,5.159854061670169
1.455,1.0000000000002724,65.84867036100636,0.06044405349321016,5.167124433411463
1.4575,1.0000000000002722,65.73375537064993,0.060655400227044146,5.174365228910203
1.46,1.0000000000002733,65.12143060112481,0.06179906047327442,5.181576594366558
1.4625000000000001,1.0000000000002733,64.72546885635973,0.06255518370939064,5.188752360643656
1.465,1.000000000000274,64.92825289727487,0.062166446726070565,5.195888528020048
1.4675,1.000000000000275,65.57487590725027,0.06094968807232842,5.202987430566408
1.47,1.0000000000002753,65.88212900532851,0.060383509663666395,5.2100539811194215
1.4725,1.0000000000002751,65.46997493895182,0.0611450346955412,5.2170916709297535
1.475,1.0000000000002767,64.88934059720353,0.06224139931148193,5.224097409212027
1.4775,1.000000000000277,64.74611682790533,0.06251618508698616,5.231064839833807
1.48,1.000000000000277,65.21509196202105,0.06162313507177116,5.23799414435676
1.4825,1.0000000000002771,65.78990276317035,0.06055329464867367,5.244889671927676
1.485,1.0000000000002787,65.75135273440368,0.06062432526085397,5.251756000295701
1.4875,1.000000000000279,65.18726390729978,0.06167601108847035,5.258595089300851
1.49,1.0000000000002793,64.75597124618695,0.062497862865837576,5.265401368383101
1.4925,1.00000000000028,64.91234612142749,0.06219821600811028,5.272170618203509
1.495,1.0000000000002807,65.50782467920467,0.06107558781676671,5.278904656722638
1.4975,1.0000000000002804,65.84838259509017,0.0604465771932985,5.285607317596341
1.5,1.0000000000002809,65.52724490165606,0.06103968388362255,5.292282179983371
1.5025,1.0000000000002816,64.9405505781985,0.062144840965205485,5.298924725577562
1.5050000000000001,1.0000000000002822,64.75453891270433,0.06250127441656551,5.305527920280966
1.5075,1.0000000000002822,65.17193289228189,0.061705828690753535,5.312089887954568
1.51,1.0000000000002836,65.7253270847205,0.06067332395039587,5.318611368738935
1.5125,1.0000000000002836,65.76971652786852,0.060591670740310126,5.3250970099159
1.5150000000000001,1.0000000000002833,65.24762190648553,0.061563432554731644,5.331546293365422
1.5175,1.000000000000285,64.78301028597112,0.0624470513960842,5.337952423205738
1.52,1.000000000000285,64.90206351512009,0.06221906428010564,5.344312382140416
1.5225,1.0000000000002847,65.44820024929915,0.06118780703835604,5.3506253378890625
1.5250000000000001,1.0000000000002858,65.81431329963375,0.0605101428498673,5.356895615103975
1.5275,1.0000000000002875,65.57210213365666,0.06095742113163577,5.3631277981579135
1.53,1.0000000000002873,64.99055871786035,0.06205060543297748,5.369317774628072
1.5325,1.0000000000002878,64.76430742356644,0.06248356781237641,5.375461630776516
1.5350000000000001,1.000000000000288,65.14081730426757,0.061765725355495536,5.381556806659333
1.5375,1.0000000000002895,65.67056905837373,0.0607753926338769,5.387603880875756
1.54,1.000000000000289,65.7585625156581,0.06061316732966872,5.39360991919593
1.5425,1.0000000000002893,65.30749060138943,0.06145189784328079,5.399573676603457
1.545,1.0000000000002893,64.83480497422406,0.06234866942587153,5.405489174238752
1.5475,1.0000000000002904,64.88142749398385,0.062259516532348534,5.411354849367157
1.55,1.0000000000002913,65.38982006231589,0.0612978650290304,5.4171678756537425
1.5525,1.0000000000002913,65.78131100757476,0.06057170481418229,5.4229325477617
1.555,1.000000000000291,65.60102586185633,0.06090465581822924,5.42865485640386
1.5575,1.0000000000002927,65.05509607069563,0.061928885783729605,5.434331179012081
1.56,1.0000000000002924,64.78731865264017,0.06244033694326074,5.439958443092277
1.5625,1.0000000000002938,65.08459925550288,0.06187306656062379,5.445534835726863
1.565,1.0000000000002935,65.61221598862925,0.060884227132646046,5.451062210908604
1.5675000000000001,1.0000000000002953,65.78387943644809,0.06056744024481394,5.456547474525909
1.57,1.0000000000002938,65.34929976350317,0.06137428707108868,5.461990614437626
1.5725,1.0000000000002944,64.85257348951873,0.06231544664657725,5.467387890537169
1.575,1.0000000000002953,64.891799316629,0.06224054523072756,5.472735661040673
1.5775000000000001,1.0000000000002958,65.34122371511796,0.06138968162287636,5.478031117482017
1.58,1.0000000000002967,65.73824743251566,0.06065179521412387,5.483278877949814
1.5825,1.000000000000296,65.63122639959725,0.060849542300669475,5.488481477233303
1.585,1.0000000000002967,65.10000613225655,0.06184445925096045,5.493635110191274
1.5875000000000001,1.0000000000002978,64.8108433155455,0.062395963014036986,5.49873796751214
1.59,1.0000000000002978,65.06195171370305,0.061916865318015456,5.503786164116582
1.5925,1.0000000000002986,65.55971345540361,0.060982357082119604,5.5087799848808325
1.595,1.0000000000002984,65.75638698661959,0.06061875295938224,5.513728667016673
1.5975000000000001,1.000000000000299,65.40116796424869,0.06127801829486656,5.518633182905429
1.6,1.0000000000003004,64.92409313067914,0.06217957802179694,5.523490623913444
1.6025,1.000000000000301,64.85854487569797,0.0623048961288478,5.528301245429543
1.605,1.0000000000003006,65.28950503464954,0.0614874369705362,5.533062971282641
1.6075,1.0000000000003015,65.72488728296845,0.06067708277861737,5.537780691419656
1.61,1.0000000000003015,65.62973229609791,0.06085295671744235,5.542459369567041
1.6125,1.0000000000003015,65.15838638851702,0.06173476318463691,5.547096069490434
1.615,1.000000000000303,64.84335549022795,0.062334367473538425,5.551687762178056
1.6175,1.0000000000003033,65.0233360461749,0.06199092802672551,5.556229883183269
1.62,1.0000000000003029,65.51426861037187,0.06106756697932458,5.560721734314061
1.6225,1.0000000000003042,65.73620279468905,0.06065657157416035,5.565168459562194
1.625,1.0000000000003038,65.44829818174064,0.06119057770829723,5.5695710346150555
1.6275,1.0000000000003046,64.9756038726382,0.0620819858334132,5.573926239076785
1.6300000000000001,1.0000000000003053,64.84886096450893,0.06232415349461064,5.5782322625547
1.6325,1.0000000000003058,65.24411216146548,0.06157351135546707,5.58248928569947
1.635,1.0000000000003058,65.68262685701517,0.06075572144029874,5.586701137001784
1.6375,1.0000000000003069,65.65564885893944,0.06080564380141,5.59087610591789
1.6400000000000001,1.0000000000003069,65.2131996130104,0.06163194927779708,5.595015548122821
1.6425,1.0000000000003084,64.84867656987524,0.06232473000246262,5.599116428558497
1.645,1.0000000000003075,65.00229025467611,0.0620314847385125,5.6031803290785875
1.6475,1.0000000000003084,65.48102608019508,0.0611300674462702,5.6072070239821
1.6500000000000001,1.0000000000003093,65.71910022008056,0.06068871198693578,5.611200952917513
1.6525,1.0000000000003093,65.47365252481269,0.061143867020143454,5.6151673208238
1.655,1.0000000000003095,65.00912877215725,0.06201872696734366,5.61910036789869
1.6575,1.0000000000003102,64.87455326855972,0.06227561053829796,5.622996511533678
1.6600000000000001,1.0000000000003104,65.21012635566557,0.0616381653287408,5.626856404805342
1.6625,1.000000000000311,65.61825197294498,0.0608753553235543,5.630680128151165
1.665,1.0000000000003115,65.67442215174866,0.06077149014093902,5.634472879494563
1.6675,1.0000000000003126,65.25961170396342,0.06154504728684964,5.638237572105741
1.67,1.0000000000003124,64.88117111036608,0.06226312271794518,5.641970789355917
1.6725,1.0000000000003129,64.99497054968643,0.06204605433186569,5.645672907893029
1.675,1.0000000000003129,65.41007342471727,0.06126297802862574,5.6493467947202545
1.6775,1.0000000000003144,65.70694503495146,0.06071163760744514,5.652996752292219
1.68,1.000000000000314,65.50923782375035,0.06107812330954149,5.656630016706994
1.6825,1.0000000000003144,65.05539488558432,0.06193133192266598,5.660245270644029
1.685,1.0000000000003157,64.89190228313275,0.06224293450282042,5.663837924531423
1.6875,1.000000000000316,65.14154068008239,0.06176816106033477,5.667409231388438
1.69,1.0000000000003164,65.60053451074293,0.06090865112792831,5.670960101396685
1.6925000000000001,1.0000000000003175,65.68244283694284,0.06075711096055023,5.674493387324638
1.695,1.0000000000003182,65.28523384388821,0.061497362409254575,5.678010557335402
1.6975,1.000000000000317,64.94222363890707,0.0621470931125302,5.681507659607071
1.7,1.0000000000003184,64.94517351907736,0.06214137725075916,5.684981849015772
1.7025000000000001,1.0000000000003184,65.37624635871887,0.06132670213262685,5.688434609161747
1.705,1.000000000000319,65.70719264290965,0.06071163081969715,5.691870396272073
1.7075,1.0000000000003186,65.50374584173689,0.06108874469230622,5.695293208439649
1.71,1.0000000000003197,65.12275745631946,0.06180412957408982,5.698705202248224
1.7125000000000001,1.0000000000003206,64.8841052915024,0.062258238140134155,5.702103546701272
1.715,1.0000000000003206,65.11612185719142,0.06181668585779513,5.705487445795792
1.7175,1.0000000000003213,65.58180267893934,0.06094390141850928,5.708862198037012
1.72,1.000000000000321,65.64081603128366,0.060834473774229694,5.712229753373199
1.7225000000000001,1.0000000000003217,65.35664363365296,0.0613637856299538,5.715592468204452
1.725,1.0000000000003224,64.96822008644995,0.0620979139635352,5.718948033050178
1.7275,1.000000000000323,64.92531664135912,0.062179667597380375,5.722290348701003
1.73,1.0000000000003229,65.36033402886662,0.06135700063484096,5.725621755294369
1.7325,1.000000000000324,65.64013765386295,0.06083593331013395,5.728943587596091
1.735,1.0000000000003246,65.55882759602103,0.06098676304422543,5.7322580934308816
1.7375,1.000000000000324,65.16877071382099,0.061717518719106836,5.735567130743156
1.74,1.000000000000326,64.85931593825248,0.062305940401959206,5.738866771433202
1.7425,1.0000000000003253,65.13233003582755,0.06178645497701281,5.742157501533139
1.745,1.0000000000003268,65.52391059524413,0.0610518225107274,5.7454408001028145
1.7475,1.0000000000003268,65.62577919331153,0.06086270218716723,5.748722160327644
1.75,1.0000000000003275,65.40789601358661,0.0612682556247845,5.752005990740288
1.7525,1.000000000000328,64.9887909870156,0.06205901348661506,5.755286419170634
1.7550000000000001,1.0000000000003277,64.94601039973578,0.062140637357885616,5.758562787356023
1.7575,1.0000000000003293,65.30023671329504,0.06147011618830308,5.761835003432088
1.76,1.0000000000003293,65.60312242319226,0.06090483757206984,5.765102185881685
1.7625,1.0000000000003306,65.59330682452944,0.06092312739710894,5.768369168265925
1.7650000000000001,1.00000000000033,65.19928108860346,0.061660238608388825,5.771633561623339
1.7675,1.0000000000003306,64.90648557044155,0.062216280235515814,5.774892783790926
1.77,1.0000000000003306,65.07534544304028,0.061894829178471125,5.778146179114702
1.7725,1.0000000000003322,65.46622382094627,0.06115955611316945,5.781392807121332
1.7750000000000001,1.0000000000003326,65.67192664311169,0.060777698554118,5.784640892086652
1.7775,1.0000000000003333,65.41226169446861,0.06126041971148033,5.78789333740161
1.78,1.0000000000003328,65.01579576154019,0.06200796432090651,5.791148033390692
1.7825,1.0000000000003333,64.9591167373358,0.062116001176899735,5.794405212573074
1.7850000000000001,1.0000000000003337,65.24515054973787,0.061574071129839536,5.797662298075122
1.7875,1.0000000000003342,65.59698592683056,0.06091658485611729,5.80092408784858
1.79,1.0000000000003348,65.59772286025708,0.06091524589216156,5.804192004433924
1.7925,1.000000000000335,65.22424077943569,0.06161352221330087,5.807460602967182
1.795,1.000000000000336,64.94369834914323,0.06214557088552644,5.810730041675406
1.7975,1.0000000000003368,65.05017491526303,0.0619428896075121,5.8139940367306036
1.8,1.0000000000003373,65.42965388482054,0.06122816874522206,5.81724952677925
1.8025,1.0000000000003382,65.65280149105644,0.06081336668756978,5.820502495159788
1.805,1.0000000000003375,65.44419180859872,0.06120105803815663,5.8237530767713785
1.8075,1.0000000000003382,65.06252845209139,0.06191961481131528,5.827002281697045
1.81,1.0000000000003384,64.94430993081679,0.06214456240107929,5.8302492075609695
1.8125,1.0000000000003393,65.21841979463147,0.06162464766091627,5.8334933516787535
1.815,1.0000000000003402,65.57320517506,0.0609610198894758,5.836743343942622
1.8175000000000001,1.0000000000003404,65.5968449270034,0.06091718186822062,5.84000260207534
1.82,1.0000000000003404,65.2618134661206,0.061542993348746196,5.843271095148644
1.8225,1.000000000000341,64.96479170684013,0.062105645626934824,5.846548525745615
1.825,1.0000000000003415,65.04631464581716,0.061950596573532225,5.849829217244514
1.8275000000000001,1.0000000000003428,65.39038626164195,0.061301848608009635,5.853111778523792
1.83,1.000000000000343,65.62005167389906,0.060874275029748806,5.856394976852459
1.8325,1.0000000000003437,65.47767771577841,0.06113890567965001,5.859675186986839
1.835,1.0000000000003433,65.10544400769959,0.06183842450965254,5.86295114596072
1.8375000000000001,1.0000000000003444,64.95303317014033,0.06212821650703328,5.866215115350132
1.84,1.000000000000344,65.1854440475426,0.06168723447314951,5.869462992905548
1.8425,1.0000000000003448,65.52518244483626,0.061050497540327105,5.872700713506199
1.845,1.0000000000003448,65.60455723053695,0.060903131661514946,5.875930980899289
1.8475000000000001,1.0000000000003455,65.31710323237834,0.061439420212432615,5.879158511883966
1.85,1.0000000000003464,64.99161626686848,0.06205477697181063,5.882386762670295
1.8525,1.000000000000347,65.00787408661978,0.06202385884750124,5.8856142162292935
1.855,1.000000000000348,65.35416919823345,0.061369945493040694,5.888847417316782
1.8575,1.0000000000003477,65.62592924652957,0.06086363751570001,5.8920914480212945
1.86,1.0000000000003484,65.4870946050996,0.06112156724683133,5.895345618260911
1.8625,1.000000000000348,65.1412903440253,0.06177086920053411,5.89861014771346
1.865,1.0000000000003497,64.96761340018277,0.06210066975791377,5.901878140816345
1.8675,1.0000000000003495,65.13638943298061,0.06178012697225641,5.905141614981452
1.87,1.0000000000003502,65.51198299366318,0.061075306618382876,5.908397750050472
1.8725,1.0000000000003497,65.61739247831704,0.06087956523655589,5.911642965647184
1.875,1.0000000000003502,65.32207766828638,0.06143028358200981,5.914874815759868
1.8775,1.000000000000351,65.02063809045346,0.06199982829083167,5.918088379187362
1.8800000000000001,1.0000000000003517,65.01977790649934,0.062001460192274344,5.921278286610592
1.8825,1.0000000000003513,65.31629046112037,0.0614412409389609,5.924448719252311
1.885,1.0000000000003524,65.58132228007241,0.060946564251236575,5.927605722761229
1.8875,1.0000000000003535,65.52098992606855,0.06105866064637358,5.930754111010619
1.8900000000000001,1.0000000000003537,65.19537457818619,0.06166889656329564,5.933901356522668
1.8925,1.0000000000003537,64.9460361471169,0.06214205335420046,5.937050488767806
1.895,1.0000000000003542,65.1233612990484,0.06180498810190492,5.940203272577185
1.8975,1.0000000000003548,65.49836736875041,0.06110086864678227,5.943364267137586
1.9000000000000001,1.0000000000003548,65.58593686763867,0.06093810698025347,5.946536611013985
1.9025,1.0000000000003557,65.36244910626523,0.0613548175467745,5.949721809662205
1.905,1.0000000000003566,65.06350532207485,0.061918575175154894,5.952913713219993
1.9075,1.0000000000003566,64.99734630951414,0.06204435143816229,5.956103223047769
1.9100000000000001,1.0000000000003573,65.28026672433009,0.0615091096329939,5.959287653535718
1.9125,1.0000000000003575,65.57638290103712,0.0609559152353606,5.962463025400821
1.915,1.0000000000003588,65.53199304976478,0.06103842535534258,5.965625543047191
1.9175,1.0000000000003577,65.20111575863875,0.06165823742427105,5.968773974760786
1.92,1.0000000000003588,64.98802609741429,0.062062167314630746,5.971904271525925
1.9225,1.0000000000003593,65.12487128824922,0.06180242561956074,5.9750153208410755
1.925,1.0000000000003602,65.41829287195978,0.06125048289771603,5.9781110652813885
1.9275,1.0000000000003602,65.58393550952616,0.060941989820617104,5.9811976320400735
1.93,1.0000000000003606,65.42588616165436,0.06123632652462606,5.984282033478712
1.9325,1.000000000000362,65.07574662318045,0.06189556888913173,5.987368041443321
1.935,1.0000000000003624,64.98285605225288,0.06207212146860788,5.990457099517687
1.9375,1.0000000000003617,65.25870053330141,0.06154984135525009,5.993551531565321
1.94,1.0000000000003626,65.55183453537413,0.061001687029474554,5.996655846388577
1.9425000000000001,1.0000000000003635,65.54007204497495,0.06102356823704197,5.999774157137575
1.945,1.0000000000003642,65.24270434127516,0.061580013774790755,6.002904445638676
1.9475,1.000000000000364,65.00228909584554,0.062035208900170696,6.006041794442007
1.95,1.0000000000003646,65.09183933950953,0.06186516131422147,6.009183273431914
1.9525000000000001,1.0000000000003653,65.40042809604617,0.06128405470277939,6.012326630802614
1.955,1.000000000000365,65.5841608716465,0.060941767569582944,6.015471022236371
1.9575,1.0000000000003657,65.42737604312806,0.061233708991543956,6.0186161739130615
1.96,1.000000000000367,65.10804945368112,0.0618344769712721,6.021760618721862
1.9625000000000001,1.0000000000003664,65.0052393837279,0.06202970108552834,6.024902576276462
1.965,1.0000000000003677,65.22437788189642,0.06161467540914127,6.028040345188139
1.9675,1.0000000000003673,65.50792470815657,0.0610835158342416,6.031176804140806
1.97,1.0000000000003677,65.54841347054075,0.06100822452181759,6.034318389046038
1.9725000000000001,1.0000000000003684,65.29676676456577,0.061478507054787225,6.037465924625236
1.975,1.0000000000003686,65.02238708515405,0.06199716643487597,6.040617634683873
1.9775,1.0000000000003706,65.05186675727563,0.06194113893206266,6.04377409918262
1.98,1.0000000000003704,65.3717524131551,0.06133786451952792,6.046935631344725
1.9825000000000002,1.000000000000371,65.58928324448236,0.06093241898244477,6.0501043931432745
1.985,1.000000000000371,65.44379288970201,0.06120318499735954,6.053282742464517
1.9875,1.0000000000003717,65.13532218952561,0.0617829703133583,6.0564690782850725
1.99,1.000000000000372,65.01006061699137,0.06202065583405797,6.0596610824095585
1.9925,1.0000000000003721,65.18856223883076,0.06168239101418134,6.062858489929428
1.995,1.0000000000003726,65.4878249911475,0.061121102910104474,6.066063467797656
1.9975,1.0000000000003735,65.56919145301424,0.06096976585520176,6.069279404717721
2.0,1.0000000000003741,65.31262749409152,0.06144884975943395,6.072508666668451
2.0025,1.000000000000375,65.02480191763868,0.06199272521830536,6.075751148848705
2.005,1.0000000000003753,65.06021805267665,0.061925444517136066,6.079004742269289
2.0075,1.0000000000003753,65.35433569044257,0.06137065108857121,6.082269947127023
2.0100000000000002,1.0000000000003757,65.5555047656399,0.06099525819357136,6.085549711024991
2.0125,1.0000000000003764,65.45809639079945,0.06117662238165685,6.088843965858623
2.015,1.0000000000003764,65.17526513923903,0.06170760552231622,6.092149229438297
2.0175,1.0000000000003775,65.01634122472926,0.062008867451161624,6.0954613196418554
2.02,1.000000000000377,65.1686472013423,0.06172014656347308,6.098777690064713
2.0225,1.0000000000003777,65.4608057342182,0.061171616753718475,6.1020965975533175
2.025,1.0000000000003781,65.55523820017211,0.060995823611078304,6.105417376249189
2.0275,1.0000000000003793,65.34466012130706,0.061388886562882536,6.108743183463354
2.0300000000000002,1.0000000000003801,65.06584384335876,0.061914879705643945,6.11207415925666
2.0325,1.0000000000003795,65.04423849159076,0.06195591764113593,6.115406467736527
2.035,1.0000000000003804,65.31223494407321,0.06144977921493515,6.118744093330476
2.0375,1.0000000000003808,65.54396725752157,0.06101682937749439,6.122094639046462
2.04,1.0000000000003801,65.477271883281,0.061140975131411104,6.125459979194618
2.0425,1.000000000000382,65.20819016876044,0.06164560905742133,6.1288415475386735
2.045,1.0000000000003817,65.02535326006159,0.06199187090501045,6.132239987945716
2.0475,1.000000000000383,65.13808403722902,0.06177802943673327,6.135652181303784
2.05,1.0000000000003828,65.4372033706106,0.061215797509572976,6.139077814301028
2.0525,1.0000000000003835,65.56125604983743,0.06098476003832319,6.142517909138492
2.055,1.0000000000003837,65.36214744834876,0.06135619649869849,6.1459691163106225
2.0575,1.0000000000003846,65.08625376093082,0.061876263737246286,6.14942848000185
2.06,1.0000000000003844,65.04941527007138,0.06194623047223675,6.152894389566311
2.0625,1.0000000000003852,65.28387441462044,0.06150319032064582,6.156363505485442
2.065,1.0000000000003864,65.51603694345302,0.061068907014333956,6.159837951215465
2.0675,1.0000000000003868,65.49026507715165,0.06111689145268914,6.163325320078988
2.07,1.0000000000003868,65.2413242179553,0.06158327320076452,6.166826570733892
2.0725000000000002,1.000000000000387,65.04231407973857,0.06195975795922967,6.1703395680559305
2.075,1.0000000000003872,65.12302588753482,0.06180667686550076,6.173867737004976
2.0775,1.000000000000388,65.396333094333,0.06129229889613012,6.177412375910232
2.08,1.0000000000003892,65.54652689173909,0.061012224237411455,6.1809710879758395
2.0825,1.0000000000003897,65.4047670579797,0.06127653859642863,6.184543687268433
2.085,1.0000000000003888,65.12655139992974,0.0618000548467777,6.188125454145778
2.0875,1.00000000000039,65.02692519227337,0.06198906467257194,6.191706048056243
2.09,1.0000000000003908,65.2368828587962,0.06159170827020651,6.1952801341476
2.0925000000000002,1.0000000000003904,65.51321185538225,0.06107426434966618,6.198846675911218
2.095,1.0000000000003915,65.52093762283252,0.06105989087890104,6.20240446393075
2.0975,1.000000000000392,65.25817632727863,0.0615516419423649,6.20595489735312
2.1,1.0000000000003904,65.03833077268601,0.06196743997070035,6.20950079315486
2.1025,1.0000000000003917,65.10867899211345,0.06183395985923958,6.213046186269679
2.105,1.0000000000003935,65.38200997046637,0.06131920277795369,6.216600347689304
2.1075,1.0000000000003937,65.5471102094252,0.06101123300251058,6.220174175469224
2.11,1.0000000000003946,65.41830616203309,0.061251318943143125,6.223775409294505
2.1125,1.0000000000003946,65.13711418950956,0.06178013823838535,6.2274079058449345
2.115,1.000000000000395,65.02824140226136,0.06198663911141895,6.231070208471487
2.1175,1.0000000000003957,65.22891277059743,0.061606829994116194,6.234757806935698
2.12,1.0000000000003961,65.4983702417381,0.061102009606565935,6.238464295181415
2.1225,1.0000000000003961,65.51421225658555,0.06107251629672533,6.242179656043634
2.125,1.0000000000003972,65.27136999329437,0.061526931360298846,6.245893034670645
2.1275,1.0000000000003977,65.0594710037303,0.06192738915142642,6.249591324872897
2.13,1.0000000000003983,65.11532359528935,0.06182146946039804,6.253259737876679
2.1325,1.0000000000003983,65.36264661868886,0.06135557669056543,6.256893746028604
2.1350000000000002,1.0000000000003995,65.51540422542024,0.06107031341778995,6.260497558095844
2.1375,1.0000000000004,65.41526456076977,0.061257096361969444,6.264072916791045
2.14,1.0000000000004,65.1828556638107,0.06169377329341751,6.2676260949932265
2.1425,1.0000000000004006,65.0663674819038,0.061914343575017315,6.271171078848205
2.145,1.000000000000401,65.19309716023496,0.06167448258184625,6.274717734257103
2.1475,1.0000000000004008,65.4332072978676,0.06122362386480729,6.278274410854026
2.15,1.0000000000004017,65.52147264906652,0.061059083347344376,6.2818531983093475
2.1525,1.000000000000402,65.3415754299674,0.06139515898952073,6.285457912696982
2.1550000000000002,1.0000000000004021,65.08441392634211,0.06188014577555985,6.2890809108264145
2.1575,1.0000000000004037,65.06552713227825,0.06191598137877979,6.292712833075139
2.16,1.000000000000403,65.32007606165158,0.06143549987611094,6.296341898237816
2.1625,1.0000000000004032,65.53093739137371,0.06104147411173772,6.299952684958635
2.165,1.0000000000004037,65.45343199201692,0.06118587674466696,6.303533891212958
2.1675,1.0000000000004046,65.19611094828817,0.06166886017133261,6.307075770944486
2.17,1.0000000000004048,65.04568345120484,0.06195368014614398,6.310565463505834
2.1725,1.0000000000004052,65.16828531260805,0.061721326843931855,6.3140001976256945
2.1750000000000003,1.000000000000406,65.43867640836362,0.061213449831342984,6.317390712712642
2.1775,1.0000000000004061,65.53988834743178,0.06102489655973104,6.320745873797367
2.18,1.0000000000004063,65.3358828716641,0.06140586899284388,6.324075170037449
2.1825,1.0000000000004075,65.077697358409,0.061892911355804846,6.327395500798864
2.185,1.0000000000004077,65.08356057809516,0.06188185399641248,6.330717177470472
2.1875,1.0000000000004086,65.32469990072883,0.061426928423052266,6.3340425204397635
2.19,1.0000000000004081,65.50196262190157,0.06109551212258522,6.337377480819431
2.1925,1.000000000000409,65.43525374863619,0.061219935006704335,6.340722864481482
2.195,1.000000000000409,65.2221642964398,0.06161980458131328,6.344065232235195
2.1975000000000002,1.0000000000004106,65.08457102920389,0.06187995539676869,6.347388261016567
2.2,1.000000000000411,65.16650542663496,0.06172483397205986,6.3506799281218544
2.2025,1.000000000000412,65.39031538529748,0.06130397533803266,6.353926715999698
2.205,1.0000000000004121,65.50499601251813,0.061089891804929464,6.357115814960828
2.2075,1.0000000000004126,65.37444910107148,0.06133366187293444,6.360245004691172
2.21,1.0000000000004126,65.14402837251896,0.061767388840418457,6.3633175199426875
2.2125,1.000000000000413,65.07522116008232,0.06189777849035759,6.366334386268212
2.215,1.0000000000004132,65.24974378893269,0.06156787580340669,6.369305988399946
2.2175000000000002,1.0000000000004141,65.47451752640914,0.061146713515012566,6.372253059927352
2.22,1.0000000000004148,65.49570024200453,0.06110726955802876,6.375190079483922
2.2225,1.0000000000004148,65.27076267440412,0.06152835388906629,6.378127547078808
2.225,1.0000000000004161,65.053556666382,0.0619388672841813,6.3810766442673215
2.2275,1.000000000000416,65.11901035308475,0.061814769791394546,6.3840381362344445
2.23,1.0000000000004154,65.39097067471931,0.06130283209895561,6.3870060260886365
2.2325,1.0000000000004166,65.53605760380037,0.061032160729294765,6.3899766925877355
2.235,1.0000000000004179,65.38694763935263,0.061310337129076645,6.392940625264113
2.2375000000000003,1.0000000000004174,65.13203732850111,0.06179014541183017,6.3958797657134285
2.24,1.0000000000004177,65.06471971556964,0.06191772610054452,6.398778761324234
2.2425,1.0000000000004203,65.24990645797229,0.06156759706656059,6.401629883666794
2.245,1.0000000000004188,65.48162886548438,0.06113352065643388,6.404429053175335
2.2475,1.0000000000004197,65.49128340368351,0.06111554523034604,6.407176073347189
2.25,1.0000000000004208,65.26156045714848,0.06154568645625828,6.409878831468539
2.2525,1.0000000000004199,65.06705807280414,0.06191327015521802,6.412548610431904
2.255,1.000000000000421,65.13649013760407,0.06178174960362865,6.415194968153026
2.2575,1.0000000000004219,65.38289167072931,0.06131802773459149,6.417832460085928
2.2600000000000002,1.000000000000422,65.50513799129308,0.06108976632642936,6.420479033784266
2.2625,1.000000000000422,65.37654417198472,0.06132989380980314,6.423143249791978
2.265,1.0000000000004232,65.16763839440556,0.06172291737750271,6.425825757258003
2.2675,1.0000000000004232,65.0981706771456,0.061854397441649785,6.428526435299056
2.27,1.000000000000423,65.23424390536626,0.0615972265009759,6.431240135236921
2.2725,1.0000000000004252,65.43039338263374,0.061229226422239706,6.433954164974706
2.275,1.0000000000004245,65.47553714843302,0.06114497549141164,6.4366567679527
2.2775,1.0000000000004245,65.30896441683635,0.06145665975015471,6.439340631220832
2.2800000000000002,1.0000000000004257,65.11209025132216,0.061827994384953754,6.441993372698854
2.2825,1.0000000000004257,65.12332037389608,0.06180675788222217,6.4446030939961645
2.285,1.0000000000004265,65.31844317575751,0.0614388904170931,6.447172666308617
2.2875,1.0000000000004272,65.48004202644168,0.06113656822626179,6.449708519107252
2.29,1.0000000000004274,65.435869469157,0.06121900891332264,6.452215622304677
2.2925,1.0000000000004272,65.21556681379691,0.06163248201225704,6.454708892362317
2.295,1.000000000000428,65.07314372265724,0.061901899730110684,6.457202369384485
2.2975,1.0000000000004288,65.17785604225185,0.06170365175013227,6.459702629454576
2.3000000000000003,1.0000000000004299,65.41980918456476,0.061249055773013115,6.462222531534769
2.3025,1.0000000000004299,65.519970313165,0.06106228218217348,6.464774287739584
2.305,1.0000000000004303,65.33669003919096,0.061404706157514956,6.467355949778867
2.3075,1.0000000000004303,65.09623039234167,0.06185814575443397,6.469960541127219
2.31,1.000000000000431,65.08910188624733,0.06187165333646199,6.472580655040125
2.3125,1.0000000000004317,65.31297091972986,0.06144920639567018,6.475202740875562
2.315,1.000000000000432,65.50886514331819,0.06108294827418282,6.47781116697474
2.3175,1.0000000000004328,65.44668241305094,0.0611988778006134,6.480393899528214
2.32,1.0000000000004337,65.19666296158299,0.061668154670418154,6.482940290099674
2.3225000000000002,1.0000000000004339,65.05742906598235,0.061931698595822926,6.485437998729609
2.325,1.0000000000004339,65.20131859220056,0.06165938288945656,6.487881391930209
2.3275,1.000000000000434,65.43774704106376,0.06121559264014952,6.490278132374226
2.33,1.0000000000004343,65.48505750480663,0.06112731712839947,6.492638101042527
2.3325,1.0000000000004359,65.31753429258909,0.061440679739511325,6.494971428123341
2.335,1.0000000000004365,65.12361087768042,0.061806321541307926,6.497295100319739
2.3375,1.0000000000004363,65.12609486705146,0.061801642035300045,6.49962621425028
2.34,1.0000000000004365,65.30866082557968,0.061457410648430286,6.501977937700378
2.3425000000000002,1.0000000000004372,65.45185364685862,0.06118932577035889,6.504362370447621
2.345,1.0000000000004383,65.42801420884801,0.06123386130682798,6.506788857663009
2.3475,1.0000000000004383,65.24661078604356,0.06157410683104522,6.50925759051691
2.35,1.0000000000004388,65.1036561046958,0.061844143441039674,6.511758641879796
2.3525,1.0000000000004392,65.18482856874897,0.0616906397088591,6.514280206704293
2.355,1.000000000000439,65.37505057722373,0.06133292553165005,6.516808475865698
2.3575,1.0000000000004408,65.46314113236924,0.06116822627607882,6.519324018658086
2.36,1.000000000000441,65.36702778242726,0.061347900661192126,6.521809879992916
2.3625000000000003,1.0000000000004414,65.18013430028337,0.061699501764252485,6.524253823235345
2.365,1.000000000000442,65.11000438874869,0.06183215917715521,6.526642355121087
2.3675,1.0000000000004419,65.24338139474416,0.061580169135793894,6.528968596998214
2.37,1.0000000000004434,65.43123717085682,0.06122781106204528,6.531239519801523
2.3725,1.0000000000004428,65.46526572800602,0.06116432516482028,6.533465281426796
2.375,1.0000000000004434,65.30397441345777,0.061466266097609634,6.535656974015427
2.3775,1.0000000000004436,65.10149344417161,0.061848297878598545,6.537832076152891
2.38,1.000000000000445,65.11181681922386,0.061828736833264175,6.540007428328758
2.3825,1.0000000000004452,65.3585703307512,0.06136385332393819,6.542196239646115
2.3850000000000002,1.000000000000445,65.50973542686219,0.06108149965659492,6.544412110150224
2.3875,1.0000000000004456,65.39643109582299,0.06129294624682427,6.54666544956037
2.39,1.0000000000004465,65.1731764572501,0.06171270649602902,6.54895524884431
2.3925,1.0000000000004465,65.06772673290149,0.06191237045092152,6.551271006886429
2.395,1.0000000000004474,65.23089794382493,0.061603743821191714,6.553604080038878
2.3975,1.0000000000004476,65.47082920311355,0.06115397132181654,6.555944918520152
2.4,1.0000000000004485,65.47930046337717,0.061138183401430055,6.558276909550107
2.4025,1.0000000000004492,65.27386308452246,0.061522875715472464,6.560586149858418
2.4050000000000002,1.0000000000004494,65.08888081465822,0.061872210975598,6.562863203161664
2.4075,1.0000000000004494,65.13703797589463,0.061781007215202875,6.565098401915553
2.41,1.0000000000004503,65.37037302931797,0.0613417541992499,6.567289714752883
2.4125,1.00000000000045,65.49427433142502,0.061110306701604694,6.5694441098912915
2.415,1.0000000000004514,65.3720057047339,0.061338708132561384,6.571569269559261
2.4175,1.0000000000004514,65.17318135699222,0.06171272875710242,6.573674538640167
2.42,1.000000000000452,65.11802909822347,0.061817080337218604,6.575772435467931
2.4225,1.0000000000004523,65.24135505768095,0.06158416363798548,6.57787472798204
2.4250000000000003,1.0000000000004523,65.41514633632096,0.061258043036658376,6.579992800986345
2.4275,1.0000000000004532,65.45588885104824,0.06118195572081729,6.582136061427481
2.43,1.0000000000004539,65.30468637291712,0.06146503335474631,6.584309366944423
2.4325,1.0000000000004547,65.13740955480856,0.06178039786638573,6.586514264178298
2.435,1.0000000000004559,65.13716996047046,0.061780872569693175,6.588746141056937
2.4375,1.0000000000004554,65.31257756975978,0.06145022531226069,6.590998312087943
2.44,1.000000000000456,65.47176227865002,0.061152328209761686,6.593268446217845
2.4425,1.0000000000004572,65.40858611330441,0.06127028389613722,6.595549421978464
2.445,1.0000000000004567,65.21206559864265,0.06163936660755236,6.597830158965726
2.4475000000000002,1.0000000000004574,65.11165479453935,0.06182918444701951,6.6001055427132
2.45,1.0000000000004583,65.20669401755829,0.06164950184096574,6.6023701472638106
2.4525,1.000000000000458,65.40025217772272,0.061285890523444304,6.604617677748784
2.455,1.0000000000004587,65.46277521061141,0.0611691211881437,6.606848143986753
2.4575,1.0000000000004596,65.32934759415356,0.0614187674778246,6.609063284296196
2.46,1.0000000000004599,65.15710909875781,0.06174317656372162,6.611262402713782
2.4625,1.0000000000004603,65.12257501140992,0.06180850131521843,6.613445225195971
2.465,1.0000000000004605,65.28208193238562,0.06150756258888989,6.615614971891544
2.4675000000000002,1.000000000000461,65.46092904431538,0.06117259095413748,6.617778133510301
2.47,1.0000000000004614,65.4364261534874,0.06121833868190437,6.61994081134883
2.4725,1.0000000000004623,65.24058392726306,0.06158568902282945,6.622107402242366
2.475,1.0000000000004623,65.09886847708431,0.06185348218101643,6.624282774975456
2.4775,1.0000000000004632,65.17686991370695,0.06170587015933123,6.626471535455412
2.48,1.0000000000004634,65.39493624512644,0.06129590835913966,6.6286778987404595
2.4825,1.0000000000004643,65.48365224816553,0.06113023688372439,6.630908579945471
2.485,1.0000000000004647,65.33895534015062,0.0614007848004223,6.633166517934672
2.4875000000000003,1.0000000000004645,65.14955526111315,0.0617574995512183,6.63544825110373
2.49,1.0000000000004645,65.12081606005651,0.06181188158607405,6.63775215893811
2.4925,1.0000000000004658,65.27995424291164,0.06151159589707576,6.640075043234034
2.495,1.0000000000004665,65.45695853303555,0.06118003007499591,6.642410042986129
2.4975,1.000000000000467,65.43569114234054,0.06121974047494966,6.644752296449086
2.5,1.0000000000004674,65.2383823658158,0.0615898613327709,6.647095299313875
2.5025,1.000000000000467,65.11381976096231,0.06182517656496215,6.649430698641176
2.505,1.0000000000004674,65.19483335381737,0.061672000342589774,6.651752638353071
2.5075,1.0000000000004685,65.36683581825513,0.061348556159655884,6.654058349857464
2.5100000000000002,1.0000000000004687,65.45576398402926,0.061182289170685876,6.656349309456557
2.5125,1.0000000000004696,65.36087445646226,0.061359747445978725,6.658628728937837
2.515,1.0000000000004687,65.17515200514886,0.06170917101600322,6.660899674770515
2.5175,1.0000000000004698,65.1308916132071,0.06179287891057144,6.663167831520777
2.52,1.0000000000004712,65.26142366836714,0.061546531881474256,6.665440238683133
2.5225,1.0000000000004707,65.41546385380092,0.061257589889191576,6.667723958378161
2.525,1.000000000000472,65.44383792100606,0.06120458772812869,6.670027351200981
2.5275,1.0000000000004712,65.28626646214549,0.06149979126969232,6.672355426270541
2.5300000000000002,1.0000000000004725,65.12409902797776,0.06180574345780718,6.674707940799733
2.5325,1.0000000000004736,65.16205972999686,0.061733945443151486,6.67708427826967
2.535,1.0000000000004743,65.34456179447265,0.06139033819834414,6.679483451360607
2.5375,1.000000000000474,65.46326897056369,0.0611683102979023,6.681902150527141
2.54,1.0000000000004747,65.376362503145,0.0613307453752552,6.684335398919092
2.5425,1.0000000000004763,65.19437301777518,0.06167291275676954,6.6867780433166235
2.545,1.0000000000004752,65.128497632413,0.061797462696351994,6.689224525300668
2.5475,1.0000000000004763,65.23368776439835,0.061598773827763874,6.6916688387956285
2.5500000000000003,1.0000000000004763,65.41101079033791,0.06126594302692643,6.694108172465249
2.5525,1.000000000000477,65.44960426042343,0.06119385708417522,6.696542667852712
2.555,1.0000000000004785,65.29426257425956,0.061484791660605095,6.698972130181346
2.5575,1.0000000000004783,65.15138137784795,0.06175417172096111,6.701395207783279
2.56,1.000000000000478,65.15414548939806,0.06174894669477771,6.703810927240258
2.5625,1.0000000000004787,65.3030872868179,0.061468213697444984,6.706220892452961
2.565,1.0000000000004803,65.45927992719673,0.06117581362088352,6.708627998228843
2.5675,1.0000000000004792,65.40800510697176,0.06127158357852666,6.7110346916183286
2.57,1.0000000000004807,65.21820081041821,0.06162798396010147,6.713441748576997
2.5725000000000002,1.0000000000004814,65.11532819764997,0.061822419180951035,6.715849494706732
2.575,1.0000000000004814,65.20212437272086,0.0616583206741122,6.7182598777707545
2.5775,1.0000000000004825,65.40525095473055,0.061276740876136444,6.7206755094279895
2.58,1.0000000000004823,65.46983753901644,0.06115612054869162,6.723100998323825
2.5825,1.0000000000004823,65.31626030836168,0.061443499960246784,6.7255399940986615
2.585,1.000000000000483,65.14425440027175,0.06176768368677409,6.727993260583014
2.5875,1.0000000000004845,65.12978140858272,0.06179505255450824,6.730463549720714
2.59,1.000000000000484,65.30302913594188,0.06146833675995424,6.7329530770012
2.5925000000000002,1.0000000000004852,65.47173942909068,0.0611525862207413,6.735462460588358
2.595,1.000000000000486,65.41220238814564,0.06126376183822936,6.737993725322343
2.5975,1.0000000000004867,65.21208296835378,0.061639565491761215,6.740545821917059
2.6,1.000000000000486,65.11499401052774,0.06182307778764292,6.743113918278542
2.6025,1.0000000000004867,65.20999229995692,0.06164350868164944,6.745694805582002
2.605,1.0000000000004872,65.39892969159189,0.061288614092159834,6.748286335816535
2.6075,1.0000000000004874,65.46157329602136,0.061171591916896334,6.750885913804822
2.61,1.0000000000004874,65.31442009705778,0.061446985560858244,6.753492020196313
2.6125000000000003,1.000000000000489,65.15538460148377,0.061746669834420655,6.7561026196957545
2.615,1.0000000000004894,65.14757831379877,0.06176144160838422,6.758715262786233
2.6175,1.0000000000004905,65.29339996125547,0.06148649005085278,6.761329693944913
2.62,1.0000000000004903,65.44559669802334,0.06120140211402346,6.763948186891066
2.6225,1.0000000000004903,65.40554485998027,0.06127623091541893,6.766573341396162
2.625,1.0000000000004912,65.24268482282531,0.06158191484938176,6.769205057965533
2.6275,1.0000000000004912,65.13537121731883,0.06178451623760511,6.7718419687075055
2.63,1.0000000000004916,65.1886140559646,0.06168384423029043,6.774483495801965
2.6325,1.000000000000493,65.38024929935689,0.06132359301893992,6.7771297533831465
2.6350000000000002,1.0000000000004938,65.45569249072729,0.06118258399270431,6.779779960142529
2.6375,1.0000000000004938,65.32897744839757,0.06141967882737485,6.782432431896612
2.64,1.000000000000494,65.17770640282866,0.06170450398564462,6.785086770966354
2.6425,1.000000000000495,65.14563581712542,0.061765139697163476,6.787741081111951
2.645,1.0000000000004952,65.2759333017621,0.061519378112809484,6.790394495899229
2.6475,1.0000000000004958,65.42728049932938,0.061235655464400775,6.7930505368397585
2.65,1.0000000000004965,65.41564119398382,0.06125739000879527,6.795712382089719
2.6525,1.0000000000004972,65.25714994348425,0.0615547044811847,6.798382205439465
2.6550000000000002,1.000000000000498,65.14293941907889,0.061770252451102736,6.801061641146178
2.6575,1.000000000000498,65.19913579949703,0.061664059690744975,6.803752583578022
2.66,1.0000000000004985,65.34656811286878,0.061386706510001596,6.806456118517145
2.6625,1.000000000000499,65.43537143389923,0.06122053568149731,6.809172253942402
2.665,1.0000000000004992,65.35964416774794,0.06136223065239473,6.811901921220521
2.6675,1.0000000000005,65.19641343336122,0.061669203111349186,6.8146416123866524
2.67,1.0000000000005003,65.14947073127033,0.061757880115584196,6.817386513852418
2.6725,1.0000000000005007,65.25819389586088,0.06155275791701186,6.8201346012776
2.6750000000000003,1.0000000000005007,65.39598769059153,0.0612941890056506,6.822883237478466
2.6775,1.000000000000502,65.41957578850563,0.06125006658455906,6.825632757175903
2.68,1.0000000000005032,65.29558226654385,0.06148241995421467,6.828384127863769
2.6825,1.0000000000005025,65.16287683571355,0.06173255851925429,6.831136490989672
2.685,1.0000000000005036,65.17175950339411,0.06171579062513764,6.833892242919321
2.6875,1.000000000000504,65.312078492229,0.06145144161761755,6.836655083484523
2.69,1.0000000000005045,65.43763300994772,0.06121631308472428,6.839427792956798
2.6925,1.000000000000505,65.39305592262137,0.061299667430853404,6.842214611962595
2.695,1.0000000000005052,65.21645947391258,0.061631401287431845,6.845017335583933
2.6975000000000002,1.000000000000506,65.1330976014291,0.061788910665729786,6.8478335030607145
2.7,1.0000000000005065,65.22784595002567,0.061609931195875316,6.850662670570888
2.7025,1.0000000000005074,65.39262909528867,0.06130046749100426,6.853504028539597
2.705,1.0000000000005078,65.4443231532111,0.06120387554040635,6.856355611590032
2.7075,1.000000000000508,65.30485421283822,0.06146503600713412,6.859217069775452
2.71,1.0000000000005087,65.1615780993522,0.061735010207337175,6.862085664454736
2.7125,1.0000000000005078,65.16012258192913,0.06173780594601891,6.864960143647803
2.715,1.0000000000005096,65.29789120043904,0.061478134860585815,6.867841507036339
2.7175000000000002,1.0000000000005098,65.44668395557996,0.06119944709417511,6.870731426090187
2.72,1.000000000000511,65.39798464398146,0.06129045565225165,6.873633681009537
2.7225,1.0000000000005111,65.22598365557987,0.06161347553871678,6.8765486211304045
2.725,1.0000000000005118,65.13333051341249,0.061788491861535566,6.87947538701782
2.7275,1.0000000000005114,65.21415764704611,0.06163576679810814,6.882412828155779
2.73,1.000000000000513,65.39288079122227,0.06130001555873717,6.885358416703403
2.7325,1.0000000000005138,65.43444962880602,0.06122229642057154,6.8883112850115165
2.735,1.0000000000005138,65.31944670555512,0.061437674042378314,6.891266701490996
2.7375000000000003,1.0000000000005147,65.1780232947079,0.06170397650367745,6.8942191383900795
2.74,1.0000000000005145,65.14854875250239,0.06175965504412389,6.897166473859383
2.7425,1.000000000000515,65.2925107694178,0.061488265044852254,6.900105067511852
2.745,1.000000000000516,65.42516401346273,0.06123966790248145,6.9030358712364634
2.7475,1.0000000000005165,65.40973566293876,0.061268506292663796,6.905965065900082
2.75,1.0000000000005163,65.25392613698025,0.061560845099700105,6.9088944558441145
2.7525,1.0000000000005178,65.13094113279017,0.0617929818716727,6.911827033354319
2.755,1.000000000000518,65.20471736487976,0.06165361521004822,6.914769984579057
2.7575,1.0000000000005187,65.35279510780015,0.0613751196396568,6.917726936269721
2.7600000000000002,1.000000000000519,65.45454862812909,0.06118478467392516,6.920701041638676
2.7625,1.0000000000005196,65.36840381803866,0.06134586413733141,6.923694128631113
2.765,1.00000000000052,65.14636578468925,0.06176380029639634,6.9267043030582345
2.7675,1.0000000000005198,65.13258147154244,0.061789923882272724,6.929728386007571
2.77,1.0000000000005207,65.29746123725168,0.06147896006048408,6.932759811316094
2.7725,1.0000000000005214,65.43110529764687,0.061228552532482945,6.935797331498005
2.775,1.0000000000005216,65.41944712416954,0.061250375108964375,6.938841946812876
2.7775,1.0000000000005222,65.24243047730324,0.061582489338662554,6.941889417103363
2.7800000000000002,1.0000000000005231,65.13317816072082,0.06178879211172596,6.944941929662579
2.7825,1.0000000000005234,65.19867264406697,0.06166502719352323,6.948003104186203
2.785,1.0000000000005242,65.36809653163047,0.061346450016285956,6.951076542792853
2.7875,1.0000000000005238,65.46097745045945,0.06117283678801449,6.954170715404661
2.79,1.000000000000525,65.32116480334348,0.06143446370405664,6.9572883034340505
2.7925,1.0000000000005254,65.17172140889903,0.06171591993911829,6.960430247881112
2.795,1.0000000000005256,65.16570682496607,0.061727288281645844,6.963596400056745
2.7975,1.0000000000005265,65.27771475429846,0.0615160812828138,6.966780891838094
2.8000000000000003,1.0000000000005262,65.42914078500954,0.06123226033468898,6.9699789639697745
2.8025,1.0000000000005274,65.38948718455437,0.061306418266203595,6.973183318325887
2.805,1.0000000000005282,65.2443450905079,0.061578894917602545,6.976384417516581
2.8075,1.000000000000529,65.18220581103012,0.06169612429076916,6.979576281357142
2.81,1.0000000000005287,65.20720831767204,0.06164892897979449,6.982754003656625
2.8125,1.0000000000005298,65.33966156097019,0.06139980154269265,6.9859154817492515
2.815,1.0000000000005298,65.40967468367991,0.06126866906761887,6.989064917891133
2.8175,1.0000000000005307,65.33807477520135,0.061402758994352914,6.9922100944983265
2.82,1.000000000000531,65.23919505220196,0.06158867314092178,6.995357372978037
2.8225000000000002,1.0000000000005316,65.16913448717247,0.06172080602081119,6.998513969827461
2.825,1.000000000000532,65.23780690366232,0.06159125602822237,7.001687569464056
2.8275,1.0000000000005318,65.37476425367063,0.06133402501782813,7.004880813547016
2.83,1.0000000000005331,65.41403756628341,0.06126049823253013,7.008096390026369
2.8325,1.0000000000005338,65.324460317433,0.06142833295834333,7.011333387873394
2.835,1.000000000000534,65.15916112918784,0.06173967289804409,7.014582404725501
2.8375,1.0000000000005338,65.16029814584351,0.06173748764132897,7.017835969848368
2.84,1.0000000000005345,65.33643729639002,0.06140587833707944,7.02108735863194
2.8425000000000002,1.0000000000005356,65.41787163976743,0.06125335646779823,7.024330942916691
2.845,1.0000000000005362,65.36818227265253,0.061346307879201416,7.027566845556804
2.8475,1.0000000000005376,65.24052709253792,0.0615861626537128,7.030795213669452
2.85,1.0000000000005371,65.14749723720297,0.06176176288915112,7.034019913369346
2.8525,1.0000000000005382,65.2316343256838,0.06160288965873061,7.037250224386825
2.855,1.0000000000005382,65.3800828007602,0.061324041083622736,7.040496725611628
2.8575,1.0000000000005393,65.42130457905137,0.061246946578104734,7.043768659338424
2.86,1.000000000000539,65.3134927007517,0.06144892336173721,7.04707089400464
2.8625000000000003,1.0000000000005402,65.17158742360924,0.06171620481693984,7.050407741352544
2.865,1.0000000000005402,65.18021710224981,0.06169990761146692,7.05377529442367
2.8675,1.0000000000005407,65.30576181188525,0.06146343271480159,7.057161662426983
2.87,1.0000000000005411,65.39818388420893,0.06129017119365208,7.060560200944355
2.8725,1.0000000000005425,65.38842501190177,0.06130848162443668,7.063959227174201
2.875,1.0000000000005422,65.26384210050482,0.06154226088605024,7.0673430315515
2.8775,1.0000000000005422,65.15186696187746,0.061753466405259236,7.070703573320785
2.88,1.0000000000005431,65.20570658827697,0.06165183212198305,7.074035433321519
2.8825,1.0000000000005431,65.3612314231295,0.06135939748682947,7.077339578048795
2.8850000000000002,1.0000000000005433,65.43181608666202,0.06122731746851876,7.080623563120719
2.8875,1.0000000000005445,65.33728185251451,0.06140430779371087,7.08389669763481
2.89,1.0000000000005447,65.18599601786268,0.06168901714093033,7.0871724633484865
2.8925,1.0000000000005462,65.1571782649984,0.06174345872856977,7.090462014380489
2.895,1.000000000000547,65.27820616042638,0.061515266450608064,7.093771613199429
2.8975,1.0000000000005465,65.40874508092178,0.06127043700983477,7.097107030812513
2.9,1.0000000000005473,65.41606720577133,0.06125676261451824,7.100469547921612
2.9025,1.0000000000005473,65.26985638142008,0.06153098625475051,7.103851055783478
2.9050000000000002,1.0000000000005482,65.1289850740046,0.06179678462923206,7.107238524064919
2.9075,1.0000000000005482,65.19422668695907,0.061673474334154585,7.110620023301624
2.91,1.0000000000005496,65.37064289460184,0.06134177446033295,7.113983253532779
2.9125,1.00000000000055,65.44307863038662,0.06120629697367019,7.117320529979841
2.915,1.0000000000005507,65.34289910445892,0.06139376172986858,7.120631214621316
2.9175,1.0000000000005511,65.16789091690974,0.061723219578465896,7.123914747210854
2.92,1.000000000000552,65.15057292182279,0.06175595396803598,7.127179023790801
2.9225,1.0000000000005518,65.29838245343777,0.061477326914999235,7.130440059641897
2.9250000000000003,1.0000000000005527,65.41324885858837,0.06126202157976662,7.133711222032226
2.9275,1.0000000000005524,65.40366003592857,0.06127997464331327,7.137008613065121
2.93,1.000000000000553,65.24914090273774,0.06156994233566826,7.140343865171397
2.9325,1.000000000000554,65.13985420742897,0.06177620244258934,7.143719369777201
2.935,1.0000000000005542,65.23543323275436,0.06159580795500746,7.147135371313937
2.9375,1.0000000000005547,65.36034585522701,0.06136107361875843,7.150583407811001
2.94,1.0000000000005556,65.39718184300696,0.06129208510108537,7.154051171367017
2.9425,1.0000000000005569,65.3360897618652,0.06140658377594606,7.157525093875065
2.945,1.000000000000556,65.21057048359332,0.06164270086119065,7.160986980761213
2.9475000000000002,1.0000000000005569,65.17619524671527,0.06170758318285431,7.164426203453748
2.95,1.0000000000005576,65.27326659876293,0.061524585587981157,7.167836692007883
2.9525,1.000000000000558,65.38776459358063,0.061309751840780434,7.171215665651543
2.955,1.0000000000005582,65.38485004185132,0.06131523322319792,7.174571086773452
2.9575,1.0000000000005589,65.27162936682159,0.06152767461233974,7.1779139242281635
2.96,1.00000000000056,65.1992513861232,0.06166403980835125,7.181257074104452
2.9625,1.0000000000005607,65.21757235870625,0.06162948440929404,7.184612183713226
2.965,1.0000000000005607,65.30289267129683,0.06146891120423529,7.187986632803574
2.9675000000000002,1.0000000000005607,65.38652147530533,0.06131208356505504,7.191388197365106
2.97,1.0000000000005607,65.36497556686469,0.06135242051672575,7.194815146843904
2.9725,1.0000000000005616,65.26187989302751,0.06154602044574256,7.1982571830403
2.975,1.0000000000005622,65.1738663586899,0.06171198016885176,7.201703585573294
2.9775,1.0000000000005622,65.20863763386392,0.06164633296008926,7.20513817140576
2.98,1.0000000000005627,65.36390454959704,0.06135444863539711,7.208546704982695
2.9825,1.0000000000005642,65.4324084012309,0.061226287122179916,7.211922991116074
2.985,1.0000000000005647,65.3186912728395,0.061439232716270116,7.215262903415776
2.9875000000000003,1.0000000000005649,65.17459773555804,0.06171062357824792,7.218567586039344
2.99,1.0000000000005653,65.1683344437544,0.061722439726798424,7.221846970167949
2.9925,1.0000000000005655,65.3067596691444,0.06146162974876347,7.225116069609692
2.995,1.0000000000005669,65.41722873016515,0.06125463624050874,7.228391924676835
2.9975,1.0000000000005675,65.37650159439286,0.06133081395107646,7.23169192552224
3.0,1.000000000000567,65.24958629428227,0.061569145954575695,7.235028977909241
3.0025,1.000000000000568,65.16030393724859,0.06173760943230025,7.238406898258027
3.005,1.0000000000005678,65.21043138079949,0.06164292243459573,7.2418249844824585
3.0075000000000003,1.0000000000005684,65.36920877671632,0.06134446713545143,7.245277951480964
3.0100000000000002,1.0000000000005698,65.43523013634706,0.06122101154274746,7.248750771202325
3.0125,1.0000000000005698,65.31629158567232,0.0614437577298491,7.252227820070409
3.015,1.0000000000005698,65.17431537823967,0.061711147287318,7.25569548850612
3.0175,1.0000000000005698,65.17723274020283,0.06170565427602394,7.259137742231224
3.02,1.0000000000005704,65.29891328778432,0.061476425350640886,7.262547724715382
3.0225,1.0000000000005715,65.40321415101282,0.06128088877644531,7.265927796719791
3.025,1.0000000000005718,65.38786331012507,0.06130962718684308,7.269283057442808
3.0275,1.0000000000005724,65.25978734252203,0.06155002716711022,7.272627295022816
3.0300000000000002,1.0000000000005729,65.15707328181156,0.06174376325894993,7.275974545354302
3.0325,1.0000000000005722,65.20960758003358,0.06164455316924546,7.279336729161689
3.035,1.000000000000573,65.3597147189187,0.06136234668684751,7.282730076788915
3.0375,1.0000000000005742,65.42738925731923,0.06123570910625815,7.286161372367939
3.04,1.0000000000005747,65.33092688312148,0.06141630951161122,7.289629488041197
3.0425,1.0000000000005755,65.18749038502263,0.061686293677650036,7.293132935197246
3.045,1.000000000000575,65.16800972183138,0.06172310291355285,7.296659521042715
3.0475,1.0000000000005769,65.28568260012514,0.06150129256292639,7.3001940037429245
3.0500000000000003,1.0000000000005766,65.40368674297663,0.061279998784653976,7.3037264668146396
3.0525,1.0000000000005769,65.39416766175428,0.061297816052479456,7.307247489962707
3.055,1.0000000000005784,65.26319636174271,0.06154358404500019,7.3107513069825
3.0575,1.0000000000005789,65.16247835108472,0.06173352937227228,7.3142357218465595
3.06,1.0000000000005789,65.21043177199282,0.061643010271086866,7.3177044792482295
3.0625,1.0000000000005786,65.34244394343513,0.06139471876920584,7.321168091427389
3.065,1.000000000000579,65.4187867307998,0.0612517672919182,7.3246359287808955
3.0675,1.0000000000005793,65.35567205051672,0.06136991425048401,7.328118591964688
3.0700000000000003,1.0000000000005806,65.19840701267688,0.061665692842640424,7.33162299851757
3.0725000000000002,1.0000000000005804,65.14507347127,0.061766439714042075,7.335146933473131
3.075,1.0000000000005824,65.28022486907358,0.06151153244418177,7.338688727662765
3.0775,1.0000000000005818,65.41558913712248,0.06125773087199224,7.3422424722729875
3.08,1.0000000000005833,65.39417288036448,0.0612977699400229,7.345795994557387
3.0825,1.0000000000005829,65.26261277073277,0.06154464987106262,7.349339201584035
3.085,1.0000000000005838,65.15946569278506,0.061739189108801884,7.3528611469489595
3.0875,1.0000000000005833,65.20651982171961,0.061650344260066096,7.356356087533984
3.09,1.0000000000005844,65.3580007174028,0.06136554690235388,7.359826355255438
3.0925000000000002,1.0000000000005862,65.42192786794361,0.0612459084521884,7.363275871073863
3.095,1.0000000000005858,65.32229848956723,0.06143251179644795,7.366716355902027
3.0975,1.0000000000005864,65.19535287708354,0.06167147286872391,7.370162374386829
3.1,1.0000000000005866,65.19066096620178,0.061680362416785435,7.373624068391929
3.1025,1.000000000000588,65.28929549142289,0.061494556954875365,7.3771139266366195
3.105,1.0000000000005884,65.37593277563087,0.0613320004089711,7.380640433223863
3.1075,1.0000000000005882,65.37152016878265,0.061340265243064,7.384202952369503
3.11,1.0000000000005886,65.27935107548839,0.06151326624974654,7.387797268629923
3.1125000000000003,1.0000000000005889,65.1969832347739,0.06166845208066538,7.391413888939872
3.115,1.000000000000589,65.2180328952611,0.0616287072937546,7.395038994638755
3.1175,1.0000000000005895,65.32112531198612,0.0614347360255795,7.398658632098637
3.12,1.0000000000005898,65.39013252892309,0.06130542997512822,7.402261441663063
3.1225,1.0000000000005906,65.33703664237055,0.061404908914877224,7.40584134169427
3.125,1.0000000000005913,65.23318447923864,0.061600116829413604,7.40939464191125
3.1275,1.0000000000005917,65.20944963460481,0.06164490476416889,7.412921450533955
3.13,1.0000000000005924,65.2640504570941,0.0615420512801278,7.416428964655338
3.1325000000000003,1.0000000000005933,65.3312970633391,0.06141564401331535,7.419924993858179
3.1350000000000002,1.0000000000005929,65.3709240917823,0.06134136134417731,7.423416015570275
3.1375,1.0000000000005935,65.32810428656738,0.06142166531909097,7.4269095054715
3.14,1.0000000000005937,65.22349853836788,0.061618387016315404,7.430408306175332
3.1425,1.0000000000005949,65.19225214984559,0.06167732894595773,7.433908233061401
3.145,1.0000000000005949,65.27997055867469,0.06151209168134371,7.437403394030992
3.1475,1.0000000000005957,65.37568141754569,0.061332447138946755,7.4408888484604745
3.15,1.000000000000596,65.37882210183365,0.06132656998056066,7.444358707023413
3.1525,1.000000000000596,65.28278921224204,0.06150679243607562,7.447806627072304
3.1550000000000002,1.0000000000005973,65.17806539939635,0.0617041453311107,7.451231031940472
3.1575,1.0000000000005975,65.20298744586424,0.06165707774424324,7.4546355714848875
3.16,1.000000000000598,65.34654977107726,0.061387072685241184,7.45802646122301
3.1625,1.0000000000005986,65.41601085217339,0.061257014350066044,7.461414738146028
3.165,1.0000000000005989,65.3264189919267,0.0614247906074716,7.464812505277877
3.1675,1.0000000000005993,65.20914598937108,0.0616454651571337,7.468225779135642
3.17,1.0000000000006006,65.1873314965318,0.06168665769093403,7.471657069112606
3.1725,1.0000000000006006,65.26551753364201,0.061539243355738356,7.475105425603472
3.1750000000000003,1.0000000000006013,65.38034789768957,0.06132369925162364,7.478561891784623
3.1775,1.0000000000006026,65.4075823178413,0.061272772213893975,7.482012239162999
3.18,1.0000000000006026,65.2798936222906,0.06151222233510411,7.485439697726599
3.1825,1.0000000000006017,65.15174470741415,0.06175386647305898,7.488825755970371
3.185,1.000000000000603,65.20677844275552,0.06164995549914375,7.492155075535843
3.1875,1.0000000000006033,65.3589112790646,0.061363915197333384,7.4954193513809315
3.19,1.000000000000604,65.40909973576595,0.06126993942663545,7.498619303045544
3.1925,1.0000000000006053,65.32944484070516,0.06141917396582602,7.5017645304647145
3.1950000000000003,1.000000000000606,65.21597449102687,0.06163264925387453,7.504869339997099
3.1975000000000002,1.000000000000606,65.17583199040347,0.061708389084809696,7.507953133938243
3.2,1.0000000000006055,65.26503139819974,0.061540204954864196,7.511040575133649
3.2025,1.0000000000006064,65.39231248802835,0.061301378638662474,7.514151595998306
3.205,1.000000000000607,65.39647476690854,0.06129358778112825,7.517298396029288
3.2075,1.000000000000607,65.27063293485607,0.06152967762292206,7.520489973477731
3.21,1.0000000000006073,65.17525172560124,0.06170949424372555,7.523723829369627
3.2125,1.000000000000608,65.21337110743498,0.061637530466762756,7.526983935977252
3.215,1.000000000000609,65.33001041419806,0.06141809877708199,7.530254074368571
3.2175000000000002,1.0000000000006086,65.4052699903283,0.06127711565209319,7.533517035783952
3.22,1.0000000000006095,65.35175854786398,0.061377314909483144,7.536750924264377
3.2225,1.0000000000006106,65.21703740926091,0.06163059699004543,7.539939940063741
3.225,1.0000000000006102,65.16835653705223,0.0617224966833885,7.543076375046758
3.2275,1.0000000000006115,65.26892143849925,0.061532892326111165,7.5461568166039745
3.23,1.000000000000612,65.38550584898195,0.06131409753563943,7.549186594905771
3.2325,1.0000000000006117,65.38446450564138,0.06131603717409551,7.552178429245413
3.235,1.000000000000613,65.28504296265295,0.061502576824456166,7.5551441736764735
3.2375000000000003,1.0000000000006133,65.19398555564347,0.06167412354488939,7.558092278774896
3.24,1.000000000000613,65.20094396181946,0.06166097404386089,7.561029558409259
3.2425,1.000000000000614,65.31095653752944,0.0614538724925318,7.563957572982024
3.245,1.0000000000006148,65.41002003217574,0.06126824360099196,7.56686942543429
3.2475,1.0000000000006157,65.3644279778202,0.061353574809072685,7.5697553540974996
3.25,1.0000000000006157,65.21670309500273,0.06163122811030226,7.572602302064424
3.2525,1.0000000000006164,65.16698098099488,0.061725099734790324,7.575392759782515
3.255,1.0000000000006157,65.27163726913531,0.06152777593389491,7.578116150869866
3.2575000000000003,1.0000000000006162,65.37688652126178,0.06133022286654426,7.580770106213984
3.2600000000000002,1.0000000000006164,65.37665244163442,0.061330662660589355,7.583355643630144
3.2625,1.0000000000006175,65.29368521464677,0.06148634117730328,7.58588242071867
3.265,1.0000000000006186,65.20438697088066,0.061654484433242826,7.588366319278198
3.2675,1.0000000000006182,65.2033855902039,0.06165635757777565,7.590824952314517
3.27,1.0000000000006186,65.30678386997562,0.06146172460770672,7.593278657177136
3.2725,1.0000000000006193,65.39054491292352,0.06130468837375017,7.595743833487408
3.275,1.0000000000006197,65.35329753496586,0.061374429251323845,7.598229116788645
3.2775,1.0000000000006204,65.25273053683888,0.061563370575320596,7.600738325288829
3.2800000000000002,1.0000000000006204,65.19155941951544,0.06167872125732341,7.603267035670874
3.2825,1.0000000000006206,65.23287275745625,0.06160079583192595,7.605800092674667
3.285,1.0000000000006217,65.34809103850182,0.0613842177437562,7.608320981517107
3.2875,1.0000000000006235,65.39955602950678,0.061287826234351764,7.610816508090309
3.29,1.0000000000006226,65.32232234556217,0.0614325543428551,7.613269415762152
3.2925,1.0000000000006233,65.20007420711589,0.06166264598371439,7.615665170567704
3.295,1.0000000000006237,65.18093073368452,0.06169879029254018,7.618001917991837
3.2975,1.000000000000625,65.30300848785758,0.06146883081395885,7.620280859834931
3.3000000000000003,1.0000000000006242,65.39837026486171,0.061290043352238976,7.622507097714726
3.3025,1.0000000000006248,65.35859797975621,0.06136452421983035,7.624696761719817
3.305,1.0000000000006257,65.2546850068649,0.061559729107933794,7.626864786001268
3.3075,1.0000000000006257,65.18910651580771,0.06168335471368729,7.629021779813739
3.31,1.0000000000006264,65.23271418158147,0.061601093046646446,7.631181765503357
3.3125,1.0000000000006275,65.34498938419199,0.06139003936876226,7.63335555950481
3.315,1.000000000000627,65.39600121966659,0.061294480571653105,7.635546283247183
3.3175,1.0000000000006282,65.32099107583278,0.061435051363561796,7.637754928023402
3.3200000000000003,1.0000000000006282,65.20615329805455,0.061651161980207786,7.639980442445193
3.3225000000000002,1.0000000000006284,65.19736842108755,0.061667757506428486,7.642217230685898
3.325,1.0000000000006295,65.29576710276328,0.0614824401950487,7.644458802571997
3.3275,1.0000000000006302,65.3723191866662,0.061338812262947996,7.646701124124219
3.33,1.0000000000006304,65.3578758807224,0.06136590009276541,7.648939462892462
3.3325,1.0000000000006304,65.27904277953955,0.06151391127658535,7.6511687786878175
3.335,1.0000000000006313,65.203404533024,0.06165636239909762,7.653385972694861
3.3375,1.0000000000006315,65.22182939746949,0.06162160907059467,7.655585643133028
3.34,1.0000000000006324,65.32476040460654,0.06142801843776751,7.657762272932375
3.3425000000000002,1.0000000000006333,65.38083814901857,0.06132287080021913,7.659913338241032
3.345,1.0000000000006335,65.33983058820023,0.06139970641988299,7.662034396539405
3.3475,1.000000000000633,65.2444372623154,0.06157900649564616,7.6641204331341966
3.35,1.0000000000006337,65.18794406461711,0.0616855303413493,7.666168675016819
3.3525,1.0000000000006348,65.25325843367472,0.06156238759702771,7.668178164286031
3.355,1.0000000000006346,65.35999617533723,0.061361888483426476,7.67015183061292
3.3575,1.0000000000006344,65.39394201908421,0.061298324498992425,7.67209666298516
3.36,1.000000000000635,65.30927464023368,0.06145706507425645,7.674021375661704
3.3625000000000003,1.0000000000006362,65.17808574734204,0.061704153733306746,7.675934141741321
3.365,1.0000000000006364,65.19288205560584,0.061676233361425546,7.677844025442708
3.3675,1.0000000000006377,65.32953684875456,0.061419049456919485,7.679760806503003
3.37,1.0000000000006375,65.40108932093375,0.0612849591854544,7.681690196102528
3.3725,1.0000000000006373,65.35270628116855,0.061375571479780955,7.683633900536647
3.375,1.0000000000006384,65.22961592309746,0.061606954886213115,7.685589466049786
3.3775,1.0000000000006395,65.17310724277942,0.06171355699848717,7.687549461669411
3.38,1.0000000000006393,65.25924131215054,0.06155111693166012,7.6895051205159515
3.3825000000000003,1.0000000000006397,65.37326809744367,0.061337047194822546,7.691447091990376
3.3850000000000002,1.0000000000006408,65.39490437452766,0.0612965478059523,7.69336658940574
3.3875,1.0000000000006408,65.29080281144363,0.061491758745107976,7.695257870546904
3.39,1.000000000000642,65.17940352728442,0.06170164325253114,7.697116891417431
3.3925,1.0000000000006424,65.21554787662542,0.061633464010288054,7.69894368440716
3.395,1.0000000000006435,65.32713653706088,0.06142353571564082,7.70074434575874
3.3975,1.000000000000644,65.37686749810192,0.06133028504273481,7.702525223287111
3.4,1.000000000000644,65.34963972402538,0.06138131968332552,7.704293375003557
3.4025,1.0000000000006442,65.25316037253583,0.06156260017992862,7.706057993475426
3.4050000000000002,1.0000000000006457,65.18130725078171,0.0616980716891474,7.7078223204220935
3.4075,1.0000000000006453,65.24821866497192,0.06157188386942301,7.709585866303996
3.41,1.0000000000006455,65.3589835160058,0.06136382224137862,7.711349087176511
3.4125,1.000000000000646,65.38648557360351,0.06131232286044459,7.713107742794903
3.415,1.0000000000006466,65.31348709583531,0.061449178812007385,7.714855318811678
3.4175,1.0000000000006468,65.19637960436506,0.06166962477638737,7.716586551313122
3.42,1.0000000000006473,65.19472016828765,0.06167278007311259,7.718296287394509
3.4225,1.0000000000006477,65.31345081685397,0.06144926559101278,7.719982949765028
3.4250000000000003,1.0000000000006484,65.38565234822588,0.061313868187807485,7.72164981652812
3.4275,1.0000000000006486,65.35737907819099,0.061366831357435855,7.723304236251984
3.43,1.000000000000649,65.25052649546632,0.061567580526593835,7.724955188820308
3.4325,1.0000000000006493,65.18350663044713,0.06169393630387729,7.726611278827064
3.435,1.000000000000651,65.25154314713994,0.06156564362234397,7.728282939597749
3.4375,1.000000000000651,65.34862140312235,0.06138324027908129,7.729978647180298
3.44,1.0000000000006517,65.38390321466919,0.061317161477949876,7.731701923341572
3.4425,1.0000000000006515,65.31483803037095,0.061446665145250136,7.7334541284986305
3.4450000000000003,1.000000000000652,65.20223428314655,0.06165859257132256,7.735230099673352
3.4475000000000002,1.000000000000653,65.21244171996176,0.06163935533148616,7.737018044120324
3.45,1.000000000000653,65.30147360014455,0.06147177510151598,7.738807417101636
3.4525,1.0000000000006533,65.35965606488175,0.061362578288514075,7.7405872091092
3.455,1.000000000000654,65.36305476809615,0.06135620746794563,7.7423442655165555
3.4575,1.0000000000006541,65.27448958970113,0.06152246161214728,7.744068371798038
3.46,1.000000000000654,65.19315812229169,0.06167570023060992,7.745752875765486
3.4625,1.0000000000006555,65.23534793414953,0.06159613747257195,7.747394588548648
3.465,1.000000000000656,65.33304566636531,0.061412435461685656,7.748994720499358
3.4675000000000002,1.0000000000006566,65.3813597528677,0.0613218796387474,7.7505582655263305
3.47,1.0000000000006564,65.32896446908647,0.06142010968312218,7.752092259412506
3.4725,1.0000000000006577,65.2226962544148,0.061620002679805864,7.753603033806363
3.475,1.0000000000006577,65.20221839116232,0.06165862288342684,7.755098134096429
3.4775,1.0000000000006586,65.28380183841388,0.061504962139224094,7.756585168452737
3.48,1.0000000000006584,65.35555241111284,0.0613702664374333,7.758067263449501
3.4825,1.000000000000659,65.36632014878714,0.061350093531870716,7.7595482650153365
3.485,1.00000000000066,65.29361009045186,0.061486513723153,7.7610315316993965
3.4875000000000003,1.0000000000006601,65.20067181299096,0.06166153321409309,7.762514303934408
3.49,1.0000000000006606,65.22174899044842,0.061621804424983224,7.763995508220847
3.4925,1.0000000000006601,65.31292564180433,0.061450218107958185,7.765475568236274
3.495,1.000000000000661,65.3761400982634,0.06133164223368206,7.766952377246862
3.4975,1.0000000000006617,65.36250776897992,0.061357218499350705,7.768426913965053
3.5,1.0000000000006615,65.23949395524822,0.06158832485224829,7.76990015912532
3.5025,1.0000000000006624,65.16788283539775,0.061723417945557066,7.771371702196933
3.505,1.0000000000006628,65.26585578622941,0.06153870817728086,7.772843315155549
3.5075000000000003,1.0000000000006635,65.37713931285202,0.061329805386870155,7.774317197090902
3.5100000000000002,1.0000000000006641,65.37891927629852,0.06132645456422402,7.775796629548932
3.5125,1.0000000000006652,65.2889685640333,0.06149523306965734,7.7772825059223445
3.515,1.0000000000006652,65.19248160911764,0.06167698054246386,7.778773736286648
3.5175,1.0000000000006655,65.21377067095307,0.06163683022632673,7.780271096373533
3.52,1.0000000000006664,65.3250743863603,0.06142744886926978,7.781771776331891
3.5225,1.0000000000006664,65.3826142428399,0.061319561092478596,7.783273088864223
3.525,1.0000000000006666,65.34402369651976,0.061391867299677244,7.784774450477157
3.5275,1.000000000000667,65.24353194488125,0.061580756137328545,7.786270071173295
3.5300000000000002,1.0000000000006675,65.18574292691594,0.061689721231016334,7.787755058367353
3.5325,1.0000000000006684,65.25860712598865,0.061552355760903225,7.7892286879771335
3.535,1.0000000000006692,65.36243638674954,0.06135736779149768,7.7906891157184415
3.5375,1.0000000000006697,65.38206431899671,0.06132059735345309,7.792136538954278
3.54,1.0000000000006697,65.30206297709186,0.06147065147146369,7.7935744836142975
3.5425,1.0000000000006706,65.18950132010796,0.0616826412482272,7.795007446428795
3.545,1.0000000000006712,65.20554692215156,0.0616523609717082,7.796441804998346
3.5475,1.0000000000006715,65.33523767202348,0.06140838256930661,7.797884680103087
3.5500000000000003,1.0000000000006717,65.38202817133634,0.06132066875163281,7.79934513815833
3.5525,1.0000000000006717,65.32494004182159,0.061427687470303895,7.800833239988582
3.555,1.0000000000006726,65.25152902792532,0.061565732348949666,7.802353043526549
3.5575,1.0000000000006732,65.2053186172889,0.06165278471746409,7.803906564966135
3.56,1.0000000000006737,65.25320733644114,0.06156249209460187,7.805496212190207
3.5625,1.0000000000006746,65.35571824205239,0.06136997143474757,7.807117137326396
3.565,1.0000000000006748,65.37138026337047,0.06134063382254341,7.808760979521548
3.5675,1.0000000000006748,65.29235467568847,0.0614888775009719,7.810419633136137
3.5700000000000003,1.0000000000006752,65.2167919899292,0.06163114101559754,7.812080513837791
3.5725000000000002,1.0000000000006768,65.22573952704374,0.06161428514761988,7.813729248680107
3.575,1.0000000000006763,65.30874233175666,0.0614580982504665,7.815354791017019
3.5775,1.0000000000006772,65.35975440163617,0.061362379107703875,7.816948430405356
3.58,1.0000000000006781,65.3321041978336,0.06141422337585562,7.81850377111972
3.5825,1.000000000000678,65.26548161436087,0.061539416130454806,7.82001916135946
3.585,1.0000000000006781,65.22631560464691,0.06161317785086581,7.82149592239523
3.5875,1.0000000000006792,65.25723247802817,0.06155493659498446,7.822938116674824
3.59,1.0000000000006801,65.31299537549322,0.06145009392396129,7.8243544479871225
3.5925000000000002,1.0000000000006808,65.3475219951046,0.06138530562121044,7.8257549160483
3.595,1.0000000000006808,65.3367515752436,0.061405518640096905,7.8271487284325225
3.5975,1.0000000000006815,65.25631040558893,0.06155667753524152,7.828544060482107
3.6,1.0000000000006821,65.19966842381801,0.06166343278226048,7.829946842730509
3.6025,1.000000000000682,65.26444156072904,0.06154138521908455,7.831360315066454
3.605,1.000000000000683,65.35995185672496,0.06136202294012127,7.832784807628511
3.6075,1.000000000000684,65.36562795631133,0.06135137600072889,7.834219252026925
3.61,1.0000000000006841,65.28615305523999,0.06150054064492597,7.835659974791596
3.6125000000000003,1.0000000000006846,65.21451258385491,0.06163543592888996,7.83709930818055
3.615,1.0000000000006852,65.2274500811488,0.06161103506516673,7.838531556204658
3.6175,1.000000000000685,65.30297240722172,0.06146891507154459,7.839953567686286
3.62,1.0000000000006863,65.37667765405472,0.061330685490245535,7.841359956890456
3.6225,1.000000000000686,65.35291111333075,0.06137521129925703,7.842749249122391
3.625,1.0000000000006866,65.23614616325557,0.061594624181990625,7.844124847062999
3.6275,1.0000000000006872,65.19612032282835,0.06167013378408386,7.845488264803001
3.63,1.000000000000688,65.26494109433735,0.061540454494667954,7.84684355292724
3.6325000000000003,1.0000000000006886,65.35388614561116,0.061373388715888495,7.848198388696763
3.6350000000000002,1.0000000000006897,65.37669256145803,0.06133065528267972,7.849561409126029
3.6375,1.0000000000006897,65.28884208243775,0.061495484824309075,7.850940562047222
3.64,1.0000000000006894,65.21630403172308,0.06163208195369392,7.852339597171107
3.6425,1.000000000000691,65.22332007834697,0.06161885106968737,7.853763629966894
3.645,1.0000000000006912,65.28767443855297,0.061497665173231665,7.855216212226789
3.6475,1.0000000000006917,65.3822243765861,0.06132032300232213,7.856695621160665
3.65,1.0000000000006928,65.36448639018492,0.06135354091891963,7.858202156366938
3.6525,1.0000000000006928,65.24686095905835,0.061574460423712174,7.859731109253705
3.6550000000000002,1.0000000000006937,65.18582605037383,0.061689583190348785,7.861273913209871
3.6575,1.0000000000006934,65.23862019472796,0.061590017676156336,7.862827129988095
3.66,1.0000000000006941,65.3673759273612,0.06134809451933109,7.864383867851309
3.6625,1.0000000000006943,65.40185608869704,0.06128353288089084,7.8659373224967455
3.665,1.0000000000006952,65.2827865138943,0.06150685662199809,7.867487209151213
3.6675,1.000000000000696,65.19169524544245,0.06167850868828937,7.869029972134569
3.67,1.0000000000006959,65.22027529222443,0.06162456276029482,7.870563320526994
3.6725,1.0000000000006966,65.3163827368035,0.0614437287866622,7.872091948253854
3.6750000000000003,1.0000000000006968,65.38926181948617,0.06130715235994766,7.873619110202525
3.6775,1.0000000000006979,65.3333204603229,0.06141196673866465,7.875148852246152
3.68,1.000000000000698,65.23309140644288,0.06160041109629012,7.876686824652222
3.6825,1.0000000000006983,65.22130539679677,0.061622654857826295,7.87823615975986
3.685,1.0000000000006988,65.2550988411551,0.06155895127635668,7.879800209979194
3.6875,1.0000000000007003,65.33769560288242,0.061403733491253665,7.8813804643699
3.69,1.0000000000007006,65.38670530873053,0.06131193262207814,7.882977885912827
3.6925,1.0000000000007003,65.28962794821018,0.061493980559433135,7.88459267852121
3.6950000000000003,1.0000000000007014,65.21172108072523,0.06164065995585797,7.8862196771382065
3.6975000000000002,1.0000000000007014,65.23371860896215,0.061599216236820464,7.88785392466217
3.7,1.0000000000007023,65.3001617403385,0.06147417545684124,7.889491961064175
3.7025,1.0000000000007028,65.36335619199863,0.061355598814713794,7.891129040799623
3.705,1.0000000000007043,65.33434782714728,0.06140997807768974,7.892759742886101
3.7075,1.0000000000007034,65.26696004799817,0.061536615215308677,7.8943791958538565
3.71,1.0000000000007045,65.22469956886933,0.061616214775601044,7.895984121130667
3.7125,1.0000000000007052,65.2389791412543,0.061589287156297086,7.897571568726236
3.715,1.0000000000007054,65.3344107437566,0.06140991477183425,7.89914108819404
3.7175000000000002,1.0000000000007059,65.36531368414056,0.06135197153214779,7.900693515678087
3.72,1.0000000000007068,65.30244934787336,0.06146988907936439,7.9022299464112935
3.7225,1.0000000000007077,65.25063900563441,0.061567385023922554,7.903754470950537
3.725,1.0000000000007074,65.22118023401849,0.06162287996077573,7.905270619068116
3.7275,1.000000000000708,65.27146587810653,0.06152813272373788,7.906782200746404
3.73,1.0000000000007092,65.36038530224414,0.06136120954282722,7.908294675618048
3.7325,1.000000000000709,65.34016896317782,0.0613991145124999,7.909811676524518
3.735,1.0000000000007103,65.28209917728373,0.06150816886895103,7.911336187642361
3.7375000000000003,1.0000000000007099,65.24775796199704,0.06157280051142676,7.91287026681704
3.74,1.0000000000007103,65.21996888533488,0.06162514504279285,7.914412235531067
3.7425,1.000000000000711,65.29532872835004,0.06148332440546592,7.915959185254593
3.745,1.0000000000007117,65.37556424110123,0.06133279648653001,7.917509314130653
3.7475,1.0000000000007128,65.33328053605686,0.061412005972876264,7.919059012801792
3.75,1.0000000000007119,65.26444402354456,0.06154138661633746,7.92060413775326
3.7525,1.0000000000007125,65.20896810022579,0.06164590436303915,7.922140609713099
3.755,1.0000000000007137,65.23852562626473,0.06159012130065912,7.923665719979563
3.7575000000000003,1.000000000000714,65.35106474339024,0.06137865025263679,7.925182820138601
3.7600000000000002,1.0000000000007148,65.37655105731167,0.06133092145794611,7.926693750473111
3.7625,1.000000000000715,65.30526079328878,0.06146463185962781,7.928201299361618
3.765,1.0000000000007152,65.22070360538721,0.06162374353935953,7.929715142305697
3.7675,1.0000000000007152,65.2066463814997,0.061650269044672426,7.931239484767056
3.77,1.0000000000007159,65.29127850143536,0.0614909358851979,7.932778151292796
3.7725,1.000000000000717,65.37470458291327,0.0613343875360621,7.934340059041211
3.775,1.0000000000007179,65.36913456806978,0.06134480514747523,7.935927699260127
3.7775,1.0000000000007179,65.26392583978662,0.06154235583450596,7.937541247278129
3.7800000000000002,1.0000000000007179,65.18022853935166,0.061700162693674884,7.939180422495339
3.7825,1.000000000000719,65.22968944978109,0.06160683843273187,7.94084026849408
3.785,1.0000000000007188,65.35221358290762,0.06137651952063207,7.942519206388784
3.7875,1.0000000000007192,65.40617174228754,0.06127550161817057,7.944215874566968
3.79,1.0000000000007203,65.31482873799212,0.061446644148283616,7.94592441988266
3.7925,1.0000000000007208,65.19489875497828,0.06167244756587908,7.947644041865449
3.795,1.0000000000007214,65.18671725687466,0.061687897556056595,7.9493743886490895
3.7975,1.0000000000007223,65.29889706545352,0.06147659346290278,7.951112400159772
3.8000000000000003,1.0000000000007225,65.40863080311445,0.06127089357796873,7.952860527335791
3.8025,1.0000000000007234,65.3632252701737,0.061355878578931496,7.954619573198599
3.805,1.0000000000007239,65.24206364392796,0.06158351025661318,7.956386270764558
3.8075,1.0000000000007245,65.17961322838669,0.06170131164337295,7.958157664497747
3.81,1.0000000000007243,65.22781335395861,0.06161031853730532,7.959929789549444
3.8125,1.0000000000007243,65.37344429284774,0.06133673039673949,7.961699810795415
3.815,1.0000000000007248,65.40644789029545,0.06127495331516556,7.963462908503431
3.8175,1.0000000000007254,65.29408553098277,0.061485569753674155,7.965214407507298
3.8200000000000003,1.0000000000007252,65.20347236542085,0.06165626681501574,7.966954054848139
3.8225000000000002,1.0000000000007265,65.18536523829903,0.06169042744391142,7.968681031617166
3.825,1.0000000000007272,65.29668237181676,0.06148068848372658,7.970396772792841
3.8275,1.0000000000007276,65.42079892877088,0.06124810442533809,7.9721066433670735
3.83,1.0000000000007285,65.36529242915604,0.06135199701824189,7.9738166701459425
3.8325,1.0000000000007283,65.22497105398106,0.06161568457918377,7.975531865109865
3.835,1.0000000000007294,65.16943185093534,0.061720455020351915,7.977253656198888
3.8375,1.0000000000007288,65.25468767337293,0.061559674268555895,7.9789833659205005
3.84,1.0000000000007296,65.37457221512004,0.061334590993344706,7.980721207871099
3.8425000000000002,1.0000000000007294,65.39380977454309,0.06129854206834677,7.982461753527098
3.845,1.0000000000007314,65.3034032563769,0.06146805903517022,7.984198597730942
3.8475,1.0000000000007312,65.17526767324038,0.061709459930554156,7.985925069917187
3.85,1.000000000000731,65.19028730496923,0.061681085904049894,7.987633598557951
3.8525,1.0000000000007319,65.34690754277524,0.06138644301623525,7.989320587136322
3.855,1.000000000000733,65.4074384018754,0.06127310002631474,7.990985141351149
3.8575,1.0000000000007334,65.32018033720539,0.06143660720958082,7.992629463619054
3.86,1.0000000000007343,65.21417319468527,0.06163610232430593,7.994261340893964
3.8625000000000003,1.0000000000007336,65.21231415708469,0.06163962284120318,7.9958878416201244
3.865,1.0000000000007347,65.28958490293918,0.061494109160906495,7.997516493595265
3.8675,1.0000000000007359,65.34386153933704,0.06139218750580041,7.999158838425473
3.87,1.0000000000007363,65.35520920971011,0.06137095714474331,8.00082117394035
3.8725,1.0000000000007363,65.28942281291035,0.06149439431341892,8.002504205043856
3.875,1.0000000000007367,65.22213715158873,0.06162105563690359,8.004208607564577
3.8775,1.0000000000007365,65.2494881637235,0.061569551213194705,8.005930655806118
3.88,1.0000000000007379,65.29380263573972,0.0614861751631556,8.007661963242052
3.8825000000000003,1.0000000000007383,65.33438739616481,0.061409942497455045,8.009394221016668
3.8850000000000002,1.0000000000007379,65.35097404103438,0.06137886558010136,8.011122069549895
3.8875,1.000000000000739,65.29043839209173,0.06149250269643828,8.012841618557195
3.89,1.0000000000007392,65.21221432313699,0.06163982953024129,8.014547677071462
3.8925,1.0000000000007396,65.21446856248548,0.061635536801722283,8.016240193116419
3.895,1.0000000000007414,65.33799494532823,0.06140317813561071,8.017924262128886
3.8975,1.0000000000007407,65.40180311038057,0.06128370365687589,8.019603250031166
3.9,1.0000000000007412,65.29338242188365,0.06148695653890749,8.021281950735174
3.9025000000000003,1.0000000000007416,65.22008724606717,0.061624892483623565,8.022964569955825
3.9050000000000002,1.0000000000007427,65.2319260182892,0.06160261168522433,8.024651995546911
3.9075,1.0000000000007427,65.27314110345782,0.0615250050820613,8.026344977437123
3.91,1.0000000000007434,65.36747343152106,0.06134790323213223,8.028042785876561
3.9125,1.0000000000007425,65.3678933909003,0.061347113615898466,8.029745377764888
3.915,1.0000000000007438,65.25300289438829,0.06156290664540916,8.031452871536331
3.9175,1.000000000000745,65.2034905089802,0.06165626847697603,8.033165723710953
3.92,1.0000000000007445,65.25259388262978,0.06156369263423208,8.0348884458137
3.9225,1.0000000000007452,65.34133456181478,0.06139694178821766,8.036626395668437
3.9250000000000003,1.0000000000007467,65.36759374663444,0.06134775688943012,8.03838809812855
3.9275,1.0000000000007467,65.29317212235219,0.06148739748385711,8.040181579503233
3.93,1.0000000000007476,65.2330347969471,0.061600545879616386,8.042009201378358
3.9325,1.0000000000007476,65.24309232461071,0.06158159564408966,8.043873492510574
3.935,1.000000000000748,65.29110344816064,0.061491290543029264,8.04577049967414
3.9375,1.0000000000007478,65.33115256448174,0.06141607858287056,8.047690390513234
3.94,1.0000000000007494,65.33663808340495,0.06140575428501948,8.049622861866727
3.9425,1.0000000000007496,65.29920196794872,0.06147605026090621,8.05155069747596
3.9450000000000003,1.0000000000007503,65.22970532069287,0.061606836000407415,8.05345879709818
3.9475000000000002,1.0000000000007498,65.232431081989,0.06160170214803993,8.055336220443861
3.95,1.000000000000751,65.31307517187817,0.06145000773034068,8.057172086417618
3.9525,1.0000000000007507,65.35152567010522,0.06137780529898646,8.058967398164464
3.955,1.0000000000007514,65.33500639713023,0.06140878329029461,8.060729587339768
3.9575,1.0000000000007523,65.26385465104154,0.06154252582146523,8.062465943155859
3.96,1.0000000000007525,65.19574519739923,0.06167084120660752,8.064191505643153
3.9625,1.0000000000007525,65.26515060979095,0.06153998855617462,8.065922598802972
3.9650000000000003,1.0000000000007534,65.37248689816,0.061338515460495985,8.067669280005934
3.9675000000000002,1.0000000000007543,65.35074733041323,0.0613792522151521,8.069438397530577
3.97,1.000000000000755,65.26655217465456,0.06153735900000002,8.071233182211833
3.9725,1.0000000000007547,65.22733484066933,0.061611205587670775,8.073047116003734
3.975,1.000000000000755,65.25195489364206,0.06156484760457441,8.074864893554722
3.9775,1.0000000000007556,65.3147210797661,0.06144682164356652,8.076673021709897
3.98,1.0000000000007572,65.3473528902477,0.061385558127411935,8.078459584932222
3.9825,1.0000000000007576,65.32053889774848,0.06143588541558422,8.080209924786855
3.985,1.000000000000757,65.25857136703624,0.06155237714139708,8.081914484715707
3.9875000000000003,1.0000000000007572,65.21946686241881,0.06162599092198675,8.083573091993035
3.99,1.0000000000007592,65.27669071070405,0.06151823835241365,8.085190070993137
3.9925,1.0000000000007587,65.35588854985527,0.06136958495428883,8.0867723665825
3.995,1.0000000000007583,65.33275910820466,0.06141295016578046,8.088332320785023
3.9975,1.0000000000007596,65.2629349467919,0.06154415468657566,8.089882384764824
4.0,1.0000000000007603,65.24676193421935,0.06157463198770513,8.091428338305521
4.0025,1.000000000000761,65.27978889720067,0.061512510891520523,8.09297504584009
4.005,1.0000000000007616,65.30185874189694,0.06147103456250065,8.094525524140739
4.0075,1.000000000000762,65.30936316919306,0.061456930100695716,8.096075597538757
4.01,1.000000000000763,65.31711702813116,0.06144240367819537,8.097619164777903
4.0125,1.0000000000007623,65.27985104919382,0.061512412928489496,8.099152105130608
4.015,1.0000000000007632,65.25305046269109,0.061562834125155196,8.100673567502968
4.0175,1.0000000000007634,65.2851641827573,0.061502439732472075,8.10218398290689
4.0200000000000005,1.0000000000007643,65.29352030439098,0.06148672322582827,8.10368707966308
4.0225,1.0000000000007643,65.30430734513496,0.06146645360362926,8.105194108861204
4.025,1.000000000000765,65.32617955290137,0.06142541047345847,8.106715413605134
4.0275,1.000000000000766,65.28281823706772,0.06150683554032043,8.108260567666226
4.03,1.0000000000007667,65.24507607434387,0.06157788221269999,8.109838379644584
4.0325,1.0000000000007658,65.268339872846,0.06153411339364566,8.111448548895835
4.035,1.0000000000007665,65.30874770899834,0.061458108173204594,8.113089078549468
4.0375,1.000000000000767,65.3337451701493,0.06141119735908266,8.114754372091586
4.04,1.0000000000007683,65.30685488823859,0.06146169537996099,8.116430149311203
4.0425,1.0000000000007685,65.25957247034509,0.06155057726123427,8.118104238066369
4.045,1.0000000000007694,65.24798773217617,0.061572380234680986,8.119766664030488
4.0475,1.0000000000007692,65.27655289719091,0.06151861314714196,8.121410130073379
4.05,1.0000000000007698,65.3286767981103,0.06142069502126418,8.123033220268026
4.0525,1.0000000000007703,65.33639007104851,0.0614062266673101,8.124639827425874
4.055,1.0000000000007712,65.28731696794428,0.06149836872112903,8.126241502701273
4.0575,1.0000000000007718,65.24737793407958,0.06157352541765921,8.127848217959613
4.0600000000000005,1.0000000000007725,65.2419900131989,0.061583681605604304,8.129467516326205
4.0625,1.000000000000773,65.29679334732133,0.061480564214460715,8.131109932603275
4.065,1.0000000000007734,65.35848946244339,0.061364778888952726,8.132777656435527
4.0675,1.0000000000007743,65.32304953293033,0.06143123469573837,8.134465214093515
4.07,1.000000000000774,65.25473243768988,0.0615596615913482,8.136165291192299
4.0725,1.0000000000007747,65.23553034229323,0.06159583027121674,8.13786601109981
4.075,1.0000000000007756,65.25923912768562,0.06155116149769753,8.139556260186296
4.0775,1.0000000000007756,65.32875653559256,0.061420513518458876,8.141228571822879
4.08,1.0000000000007767,65.36467315553747,0.061353167990942925,8.142881602487975
4.0825000000000005,1.0000000000007756,65.30025456984045,0.061474037780782184,8.144522610201998
4.085,1.0000000000007772,65.22600183632298,0.061613822506419835,8.146162490305995
4.0875,1.0000000000007774,65.22486238924223,0.06161596630637305,8.147816632014369
4.09,1.0000000000007774,65.29335190877705,0.06148703409130535,8.149503915672552
4.0925,1.000000000000778,65.37061922632019,0.06134209490030556,8.151239521549497
4.095,1.00000000000078,65.35621002519669,0.06136909346923564,8.153031543830139
4.0975,1.0000000000007807,65.24984152002409,0.061568891173537865,8.154878648620944
4.1,1.0000000000007796,65.18792407561811,0.06168566834790456,8.156770228004435
4.1025,1.0000000000007798,65.2548510244022,0.06155949058309857,8.158687945429778
4.105,1.0000000000007805,65.36607814688215,0.061350572846844156,8.160609366273166
4.1075,1.000000000000781,65.38305707662295,0.06131877057762956,8.162512547445347
4.11,1.0000000000007816,65.28549971591816,0.06150177993417696,8.164377971961224
4.1125,1.000000000000782,65.19249618227087,0.06167698053494813,8.166195191379563
4.115,1.0000000000007818,65.22050981842281,0.061624139887628895,8.167964447224005
4.1175,1.0000000000007832,65.3328592551378,0.06141284005995316,8.169694465011405
4.12,1.0000000000007827,65.38476813297952,0.061315523243211656,8.171405204502072
4.1225000000000005,1.0000000000007838,65.32185400861479,0.061433486884843,8.173118298255144
4.125,1.0000000000007851,65.23152852475029,0.06160338598128505,8.174850354287964
4.1275,1.0000000000007851,65.21096243452936,0.06164211275505008,8.176616495506593
4.13,1.0000000000007854,65.27481122001048,0.06152182296105919,8.178420836378928
4.1325,1.000000000000786,65.35633173945241,0.06136878655079187,8.180252910949536
4.135,1.0000000000007858,65.36260170374639,0.061357042173184315,8.182094454113603
4.1375,1.000000000000786,65.28061800529925,0.061510891098425155,8.18392075334159
4.14,1.0000000000007871,65.21420305169129,0.06163596589260514,8.185705072534265
4.1425,1.0000000000007876,65.24108006461894,0.061585348219146296,8.187422081959044
4.1450000000000005,1.0000000000007885,65.30995424519654,0.061455788984595174,8.189055866743809
4.1475,1.000000000000788,65.35236293145562,0.061376188279728496,8.19060801575748
4.15,1.0000000000007894,65.34261356690723,0.06139449308141204,8.192088754407294
4.1525,1.0000000000007896,65.26798196751658,0.0615346940290501,8.19351737650883
4.155,1.0000000000007905,65.2005732387911,0.06166167760013966,8.194925429767576
4.1575,1.0000000000007903,65.242672912517,0.061582296335683046,8.196341676553498
4.16,1.000000000000791,65.34966077677876,0.061381248687687094,8.19778864256645
4.1625,1.0000000000007911,65.38450016382532,0.061315978090197135,8.199283157755401
4.165,1.0000000000007918,65.30448303826272,0.06146605554379075,8.200826769823928
4.1675,1.0000000000007923,65.20602647629903,0.061651421391394484,8.202406624480195
4.17,1.0000000000007931,65.20466675354407,0.06165396719930707,8.20399998695125
4.1725,1.000000000000793,65.30417579996266,0.061466633380324875,8.205579844783506
4.175,1.0000000000007938,65.39401722756106,0.061298239548589366,8.207121496378646
4.1775,1.0000000000007936,65.35784807048526,0.06136598014461012,8.208604328655905
4.18,1.0000000000007945,65.22956660666654,0.0616070566141567,8.210020783171569
4.1825,1.0000000000007954,65.17868269753488,0.061703108329344274,8.211377491598267
4.1850000000000005,1.0000000000007951,65.2696159623668,0.06153170951251027,8.212689836930634
4.1875,1.0000000000007965,65.37907958978217,0.061326232013936416,8.213987151661058
4.19,1.0000000000007967,65.37126410721321,0.061340872193652876,8.215302754620819
4.1925,1.000000000000797,65.26699589024976,0.06153663885322305,8.216662010711895
4.195,1.000000000000798,65.20671192048779,0.06165020866244048,8.218085691870993
4.1975,1.0000000000007987,65.24455491917801,0.06157886805620431,8.219581718787477
4.2,1.000000000000799,65.31670573005994,0.06144318280903427,8.221142194641295
4.2025,1.0000000000007991,65.36243711116003,0.06135740143199607,8.222750290763027
4.205,1.0000000000007998,65.33119865697809,0.06141597893643738,8.224379352827233
4.2075000000000005,1.0000000000008005,65.2423394946131,0.06158302400779405,8.22600073237369
4.21,1.0000000000008005,65.21695407044629,0.061630851635593224,8.227589910002225
4.2125,1.0000000000008011,65.2829747560945,0.06150654323288007,8.229129316367207
4.215,1.0000000000008018,65.33856151527095,0.0614021518812202,8.230617766544173
4.2175,1.0000000000008018,65.33488123473008,0.06140906208049154,8.232063926188511
4.22,1.0000000000008016,65.29491344169027,0.06148408076239059,8.23348225612353
4.2225,1.0000000000008034,65.25275520659258,0.06156337154511017,8.234899055804398
4.225,1.0000000000008036,65.24701885050497,0.0615741956808928,8.236338219929
4.2275,1.0000000000008038,65.27844032722555,0.06151505787099726,8.237811399718325
4.23,1.0000000000008047,65.32106825966696,0.06143494327739029,8.239324878274145
4.2325,1.0000000000008051,65.34729213766184,0.061385754870146324,8.240876284750728
4.235,1.0000000000008051,65.3135347259355,0.06144911694102393,8.242448339362893
4.2375,1.0000000000008054,65.23296816870699,0.06160064187993863,8.244014194845905
4.24,1.0000000000008071,65.20423169822782,0.061654828846555064,8.2455492868647
4.2425,1.000000000000808,65.28849985557463,0.06149614551629487,8.247033936394372
4.245,1.0000000000008065,65.39679234904793,0.06129306285837629,8.248452875033076
4.2475000000000005,1.0000000000008078,65.36925764072616,0.06134460284333937,8.249807286314844
4.25,1.0000000000008091,65.22398612503694,0.061617567402856274,8.251112519669212
4.2525,1.000000000000809,65.16599926789392,0.06172704210059278,8.252385891458502
4.255,1.0000000000008096,65.26955225527949,0.061531768543656426,8.253653770137054
4.2575,1.0000000000008096,65.38631295913903,0.06131262587169592,8.254947984652558
4.26,1.0000000000008107,65.38742032820963,0.061310539570185556,8.256288398811403
4.2625,1.000000000000811,65.28033369283696,0.06151146223328903,8.25768157887272
4.265,1.0000000000008111,65.16981030904184,0.06171979269893893,8.259123889140868
4.2675,1.000000000000812,65.20315227384326,0.061656823699945434,8.260599769464237
4.2700000000000005,1.000000000000812,65.3621325296557,0.061357926492890805,8.26208229049132
4.2725,1.0000000000008131,65.42031176111969,0.06124906588615045,8.263541311882866
4.275,1.0000000000008125,65.30098746249593,0.06147266661896949,8.26495238411728
4.2775,1.0000000000008127,65.18990884307019,0.06168187510301889,8.266296250689324
4.28,1.0000000000008142,65.21568051475427,0.06163327046928374,8.267565268861961
4.2825,1.000000000000814,65.307751530071,0.0614599912655022,8.268770585089602
4.285,1.000000000000815,65.36005624367571,0.06136184529007639,8.269934312606393
4.2875000000000005,1.0000000000008153,65.34841653462614,0.061383667327122186,8.271085493382888
4.29,1.0000000000008158,65.28719965748068,0.06149861447971803,8.272256797725438
4.2925,1.0000000000008162,65.20694659171042,0.061649718161877747,8.27347605029356
4.295,1.0000000000008165,65.20901493453975,0.06164578908368462,8.274760634336626
4.2975,1.0000000000008173,65.33371456030072,0.06141122960372677,8.276111302798514
4.3,1.0000000000008176,65.40428186078591,0.061279028111507865,8.277515499202789
4.3025,1.0000000000008176,65.31782470085379,0.06144098102732707,8.278949957013907
4.305,1.000000000000819,65.21861387076339,0.061627675025108,8.280376561254739
4.3075,1.0000000000008191,65.2037130365454,0.06165581315690728,8.281756267492336
4.3100000000000005,1.0000000000008196,65.27129757425026,0.06152844610265565,8.283059388896469
4.3125,1.0000000000008202,65.37455983441616,0.061334625800809624,8.284262150387917
4.315,1.0000000000008207,65.38138554734226,0.06132185285569917,8.285356252063648
4.3175,1.0000000000008213,65.27073885079183,0.06152949362048116,8.286353419669618
4.32,1.0000000000008213,65.18479721501505,0.06169148540062794,8.287275196462282
4.3225,1.000000000000821,65.22352400693892,0.06161845160031483,8.288149314574525
4.325,1.0000000000008225,65.33895013439935,0.06140138377842828,8.289011284399404
4.3275,1.0000000000008222,65.3982451124191,0.06129029268869653,8.289896434441282
4.33,1.0000000000008225,65.33263630068652,0.06141323622375261,8.290824886716347
4.3325000000000005,1.0000000000008251,65.20783866666068,0.06164802584313508,8.291801712817621
4.335,1.0000000000008242,65.17536197207122,0.061709305313377434,8.292823991163598
4.3375,1.000000000000825,65.29330032896378,0.06148703915894226,8.29387345205982
4.34,1.0000000000008253,65.41002335430278,0.06126824711205191,8.294919731091955
4.3425,1.0000000000008251,65.3649306580842,0.061352631817676556,8.295935075799363
4.345,1.0000000000008265,65.22613280740225,0.06161344380206442,8.296891504651729
4.3475,1.0000000000008267,65.18522478397703,0.06169061914155599,8.297763460020946
4.3500000000000005,1.0000000000008273,65.27038404520519,0.06153012886243706,8.29854274285197
4.3525,1.0000000000008278,65.35962628996492,0.06136256354073078,8.299234999263671
4.355,1.0000000000008287,65.36693457752358,0.06134888208661924,8.299853205313559
4.3575,1.000000000000829,65.28561144821819,0.06150156078510185,8.300420414290027
4.36,1.000000000000829,65.2130504478841,0.06163819484136599,8.300965343990036
4.3625,1.0000000000008293,65.24142985024505,0.06158470102830401,8.301517342576297
4.365,1.0000000000008293,65.31695960554818,0.061442670687478704,8.302101359116818
4.3675,1.0000000000008298,65.34634618114579,0.06138755890348761,8.302731741121582
4.37,1.0000000000008302,65.3160122280856,0.06144449087956609,8.303416268194882
4.3725000000000005,1.0000000000008313,65.26931064494678,0.061532245023447237,8.304156275029959
4.375,1.0000000000008318,65.24458431318077,0.06157879632875517,8.304940313142167
4.3775,1.000000000000832,65.26153811658483,0.06154688169086761,8.305751989498939
4.38,1.0000000000008324,65.31000943922055,0.06145575187940917,8.306577451640276
4.3825,1.0000000000008322,65.3384328042278,0.06140238096403267,8.307401116179397
4.385,1.0000000000008336,65.31524771075819,0.061445922904562744,8.30820978035968
4.3875,1.0000000000008342,65.26476896834149,0.06154081110571392,8.30899808797205
4.39,1.000000000000835,65.23588496924661,0.061595178384499474,8.309763406489495
4.3925,1.000000000000835,65.26219298436843,0.06154565317805292,8.310506126861906
4.3950000000000005,1.0000000000008353,65.33347184302849,0.061411746575801555,8.311233936817871
4.3975,1.0000000000008364,65.36003311797725,0.061361930047003826,8.311956380877879
4.4,1.0000000000008364,65.2832990066821,0.061505946903628206,8.312679634386432
4.4025,1.0000000000008362,65.22350341888072,0.06161856305622477,8.31341116177304
4.405,1.000000000000837,65.25620014196214,0.06155699102047389,8.314158921719686
4.4075,1.000000000000837,65.30646894416633,0.06146241251066748,8.314925179846888
4.41,1.0000000000008382,65.3398097599128,0.061399822587188596,8.31571222720852
4.4125000000000005,1.0000000000008382,65.32672443818296,0.06142440202972847,8.316523858659526
4.415,1.0000000000008382,65.26602391281862,0.06153845166602646,8.317357657394387
4.4175,1.0000000000008389,65.22890150237966,0.06160833261045739,8.318210178953267
4.42,1.0000000000008393,65.25819379471329,0.06155317895421527,8.319081343472712
4.4225,1.0000000000008393,65.33980145440343,0.061399859532240045,8.319967271230661
4.425,1.0000000000008404,65.35610164541751,0.06136927534111773,8.32086189546278
4.4275,1.0000000000008415,65.27759632445482,0.06151666253221216,8.321762197918284
4.43,1.0000000000008409,65.23972304556703,0.06158797921890554,8.322662719708545
4.4325,1.0000000000008422,65.25513999007825,0.06155892349220654,8.323555495350062
4.4350000000000005,1.000000000000842,65.29165843883884,0.061490210865729124,8.324436772385582
4.4375,1.0000000000008427,65.34305006211319,0.06139375284281431,8.325304241486316
4.44,1.0000000000008427,65.33139242082841,0.0614155969678784,8.326155415429474
4.4425,1.0000000000008424,65.2664800317623,0.061537544200273776,8.326990432503605
4.445,1.0000000000008435,65.2285009332979,0.06160907151221728,8.327811539652757
4.4475,1.0000000000008438,65.26129896718604,0.06154731451420813,8.328623791416913
4.45,1.0000000000008449,65.33732996582052,0.06140446737661824,8.329432812675227
4.4525,1.0000000000008449,65.34707895884402,0.06138616666225883,8.330242750004325
4.455,1.000000000000845,65.28519513678134,0.061502352037615796,8.331058370108344
4.4575000000000005,1.0000000000008462,65.24071862377092,0.061586081121792265,8.331882958056728
4.46,1.0000000000008455,65.25296249355442,0.061562999556500055,8.332714897168593
4.4625,1.0000000000008469,65.30499967143207,0.06146511661446794,8.3335490573439
4.465,1.000000000000848,65.33060473797106,0.06141703778257048,8.334380932281684
4.4675,1.0000000000008475,65.31603950483635,0.0614443775803575,8.335204255091895
4.47,1.0000000000008484,65.28023553717031,0.061511642947240076,8.336008077863307
4.4725,1.0000000000008482,65.23730189161449,0.06159242634654381,8.336784257598518
4.4750000000000005,1.000000000000849,65.26573372070052,0.06153890850902444,8.33752876419702
4.4775,1.0000000000008498,65.3314349973387,0.06141548822840822,8.3382376446617
4.48,1.0000000000008498,65.32455893016399,0.06142836387018736,8.338911412389988
4.4825,1.0000000000008495,65.28998048666952,0.06149332502279375,8.339555655198941
4.485,1.00000000000085,65.26548205232176,0.06153943547693119,8.340177133951372
4.4875,1.0000000000008518,65.25355039467227,0.06156186761076177,8.340785203839328
4.49,1.0000000000008509,65.29384974133723,0.06148607229917579,8.34139224398223
4.4925,1.0000000000008518,65.32227849653167,0.06143268242951298,8.342008918266178
4.495,1.0000000000008524,65.30889573886355,0.06145780689321413,8.3426436163736
4.4975000000000005,1.0000000000008529,65.29072472533188,0.0614919674965012,8.343305117104137
4.5,1.0000000000008529,65.25506553788219,0.06155903886504295,8.343997834699326
4.5025,1.000000000000853,65.26719557431309,0.06153620493975423,8.344720982931257
4.505,1.0000000000008546,65.31110535757779,0.061453697098881044,8.345473337979922
4.5075,1.0000000000008546,65.30411365762484,0.061466801834931556,8.346250741301034
4.51,1.0000000000008558,65.30880131239802,0.061458005450680704,8.347046679005494
4.5125,1.000000000000856,65.29393211050328,0.06148596012546986,8.347854015369915
4.515,1.000000000000856,65.24495314290655,0.06157807174463722,8.348664832137406
4.5175,1.0000000000008562,65.26984938254984,0.061531219379875705,8.349473913789204
4.5200000000000005,1.0000000000008573,65.3177121696151,0.06144128051037615,8.350275119721354
4.5225,1.000000000000857,65.3235645440669,0.061430271807122024,8.35106396231877
4.525,1.0000000000008573,65.29602488399206,0.06148198769871853,8.351841525324447
4.5275,1.0000000000008586,65.25837895589704,0.06155280482168715,8.35260478834545
4.53,1.0000000000008578,65.26655342768743,0.061537432815028006,8.353352235915805
4.5325,1.0000000000008584,65.2888869534318,0.06149540259638971,8.354087533641081
4.535,1.0000000000008589,65.30981027529752,0.061456085272325114,8.354809236173757
4.5375000000000005,1.0000000000008598,65.33007555781575,0.06141807695611341,8.35551674700944
4.54,1.0000000000008595,65.28175379108109,0.0615088112410927,8.356210660218135
4.5425,1.0000000000008598,65.23950335667638,0.061588307806534084,8.356887276524912
4.545,1.0000000000008609,65.2825667419253,0.06150729519471087,8.357544292279503
4.5475,1.0000000000008613,65.31345751797002,0.06144920043608383,8.358178564503039
4.55,1.000000000000862,65.30932140979576,0.061456909144466096,8.35878577905143
4.5525,1.0000000000008618,65.30106612263047,0.061472444282237804,8.35936410673548
4.555,1.0000000000008624,65.26935154497689,0.06153206546189915,8.359910581487428
4.5575,1.0000000000008626,65.26848992106399,0.06153366930816741,8.360423174285074
4.5600000000000005,1.000000000000864,65.29539251734262,0.06148311246837397,8.360903754950462
4.5625,1.000000000000864,65.28997719693417,0.06149330601578707,8.361354528929443
4.565,1.0000000000008646,65.30301616836094,0.06146881703131191,8.361777934317884
4.5675,1.0000000000008649,65.31748065699843,0.061441661778147666,8.36217992912749
4.57,1.0000000000008655,65.27700009717296,0.06151772706014118,8.362568600434017
4.5725,1.000000000000866,65.25179964556169,0.061565177595885784,8.362949481149933
4.575,1.0000000000008662,65.27540202324285,0.06152079349438321,8.363328333856435
4.5775,1.0000000000008664,65.31436916261511,0.06144754998930921,8.363714495230408
4.58,1.0000000000008678,65.33310988297198,0.061412375808285985,8.36411477622231
4.5825000000000005,1.0000000000008669,65.29448265659803,0.061484894330656875,8.364533799585956
4.585,1.0000000000008675,65.24742583099926,0.06157343143145564,8.364976844691304
4.5875,1.000000000000868,65.25354074216996,0.061561933791156154,8.365446320129685
4.59,1.0000000000008686,65.29527073621553,0.06148342439268335,8.365944844529487
4.5925,1.0000000000008689,65.34106872070242,0.06139745070781167,8.36647415952783
4.595,1.0000000000008689,65.32940244565856,0.06141935616711079,8.367032677117555
4.5975,1.0000000000008697,65.25587559395406,0.06155752277969651,8.367619541748518
4.6000000000000005,1.0000000000008702,65.22903295792352,0.06160808235377532,8.36823094136429
4.6025,1.0000000000008706,65.27625843603313,0.061519186314465873,8.368862136864713
4.605,1.0000000000008713,65.3377878071272,0.06140359803411585,8.369510091773495
4.6075,1.000000000000872,65.34655487523612,0.06138714645126696,8.370168652947708
4.61,1.0000000000008717,65.27837513716479,0.061515181199410934,8.370832638946434
4.6125,1.0000000000008726,65.22980964000995,0.061606615959295286,8.371496772943887
4.615,1.0000000000008729,65.25721012183884,0.06155496564516115,8.372154527595988
4.6175,1.000000000000874,65.31325928890897,0.0614495957159364,8.37280406932895
4.62,1.0000000000008737,65.34524385164116,0.06138962830079782,8.373443664783965
4.6225000000000005,1.0000000000008749,65.31202547697156,0.06145195931039018,8.374070416212657
4.625,1.0000000000008746,65.25259978300161,0.06156366751684566,8.374685384728933
4.6275,1.0000000000008755,65.24036291020516,0.06158676242474497,8.375291328001481
4.63,1.0000000000008753,65.28194736338078,0.0615085267435626,8.375891261087009
4.6325,1.0000000000008762,65.33050189256578,0.06141728819183413,8.376489585433774
4.635,1.000000000000876,65.33292987975224,0.06141273138612561,8.377090998111951
4.6375,1.0000000000008773,65.28948568507619,0.06149435823088625,8.377700833576858
4.64,1.0000000000008769,65.24466891022934,0.061578663930459535,8.378324152412969
4.6425,1.0000000000008773,65.24678326196734,0.06157464969018469,8.378963724012845
4.6450000000000005,1.0000000000008782,65.3035433221729,0.061467849040795976,8.379622302825146
4.6475,1.0000000000008786,65.3469191210859,0.06138644765016297,8.380301519947327
4.65,1.0000000000008795,65.31549893896985,0.06144540705954163,8.381000003200441
4.6525,1.00000000000088,65.25587400588533,0.06155751068410791,8.381716858813988
4.655,1.0000000000008797,65.24893909133033,0.06157056819870109,8.382449827075492
4.6575,1.00000000000088,65.28149659755638,0.06150932236598714,8.383193675400914
4.66,1.0000000000008809,65.30510561501993,0.061464955710714836,8.383944772502874
4.6625000000000005,1.0000000000008802,65.32629246917209,0.06142516599415055,8.384700794773414
4.665,1.0000000000008817,65.32549120528495,0.06142666615118318,8.385459508541755
4.6675,1.0000000000008817,65.25810967912254,0.06155327813729719,8.386220165242495
4.67,1.0000000000008822,65.22027650928544,0.06162451086526909,8.386981390918598
4.6725,1.0000000000008828,65.28281177076244,0.0615067692161651,8.387743303622237
4.675,1.0000000000008833,65.33935671550783,0.06140049050916816,8.388509504406825
4.6775,1.0000000000008835,65.35426945895104,0.06137253235727917,8.389281589613777
4.68,1.0000000000008837,65.29555220054075,0.061482741033445046,8.390059359498705
4.6825,1.0000000000008844,65.19215087836233,0.06167750706184161,8.39084100693749
4.6850000000000005,1.0000000000008844,65.23554269041132,0.06159572305698321,8.391622100154187
4.6875,1.000000000000885,65.35010122390987,0.061380439702985914,8.392397619773513
4.69,1.0000000000008855,65.37026955108678,0.061342596759470736,8.39315877039653
4.6925,1.0000000000008857,65.30900984285054,0.06145751961847916,8.393895283560216
4.695,1.0000000000008864,65.21343268972623,0.061637398060898914,8.394596055616633
4.6975,1.000000000000887,65.22105486889407,0.06162300773730819,8.395249122546451
4.7,1.0000000000008877,65.30956266895365,0.06145646080203407,8.395848817016534
4.7025,1.0000000000008882,65.35321733740425,0.061374519978982724,8.39639049828774
4.705,1.0000000000008886,65.35210495880223,0.06137661301369189,8.396872778924854
4.7075000000000005,1.0000000000008884,65.26173945972793,0.06154634445994469,8.397303791146694
4.71,1.0000000000008893,65.18971636062331,0.061682118171751225,8.397691503773682
4.7125,1.0000000000008895,65.2694080220024,0.0615320048593559,8.398047413518345
4.715,1.0000000000008904,65.3547456558691,0.06137176268638207,8.398389377802328
4.7175,1.0000000000008913,65.34986452240565,0.06138090711435894,8.39873241330119
4.72,1.0000000000008897,65.2925936398753,0.06148845824774295,8.399090402156911
4.7225,1.000000000000891,65.2308847221116,0.061604617237145165,8.399474750634363
4.7250000000000005,1.0000000000008915,65.23839814538599,0.06159046494004519,8.39989158541509
4.7275,1.0000000000008917,65.29742945338889,0.06147940593182941,8.400345190353512
4.73,1.0000000000008926,65.34497751449521,0.061390153164129886,8.400834523519721
4.7325,1.0000000000008935,65.34599852570955,0.06138825973268668,8.401355991643488
4.735,1.0000000000008928,65.2685313104264,0.061533751620440766,8.401907385919838
4.7375,1.0000000000008937,65.21176193780262,0.06164067431554204,8.402481501284809
4.74,1.0000000000008942,65.2590335055598,0.061551621154758984,8.403074089317228
4.7425,1.0000000000008944,65.32964366029033,0.06141892109295604,8.403687359427716
4.745,1.0000000000008948,65.36079286737403,0.06136048624525269,8.4043197111312
4.7475000000000005,1.000000000000895,65.3079813340367,0.06145955509512556,8.404972885707252
4.75,1.0000000000008957,65.22819416698923,0.06160969277858695,8.405652902195826
4.7525,1.0000000000008964,65.23302747661644,0.06160058792390303,8.406361304034297
4.755,1.0000000000008973,65.28982333820521,0.06149364291295646,8.407098996181695
4.7575,1.0000000000008975,65.35413803670737,0.061372947433397516,8.407866807193553
4.76,1.0000000000008975,65.34067755190104,0.06139819506796599,8.408662816881394
4.7625,1.000000000000898,65.26106650126337,0.06154773603054428,8.409482295839544
4.765,1.0000000000008984,65.2439688253434,0.06157995368736436,8.410317457168965
4.7675,1.0000000000008982,65.24374065061625,0.06158038216508169,8.411158303559537
4.7700000000000005,1.000000000000899,65.29852198578959,0.06147727418980304,8.411996039594442
4.7725,1.0000000000008995,65.38410091179261,0.061316797412350466,8.41282379330507
4.775,1.0000000000008993,65.3162444204915,0.06144397516512587,8.413632212615207
4.7775,1.0000000000009,65.23067629454226,0.06160490651324525,8.414412500826359
4.78,1.0000000000009004,65.23231455464997,0.06160183902368122,8.415157871178005
4.7825,1.0000000000009004,65.26144884584421,0.0615468679559142,8.415861775438518
4.785,1.0000000000009022,65.35822039943763,0.06136513098703432,8.416520479018661
4.7875000000000005,1.0000000000009015,65.37785459141197,0.0613283357369712,8.41712947288987
4.79,1.0000000000009028,65.2563941196659,0.06155636828434605,8.417684495166634
4.7925,1.0000000000009028,65.2052236779074,0.06165286482285362,8.4181849457997
4.795,1.000000000000903,65.25342580784375,0.061562051046842,8.418632455967531
4.7975,1.0000000000009033,65.32682892951019,0.06142406665995461,8.419033129067687
4.8,1.0000000000009042,65.37048156732665,0.06134227037853075,8.419395790190352
4.8025,1.0000000000009042,65.30859132336795,0.061458367965585084,8.419732509888256
4.805,1.0000000000009037,65.23415248363794,0.061598411892666946,8.420060430937616
4.8075,1.0000000000009048,65.22599104874001,0.06161382842840136,8.42039516525545
4.8100000000000005,1.000000000000905,65.2770923156593,0.06151760087273157,8.42075148701295
4.8125,1.000000000000906,65.36610807793319,0.061350517968831224,8.421144633673228
4.815,1.0000000000009057,65.34492999412852,0.06139021156905153,8.421582071366965
4.8175,1.0000000000009068,65.25766532926777,0.061554173719281374,8.422065327818043
4.82,1.000000000000907,65.24110813292573,0.06158537048297327,8.42259190620334
4.8225,1.000000000000908,65.24361072449842,0.06158061153854042,8.423149993954986
4.825,1.000000000000908,65.30864689372552,0.06145832887455596,8.423726347312563
4.8275,1.000000000000908,65.37140548884923,0.06134063661483925,8.424308019416763
4.83,1.0000000000009088,65.31102967242768,0.06145380925397895,8.42487996941219
4.8325000000000005,1.0000000000009086,65.24578010989559,0.06157656875287513,8.42543454578276
4.835,1.0000000000009095,65.22494958274577,0.06161583149896121,8.42596769357214
4.8375,1.0000000000009086,65.2781566833948,0.06151559181645152,8.426480684472674
4.84,1.0000000000009102,65.3560784633676,0.061369328481028225,8.42698615185196
4.8425,1.0000000000009108,65.32337299237804,0.06143066466794328,8.427495541249884
4.845,1.0000000000009108,65.28856723474111,0.06149603802378687,8.428022119186219
4.8475,1.0000000000009106,65.26114454875328,0.0615476155488335,8.428582229464496
4.8500000000000005,1.0000000000009117,65.21896788090962,0.06162702028751867,8.429182392281728
4.8525,1.000000000000912,65.29382667336782,0.06148613837823406,8.429824834044583
4.855,1.0000000000009122,65.36514342491122,0.06135232541705634,8.430508015914624
4.8575,1.000000000000913,65.33481828817155,0.06140915126383136,8.431221920168861
4.86,1.000000000000914,65.27024727535147,0.06153048232713528,8.431953835172372
4.8625,1.0000000000009142,65.20392956643903,0.06165542826174199,8.432686656967869
4.865,1.0000000000009142,65.24633983844203,0.061575470390238106,8.433404709724487
4.8675,1.0000000000009157,65.3555004493813,0.061370389286244505,8.43410070079189
4.87,1.0000000000009162,65.36950845249228,0.06134412456467979,8.434767155103087
4.8725000000000005,1.0000000000009164,65.29690387206239,0.06148033667673075,8.435401545138024
4.875,1.000000000000916,65.21598179790114,0.06163267662984286,8.4360099619551
4.8775,1.000000000000917,65.21557557015099,0.061633425766587244,8.43659692440893
4.88,1.0000000000009177,65.30788365561567,0.06145968662431349,8.437169392100289
4.8825,1.000000000000917,65.38141277591022,0.06132181776724748,8.437735522354945
4.885,1.0000000000009177,65.34461534025763,0.061390777555387355,8.438298241025779
4.8875,1.0000000000009184,65.23561534578162,0.06159565331997314,8.438859092184225
4.89,1.0000000000009195,65.19718892373875,0.0616681314615654,8.439415242635508
4.8925,1.0000000000009193,65.27200462182248,0.06152717654768873,8.439963522618497
4.8950000000000005,1.0000000000009202,65.35994087461118,0.06136204074233946,8.44050477615924
4.8975,1.0000000000009204,65.36654402539673,0.061349664774042585,8.441037941841934
4.9,1.0000000000009213,65.28605979357184,0.06150074692679822,8.44156665960456
4.9025,1.0000000000009215,65.20482238365688,0.0616537166509769,8.44209980511058
4.905,1.0000000000009215,65.2217979272332,0.061621643557306795,8.44264651221556
4.9075,1.0000000000009226,65.33473818237121,0.061409278843960455,8.44321994217981
4.91,1.0000000000009226,65.3836569725386,0.06131758194971608,8.443830385921578
4.9125000000000005,1.000000000000923,65.30224328814549,0.06147019744182346,8.44448337043745
4.915,1.000000000000924,65.23380442617912,0.06159901113769222,8.445182418266333
4.9175,1.0000000000009237,65.2335462628892,0.06159951233129171,8.445921276499247
4.92,1.0000000000009248,65.28013906399376,0.06151174062748669,8.446687533812396
4.9225,1.0000000000009246,65.34349542917681,0.061392788910358514,8.447467861578493
4.925,1.0000000000009253,65.34218764440132,0.06139524456694505,8.448245263322136
4.9275,1.0000000000009257,65.29047645251713,0.06149229271492066,8.449003365803552
4.93,1.0000000000009255,65.23500988648983,0.06159668898807649,8.449731036194425
4.9325,1.0000000000009264,65.2248530149279,0.06161584193317769,8.450423159707897
4.9350000000000005,1.000000000000927,65.31174983462556,0.061452335167392874,8.451079234847786
4.9375,1.0000000000009277,65.37605438437758,0.061331745803804634,8.451704878574736
4.94,1.0000000000009273,65.31692836526278,0.061442611323476864,8.452311582598469
4.9425,1.0000000000009281,65.23317889431563,0.06160015101267257,8.452907644832178
4.945,1.0000000000009277,65.23171984382009,0.061602905821233934,8.453498504245793
4.9475,1.0000000000009293,65.29319177339404,0.061487232441654494,8.454087087513265
4.95,1.0000000000009301,65.33066259350171,0.06141688126523908,8.454667827152718
4.9525,1.0000000000009304,65.33128273880982,0.06141573384465793,8.455231371362162
4.955,1.0000000000009301,65.3003488127074,0.06147382080896949,8.455764147310841
4.9575000000000005,1.000000000000931,65.2354010980243,0.061596000328059904,8.456248887348952
4.96,1.0000000000009315,65.2369940459983,0.06159300838288149,8.456674397121818
4.9625,1.0000000000009315,65.31364226764089,0.06144885177146727,8.457033963885742
4.965,1.0000000000009313,65.34806393456584,0.06138423213188573,8.457326842992979
4.9675,1.0000000000009317,65.31673855762715,0.061443005809651306,8.457563958015086
4.97,1.000000000000933,65.25862397311049,0.061552261456346694,8.457761249296427
4.9725,1.0000000000009333,65.23723511752752,0.06159255486523076,8.457937678854156
4.9750000000000005,1.000000000000933,65.27447097216756,0.06152246568225571,8.45811579443814
4.9775,1.0000000000009337,65.3232534318378,0.06143081849144322,8.458314379721074
4.98,1.0000000000009337,65.3477413922396,0.061384926390035705,8.458546502988954
4.9825,1.0000000000009353,65.2944759448919,0.06148493908794064,8.458817867439347
4.985,1.0000000000009361,65.22517121959369,0.0616153377459693,8.459125090931167
4.9875,1.0000000000009355,65.2558737521544,0.061557547395786394,8.459461167571337
4.99,1.0000000000009364,65.31811011121785,0.06144056800067217,8.459814112498064
4.9925,1.000000000000937,65.33216688418848,0.06141417190974525,8.46017062759888
4.995,1.000000000000937,65.30341047128672,0.06146814872057276,8.460525014717557
4.9975000000000005,1.0000000000009373,65.26730222151627,0.06153605930377782,8.460873695317428
5.0,1.0000000000009384,65.26038910901077,0.061549076815822786,8.461218732164566
5.0025,1.000000000000938,65.2711732814592,0.06152876508827567,8.461571282140886
5.005,1.0000000000009395,65.31204220921104,0.0614519518169937,8.461942184463739
5.0075,1.0000000000009388,65.33234335561588,0.061413849243247234,8.4623451319039
5.01,1.000000000000939,65.2866861348353,0.06149957481649942,8.462791870155188
5.0125,1.0000000000009404,65.2656593461185,0.06153915218050365,8.463284795657064
5.015,1.0000000000009408,65.2662542605805,0.0615380192498076,8.463824761859993
5.0175,1.0000000000009412,65.27762331436543,0.06151658856470747,8.464405409249155
5.0200000000000005,1.0000000000009412,65.32693069815743,0.0614239913677487,8.465012518115769
5.0225,1.0000000000009424,65.31775201465136,0.061441196374350596,8.465635657669159
5.025,1.0000000000009424,65.27229105563325,0.0615265955635741,8.466265471331404
5.0275,1.0000000000009424,65.27160382706563,0.06152791317655449,8.466893446673083
5.03,1.0000000000009441,65.27019403369367,0.06153055447732518,8.467518390570996
5.0325,1.0000000000009428,65.28778345075555,0.061497469128999976,8.468145957349876
5.035,1.0000000000009448,65.32426908700523,0.06142895090952955,8.468784810114714
5.0375000000000005,1.0000000000009444,65.31094987997135,0.061453915148972006,8.469443756156497
5.04,1.0000000000009444,65.27701672088403,0.0615176893193107,8.470129188200028
5.0425,1.000000000000946,65.25862259225168,0.06155230724631871,8.470841235136193
5.045,1.0000000000009452,65.26669334674506,0.06153706145085408,8.471572631800402
5.0475,1.0000000000009457,65.31171917730092,0.06145240536919551,8.472307189723555
5.05,1.0000000000009466,65.33146450473845,0.06141535068030049,8.473022102897652
5.0525,1.000000000000947,65.29523866521326,0.061483332365157205,8.473694225178482
5.055,1.0000000000009481,65.25748261287308,0.06155432125709567,8.474297654658727
5.0575,1.0000000000009486,65.25850037486046,0.061552462574650406,8.474811596943304
5.0600000000000005,1.0000000000009481,65.29564240458322,0.061482660136764185,8.475229961797751
5.0625,1.0000000000009492,65.3205122833755,0.06143593093362597,8.47555372956952
5.065,1.0000000000009488,65.3093046728479,0.061456980634109544,8.475794897704686
5.0675,1.0000000000009501,65.28764871189219,0.061497749114814614,8.475977489895545
5.07,1.0000000000009497,65.2604449952092,0.06154894118292478,8.476127135365283
5.0725,1.0000000000009497,65.26099904538052,0.061547866161336756,8.476271792405608
5.075,1.0000000000009501,65.3046497475591,0.06146582057357385,8.47643480164461
5.0775,1.0000000000009517,65.32517262728051,0.0614273060890521,8.47663015204322
5.08,1.0000000000009526,65.30656087928922,0.06146224630631192,8.4768651046636
5.0825000000000005,1.0000000000009526,65.27418249232238,0.061523111027514614,8.477134742672153
5.085,1.0000000000009523,65.24909914994487,0.061570302416062477,8.477427429670497
5.0875,1.0000000000009526,65.27588651258297,0.06151988771408184,8.477729846314515
5.09,1.0000000000009532,65.32460876819397,0.06142836047818175,8.478027988911027
5.0925,1.0000000000009537,65.3219343051007,0.06143336204909145,8.478313763877132
5.095,1.0000000000009541,65.28449752501453,0.06150367333532728,8.478583533506633
5.0975,1.0000000000009548,65.26620439514782,0.061538112218032896,8.478841828896243
5.1000000000000005,1.000000000000956,65.26768554715017,0.06153533603892589,8.479101016973443
5.1025,1.0000000000009557,65.27755885831172,0.061516718845521644,8.479372172258914
5.105,1.0000000000009563,65.31693551594108,0.061442730169657636,8.479668121982312
5.1075,1.0000000000009566,65.33948703655015,0.061400432064022556,8.479999350803414
5.11,1.0000000000009581,65.28240971212033,0.06150759208239166,8.480368114941951
5.1125,1.0000000000009575,65.2352600304561,0.06159633908747881,8.480770659413116
5.115,1.0000000000009581,65.2625085094077,0.061545076029230386,8.48119554819015
5.1175,1.0000000000009583,65.3074494405194,0.06146053452963844,8.481630926518578
5.12,1.0000000000009588,65.34305993396788,0.06139368888622145,8.482067631239978
5.1225000000000005,1.0000000000009597,65.32303138425638,0.06143127533992909,8.482495626406436
5.125,1.0000000000009595,65.24655996032776,0.061575073143883705,8.482912435619042
5.1275,1.0000000000009606,65.22454363873968,0.061616574036572974,8.483325461306155
5.13,1.000000000000961,65.28204423826617,0.061508308225631685,8.48374643538315
5.1325,1.000000000000961,65.35306338624021,0.061374960048509695,8.484189755552448
5.135,1.0000000000009617,65.35284902894345,0.061375392147630686,8.484670293592337
5.1375,1.0000000000009628,65.25999958617633,0.06154976958155114,8.485198407890465
5.14,1.0000000000009626,65.21083375407659,0.06164238277263061,8.485774600538985
5.1425,1.000000000000963,65.2674474428295,0.06153574625174048,8.486390134729827
5.1450000000000005,1.0000000000009632,65.33582608673748,0.061407265812242914,8.487027999893542
5.1475,1.0000000000009632,65.35079351303148,0.061379192431127945,8.487664719373175
5.15,1.0000000000009637,65.29644084466912,0.0614812209733874,8.48827573096786
5.1525,1.0000000000009643,65.2359979587548,0.061594940727587484,8.488836890011614
5.155,1.000000000000965,65.24328134142084,0.06158120606649024,8.48933303304072
5.1575,1.0000000000009654,65.29135600240951,0.06149075603715154,8.48976417333633
5.16,1.0000000000009657,65.34260714849368,0.061394544736501806,8.490137636166327
5.1625000000000005,1.0000000000009657,65.34319533860271,0.06139343967915707,8.490470150203654
5.165,1.0000000000009661,65.26885594856223,0.061533026828542385,8.49079067032314
5.1675,1.0000000000009666,65.22062608664105,0.06162387608803597,8.491126251914714
5.17,1.0000000000009677,65.25714975528527,0.06155508923130619,8.491493848973958
5.1725,1.0000000000009683,65.32639794459979,0.06142491183812861,8.49190598722113
5.175,1.0000000000009677,65.35800075351747,0.06136561795644198,8.492366453820699
5.1775,1.0000000000009694,65.31044282070822,0.0614548374382388,8.492858938751866
5.18,1.000000000000969,65.23518919881836,0.0615963986402563,8.493358242907705
5.1825,1.00000000000097,65.2199147904422,0.06162515635652351,8.493841240952024
5.1850000000000005,1.0000000000009701,65.28773845719353,0.061497432559874915,8.494280169858435
5.1875,1.0000000000009708,65.37130984673715,0.061340626549319106,8.494653831167742
5.19,1.0000000000009717,65.34988197379661,0.061380782975683855,8.494958425435033
5.1925,1.0000000000009717,65.24426123302736,0.06157922261831147,8.495199790776669
5.195,1.000000000000972,65.20829843813686,0.06164703072533481,8.495395119653832
5.1975,1.0000000000009721,65.2697477386065,0.06153127587014615,8.495572176583101
5.2,1.0000000000009734,65.34564202495142,0.0613887046302854,8.495761379736319
5.2025,1.0000000000009734,65.36135346120739,0.061359283579428964,8.495991175759151
5.205,1.0000000000009734,65.2866348833495,0.06149955105307867,8.496279172761332
5.2075000000000005,1.0000000000009746,65.21606016460244,0.06163242995091264,8.496629759936791
5.21,1.0000000000009743,65.24231923480667,0.06158293259620391,8.49703551412257
5.2125,1.0000000000009759,65.31576202034628,0.06144480696093538,8.497476713633521
5.215,1.0000000000009757,65.36074552145435,0.06136042118809842,8.497927397836287
5.2175,1.000000000000976,65.32431539210204,0.06142875486043852,8.498360163527796
5.22,1.000000000000977,65.23052244127778,0.06160514397692744,8.498751958595719
5.2225,1.0000000000009763,65.22241041920114,0.06162045588801825,8.499091250762708
5.2250000000000005,1.0000000000009774,65.31258215340819,0.06145082167843295,8.499378737873966
5.2275,1.0000000000009779,65.34775395386437,0.06138480116973117,8.499626297227897
5.23,1.0000000000009777,65.30067476269345,0.06147317941321482,8.499854179421904
5.2325,1.0000000000009786,65.26400591937234,0.06154212743515394,8.500088061288587
5.235,1.0000000000009797,65.2720252646472,0.0615270175035569,8.500350530468685
5.2375,1.0000000000009794,65.29079133971908,0.061491732324516726,8.500651209125817
5.24,1.0000000000009803,65.28541043815547,0.061501869433564185,8.500991277302868
5.2425,1.0000000000009808,65.28695077254078,0.06149894177208882,8.501359881342545
5.245,1.0000000000009808,65.31985306504772,0.06143711255537506,8.501728196511758
5.2475000000000005,1.0000000000009814,65.3185118527352,0.061439650751007234,8.502065542699246
5.25,1.0000000000009819,65.260197373282,0.061549272566686034,8.50234269748804
5.2525,1.0000000000009823,65.2285053539304,0.06160897829176811,8.502528508521142
5.255,1.0000000000009832,65.28650190507844,0.061499823740339576,8.5026075886609
5.2575,1.0000000000009845,65.36539491713265,0.06135177364868146,8.502584251182032
5.26,1.0000000000009834,65.33267283816454,0.06141310759775942,8.502472172349135
5.2625,1.000000000000984,65.23623132677729,0.061594426960352486,8.50229593246015
5.265,1.0000000000009845,65.2303952399804,0.061605445951033885,8.502090636576773
5.2675,1.0000000000009859,65.28896349544904,0.06149517213979867,8.501891014111
5.2700000000000005,1.0000000000009859,65.33099201372433,0.06141620867094713,8.501722185631785
5.2725,1.0000000000009857,65.34272113622188,0.06139423800772845,8.501600067925711
5.275,1.0000000000009868,65.29248708702302,0.061488556311220674,8.501528378464274
5.2775,1.0000000000009863,65.22192597134053,0.06162137322271057,8.501492787871369
5.28,1.0000000000009877,65.23645042134515,0.06159405226697771,8.501470928359591
5.2825,1.0000000000009874,65.33185765459918,0.06141471709745642,8.501439521779577
5.285,1.0000000000009883,65.37190718680144,0.06133965297496784,8.501374044838872
5.2875000000000005,1.0000000000009892,65.2865982507314,0.06149972671473595,8.501259221804325
5.29,1.0000000000009888,65.22095708014129,0.06162332206021347,8.501092853159005
5.2925,1.0000000000009903,65.26881730085704,0.06153322480212258,8.50088418715042
5.295,1.0000000000009899,65.31079953857676,0.061454289739855214,8.500655535650807
5.2975,1.0000000000009908,65.30653648235952,0.06146226502751111,8.50043517746888
5.3,1.0000000000009912,65.31599235425585,0.06144454837019597,8.500252809910874
5.3025,1.0000000000009917,65.2998215559381,0.061474914113700894,8.500134104572338
5.305,1.0000000000009917,65.2495978029766,0.06156932732739021,8.500090775447266
5.3075,1.0000000000009919,65.25013718106976,0.061568345579273744,8.500123544647566
5.3100000000000005,1.0000000000009932,65.30385377375092,0.06146734447042079,8.500220995092745
5.3125,1.0000000000009939,65.33837486162503,0.061402487266421134,8.500356349219622
5.315,1.0000000000009945,65.31938201180094,0.06143811047408846,8.500500947275299
5.3175,1.000000000000995,65.26376762160723,0.06154267788545635,8.500628948310641
5.32,1.000000000000995,65.23019388685661,0.0616058961816651,8.50071560965746
5.3225,1.0000000000009956,65.27197785880315,0.06152718707458605,8.50074847927445
5.325,1.0000000000009954,65.3463845439338,0.06138743373811198,8.500732600013789
5.3275,1.000000000000996,65.34392416285633,0.06139203961896225,8.500684050382578
5.33,1.0000000000009974,65.26629430052911,0.061537862746349065,8.500624744316644
5.3325000000000005,1.0000000000009976,65.23045545187186,0.06160533597249677,8.50058242217974
5.335,1.0000000000009976,65.26995315565551,0.06153094446098154,8.50058383350864
5.3375,1.000000000000998,65.31989538446392,0.0614370822493394,8.500641781130883
5.34,1.0000000000009992,65.33607959745679,0.0614066816064565,8.50075957634562
5.3425,1.0000000000009985,65.30490536427565,0.06146522204429628,8.50093247479286
5.345,1.000000000000999,65.24630745696392,0.06157540733517566,8.50113476259596
5.3475,1.0000000000009999,65.24012513656274,0.06158701527419408,8.501331124677149
5.3500000000000005,1.000000000001,65.30539275573194,0.06146418068456093,8.501492720762256
5.3525,1.0000000000010012,65.34390296441323,0.061391909859975384,8.501591723542234
5.355,1.000000000001001,65.31248265828006,0.061450864993352027,8.501605009007449
5.3575,1.0000000000010005,65.25298252348071,0.061562719137686385,8.5015250375783
5.36,1.0000000000010032,65.2382088504131,0.06159054094650313,8.501359433616999
5.3625,1.0000000000010023,65.30734406813973,0.06146056478732007,8.501126834726708
5.365,1.0000000000010036,65.34330182546572,0.061393118539373306,8.5008534440902
5.3675,1.000000000001003,65.2859861360665,0.06150072993630268,8.500569323011689
5.37,1.0000000000010045,65.25271840002782,0.06156337647865065,8.500300495034457
5.3725000000000005,1.0000000000010054,65.28281247233127,0.06150679681086436,8.500062625494653
5.375,1.000000000001005,65.31360675408936,0.06144894772163965,8.499862606109467
5.3775,1.0000000000010054,65.30271334184346,0.06146943307791426,8.499695834207877
5.38,1.0000000000010056,65.2718613373336,0.06152742575001236,8.499543648108626
5.3825,1.0000000000010068,65.27042797023726,0.06153012001962739,8.499381182677793
5.385,1.0000000000010076,65.2978484519756,0.0614785677803455,8.499184744898724
5.3875,1.0000000000010072,65.32356775067956,0.06143029340514329,8.498934501020495
5.39,1.0000000000010083,65.29877500128181,0.06147682587791372,8.498616553687551
5.3925,1.0000000000010074,65.24276295636595,0.061582198614742574,8.49822814750937
5.3950000000000005,1.0000000000010092,65.25900443181574,0.0615516474037596,8.497780981057373
5.3975,1.0000000000010099,65.32949420620639,0.06141917964579281,8.497296099481458
5.4,1.0000000000010103,65.34070316471487,0.061398109712866314,8.496800834147873
5.4025,1.0000000000010105,65.28102537346878,0.0615101858945631,8.496324703600003
5.405,1.0000000000010112,65.23347422263774,0.061599748459749616,8.495891691409456
5.4075,1.0000000000010116,65.25768122546913,0.06155410983671166,8.495520337249193
5.41,1.0000000000010114,65.32513008730388,0.06142732231561732,8.495220528006492
5.4125000000000005,1.0000000000010123,65.34928420540889,0.061382020493091785,8.494987396287339
5.415,1.0000000000010132,65.29533425117339,0.061483284507772726,8.494805508039407
5.4175,1.000000000001014,65.23473614763127,0.06159731248365373,8.494653884723347
5.42,1.0000000000010136,65.24192526223094,0.061583771494860565,8.49450831213581
5.4225,1.0000000000010145,65.30969306397691,0.061456301937663965,8.494343807768654
5.425,1.000000000001015,65.3573836836896,0.061366845737738186,8.494139957261314
5.4275,1.0000000000010154,65.3110376662677,0.06145380284076855,8.493888021568429
5.43,1.0000000000010156,65.23979500152915,0.06158777506422838,8.493586597472719
5.4325,1.0000000000010156,65.24680937608782,0.061574582474854915,8.493239635227464
5.4350000000000005,1.0000000000010179,65.29327773894128,0.06148718138667298,8.49286454162495
5.4375,1.0000000000010174,65.32270552455496,0.06143188733104838,8.492483254129803
5.44,1.0000000000010174,65.32979320537332,0.061418572308332246,8.492112814711335
5.4425,1.000000000001018,65.29231930495847,0.06148895407046982,8.4917722144941
5.445,1.0000000000010179,65.23776507402812,0.06159162611393469,8.49147669194462
5.4475,1.0000000000010192,65.2487507249652,0.06157093235109032,8.491230335998265
5.45,1.0000000000010199,65.31627216082796,0.0614439568340072,8.49103104429502
5.4525,1.0000000000010203,65.34417279799722,0.061391606210890313,8.490871449282555
5.455,1.00000000000102,65.30800706328553,0.061459492604184436,8.490738732365102
5.4575000000000005,1.0000000000010212,65.25818775328192,0.06155316530617103,8.490615420304945
5.46,1.0000000000010214,65.23698506660895,0.061593080275259234,8.490484314487398
5.4625,1.0000000000010227,65.27686571110216,0.06151798886128976,8.490333222759611
5.465,1.0000000000010232,65.3424430326892,0.06139482592619999,8.490151552804955
5.4675,1.0000000000010227,65.3398002022466,0.06139978130100588,8.489934011489074
5.47,1.000000000001023,65.27233952534648,0.061526463357499686,8.48968280192723
5.4725,1.000000000001024,65.2318622872852,0.06160265691211981,8.48940231979624
5.4750000000000005,1.0000000000010238,65.26225513714593,0.061545448165758056,8.489100099231393
5.4775,1.0000000000010238,65.32182890674792,0.06143346488354576,8.488785967284649
5.48,1.0000000000010247,65.3383415372594,0.06140244902946086,8.488469536797366
5.4825,1.0000000000010258,65.30235214352582,0.06147001501865803,8.48815757614222
5.485,1.0000000000010258,65.25738692734298,0.06155456985986095,8.487851792454313
5.4875,1.000000000001027,65.23873459810774,0.0615896545955373,8.487551913024333
5.49,1.0000000000010267,65.28567598714551,0.06150129831066945,8.487253586329153
5.4925,1.0000000000010274,65.34846396511125,0.061383425316649025,8.486948404458571
5.495,1.0000000000010276,65.3185694850505,0.06143947917075645,8.486628444865492
5.4975000000000005,1.000000000001029,65.26363775038638,0.061542713557684585,8.486283537235549
5.5,1.0000000000010287,65.26194715719548,0.06154586818701196,8.48590403551747
5.5025,1.0000000000010294,65.26341101270745,0.061543077900690225,8.485486509211626
5.505,1.0000000000010303,65.30095224627712,0.06147253022058141,8.485030289882204
5.5075,1.0000000000010307,65.34342348200991,0.06139282574100769,8.484536264925332
5.51,1.0000000000010305,65.3002631105579,0.061473824283767804,8.48401081955292
5.5125,1.0000000000010314,65.25560281824873,0.06155783935804541,8.483465952224373
5.515,1.0000000000010316,65.25745521318466,0.061554387953364355,8.482913736292934
5.5175,1.0000000000010325,65.28576996531874,0.06150109064475069,8.482364931498333
5.5200000000000005,1.000000000001033,65.32406854352413,0.06142916387776117,8.481832842879273
5.5225,1.000000000001033,65.31366052427767,0.06144871209090261,8.481328380567438
5.525,1.0000000000010334,65.28748849311323,0.06149789534489141,8.480856114037534
5.5275,1.0000000000010336,65.26681392710347,0.06153679340584086,8.480419907694431
5.53,1.0000000000010338,65.25365212853953,0.061561531575172114,8.480019748100025
5.5325,1.0000000000010347,65.30100524246295,0.061472492886519646,8.479647990302691
5.535,1.0000000000010356,65.32638245962686,0.06142487258723603,8.479297283388913
5.5375000000000005,1.000000000001037,65.30052231401764,0.06147344101999129,8.478960663192717
5.54,1.0000000000010365,65.29282545787608,0.06148792967693924,8.478626666688331
5.5425,1.0000000000010374,65.2555581177065,0.06155801306878479,8.478285539196625
5.545,1.0000000000010372,65.24664861959656,0.06157479298732189,8.47793191185034
5.5475,1.0000000000010383,65.32334993649519,0.061430624903107155,8.477560514691712
5.55,1.0000000000010385,65.33998365094146,0.06139938744824172,8.477170285390656
5.5525,1.0000000000010385,65.29166001302691,0.061490122085382265,8.476765983268681
5.555,1.0000000000010396,65.26279623552306,0.061544449204514996,8.47635185558067
5.5575,1.0000000000010405,65.24616911341454,0.06157570858930979,8.475933416687703
5.5600000000000005,1.0000000000010405,65.28235649230176,0.06150757538636458,8.47552082762904
5.5625,1.000000000001041,65.33833103502288,0.06140246966356497,8.475122889509015
5.565,1.0000000000010412,65.33024974230007,0.06141761193290539,8.474744334622157
5.5675,1.0000000000010418,65.27606575305401,0.061519387851511904,8.47439072674476
5.57,1.0000000000010418,65.23272103236204,0.0616010047455557,8.474064417310208
5.5725,1.0000000000010427,65.26423137324981,0.06154170834745947,8.473759969486993
5.575,1.0000000000010432,65.32434666677305,0.06142872459715715,8.473472938946415
5.5775,1.000000000001043,65.33353056975695,0.06141146289241809,8.473197776973155
5.58,1.0000000000010438,65.30602854542114,0.061463106605772436,8.472921907776373
5.5825000000000005,1.0000000000010447,65.2541779913086,0.06156061627024636,8.472634781148287
5.585,1.000000000001046,65.24041715316861,0.061586518870484906,8.472327763572492
5.5875,1.0000000000010456,65.28450130958996,0.06150354627485476,8.471991475928538
5.59,1.0000000000010465,65.33208004949752,0.06141415204952702,8.471621236803957
5.5925,1.0000000000010476,65.35063784635149,0.06137935502626332,8.471215131477996
5.595,1.0000000000010476,65.27595961707172,0.06151956115649127,8.470774461008165
5.5975,1.0000000000010476,65.20907708138566,0.06164552741404686,8.47030466441112
5.6000000000000005,1.0000000000010494,65.26829051314743,0.06153401780412299,8.469810607059541
5.6025,1.0000000000010483,65.33035348667538,0.061417422163617966,8.469300911691247
5.605,1.0000000000010492,65.34417598587176,0.06139150037999157,8.468787331076271
5.6075,1.0000000000010498,65.31179354819538,0.06145229794391997,8.468275265924026
5.61,1.0000000000010483,65.23079204832638,0.06160464183390534,8.467769534775254
5.6125,1.000000000001051,65.22857186351752,0.06160883495510739,8.467276947181357
5.615,1.0000000000010503,65.30621341430906,0.061462738705388154,8.466797584019448
5.6175,1.000000000001051,65.35422590098887,0.06137260369173175,8.466329606898624
5.62,1.0000000000010514,65.33329896346977,0.061411855529629675,8.465872051328118
5.6225000000000005,1.0000000000010527,65.25111192125131,0.06156633514419467,8.465420936816898
5.625,1.0000000000010527,65.21853974604493,0.061627685851089443,8.464972619346279
5.6275,1.000000000001054,65.27960767334285,0.06151270730888654,8.46452351082889
5.63,1.0000000000010538,65.34209972075733,0.061395415205868,8.464071594084235
5.6325,1.0000000000010536,65.34750484027676,0.06138533248904673,8.46361914319013
5.635,1.000000000001055,65.27697451909023,0.061517786178673456,8.463167725719305
5.6375,1.0000000000010552,65.22386260524652,0.06161778827224432,8.462719918982907
5.64,1.0000000000010563,65.26486791515306,0.061540625864388125,8.462282296720684
5.6425,1.0000000000010556,65.31597344705668,0.06144456317620048,8.46186085784706
5.6450000000000005,1.0000000000010558,65.33680971011592,0.06140543830555824,8.46146170970952
5.6475,1.0000000000010576,65.31530280420114,0.061445808534854374,8.4610909154728
5.65,1.0000000000010583,65.25169260210573,0.061565409388072485,8.460752035819084
5.6525,1.0000000000010574,65.2335085937949,0.06159964739615999,8.460448889646184
5.655,1.000000000001058,65.29024662981185,0.06149286658362652,8.460181652927698
5.6575,1.000000000001059,65.34504184638821,0.061389976706646726,8.459947592569707
5.66,1.00000000000106,65.3270185586265,0.0614237777792845,8.459746193220651
5.6625000000000005,1.0000000000010603,65.26461597505046,0.061541056691840595,8.459572179938872
5.665,1.0000000000010603,65.23400150305194,0.061598681535276825,8.45941887513306
5.6675,1.0000000000010607,65.27749700425794,0.06151677637551611,8.459282015020674
5.67,1.0000000000010612,65.33878343358583,0.06140168946511916,8.459155458726656
5.6725,1.000000000001062,65.31888933282082,0.06143901774135671,8.459036569508498
5.675,1.0000000000010616,65.27369583769344,0.06152390933588741,8.45892275919201
5.6775,1.0000000000010623,65.26064284418722,0.06154846090703349,8.458811330089045
5.68,1.000000000001063,65.26979268305718,0.06153125440466813,8.458705880075316
5.6825,1.0000000000010636,65.31679239883422,0.06144292510780167,8.458608478819665
5.6850000000000005,1.0000000000010636,65.31499476283854,0.06144626001211272,8.458520153549385
5.6875,1.000000000001065,65.27300170401611,0.06152516939873587,8.458445174304149
5.69,1.0000000000010645,65.28473851495332,0.061503142100222286,8.458386371081458
5.6925,1.0000000000010645,65.28634967242468,0.061500067381117754,8.458343207526184
5.695,1.0000000000010654,65.28070978306269,0.06151060645841481,8.458312950846963
5.6975,1.0000000000010658,65.30473165485645,0.06146545848157924,8.458292902577178
5.7,1.0000000000010667,65.29784473302034,0.06147836835973456,8.458276762729453
5.7025,1.0000000000010671,65.27847735578992,0.06151470223930124,8.45825561450656
5.705,1.0000000000010674,65.28493301352594,0.061502547712782255,8.458224093529676
5.7075000000000005,1.0000000000010674,65.29815838415638,0.06147771071640898,8.458174718645873
5.71,1.0000000000010687,65.29459429781795,0.061484445764917135,8.458100603462666
5.7125,1.000000000001068,65.27236166791413,0.061526247099537884,8.458001658844243
5.715,1.0000000000010691,65.28784731933625,0.06149718176137079,8.457877959783149
5.7175,1.0000000000010694,65.31498548230147,0.06144625615549256,8.457733058894219
5.72,1.00000000000107,65.28659460616517,0.06149958569071404,8.457574433265592
5.7225,1.0000000000010705,65.27491154533766,0.06152158032538573,8.457408079444212
5.7250000000000005,1.0000000000010711,65.28729610341,0.0614983564096135,8.457243360454816
5.7275,1.000000000001071,65.28823230240172,0.06149660617175719,8.457087982997178
5.73,1.000000000001073,65.30368819861593,0.061467559641893585,8.456946559786212
5.7325,1.0000000000010723,65.29150251687051,0.06149046162905959,8.456824004852512
5.735,1.0000000000010725,65.2829604433982,0.06150654716028177,8.456719805239668
5.7375,1.0000000000010731,65.29562964920396,0.061482740365714536,8.456633351827543
5.74,1.0000000000010734,65.2765930650543,0.06151850045217887,8.456562975524214
5.7425,1.000000000001074,65.28081707849314,0.06151057644911674,8.45650304021752
5.745,1.0000000000010751,65.3054785918415,0.06146422766823747,8.45645129761683
5.7475000000000005,1.0000000000010754,65.30923976979504,0.06145714759133641,8.456404750503868
5.75,1.000000000001076,65.28728795977277,0.06149841505110475,8.456360597515818
5.7525,1.0000000000010763,65.25716047546186,0.061555076553068286,8.456317426201325
5.755,1.000000000001076,65.28127867600519,0.0615096872732096,8.4562723310222
5.7575,1.000000000001077,65.31350423142584,0.06144914203611258,8.456226195038171
5.76,1.0000000000010771,65.30965051996553,0.06145636133595651,8.456177892675766
5.7625,1.0000000000010776,65.28994846037325,0.0614933746842189,8.456122934751495
5.765,1.0000000000010787,65.26421955626506,0.06154178071578935,8.456061438747897
5.7675,1.0000000000010791,65.27197114357573,0.06152720659666906,8.455993353464311
5.7700000000000005,1.000000000001079,65.29765466716069,0.061478893665448266,8.455916635786613
5.7725,1.0000000000010798,65.32215917544491,0.06143288566387945,8.455833972777757
5.775,1.0000000000010805,65.30621323725671,0.061462854972897274,8.455751201155941
5.7775,1.0000000000010805,65.24723990146664,0.06157373545381655,8.455673946867906
5.78,1.0000000000010811,65.27110337061524,0.06152883186090793,8.45561189608665
5.7825,1.0000000000010805,65.31918760864791,0.06143849120328798,8.455575693894586
5.785,1.0000000000010831,65.29731236561584,0.06147956604925855,8.45557341527085
5.7875000000000005,1.0000000000010827,65.28899207088011,0.06149522538781686,8.455614266388544
5.79,1.0000000000010827,65.28275131579565,0.06150694118650512,8.455702620353346
5.7925,1.0000000000010827,65.27918616556555,0.06151362260795517,8.455836468439854
5.795,1.000000000001083,65.30424018933503,0.06146656916437518,8.456011597042542
5.7975,1.0000000000010842,65.28646600315703,0.06149994153753918,8.456218135498553
5.8,1.0000000000010845,65.27548683634593,0.06152058247424812,8.45644324182104
5.8025,1.000000000001085,65.30283820484608,0.06146920093297705,8.456673449353936
5.805,1.0000000000010854,65.2992605882443,0.06147587614915018,8.456894192413497
5.8075,1.0000000000010856,65.29315391355699,0.06148735301246259,8.457095842002772
5.8100000000000005,1.000000000001086,65.27488077389516,0.06152173202226705,8.457272561137145
5.8125,1.0000000000010867,65.26458976920695,0.061541045278599237,8.457420595251978
5.815,1.0000000000010874,65.30892392814823,0.06145770343525783,8.457543631794517
5.8175,1.000000000001088,65.31154740085975,0.06145277399605951,8.457648578920475
5.82,1.000000000001088,65.29705954934099,0.0614799569286032,8.457742248596672
5.8225,1.0000000000010885,65.28667865000516,0.06149947111664061,8.457833219707943
5.825,1.000000000001089,65.23882828065166,0.06158951069210448,8.457928107418226
5.8275,1.0000000000010898,65.2801204044868,0.06151179192151673,8.458031058995875
5.83,1.0000000000010902,65.34776453712432,0.06138474523153569,8.458142711767248
5.8325000000000005,1.0000000000010902,65.31798827420523,0.061440591987083,8.45826214069867
5.835,1.0000000000010907,65.27226311883837,0.06152656308613265,8.458388007304263
5.8375,1.0000000000010918,65.23151638261082,0.06160323577451136,8.458513649117892
5.84,1.0000000000010922,65.26333187026275,0.0615432797269903,8.458636597894731
5.8425,1.0000000000010922,65.35190799703514,0.06137696034314316,8.458757763515822
5.845,1.000000000001092,65.33354225020253,0.061411362575917706,8.458873772347237
5.8475,1.0000000000010931,65.27155951371148,0.061527781355713046,8.458987335578877
5.8500000000000005,1.000000000001094,65.25151007584277,0.061565537834513386,8.459101211003347
5.8525,1.0000000000010945,65.2527174627273,0.061563244672918904,8.459212971610535
5.855,1.000000000001095,65.29927498456026,0.061475679759962314,8.459323424545511
5.8575,1.0000000000010956,65.34554472914006,0.06138885045269165,8.459431755653052
5.86,1.000000000001096,65.3288177554635,0.06142021672735807,8.459533586469497
5.8625,1.0000000000010965,65.25968418487362,0.06155015776411305,8.459623529001618
5.865,1.000000000001097,65.21424675555419,0.061635798133385614,8.45969818074409
5.8675,1.0000000000010965,65.2692647130188,0.061532191146837584,8.459757233864972
5.87,1.0000000000010973,65.35299352062115,0.061374940916301704,8.459800540547505
5.8725000000000005,1.0000000000010973,65.35857996272976,0.061364472353686826,8.459835042676826
5.875,1.0000000000010982,65.2829025835176,0.06150656190088258,8.459871538470901
5.8775,1.0000000000010987,65.20475084844298,0.061653733735776435,8.45991771479225
5.88,1.0000000000010985,65.23745831713327,0.06159205690219264,8.459985332213655
5.8825,1.0000000000010996,65.33651044064108,0.06140589020562055,8.460083252464168
5.885,1.0000000000011,65.36366615383788,0.06135497457283977,8.460212367828447
5.8875,1.0000000000011007,65.32033978753931,0.061436191839914535,8.460371222777987
5.89,1.0000000000011011,65.24059391850612,0.06158617305449537,8.460548018501179
5.8925,1.0000000000011018,65.1974297083694,0.06166756235711053,8.460724430308469
5.8950000000000005,1.0000000000011011,65.28224462189236,0.06150775965490222,8.460883685454197
5.8975,1.0000000000011031,65.37346073011372,0.061336531667270204,8.461005256402055
5.9,1.0000000000011016,65.36013424370925,0.0613615369225235,8.461075004449485
5.9025,1.0000000000011027,65.28157936675407,0.06150902972644074,8.46108955975561
5.905,1.000000000001104,65.18476975648275,0.06169143287813597,8.461048802839198
5.9075,1.0000000000011042,65.21292138002431,0.06163826825575041,8.460965089023995
5.91,1.000000000001105,65.36150265487794,0.06135897954791494,8.46086379298378
5.9125000000000005,1.0000000000011058,65.4073571314123,0.06127312520709586,8.460772199531084
5.915,1.0000000000011044,65.31155464154497,0.0614527093736446,8.46071714078273
5.9175,1.000000000001105,65.18544509955716,0.061690159517563195,8.46072227386428
5.92,1.0000000000011064,65.18519435764954,0.0616906274766385,8.460803386814726
5.9225,1.0000000000011062,65.32752186006245,0.061422770819081346,8.460964231299734
5.925,1.0000000000011064,65.39809589874662,0.061290480038587634,8.461197325520097
5.9275,1.0000000000011067,65.35322883962846,0.06137446261291942,8.461486701525791
5.93,1.000000000001108,65.24285765467866,0.06158194685925278,8.461806456107059
5.9325,1.000000000001108,65.15459948391442,0.06174847354724534,8.462128070840535
5.9350000000000005,1.0000000000011078,65.25732124858808,0.06155461084138387,8.46242888612361
5.9375,1.0000000000011091,65.39912502360394,0.061288527467484,8.462691616628856
5.94,1.0000000000011098,65.39137082589177,0.06130301546413614,8.462908006623556
5.9425,1.0000000000011102,65.2775241854355,0.06151662669745957,8.46308102686898
5.945,1.0000000000011104,65.15642812842881,0.06174492590402519,8.463221335159542
5.9475,1.0000000000011113,65.21744725633773,0.06162975575059598,8.46334540323395
5.95,1.0000000000011113,65.37810326499141,0.061327911834536036,8.463471528022792
5.9525,1.0000000000011113,65.38746418040787,0.06131036603122952,8.463616233862203
5.955,1.0000000000011127,65.29985833271357,0.06147467940598841,8.463790218569471
5.9575000000000005,1.0000000000011127,65.21541144055419,0.061633661688001176,8.463993711710085
5.96,1.0000000000011144,65.20868334178233,0.06164632432397654,8.464220658651858
5.9625,1.0000000000011138,65.30600264985114,0.06146317890461723,8.464461013245108
5.965,1.000000000001115,65.36328791147223,0.061355695185764426,8.464699039195816
5.9675,1.0000000000011153,65.3401516389632,0.061399008887165214,8.464919844009826
5.97,1.0000000000011147,65.27630627796938,0.061518931620723014,8.46511390091385
5.9725,1.0000000000011158,65.2084451455842,0.06164673931079113,8.465276372555183
5.9750000000000005,1.0000000000011162,65.2428971984516,0.061581779277392834,8.465408579273753
5.9775,1.0000000000011169,65.3454826111525,0.06138894346972693,8.465517679848698
5.98,1.0000000000011178,65.35847462692895,0.061364620801971505,8.465614149132719
5.9825,1.000000000001118,65.28247000353076,0.061507330617224,8.465708891439832
5.985,1.000000000001118,65.25057738079914,0.061567315464768936,8.465810143950566
5.9875,1.0000000000011184,65.2728514579537,0.06152535759566676,8.465921258733383
5.99,1.0000000000011193,65.2687522160599,0.06153303726738747,8.466039829196637
5.9925,1.000000000001119,65.28868599496913,0.06149560772998686,8.46615863742445
5.995,1.0000000000011198,65.3476710762195,0.06138478870876236,8.466268130260003
5.9975000000000005,1.0000000000011195,65.33346084325889,0.06141142118017312,8.46636179292612
6.0,1.000000000001121,65.25968024419336,0.061550055002127214,8.466436700019567
