t,norm,peak,PR,R_rms,finite,mass_w,mass_out,peak_w,n_cells_w,com_x,com_y,com_z,d_com,median_out,contrast,y_corr_w,y_corr_out,planted,alive,backend
0.0,0.9999999403953552,1.436251163482666,1.8873066103485516,0.6117469882808411,True,2.87934441054257e-29,0.9999999403953552,2.3034752876928128e-28,1,4.0000001673421055,0.0,0.0,3.9999998326578945,0.0,2.303475287692813e-16,nan,nan,False,,numpy
0.005,17.38715934753418,1.4063067436218262,564.0865446037998,15.527075179217364,True,0.13396798074245453,17.253192901611328,0.0039823842234909534,41,8.005239888811147,0.058306850088866595,0.06122506591863124,0.08470923148500101,0.0003462235035840422,11.502350886829007,0.48220658720066756,0.993261906180908,False,,numpy
0.01,33.690528869628906,1.3647541999816895,1943.916073852144,15.756272167982099,True,0.2628331780433655,33.427696228027344,0.006960323546081781,64,8.022022667165837,0.07996621053298239,0.01698291677149552,0.08466411375647916,0.0006921938038431108,10.055454855905317,0.6710870167032652,0.9795791258805786,False,,numpy
0.015,49.97001647949219,1.3397414684295654,3815.2845144602134,15.837019652903487,True,0.3850947618484497,49.584922790527344,0.010867620818316936,49,8.011952714884899,0.054835562379389885,0.008219077324394709,0.05672177295049953,0.001038854126818478,10.461161521877331,0.7266848285890993,0.9607590607744387,False,,numpy
0.02,66.26792907714844,1.4343373775482178,5426.058755436391,15.871199391736475,True,0.5187156200408936,65.74921417236328,0.015856768935918808,37,8.069639475749025,0.038854379938521685,-0.018209275439438864,0.08179790422153453,0.0013847387162968516,11.451090916504375,0.749584563013865,0.9443821865629872,False,,numpy
0.025,82.88883972167969,1.4884189367294312,6970.4131543986605,15.896339196883503,True,0.6578606367111206,82.23097229003906,0.020724210888147354,35,8.039596514067433,0.048646472171871166,-0.008980555250596368,0.06336413460049863,0.0017373892478644848,11.928363729440916,0.7831431410707433,0.9266339189428398,False,,numpy
0.03,99.06836700439453,1.468442678451538,8555.785612700056,15.91178720286927,True,0.7893821001052856,98.27899932861328,0.022677861154079437,56,8.022601483824278,0.04668162238253253,-0.015600448412977364,0.05416064004432041,0.0020819283090531826,10.892719530958708,0.7943692171318374,0.905672477640937,False,,numpy
0.035,115.43386840820312,1.5589338541030884,9542.110310957505,15.9204495004627,True,0.9288133978843689,114.50506591796875,0.027901984751224518,54,8.012375020987907,0.05161771833329837,-0.0432373068195993,0.0684616293364322,0.002425743732601404,11.502445363963492,0.8063816392076125,0.8937198027757159,False,,numpy
0.04,131.6935272216797,1.6575387716293335,10326.343665252723,15.930768661939,True,1.0612592697143555,130.63226318359375,0.031433649361133575,52,7.995477147808825,0.036318985902507574,-0.03256898324206652,0.04899248512120784,0.0027778814546763897,11.315691426722688,0.8162834707213135,0.8850885381095106,False,,numpy
0.045,147.84654235839844,1.6965736150741577,11082.057003016822,15.941521427015713,True,1.207818865776062,146.63873291015625,0.03096443973481655,77,8.005476495916087,0.000686359300562678,-0.01648334838550785,0.017382861404452582,0.0031064096838235855,9.96791887949028,0.8197098649447383,0.874485544985877,False,,numpy
0.05,164.2045440673828,1.7744402885437012,11680.22165222552,15.946332968283679,True,1.3445649147033691,162.8599853515625,0.0401105172932148,47,7.99489821956717,-0.0020224495591162767,-0.03715450149061286,0.037557628343918785,0.0034402941819280386,11.659037039307995,0.8059664617845163,0.8653447487960547,False,,numpy
0.055,180.61495971679688,1.7731863260269165,12331.048147864907,15.947393135098705,True,1.490522027015686,179.12445068359375,0.05292227491736412,30,7.992154700529053,-0.015099441660293107,-0.0517900950350491,0.0545138129833243,0.0037936591543257236,13.95019235110235,0.8137756742020819,0.8542402260402423,False,,numpy
0.06,196.8631134033203,1.8313676118850708,12760.025043672262,15.949410564724998,True,1.6346487998962402,195.2284698486328,0.05906549096107483,24,8.005443606510298,-0.009368550733746662,-0.07529348196933892,0.07606912002749149,0.004146831575781107,14.24352300827388,0.8204352588669126,0.848005570401979,False,,numpy
0.065,213.29612731933594,1.947391152381897,13009.027088974659,15.958335042843816,True,1.7335432767868042,211.56260681152344,0.06249026954174042,21,7.999074665561976,0.0020536554359135784,-0.07355301487035022,0.07358749717845832,0.004498371854424477,13.89175274166734,0.8069005018687834,0.8469416159547399,False,,numpy
0.07,229.46554565429688,2.0506346225738525,13286.58670967008,15.967206149109863,True,1.861732006072998,227.60379028320312,0.06664658337831497,15,7.982860545522781,0.007847938622172238,-0.06523837847401183,0.06790726814054919,0.004841987509280443,13.764303036836864,0.7948639779692643,0.8432836599921024,False,,numpy
0.075,245.741943359375,2.1653292179107666,13443.113704152336,15.970999133020834,True,2.037353277206421,243.70457458496094,0.07087995857000351,20,7.991325679130574,0.011545295052262958,-0.04387442111558464,0.04618985287503339,0.005179581232368946,13.68449598339163,0.7962584055137405,0.8410457140533708,False,,numpy
0.08,262.0440368652344,2.281956911087036,13649.065523898926,15.97560904799901,True,2.1717655658721924,259.8722839355469,0.06048549339175224,56,7.977614207980112,0.01632341392878696,-0.03604859100687789,0.04546513433642691,0.00553195271641016,10.933841356294705,0.7910994099782008,0.8376772367179448,False,,numpy
0.085,278.2984924316406,2.4328601360321045,13697.443293093866,15.975769448441072,True,2.305826425552368,275.99267578125,0.0698135644197464,35,7.957336492681394,0.022163647145779248,-0.02471510239363689,0.054057732082055616,0.005875775590538979,11.881591348069588,0.7874574351147736,0.8396968954661015,False,,numpy
0.09,294.59356689453125,2.74766206741333,13574.960213078928,15.980332872583876,True,2.45339298248291,292.14019775390625,0.07725362479686737,28,7.963782967176869,0.010645841670108631,-0.02590671454441194,0.04578389749532455,0.006218594033271074,12.42300500459439,0.7844627405419502,0.8428804808275455,False,,numpy
0.095,311.1101989746094,2.8352975845336914,13717.583116491622,15.98073529869664,True,2.5939223766326904,308.5162658691406,0.0820288136601448,29,7.962012634105371,0.004167199437043718,-0.01916735949841748,0.04275269803067478,0.006560729816555977,12.503001335788193,0.7788147958186741,0.841297289333671,False,,numpy
0.1,327.1549072265625,2.892598867416382,13867.058416698555,15.983025327093387,True,2.7429146766662598,324.4119873046875,0.07787264138460159,51,7.95597657641918,0.016218331056474956,0.015730752753809685,0.049482852264549584,0.006894954480230808,11.294148729752719,0.7807233060344712,0.8380098403332024,False,,numpy
0.105,343.4721984863281,2.974576950073242,13984.119517969686,15.98603563748936,True,2.888827085494995,340.58349609375,0.08910621702671051,39,7.945638155674387,0.023058237507057103,-0.004773854585845835,0.05924257019256379,0.0072484142147004604,12.293201573110265,0.7825284892963152,0.835161869634378,False,,numpy
0.11,359.8212890625,3.1175944805145264,14036.599729339578,15.9834769272976,True,3.0515174865722656,356.7697448730469,0.08798108249902725,46,7.945109950661661,0.02449155696611166,-0.02883104161397351,0.0666632045399579,0.007570280693471432,11.62190492816226,0.7837933517866384,0.8337014420310727,False,,numpy
0.115,376.11785888671875,3.2543752193450928,14080.430133554932,15.983481164398775,True,3.1593151092529297,372.9585876464844,0.10142255574464798,21,7.944172584741394,0.026423966336302382,-0.02247983873111742,0.06572875657408958,0.00791848637163639,12.808326109891196,0.7832339216803033,0.8320496010909166,False,,numpy
0.12,392.45953369140625,3.526566982269287,13976.098181289608,15.986094338468481,True,3.322864294052124,389.1367492675781,0.10106753557920456,30,7.952224480710761,0.02968278384487935,-0.014336509751085314,0.05804397825770756,0.008277440443634987,12.209998521574548,0.7807816952678017,0.8349238024377718,False,,numpy
0.125,408.7898254394531,3.7424936294555664,13929.824069918874,15.987025199968585,True,3.4947562217712402,405.29510498046875,0.10470474511384964,37,7.961663933196848,0.019917845198902117,-0.02719387034435032,0.05104783207550019,0.008622411638498306,12.14332480327803,0.7872779598911301,0.8358328248795562,False,,numpy
0.13,425.093017578125,3.9134938716888428,13923.063791381523,15.986429943778656,True,3.5984015464782715,421.49462890625,0.1148894727230072,25,7.957121877524123,0.023519439808077386,-0.03288072711195286,0.05893080392589966,0.008966464549303055,12.813241171174576,0.7945150439228541,0.8359532945339333,False,,numpy
0.135,440.933349609375,4.111690998077393,13890.878133597203,15.989789742810732,True,3.6935641765594482,437.23968505859375,0.10752636194229126,36,7.9670415364576,0.042389373167865306,-0.050036182448568084,0.07339440599028396,0.009301149286329746,11.560545759686585,0.7935969793146644,0.8368445072921914,False,,numpy
0.14,456.977294921875,4.271633148193359,13901.90974528875,15.995570320467737,True,3.8175289630889893,453.1598205566406,0.11509822309017181,34,7.954911253958871,0.040767497244537085,-0.035195343034967,0.0702402735081077,0.009648340754210949,11.929328163491533,0.7948451617239406,0.8353545468845919,False,,numpy
0.145,473.46392822265625,4.528036117553711,13808.092233224166,15.994741848722303,True,3.95167875289917,469.51226806640625,0.10538165271282196,56,7.95948119242367,0.042692353125352515,-0.03122780911514309,0.06663022471010627,0.010002168826758862,10.535880221386966,0.7925107743077325,0.8370414263298882,False,,numpy
0.15,489.7428283691406,4.629052639007568,13881.624943779485,15.995362128776225,True,4.0783796310424805,485.6644592285156,0.11611918359994888,39,7.9684419696970625,0.03506924226698914,-0.026905340755868357,0.05431075759894432,0.010351681150496006,11.217422746293241,0.7891936622532914,0.8364284557140467,False,,numpy
0.155,505.7532958984375,4.7338738441467285,13931.640867191985,15.99444135006648,True,4.200383186340332,501.55291748046875,0.1085679680109024,66,7.954481398778886,0.02220579006338692,-0.007098515936073265,0.05114126609657524,0.010708370245993137,10.138607978326712,0.7886029801507811,0.8353565848080764,False,,numpy
0.16,522.2544555664062,4.966579437255859,13864.748070698508,15.993853558421776,True,4.333150386810303,517.9212646484375,0.11498107016086578,54,7.959999804822636,0.02071276430850948,-0.014971605683285028,0.0474677068780751,0.011059434153139591,10.396650368249134,0.7804759460161378,0.8362733618083281,False,,numpy
0.165,538.4359741210938,5.125243186950684,13872.198127194773,15.996777312828803,True,4.449364185333252,533.9866333007812,0.12381753325462341,45,7.962087067738087,0.020492590377624437,-0.015003546226765458,0.04563379331657874,0.01141003705561161,10.851632878241029,0.7827387083779392,0.8361593636088357,False,,numpy
0.17,554.6033325195312,5.221682071685791,13923.671919917915,15.997146830568148,True,4.571274757385254,550.0320434570312,0.1148553118109703,76,7.97607452167513,0.02272372672896612,-0.0086263624458075,0.034105870441508694,0.011748571880161762,9.776108363001214,0.7768758178795976,0.8340842618688291,False,,numpy
0.17500000000000002,570.2969360351562,5.313260555267334,13970.119561856754,15.994649487206678,True,4.731532573699951,565.5654907226562,0.1297062188386917,52,7.975682285552063,0.02513187107197937,-0.01552119669305081,0.03826055052314822,0.012097100727260113,10.722091331058053,0.7786102680556503,0.8328570682031349,False,,numpy
0.18,586.5339965820312,5.351917743682861,14053.14363532515,16.0005086899576,True,4.884405136108398,581.649658203125,0.12143751233816147,75,7.969975139889248,0.02493407630001867,0.002910949503214454,0.039136607065707894,0.01244155690073967,9.760636334102351,0.77438947088084,0.8303568873228325,False,,numpy
0.185,602.5047607421875,5.373974323272705,14140.219417689188,15.998262142725995,True,5.0147013664245605,597.4898681640625,0.12227635830640793,79,7.972909546918429,0.012117875223458406,0.00822346387645139,0.030795468923583466,0.012773671187460423,9.572530599225336,0.7752418813291012,0.8273681956615286,False,,numpy
0.19,618.4458618164062,5.356314659118652,14260.935138448724,15.994896162761773,True,5.1451520919799805,613.3007202148438,0.13872681558132172,58,7.9661235526899405,0.007921307013543722,0.00314461337558089,0.03493206808129077,0.013085962273180485,10.60119330052178,0.7717329715187344,0.824329400115203,False,,numpy
0.195,634.460693359375,5.293642520904541,14396.493868157077,15.996615279038645,True,5.292291641235352,629.16845703125,0.13985475897789001,56,7.96526842112792,0.015964922008829378,-0.0038242353201756703,0.038415961285377075,0.013413683511316776,10.426275441782877,0.7700896350530436,0.8201908346847521,False,,numpy
0.2,650.6057739257812,5.232145309448242,14532.465166822398,15.99669911850448,True,5.404677391052246,645.2010498046875,0.1545235812664032,47,7.95446461557453,0.02236199620506812,-0.012909048078720316,0.05234666781514895,0.01376402098685503,11.226630750852307,0.7669904511424189,0.8164620053510329,False,,numpy
0.20500000000000002,666.578125,5.283025741577148,14589.808026671062,15.997077191884584,True,5.557114124298096,661.0210571289062,0.13644146919250488,81,7.953175312448858,0.020529621901553177,-0.016906820461357035,0.05385032328403782,0.014131872914731503,9.65487518998802,0.7664920217562632,0.8148204570945599,False,,numpy
0.21,682.32080078125,5.285323143005371,14666.988235454324,15.998054115293067,True,5.699707984924316,676.62109375,0.1536586433649063,62,7.9675561558940515,0.04419226193306321,-0.01887056902396625,0.05797980174526151,0.014482592232525349,10.609885364293838,0.7646008711326614,0.8117844484286305,False,,numpy
0.215,698.3899536132812,5.216939926147461,14771.043098104961,15.995589379932149,True,5.807239055633545,692.582763671875,0.1571156233549118,62,7.9742676061755935,0.04375667290082294,-0.01727948451330946,0.053622598783811926,0.014800971373915672,10.615223784014796,0.7668701305679806,0.8081936281607283,False,,numpy
0.22,714.7141723632812,5.065786838531494,14943.819358401526,15.997566089191041,True,5.94886589050293,708.765380859375,0.15614642202854156,73,7.968336892360055,0.04727978808248805,-0.011531601012212522,0.058059526078401466,0.015118918381631374,10.327883125439092,0.7674872171849328,0.8028268518196086,False,,numpy
0.225,730.6513061523438,5.042765140533447,15015.73595841944,15.99514708856922,True,6.077829360961914,724.5734252929688,0.1628514528274536,66,7.965194457534486,0.03650490255159409,-0.019056831378262005,0.05391842466912009,0.015499312430620193,10.507011427534481,0.7715482323326788,0.8005007009549184,False,,numpy
0.23,746.1319580078125,4.879521369934082,15151.11001657056,15.99872633789119,True,6.151551246643066,739.9804077148438,0.16830883920192719,57,7.967302791725446,0.043127431627125616,-0.02621626833129681,0.060136307775922694,0.01578272320330143,10.664119051819926,0.7759287093817622,0.7953821479894371,False,,numpy
0.23500000000000001,762.00537109375,4.811132907867432,15242.054386881875,15.996364429635282,True,6.283251762390137,755.7221069335938,0.16786593198776245,63,7.970295286975285,0.05100150881666059,-0.02842038067787037,0.06550757143515261,0.016148842871189117,10.394920139278168,0.7690918314188054,0.7922260575427994,False,,numpy
0.24,777.994384765625,4.767447471618652,15308.012413590244,15.994326378109154,True,6.418907165527344,771.5755004882812,0.1673157960176468,70,7.970952267327318,0.048401306141215635,-0.03654720471282561,0.06724697303165736,0.01646469719707966,10.162093721791834,0.7730635383756029,0.7891688300672282,False,,numpy
0.245,794.2623901367188,4.646158218383789,15408.130407007819,15.994047519985482,True,6.479949951171875,787.7825317382812,0.15898443758487701,84,7.979711092194703,0.033677715486616924,-0.047932368893880986,0.06199467951452311,0.016826041042804718,9.448713287958082,0.7704313582552064,0.784752715840554,False,,numpy
0.25,810.108642578125,4.380076885223389,15567.10228980586,15.995597247924783,True,6.542510986328125,803.5662231445312,0.16385987401008606,79,7.98434828727886,0.029034465838483996,-0.05302321479429928,0.06244547721615703,0.017138663679361343,9.560831408775982,0.7689594066921602,0.7774850715468087,False,,numpy
0.255,826.144287109375,4.225497722625732,15664.287257009177,15.997317495163257,True,6.688266754150391,819.4560546875,0.18609097599983215,52,7.986419498631807,0.014864450130034236,-0.06074171915682213,0.06399170525315002,0.01752471923828125,10.618770747170222,0.7623649861684271,0.7726118381134484,False,,numpy
0.26,842.2529296875,4.02421236038208,15759.224468952743,15.996074936514454,True,6.736045837402344,835.5169067382812,0.2093365639448166,34,7.983750884839755,0.0278382592503091,-0.05446673228123744,0.06329002565155366,0.01787102408707142,11.713741916796959,0.7606081032863242,0.7668591922019705,False,,numpy
0.265,857.8863525390625,3.987492799758911,15801.847156454553,15.994070943381614,True,6.81815767288208,851.0682373046875,0.2460460066795349,19,7.984017157255796,0.026626942229346237,-0.06135485320552753,0.06876673124805875,0.018194738775491714,13.52292053848877,0.7538076649964928,0.7654771829447026,False,,numpy
0.27,873.645263671875,3.7834267616271973,15893.547323913213,15.992739227061932,True,6.945436954498291,866.69970703125,0.23196808993816376,28,7.980862538157678,0.018004122506339412,-0.061731225594460336,0.0670904992259245,0.01854648068547249,12.507391233522004,0.7555809206346811,0.7608168067646587,False,,numpy
0.275,890.0235595703125,3.716360330581665,15926.93413974865,15.993549132571175,True,7.1324663162231445,882.8912353515625,0.22992093861103058,32,7.969961066575407,0.015507316717804271,-0.061338061265522825,0.07003693420536376,0.018848270177841187,12.198516704272164,0.7499628838150846,0.7584433223293682,False,,numpy
0.28,905.611572265625,3.5488598346710205,15976.281100996428,15.992992210454815,True,7.261634826660156,898.35009765625,0.22894728183746338,32,7.966347372350771,0.021499972928160842,-0.07288943583544896,0.08311208119172149,0.0192355215549469,11.90231734468275,0.7440744351935339,0.7546906855242425,False,,numpy
0.28500000000000003,922.0358276367188,3.446451187133789,16020.332082552384,15.992031556484713,True,7.438060283660889,914.59765625,0.21064750850200653,43,7.979679587904565,0.008874849753838352,-0.08412227232934318,0.08699562522181034,0.019552476704120636,10.773443778486287,0.7440315067443141,0.7524386929231632,False,,numpy
0.29,937.65185546875,3.2109479904174805,16079.939840111012,15.990906767036117,True,7.545800685882568,930.1060791015625,0.2372841238975525,29,7.971246702949481,0.004257179124150564,-0.08461049839006093,0.08946402686658482,0.019873155280947685,11.93993206126839,0.7334986081757391,0.7479802171850805,False,,numpy
0.295,954.3057861328125,3.129636526107788,16110.111311488221,15.992276930860555,True,7.725676536560059,946.580078125,0.2588860094547272,23,7.980475590260151,0.004734144091194681,-0.07966298390758181,0.08215720115136185,0.02024354599416256,12.78857022032502,0.7345285130394908,0.7468808660155837,False,,numpy
0.3,969.8719482421875,2.9207379817962646,16165.606718454233,15.990635635723422,True,7.82114315032959,962.0507202148438,0.25605690479278564,26,7.97365726881498,0.0024202454926529186,-0.07759698394395016,0.08198224802802481,0.02055913582444191,12.454653103092502,0.7333194152439038,0.7434505183306812,False,,numpy
0.305,986.0667724609375,2.8670191764831543,16182.865091809517,15.991085401901397,True,7.964776039123535,978.10205078125,0.2522801160812378,29,7.9751939217307415,0.010898893403410586,-0.07799502605719,0.08256725432143927,0.02088065631687641,12.082001267236842,0.7234020235310632,0.7432423827765455,False,,numpy
0.31,1002.329345703125,2.758382558822632,16201.844571328582,15.99257260296492,True,8.13146686553955,994.1979370117188,0.2704576253890991,26,7.968505874565114,0.005924786605126126,-0.07701764615436253,0.08341882792501466,0.021248862147331238,12.728099204270446,0.7236896297642021,0.7416803723937857,False,,numpy
0.315,1018.5087280273438,2.600346803665161,16238.676002300313,15.994168270808776,True,8.271808624267578,1010.23681640625,0.26191458106040955,28,7.970654169184726,0.00659106590247715,-0.0653122614177284,0.07190487763335082,0.02161700464785099,12.116136593718466,0.7234766989950201,0.7398109774180638,False,,numpy
0.32,1034.4686279296875,2.450223684310913,16269.619985016214,15.992710080930335,True,8.376927375793457,1026.0916748046875,0.281210333108902,23,7.974820993243023,0.010547183595343233,-0.057489265543549384,0.06364150466321877,0.021948201581835747,12.812454453745797,0.7256157771985293,0.7383897443474988,False,,numpy
0.325,1050.022705078125,2.249216079711914,16302.50844805763,15.993516938627973,True,8.501338958740234,1041.5213623046875,0.26155146956443787,35,7.981076546308617,0.0006486798984841303,-0.048890693405262586,0.05242916923686667,0.02226845547556877,11.745379909773803,0.7241936608585701,0.735993483708444,False,,numpy
0.33,1066.43505859375,2.1691083908081055,16303.375896414798,15.994016965365727,True,8.59593391418457,1057.8389892578125,0.2640327215194702,41,7.986072975756471,0.001980993331788206,-0.04876732053780721,0.050755668563202475,0.02259857766330242,11.68359909430185,0.7263240385422833,0.7355391027596107,False,,numpy
0.335,1081.972900390625,2.0608763694763184,16306.965273767471,15.993273426667981,True,8.684271812438965,1073.2889404296875,0.2359682023525238,53,7.972238848796295,0.009696490595125366,-0.04737183138452408,0.055756558849520875,0.02291632443666458,10.296948055727057,0.7247376746878961,0.7348207560085263,False,,numpy
0.34,1098.3094482421875,1.9723738431930542,16326.972495514312,15.993261494554602,True,8.821744918823242,1089.48779296875,0.2277805209159851,71,7.9808219979329005,0.006629573517835063,-0.03414765110303272,0.039721645033514226,0.023279476910829544,9.784606492168313,0.7227224643924922,0.7342707521528858,False,,numpy
0.34500000000000003,1114.98193359375,1.7889719009399414,16347.422156836019,15.994175485248945,True,8.96016788482666,1106.0218505859375,0.24180307984352112,62,7.983844133411786,0.004295599246926577,-0.03490402282199386,0.03870083987802634,0.023627348244190216,10.234033770716469,0.7221396259225537,0.7323537376592192,False,,numpy
0.35000000000000003,1130.452880859375,1.6287617683410645,16361.828793456189,15.995823865119322,True,9.111658096313477,1121.34130859375,0.259397953748703,50,7.979933067036777,0.005280017746104215,-0.016694795100097984,0.026632246795640777,0.023930465802550316,10.839653347702846,0.724283651606366,0.7311953447493665,False,,numpy
0.355,1146.14453125,1.4722909927368164,16370.921387194423,15.994870441074964,True,9.238314628601074,1136.9061279296875,0.25886037945747375,55,7.975015605981689,-0.0007697814999116537,-0.007795940278674346,0.026183758188015868,0.02430863492190838,10.648906460155583,0.7276232930207385,0.7302164023789907,False,,numpy
0.36,1161.8089599609375,1.3395899534225464,16360.851232188654,15.99557502626623,True,9.427330017089844,1152.381591796875,0.2802296280860901,43,7.968740730319998,-9.633283804726677e-05,-0.003088878076435193,0.03141166007574061,0.024556847289204597,11.411466007254175,0.7320979739284513,0.7297544411398469,False,,numpy
0.365,1177.763427734375,1.1930196285247803,16358.55270605416,15.994555256558806,True,9.530660629272461,1168.2330322265625,0.29367154836654663,38,7.983188804387267,-0.009216204518493525,0.004075819449669994,0.019600179280878417,0.02487543784081936,11.80568359221586,0.7327688236467114,0.7288379587801054,False,,numpy
0.37,1194.029541015625,1.1240062713623047,16346.230770206279,15.993792992760428,True,9.64567756652832,1184.3837890625,0.3089425563812256,32,7.980091041518919,0.0013003845802978173,0.016094817482674093,0.025633977016036417,0.025249212980270386,12.235730144247736,0.7299559280873478,0.7292116689931323,False,,numpy
0.375,1210.3082275390625,1.0073904991149902,16355.330564777025,15.995165319845043,True,9.780303955078125,1200.5279541015625,0.2613106369972229,68,7.980178773475992,0.010262113547983781,0.008598858518280603,0.02391928851795454,0.02561340481042862,10.202104676486783,0.7387172038839417,0.7297715849213394,False,,numpy
0.38,1225.862548828125,0.8530749678611755,16364.761407615235,15.996866355993813,True,9.978546142578125,1215.884033203125,0.26783671975135803,69,7.972843651380618,0.005879558304649832,0.010521991114757056,0.02971108838824679,0.025913294404745102,10.335880709259152,0.7356524044627637,0.729396231118174,False,,numpy
0.385,1241.935791015625,0.7998660802841187,16365.35914230328,15.999540390495604,True,10.071992874145508,1231.86376953125,0.2405185103416443,97,7.969282865872972,0.003521072963444153,0.01485403256503516,0.03430134935005967,0.02626064419746399,9.158896047373862,0.7303281624895586,0.7304958837006915,False,,numpy
0.39,1257.116455078125,0.7280429601669312,16367.292211343742,16.00071941650045,True,10.149197578430176,1246.9671630859375,0.2507971227169037,88,7.964899335866549,-0.008514406978584285,0.014793745129954464,0.03903084221197856,0.02658650651574135,9.433248500265035,0.7276744866815146,0.7310038934281244,False,,numpy
0.395,1272.187744140625,0.6434497237205505,16364.302780516457,16.00215465870035,True,10.31633472442627,1261.87158203125,0.2611497938632965,81,7.974112098409279,-0.010740976947456035,0.02064953315035664,0.03481314771583179,0.02695108763873577,9.689768270722992,0.7265157753037556,0.7311327142948931,False,,numpy
0.4,1288.0516357421875,0.5713802576065063,16379.461217525817,16.00140447509686,True,10.517589569091797,1277.533935546875,0.2653445899486542,87,7.974834300154678,-0.009663285938056416,0.014061419686212048,0.030404194898356527,0.027291836217045784,9.722489459427678,0.72836251638087,0.7308508355589504,False,,numpy
0.405,1302.873046875,0.5177940130233765,16389.898762005396,16.00295294401717,True,10.642557144165039,1292.230712890625,0.3012275695800781,57,7.973150517364462,0.004096339235430957,0.016081602535880726,0.03156410386894959,0.027641909196972847,10.897495083771801,0.7285763380857485,0.7308561846479665,False,,numpy
0.41000000000000003,1319.1324462890625,0.5098376274108887,16389.39012699618,16.00145389273132,True,10.806259155273438,1308.3262939453125,0.33044248819351196,42,7.968535402230804,0.00715755384937324,0.014115506328559667,0.035220718459389164,0.02792629785835743,11.832663601509976,0.7305245319933057,0.7310759019796929,False,,numpy
0.41500000000000004,1335.088134765625,0.4856375455856323,16392.741021021062,16.003670712436804,True,10.890544891357422,1324.1973876953125,0.3361471891403198,40,7.973968484396374,0.007886860282364296,0.004781549692175393,0.027617124890076988,0.028241867199540138,11.902442100067423,0.7346923117010432,0.7311945323644725,False,,numpy
0.42,1350.8956298828125,0.5224132537841797,16390.019695764022,16.00316768169953,True,11.00674057006836,1339.8887939453125,0.343406081199646,36,7.969147251082656,0.00334466819163137,0.008487468733514254,0.03217321940016476,0.028583765029907227,12.014025473563045,0.7383049510093275,0.7312639705188156,False,,numpy
0.425,1366.3756103515625,0.551716685295105,16395.88698636109,16.004026609889934,True,11.059097290039062,1355.3165283203125,0.3375043272972107,41,7.968605528215084,0.007950096926676085,0.010280965612257909,0.03397815700884678,0.028890354558825493,11.682249402996998,0.7363628333594685,0.7308289643881615,False,,numpy
0.43,1382.922119140625,0.536404550075531,16403.241053991253,16.00354794717645,True,11.116963386535645,1371.8048095703125,0.347939133644104,36,7.969113722424107,0.01697355209031253,0.002845925960698804,0.03535764284608667,0.0292414091527462,11.898849738280392,0.739806890733276,0.7304900255818692,False,,numpy
0.435,1398.540283203125,0.5075161457061768,16405.2260125405,16.0033517183596,True,11.248292922973633,1387.2921142578125,0.3421992361545563,36,7.96920847844393,0.019236614845571882,-0.0019422365470064065,0.03635845752035329,0.029640167951583862,11.545117986967089,0.7369745652559149,0.7307607505087879,False,,numpy
0.44,1413.81884765625,0.49590012431144714,16396.064883510953,16.002640722631792,True,11.360014915466309,1402.458740234375,0.3528510630130768,36,7.9714550763132905,0.0269108356672004,-0.0013761679591339751,0.03925429381403873,0.029969975352287292,11.773485258677312,0.7373857359542274,0.7308100372005206,False,,numpy
0.445,1429.1136474609375,0.49393728375434875,16393.731070010937,16.003004817432505,True,11.449567794799805,1417.6641845703125,0.3554244935512543,40,7.96723202407241,0.019298612822840358,-0.005884691684141496,0.03848124607512631,0.03025972843170166,11.745792575550452,0.745893764808035,0.730841666947448,False,,numpy
0.45,1445.0919189453125,0.5058483481407166,16400.584071850946,16.00156865765395,True,11.644107818603516,1433.4478759765625,0.3502129018306732,44,7.975946588444596,0.024713019488379565,-0.010617678489912049,0.0360837225934607,0.030568286776542664,11.456739606990922,0.7460390504065223,0.7304940403462165,False,,numpy
0.455,1461.3995361328125,0.5335826873779297,16395.262671359804,16.00169117196085,True,11.771893501281738,1449.627685546875,0.3558364808559418,41,7.965512443020969,0.017755785792581764,-0.0016373182066182503,0.03882448101911603,0.030944399535655975,11.499220737695229,0.745300240567787,0.7304689852641777,False,,numpy
0.46,1476.9947509765625,0.5339258313179016,16398.368643656693,16.002455697543883,True,11.923622131347656,1465.0712890625,0.3795291483402252,34,7.966987361266542,0.013547301228363383,0.0012067650981894688,0.03570462111156007,0.03126770257949829,12.138056749621128,0.7460951515473572,0.7308409401647675,False,,numpy
0.465,1492.0728759765625,0.5906392931938171,16391.436082749417,16.002232515638525,True,11.985040664672852,1480.087890625,0.36445310711860657,39,7.970439939856454,0.015262519006491953,0.014925483123758004,0.03646246958985609,0.0315641425549984,11.546428244758163,0.7472185191806411,0.7308961916364674,False,,numpy
0.47000000000000003,1508.15478515625,0.5923704504966736,16388.54907375421,16.005691331959042,True,12.130285263061523,1496.0244140625,0.34927961230278015,42,7.9740494494740295,0.017428213953303347,0.019375323072083523,0.03677739602460563,0.03196129947900772,10.928204359531378,0.7461154720907044,0.7307267543499302,False,,numpy
0.47500000000000003,1523.2203369140625,0.5969859957695007,16394.05953588725,16.006729830978273,True,12.227280616760254,1510.9930419921875,0.3596665859222412,46,7.983850540448962,0.02379270073634974,0.019653070845063503,0.03483017148624427,0.032251209020614624,11.152034197922509,0.7455884058671682,0.7310877701491009,False,,numpy
0.48,1539.1541748046875,0.5998057723045349,16404.67258391867,16.007393241494544,True,12.362861633300781,1526.7913818359375,0.394747793674469,32,7.987897169086364,0.032970265813425555,0.02855431618331458,0.04526440010238406,0.032524313777685165,12.137006067912932,0.7435952198778467,0.7314096412203241,False,,numpy
0.485,1555.137451171875,0.5548908114433289,16413.17402818277,16.006098029342446,True,12.489862442016602,1542.647216796875,0.40383899211883545,31,7.992214714761402,0.019465975003382534,0.03742941956130876,0.042901005789784605,0.032865144312381744,12.28775958749378,0.7393530086187567,0.7312835881411018,False,,numpy
0.49,1570.0587158203125,0.5858598947525024,16405.31533970446,16.00512003141504,True,12.586461067199707,1557.472412109375,0.4109138250350952,29,7.985119190801623,0.012839403976805927,0.03460761617687388,0.03979919439290143,0.03319310396909714,12.379493807438347,0.7375607034925128,0.7308612596892378,False,,numpy
0.495,1585.8631591796875,0.5784667134284973,16410.009832551,16.004442901024078,True,12.715960502624512,1573.14697265625,0.4283628463745117,29,7.984474642074178,0.01350053231299902,0.03245287607871601,0.03842512559822937,0.0335799939930439,12.75648966653321,0.7362041682842314,0.7309160088021717,False,,numpy
0.5,1602.4520263671875,1.6038745641708374,16351.594199754358,16.00012146364413,True,13.799631118774414,1588.65234375,1.6038745641708374,1,7.984217948605535,0.004674499979467507,0.026473126682694127,0.03117291344474491,0.03387579321861267,47.34574195268162,0.5185412850498321,0.7308897585389306,True,True,numpy
0.505,1618.7764892578125,1.544407844543457,16349.952054046478,15.998994206666257,True,14.033203125,1604.7430419921875,1.544407844543457,1,7.981576595989525,0.0024388241544190895,0.026904844164069956,0.032699240328825055,0.034223590046167374,45.12699697664863,0.5796327169944273,0.7306032337491929,True,True,numpy
0.51,1634.7493896484375,1.5527458190917969,16350.67383621992,15.999296555818406,True,14.187750816345215,1620.5621337890625,1.5527458190917969,1,7.991240909467227,0.0029045602960000062,0.020902948783995,0.022849319581570205,0.03456748649477959,44.919257271606774,0.6210944412536642,0.7303606055759345,True,True,numpy
0.515,1650.2608642578125,1.5623447895050049,16350.165826498436,15.998553483941624,True,14.33881950378418,1635.9222412109375,1.5623447895050049,1,7.98940804769903,0.005430233361193273,0.020283791490204966,0.023518271303842854,0.0347946435213089,44.90187659339563,0.6605487578237962,0.7299493201153289,True,True,numpy
0.52,1665.9786376953125,1.514093279838562,16346.029777678537,15.998879033419206,True,14.434273719787598,1651.5440673828125,1.514093279838562,1,7.999161919385597,0.002386305572228012,0.017462328990647483,0.017644539301945296,0.03506305068731308,43.18201782671491,0.6956642414841003,0.7297474447113894,True,True,numpy
0.525,1680.67626953125,1.5190702676773071,16346.740870656928,15.99929844026547,True,14.565519332885742,1666.110595703125,1.5190702676773071,1,8.000794228702153,0.004114892321783995,0.033736945813337124,0.03399624465824492,0.03537656366825104,42.94001763208585,0.7236843582270919,0.7301018762883145,True,True,numpy
0.53,1695.9656982421875,1.5116080045700073,16350.264888871397,15.999098098487927,True,14.678811073303223,1681.2867431640625,1.5116080045700073,1,8.011368815016452,0.0012448317857400122,0.0332899295056282,0.03519970124223758,0.035796064883470535,42.22832899344807,0.7450278975177527,0.7303249755443072,True,True,numpy
0.535,1710.89453125,1.5077033042907715,16349.212192742285,16.00066383866299,True,14.770339965820312,1696.124267578125,1.5077033042907715,1,8.013843102168083,0.00013915800540426686,0.03198809797404661,0.034855261505024854,0.036057740449905396,41.8135824785085,0.7595545151127323,0.7308841951503458,True,True,numpy
0.54,1726.5599365234375,1.4839351177215576,16357.223918523987,15.999666040565671,True,14.871469497680664,1711.6884765625,1.4839351177215576,2,8.015188458780635,0.0089766128249144,0.030136194985274995,0.034920754661518706,0.03646969422698021,40.68954097848578,0.772622934651309,0.7303667272450364,True,True,numpy
0.545,1742.1241455078125,1.4770805835723877,16351.378227074407,16.000099075411494,True,14.989544868469238,1727.134521484375,1.4770805835723877,2,8.011284204985825,0.010152214392440156,0.036568330290552425,0.03959347824416456,0.03689940646290779,40.02992798968694,0.780507828824628,0.7300199524441565,True,True,numpy
0.55,1757.8238525390625,1.4262839555740356,16359.516917658508,16.00020906612892,True,15.094741821289062,1742.729248046875,1.4262839555740356,3,8.015955035005025,0.006283074716467201,0.03147329379162499,0.03584143401146513,0.03716946765780449,38.37246120135267,0.7851945631577859,0.7293718688436845,True,True,numpy
0.555,1773.9432373046875,1.4361112117767334,16362.545644201864,15.999989142162809,True,15.307989120483398,1758.635009765625,1.4361112117767334,3,8.01241057509392,0.0110479118588405,0.04210789618245849,0.04526757837034404,0.03752213343977928,38.27370887856373,0.7880036385630411,0.7293204145788994,True,True,numpy
0.56,1789.2501220703125,1.5171858072280884,16350.914254959873,15.99933720772726,True,15.482783317565918,1773.767333984375,1.5171858072280884,1,8.010315188803125,0.011129085619398087,0.04646741987634053,0.048882315582755756,0.037847694009542465,40.086611534260534,0.788783630452023,0.7292241865553933,True,True,numpy
0.5650000000000001,1804.2449951171875,1.5812017917633057,16350.482101412204,15.999649775104567,True,15.596611022949219,1788.6483154296875,1.5812017917633057,1,8.010539855564893,0.017103861961563296,0.0438706702280819,0.048252112446919196,0.03819598630070686,41.3970666790726,0.7936986297713824,0.7291731110625033,True,True,numpy
0.5700000000000001,1820.48974609375,1.547464370727539,16353.560399051894,16.000301633320085,True,15.729270935058594,1804.7606201171875,1.547464370727539,1,8.01155631862135,0.013976144698493035,0.04647687937692331,0.04988969269627206,0.03855886682868004,40.132516798355105,0.7955867557977657,0.7289165766082174,True,True,numpy
0.5750000000000001,1836.4627685546875,1.501383900642395,16358.910581399072,16.001997373588807,True,15.888410568237305,1820.5740966796875,1.501383900642395,2,8.00197887055515,0.011076639510654435,0.04679810017084732,0.0481317987522146,0.03887446969747543,38.62133457578451,0.799568265757406,0.728666049307416,True,True,numpy
0.58,1851.939697265625,1.5880109071731567,16356.422279754877,16.00166667414076,True,16.012733459472656,1835.9271240234375,1.5880109071731567,1,8.002607775954681,0.00014240670567015697,0.0516815385545983,0.05174748498690601,0.03917078301310539,40.54069857735177,0.8040744415363013,0.727985226765614,True,True,numpy
0.585,1867.5465087890625,1.6501381397247314,16359.854505472837,16.00105820688577,True,16.108356475830078,1851.438232421875,1.6501381397247314,1,8.000222826295683,-0.00593436460347616,0.05315605502079323,0.053486750884481994,0.0395219661295414,41.75243039063551,0.8055295003903771,0.7281430629389399,True,True,numpy
0.59,1882.9375,1.677427887916565,16360.92748602397,16.00171451257159,True,16.321964263916016,1866.615478515625,1.677427887916565,1,8.005740518990814,-0.009549444622475678,0.05019437767767304,0.05141615506171683,0.039848390966653824,42.09524769319495,0.8094847354772329,0.7279237118291776,True,True,numpy
0.595,1898.5802001953125,1.7046164274215698,16350.35123715452,16.002742832251297,True,16.40200424194336,1882.17822265625,1.7046164274215698,1,7.993791567649912,-0.008980828288040367,0.05501505068150525,0.05608792838457736,0.04017801210284233,42.42659948078863,0.812137901486408,0.7282206099584154,True,True,numpy
0.6,1913.972900390625,1.8649818897247314,16348.914954605818,16.003970409424728,True,16.527175903320312,1897.4456787109375,1.8649818897247314,1,7.990195537562365,-0.008472573365152433,0.050998972228039605,0.05261945601614707,0.0405026376247406,46.04593673636522,0.8142747256117855,0.7284033691188341,True,True,numpy
0.605,1929.672119140625,1.9737204313278198,16341.241504794412,16.002506411845268,True,16.60334587097168,1913.0687255859375,1.9737204313278198,1,7.982503933315057,-0.006643706183568349,0.049104005329686645,0.052549543487222246,0.040893469005823135,48.26493030089393,0.8126560562628709,0.7280393225720477,True,True,numpy
0.61,1944.1856689453125,2.0047802925109863,16338.130122334416,16.002199375742002,True,16.765268325805664,1927.4202880859375,2.0047802925109863,1,7.984115133506243,0.0013440962746355766,0.043160781561189826,0.046010744867832014,0.041107017546892166,48.76978219653288,0.8131983869499197,0.728394868949167,True,True,numpy
0.615,1959.7720947265625,2.026510000228882,16332.703540706023,16.001901881295133,True,16.98470687866211,1942.787353515625,2.026510000228882,1,7.984938726456836,-0.004860122926067317,0.03828887467690858,0.041430673173658644,0.041429851204156876,48.914247609596806,0.8121662055795132,0.7283412022293229,True,True,numpy
0.62,1974.9593505859375,2.0937111377716064,16333.954687085217,16.001169305738372,True,17.160465240478516,1957.7989501953125,2.0937111377716064,1,7.995258225044173,-0.004555346406007173,0.05265839615162562,0.05306733737311462,0.041760437190532684,50.13623607959406,0.8123226078680843,0.7281068993665365,True,True,numpy
0.625,1990.5701904296875,2.1837096214294434,16326.909288764844,16.00064134072097,True,17.242393493652344,1973.327880859375,2.1837096214294434,1,8.0002495708315,-0.010891690995155504,0.0588749302492959,0.059874440541798336,0.04207026585936546,51.906247246671896,0.8126811063939942,0.7280924169992509,True,True,numpy
0.63,2004.9229736328125,2.217817783355713,16316.918845905917,16.001132362441886,True,17.400564193725586,1987.5224609375,2.217817783355713,1,8.00314544144144,-0.010998442589047374,0.06568257354230632,0.06667128323638728,0.04237779602408409,52.33442961722893,0.8129385873939461,0.7281744062269779,True,True,numpy
0.635,2020.056640625,2.290372848510742,16316.823757475344,16.00203361125944,True,17.52322769165039,2002.533447265625,2.290372848510742,1,8.00563646331129,-0.010538578916187523,0.06899964980959805,0.07002701648706305,0.04270835220813751,53.628218605782266,0.8124042678997432,0.728404946528633,True,True,numpy
0.64,2035.1400146484375,2.390615224838257,16321.423743295345,16.000626864394683,True,17.633228302001953,2017.5067138671875,2.390615224838257,1,8.002783833586449,-0.011276346144746294,0.07029097265398501,0.0712441334318584,0.04302429407835007,55.56431025886885,0.811908976883225,0.7283402117041871,True,True,numpy
0.645,2051.41259765625,2.4805920124053955,16320.445243779952,15.999100983394088,True,17.793371200561523,2033.619140625,2.4805920124053955,1,8.006579085826061,-0.002840789601148137,0.07515596018158562,0.07549683971320094,0.04344695806503296,57.09472245887403,0.8127603602142935,0.7286822464444268,True,True,numpy
0.65,2067.001953125,2.5125041007995605,16330.978557737744,15.998750029974016,True,17.937026977539062,2049.06494140625,2.5125041007995605,1,8.008501445341532,-0.004090902610867063,0.077878617094406,0.0784480022537461,0.0437937006354332,57.37135853659076,0.8143952375203443,0.7282216480284245,True,True,numpy
0.655,2082.672119140625,2.4979588985443115,16333.728744869357,15.998988472396961,True,18.03799057006836,2064.6337890625,2.4979588985443115,1,7.999885149112243,-0.008151955581143731,0.07751946563450976,0.07794700201279904,0.04417402297258377,56.54814142906224,0.8138880045418538,0.7279195301798768,True,True,numpy
0.66,2098.47412109375,2.5400729179382324,16334.850475678537,15.9990885906785,True,18.221702575683594,2080.252197265625,2.5400729179382324,1,8.006638963247067,-0.00487230813154207,0.07873739191878078,0.07916686242169939,0.04444149136543274,57.15543830542868,0.8180528273156916,0.7281167769534792,True,True,numpy
0.665,2113.00439453125,2.5239644050598145,16341.1981927586,16.000464394414486,True,18.379154205322266,2094.62548828125,2.5239644050598145,1,8.007720994626327,-0.005828424964904793,0.07443514228758973,0.07506113976596028,0.04477178677916527,56.373993236167905,0.8210730484245088,0.7279840221521784,True,True,numpy
0.67,2128.20654296875,2.5652377605438232,16346.766580239735,15.998521344358208,True,18.482101440429688,2109.72412109375,2.5652377605438232,1,8.002677802146845,-0.004863044166132356,0.06985116937744706,0.07007143274042713,0.04514705762267113,56.81960011621353,0.8279178362148337,0.727511545859641,True,True,numpy
0.675,2143.718994140625,2.613945722579956,16347.540219459215,15.99844763524151,True,18.5811767578125,2125.137939453125,2.613945722579956,1,8.007959830640562,-0.0026374829532806866,0.07605267234614016,0.07651355560385774,0.045373279601335526,57.60980351314558,0.830516972973907,0.72715932832256,True,True,numpy
0.68,2159.327392578125,2.6683528423309326,16345.53408263078,15.998413176396651,True,18.732511520385742,2140.594970703125,2.6683528423309326,1,8.010468067471116,0.00047085013797745263,0.07976973012531084,0.0804550307979383,0.04568982869386673,58.40146305230347,0.8331093965787515,0.7269264485377658,True,True,numpy
0.685,2174.492919921875,2.7308809757232666,16340.177647114058,16.000860446895803,True,18.84990119934082,2155.64306640625,2.7308809757232666,1,8.01829244937956,0.004643718820853351,0.07348463865134357,0.07586942695519355,0.04602095112204552,59.33995080808069,0.8381618431781034,0.7267666579273707,True,True,numpy
0.6900000000000001,2189.776611328125,2.7807185649871826,16340.847310773297,16.001062778585883,True,18.891963958740234,2170.885009765625,2.7807185649871826,1,8.024511489764341,0.008133242210406514,0.06782119356931858,0.07257187510659716,0.046330858021974564,60.018715035847116,0.8416223763713492,0.7263518013789853,True,True,numpy
0.6950000000000001,2205.83251953125,2.844341993331909,16347.994556976435,16.00113299863319,True,19.07117462158203,2186.76123046875,2.844341993331909,1,8.027348422954287,0.0036765611653059647,0.07091984270124052,0.07609912896254126,0.04663919657468796,60.98608471475239,0.842943632751693,0.7260078456631898,True,True,numpy
0.7000000000000001,2221.1044921875,2.9312727451324463,16353.109568296239,16.001515097228154,True,19.273639678955078,2201.8310546875,2.9312727451324463,1,8.031055303740185,0.0023781869209771283,0.07048762248854307,0.07706226435495933,0.04693109914660454,62.4590686865369,0.8438520947702497,0.7259087759003929,True,True,numpy
0.705,2236.918212890625,2.8998844623565674,16360.527706065342,16.001546810658066,True,19.36236000061035,2217.555908203125,2.8998844623565674,1,8.028269253184062,-0.004331839990767415,0.07246115282751948,0.0779007970587166,0.04729799926280975,61.31093296871727,0.8437298136719432,0.7258514926005608,True,True,numpy
0.71,2252.545166015625,2.988316774368286,16357.134064261116,16.00098127527244,True,19.4424991607666,2233.1025390625,2.988316774368286,1,8.030610445252755,7.136558532569268e-05,0.07389751818449036,0.07998654665283256,0.04765544831752777,62.7067183264579,0.8466768154746065,0.7253614736411867,True,True,numpy
0.715,2268.138671875,3.078407049179077,16359.972721912725,16.00219318694091,True,19.534954071044922,2248.603271484375,3.078407049179077,1,8.0334224004546,-0.005080252210021824,0.07762753514595243,0.08466935707504349,0.04795210435986519,64.19753815341696,0.849974184015622,0.7252099476336994,True,True,numpy
0.72,2284.26123046875,3.0633323192596436,16362.528246773072,16.003294146835795,True,19.598846435546875,2264.66259765625,3.0633323192596436,1,8.0319843232024,-0.011140598769901153,0.077425251283034,0.08450904926638586,0.0482478104531765,63.49163393088157,0.8503105495746639,0.7247743694179899,True,True,numpy
0.725,2299.5947265625,3.172316551208496,16366.59826681093,16.002809248256213,True,19.67877197265625,2279.916015625,3.172316551208496,1,8.037999690404584,-0.008516076814850396,0.07845264420948045,0.08758605721586064,0.04854157939553261,65.35256146816788,0.8518794209211467,0.7245871569927809,True,True,numpy
0.73,2314.037353515625,3.262139320373535,16365.683315704064,16.003743422556138,True,19.681936264038086,2294.355224609375,3.262139320373535,1,8.031237103878887,-0.008926769122721773,0.08065122423095215,0.0869486275662938,0.04889456927776337,66.7178250787274,0.8552970666638431,0.7241172850177678,True,True,numpy
0.735,2329.891357421875,3.3975517749786377,16364.961397819789,16.005126196750844,True,19.811439514160156,2310.079345703125,3.3975517749786377,1,8.03747015828448,-0.002251996398723843,0.07775265733337858,0.08633979367618162,0.04926154389977455,68.96965677509321,0.8562691019223997,0.7238331207426543,True,True,numpy
0.74,2345.314208984375,3.4622457027435303,16360.36213072577,16.005023894487852,True,20.057025909423828,2325.257568359375,3.4622457027435303,1,8.040512174769727,-0.002698336178292002,0.0823873916743582,0.09184878676176464,0.04947758838534355,69.97603997548778,0.8588569608258716,0.7237173658975977,True,True,numpy
0.745,2360.07177734375,3.4157910346984863,16351.18218328481,16.005825445995768,True,20.084684371948242,2339.9873046875,3.4157910346984863,1,8.050391080302877,0.004370896552257639,0.07826687254406457,0.0931883525371618,0.04991232603788376,68.43582148637753,0.857706784905204,0.7238428954528532,True,True,numpy
0.75,2374.880615234375,3.552036762237549,16349.304282077315,16.006666433844632,True,20.321659088134766,2354.55908203125,3.552036762237549,1,8.054856365001356,0.005011328385878641,0.0827554599937171,0.09941227465521976,0.05017435550689697,70.79386922567018,0.8644270439678066,0.7239706149920181,True,True,numpy
0.755,2389.400634765625,3.608187198638916,16350.631062240278,16.007532046337715,True,20.455663681030273,2368.945068359375,3.608187198638916,1,8.05385292833037,0.0005590378232020288,0.08072763568892936,0.09704329743453811,0.050528787076473236,71.4085456509786,0.8658081250214925,0.7239010422175215,True,True,numpy
0.76,2403.91162109375,3.705045700073242,16352.061766347993,16.009143232229878,True,20.572954177856445,2383.339111328125,3.705045700073242,1,8.052426116773002,-0.0019644295674149494,0.07575772680025182,0.09214982296978881,0.05081665515899658,72.91006636467495,0.8690079706978088,0.7239756092632239,True,True,numpy
0.765,2419.455810546875,3.7510085105895996,16350.750896656846,16.008950733502708,True,20.63705825805664,2398.81884765625,3.7510085105895996,1,8.05257352026919,-0.004379867747742603,0.07612606634922693,0.09261930820724999,0.05123329535126686,73.21427374272632,0.8707479875462033,0.7238256127931945,True,True,numpy
0.77,2434.16796875,4.001556396484375,16336.684833586867,16.00853526573141,True,20.74874496459961,2413.4189453125,4.001556396484375,1,8.053393845671417,-0.007577687749792521,0.07213584958841872,0.09006611406660907,0.051496218889951706,77.70582933546575,0.8763055311561966,0.7237753238783733,True,True,numpy
0.775,2449.559326171875,4.078805923461914,16336.117184121586,16.00864854833891,True,20.89626693725586,2428.6630859375,4.078805923461914,1,8.06021618789606,-0.007061541094699128,0.07668508606652139,0.09775713310237535,0.05188627913594246,78.6104918561497,0.8769248143060814,0.7240191086642905,True,True,numpy
0.78,2465.415771484375,4.206867694854736,16324.286447612052,16.008374812738584,True,21.044315338134766,2444.37158203125,4.206867694854736,1,8.072037941712084,-0.0034174762771597843,0.07693464510199248,0.10545180798444438,0.052318502217531204,80.4087945286223,0.8802250807145737,0.7240411682876343,True,True,numpy
0.785,2480.734130859375,4.266712665557861,16320.304644196718,16.008391708759852,True,21.040943145751953,2459.69287109375,4.266712665557861,1,8.066651778418334,-0.007433742389276614,0.07329174630136949,0.0993448547643067,0.05253174901008606,81.22159924160636,0.8824657870597405,0.7238802854604277,True,True,numpy
0.79,2495.732177734375,4.37877082824707,16326.9904754049,16.00830612792842,True,21.04210662841797,2474.68994140625,4.37877082824707,1,8.070556188498292,-0.0020853469981926835,0.06246852447256183,0.09425943431449445,0.05286533758044243,82.82876888063228,0.8841769628149783,0.7239075666027178,True,True,numpy
0.795,2511.215087890625,4.4093756675720215,16324.187243228384,16.00878281011896,True,21.158153533935547,2490.056396484375,4.4093756675720215,1,8.077156675591182,-0.00664203706142329,0.0602970836422934,0.09814788607185534,0.05316241830587387,82.94159310440611,0.8839861559880178,0.7238290560263037,True,True,numpy
0.8,2525.603759765625,4.517124652862549,16315.429879387166,16.00804709310778,True,21.212677001953125,2504.390625,4.517124652862549,1,8.081610655775343,-0.00011111895983350279,0.05542104880945857,0.09864990691655583,0.05342259258031845,84.5545757831063,0.8884538025713543,0.7234972040118706,True,True,numpy
0.805,2539.824951171875,4.6194305419921875,16309.983041942232,16.00789390251116,True,21.260894775390625,2518.5634765625,4.6194305419921875,1,8.076053927056629,0.0032892775971572886,0.05123139227471577,0.09175878553169702,0.053729135543107986,85.97626772323414,0.8905492734030848,0.7233804486992302,True,True,numpy
0.81,2554.424560546875,4.651260852813721,16302.634883320745,16.007274364632984,True,21.321395874023438,2533.103271484375,4.651260852813721,1,8.075786695103664,0.004248579824274574,0.05216213472716164,0.09210082455957477,0.05402524024248123,86.0942187751038,0.8935927815897512,0.723408438971757,True,True,numpy
0.8150000000000001,2569.812744140625,4.658359527587891,16307.310074560119,16.0080415323059,True,21.46701431274414,2548.34521484375,4.658359527587891,1,8.076952285589787,0.004016944169342962,0.05117730216354052,0.0925035477951525,0.05428960919380188,85.8057296186933,0.8954640509044107,0.7231939934704195,True,True,numpy
0.8200000000000001,2585.00732421875,4.697915554046631,16302.645791450768,16.00805808012013,True,21.568492889404297,2563.4384765625,4.697915554046631,1,8.083020317106993,0.007569327761368443,0.044321214477502056,0.09441418234600858,0.05462538078427315,86.00243122514175,0.8959426460396875,0.7232788773864492,True,True,numpy
0.8250000000000001,2600.241943359375,4.686567306518555,16295.158898560783,16.008358925157705,True,21.637134552001953,2578.60546875,4.686567306518555,1,8.079669025887886,0.008980292764490857,0.04452553907902269,0.09170781304958849,0.054954685270786285,85.280577687339,0.896544729554421,0.7234934481321045,True,True,numpy
0.8300000000000001,2614.8203125,4.720505714416504,16286.388805227598,16.007752515559833,True,21.81012535095215,2593.01025390625,4.720505714416504,1,8.085385704546884,0.003566596491972862,0.0424695849941263,0.09543115215210157,0.055275674909353256,85.39933202367362,0.8957650738339901,0.7234345938284427,True,True,numpy
0.835,2630.129638671875,4.796796798706055,16273.836585191111,16.007586566457885,True,21.925437927246094,2608.20458984375,4.796796798706055,1,8.077808143948673,0.0050501561156578376,0.03518371442557164,0.08554241697725203,0.055640943348407745,86.20983955411897,0.8964150038884556,0.7238454323410982,True,True,numpy
0.84,2645.361572265625,4.604753017425537,16278.074913583721,16.008478453833774,True,22.095195770263672,2623.2666015625,4.604753017425537,1,8.074205632916506,0.011594220264564692,0.03528742006035634,0.08298255186844107,0.056001488119363785,82.22554742850377,0.8917713240834717,0.7241177180338044,True,True,numpy
0.845,2660.18798828125,4.601016521453857,16278.522082173497,16.010863923299485,True,22.203153610229492,2637.984619140625,4.601016521453857,1,8.071750913831382,0.00401975029239219,0.026226626326807962,0.07649959448609901,0.0560961477458477,82.02018688162825,0.8890598537079105,0.724042028251857,True,True,numpy
0.85,2675.32666015625,4.433991432189941,16291.74540059207,16.010230999268273,True,22.278411865234375,2653.047607421875,4.433991432189941,1,8.071174309294552,0.0031375438432643806,0.028901366327080256,0.07688247824112475,0.056408513337373734,78.60500427782377,0.8840350654699,0.7238469880236075,True,True,numpy
0.855,2690.93798828125,4.4020771980285645,16297.491265298115,16.00871392388597,True,22.38753318786621,2668.550537109375,4.4020771980285645,1,8.071029396590877,0.004656583443309584,0.024799775983457107,0.07537829819157649,0.05685323104262352,77.42879546684473,0.8808855358384703,0.7245208915334125,True,True,numpy
0.86,2705.67333984375,4.365938186645508,16307.087961800768,16.00744928471528,True,22.533737182617188,2683.139404296875,4.365938186645508,1,8.070302151927153,0.011610016559286444,0.025486864327993377,0.07567539430600283,0.05714080482721329,76.40666245159765,0.878187105663066,0.7244202840262337,True,True,numpy
0.865,2720.990966796875,4.294440746307373,16323.919807114105,16.007469723240693,True,22.665407180786133,2698.326171875,4.294440746307373,1,8.067751799507667,0.006850908630621609,0.019505454268627914,0.07083575390872689,0.05741361528635025,74.7982987117056,0.8758215125634911,0.7242890730145957,True,True,numpy
0.87,2736.063232421875,4.232329845428467,16340.888785821508,16.007890238822018,True,22.770721435546875,2713.29296875,4.232329845428467,1,8.063986953191575,0.00330310256517356,0.024400206564623862,0.06856100018008213,0.05787605792284012,73.12747269468446,0.8707088501750202,0.7241281279363023,True,True,numpy
0.875,2751.19775390625,4.185770511627197,16345.35183071679,16.007587613483395,True,22.969629287719727,2728.227294921875,4.185770511627197,1,8.067878528994722,0.005121931427848468,0.02337347041995766,0.07197255031962915,0.05820784345269203,71.91076431184312,0.8669766939755079,0.7242154207156667,True,True,numpy
0.88,2765.7841796875,4.166867733001709,16356.975507902805,16.00778104722147,True,23.125690460205078,2742.658203125,4.166867733001709,1,8.062379306041569,0.00907916836451827,0.0180337955971382,0.06556543986017595,0.05855600908398628,71.1603778704456,0.8655617160841632,0.7238197423681717,True,True,numpy
0.885,2781.2333984375,4.194103240966797,16362.957786150133,16.006295121494706,True,23.285186767578125,2757.947265625,4.194103240966797,1,8.062644449778587,0.0114552028918514,0.014755970051468448,0.06537038636504425,0.058893922716379166,71.21453364831414,0.8651868632079234,0.7236386840383887,True,True,numpy
0.89,2796.304443359375,4.01917839050293,16368.41001232993,16.00658229206764,True,23.391448974609375,2772.913330078125,4.01917839050293,1,8.066115521033913,0.009976806353319292,0.014142866053746237,0.06834339358571251,0.05924271419644356,67.84257684709874,0.8568994617172823,0.7233224411560265,True,True,numpy
0.895,2810.44287109375,3.9521565437316895,16373.200322208682,16.006258642182278,True,23.631868362426758,2786.810302734375,3.9521565437316895,1,8.06389693589914,0.005261136425427174,0.01801230153674742,0.06659535254382531,0.05952484533190727,66.39507455575368,0.854856070337321,0.7230062446961406,True,True,numpy
0.9,2825.88671875,3.887970209121704,16381.394257331938,16.00632736021261,True,23.77509307861328,2802.111083984375,3.887970209121704,1,8.056808355024126,0.005534465512441782,0.022827580452343052,0.06147290409899085,0.05989019572734833,64.91830861301221,0.8517649541694063,0.7226966820416107,True,True,numpy
0.905,2842.0908203125,3.8254079818725586,16389.0495863854,16.00682005150347,True,23.905576705932617,2818.185302734375,3.8254079818725586,1,8.052122123082182,0.004196135789586654,0.016434819168221832,0.054812649555106216,0.06020573526620865,63.538929720863734,0.8488374268581956,0.7221669000273777,True,True,numpy
0.91,2857.581298828125,3.7163217067718506,16387.85801675399,16.007307111525513,True,24.044979095458984,2833.536865234375,3.7163217067718506,1,8.049746569887079,0.0009310362051229227,0.021821084902780088,0.0543299897872215,0.06049374118447304,61.43316042297812,0.8435924626135661,0.7218289402214781,True,True,numpy
0.915,2871.177001953125,3.6890838146209717,16388.217251894024,16.006074509638736,True,24.14999771118164,2847.02685546875,3.6890838146209717,1,8.046262077436321,-0.0023461873575377295,0.021198268885200017,0.05094164315734293,0.06065928563475609,60.81647312554615,0.8444641806488273,0.7217242316607667,True,True,numpy
0.92,2887.102294921875,3.582291841506958,16396.4392387602,16.00604568016767,True,24.316333770751953,2862.785400390625,3.582291841506958,1,8.0528092803259,0.0004091081647859246,0.02108777838061609,0.05686547155400969,0.061114005744457245,58.616544568948584,0.8389635624465334,0.7214653012890576,True,True,numpy
0.925,2902.665283203125,3.502490997314453,16403.335877151338,16.00615485897119,True,24.402482986450195,2878.2626953125,3.502490997314453,1,8.051655363921968,0.0035367981224588246,0.02931114646059542,0.05949730136488959,0.061385490000247955,57.05731105673841,0.8331253420961963,0.7210865218377936,True,True,numpy
0.93,2917.09814453125,3.483557939529419,16399.000127482646,16.006249701389827,True,24.571645736694336,2892.526123046875,3.483557939529419,1,8.049223890043725,0.010551512763484054,0.025589489353983853,0.05647253968109092,0.06159243360161781,56.55821236194698,0.8331450399094174,0.7209669372004416,True,True,numpy
0.935,2932.20556640625,3.517873525619507,16395.59896960975,16.006094892207887,True,24.793987274169922,2907.41162109375,3.517873525619507,1,8.048023160236593,0.014739937084545162,0.023607464996993396,0.0555049733623039,0.061966534703969955,56.770538201390345,0.8356429533944563,0.7208266593367801,True,True,numpy
0.9400000000000001,2947.129638671875,3.4929635524749756,16397.33053170319,16.00629327579964,True,24.83319854736328,2922.29638671875,3.4929635524749756,1,8.049933534592885,0.015423926763569896,0.021550993778471958,0.0565305291553735,0.06239399313926697,55.98236908284554,0.8328896473015364,0.7208624912808883,True,True,numpy
0.9450000000000001,2961.448974609375,3.344332695007324,16401.19758221876,16.006835878620663,True,24.978302001953125,2936.470947265625,3.344332695007324,1,8.039086645363229,0.016157227876739115,0.019514449515981365,0.0465793473368131,0.06283283978700638,53.225872113119436,0.8240575582997334,0.7208331361722214,True,True,numpy
0.9500000000000001,2976.446533203125,3.2887279987335205,16393.363094382028,16.006028985550568,True,25.095558166503906,2951.350341796875,3.2887279987335205,1,8.04481345039837,0.010658460847003554,0.025996065697315145,0.05289275523144407,0.06317085027694702,52.06084743699703,0.8207462490236952,0.7212237042916395,True,True,numpy
0.9550000000000001,2991.9892578125,3.2156739234924316,16392.57299158146,16.005075620307917,True,25.24458885192871,2966.74462890625,3.2156739234924316,1,8.045988345806478,0.010505436864254116,0.022640584143192654,0.052324833531221304,0.06357476860284805,50.5809772361228,0.8165278493070708,0.7214916047453781,True,True,numpy
0.96,3007.0908203125,3.1822822093963623,16393.08830427659,16.005132419032062,True,25.412551879882812,2981.67822265625,3.1822822093963623,1,8.038565909520885,0.0068508604564539635,0.023289059328534156,0.04557020902492013,0.06384768337011337,49.8417803344446,0.8145887350872923,0.721936573125843,True,True,numpy
0.965,3022.191650390625,3.1103227138519287,16389.155898893317,16.00486185937652,True,25.541175842285156,2996.650390625,3.1103227138519287,1,8.037905504473493,0.005849780596333536,0.02003583689120137,0.0432721846264553,0.06415882706642151,48.478484661696115,0.8087396335085739,0.7224016686676785,True,True,numpy
0.97,3036.67578125,3.1292245388031006,16388.71468435461,16.004524134929838,True,25.725313186645508,3010.95068359375,3.1292245388031006,1,8.037920216660591,0.006117867922225511,0.021454251445804675,0.04399609124228882,0.06438945233821869,48.598402768922654,0.8093838442257145,0.722626535600086,True,True,numpy
0.975,3050.81884765625,3.0946452617645264,16403.101521940647,16.003726251712663,True,25.882234573364258,3024.93603515625,3.0946452617645264,1,8.03751266135087,0.006844956278555206,0.020827443414824665,0.043449229996377944,0.0647190511226654,47.8166043550157,0.8066460587065487,0.7228507222992892,True,True,numpy
0.98,3065.6279296875,3.043551206588745,16401.47045228288,16.003704199741787,True,25.939537048339844,3039.6884765625,3.043551206588745,1,8.038733298276528,0.008112438794713005,0.0236765455425047,0.046115711719572544,0.06504657864570618,46.7903350177151,0.804256453821337,0.7228476707944389,True,True,numpy
0.985,3079.456298828125,2.919102191925049,16407.560279029352,16.004116496092113,True,26.07524871826172,3053.381103515625,2.919102191925049,1,8.038937869317646,0.008476746913402174,0.025120803476410027,0.047106981144331164,0.06541678309440613,44.6231388008235,0.7963871200306321,0.7227267743579022,True,True,numpy
0.99,3094.2890625,2.9220468997955322,16410.06483564845,16.004079449891723,True,26.257829666137695,3068.031005859375,2.9220468997955322,1,8.038831741625676,0.009421377287808196,0.02549729556367512,0.04740019608339116,0.0657135397195816,44.46643587097482,0.7984615685934429,0.7225999352989996,True,True,numpy
0.995,3108.75634765625,2.7974143028259277,16414.701716479616,16.003206934430565,True,26.334985733032227,3082.42138671875,2.7974143028259277,1,8.034110073807373,0.007027887374039699,0.0202400864908149,0.040280881783325825,0.0660436823964119,42.357031003133606,0.7892776844473577,0.7225487866090091,True,True,numpy
1.0,3123.477783203125,2.662649154663086,16420.50045309158,16.004317550811482,True,26.547592163085938,3096.929931640625,2.662649154663086,1,8.025635396292799,-0.00021500010635218058,0.02550617273007155,0.03616330481953804,0.06625798344612122,40.18608801803127,0.7772237912285545,0.7224010175127111,True,True,numpy
1.0050000000000001,3138.40869140625,2.574728012084961,16440.127511297153,16.004552668324926,True,26.797428131103516,3111.611328125,2.574728012084961,1,8.029395985849336,0.008280984418713081,0.025456104513048243,0.03975816826737042,0.06659790873527527,38.66079372431091,0.7700760336609469,0.7221197206407953,True,True,numpy
1.01,3152.121826171875,2.4494359493255615,16436.989140189653,16.003229540674884,True,26.960464477539062,3125.161376953125,2.4494359493255615,1,8.030811803790838,0.010387816373473411,0.029015187958125847,0.043579296851825045,0.06690002232789993,36.61338014687105,0.7613290982144738,0.7216032058794769,True,True,numpy
1.0150000000000001,3166.557861328125,2.3632330894470215,16442.95549974468,16.002106271402234,True,27.09610366821289,3139.461669921875,2.3632330894470215,1,8.032366635580669,0.013858517262004008,0.035078865361034134,0.04970094963409281,0.06710832566022873,35.21519969686227,0.7560122885103395,0.7211294367119684,True,True,numpy
1.02,3181.120849609375,2.252837896347046,16443.72805212239,16.002420011030555,True,27.24819564819336,3153.872314453125,2.252837896347046,1,8.021409939219538,0.010095643396003278,0.030238086580108573,0.03840116395357978,0.06743630766868591,33.40689866081076,0.7449527204630966,0.7208054441671438,True,True,numpy
1.025,3196.699462890625,2.183307647705078,16445.701359086437,16.000732191492308,True,27.35067367553711,3169.34912109375,2.183307647705078,1,8.020436879448274,0.013302014687675024,0.02910650956672797,0.037971022312975014,0.06783780455589294,32.184232110669306,0.7390578802889912,0.7204466247373187,True,True,numpy
1.03,3211.4677734375,2.044954299926758,16455.640152115364,16.002079070993183,True,27.38430404663086,3184.08349609375,2.044954299926758,1,8.01870270727414,0.01135279446896884,0.027666471127195762,0.03527195523739513,0.06812795996665955,30.016373614115516,0.7292430440422594,0.7202686513108577,True,True,numpy
1.035,3226.1748046875,1.9488043785095215,16457.85788755779,16.00207132161618,True,27.515466690063477,3198.65966796875,1.9488043785095215,1,8.023269084500193,0.008112861470833505,0.021327112249516684,0.03259009867468221,0.0684400424361229,28.474622591422236,0.7210315151527128,0.7199757354616498,True,True,numpy
1.04,3240.292724609375,1.9080129861831665,16460.844378652317,16.00070095443018,True,27.6148624420166,3212.678466796875,1.9080129861831665,1,8.025652928648517,0.006817174588755012,0.016550027209560836,0.0312801857132704,0.0688471570611,27.71375126629929,0.7227607099657866,0.7196782736758426,True,True,numpy
1.045,3255.375732421875,1.8525220155715942,16456.742430214465,15.999674774913201,True,27.746593475341797,3227.62939453125,1.8525220155715942,2,8.026556452574463,0.009233530891582879,0.010023966085715333,0.029849341067317844,0.06917772442102432,26.779169610970612,0.7231362467623926,0.7192226288004223,True,True,numpy
1.05,3271.85400390625,1.836268663406372,16459.673740229526,16.001170682332454,True,27.859535217285156,3243.994140625,1.7688350677490234,3,8.014729242761051,0.006210758936030719,0.008916669605927487,0.018303855215138075,0.06951185315847397,25.44652440377919,0.7195049035782995,0.7186685161763059,True,True,numpy
1.055,3286.880615234375,1.9393223524093628,16455.642342680407,16.00138416303509,True,27.998096466064453,3258.8818359375,1.624049425125122,4,8.01552419873585,0.003624459205957105,0.0050402897141581795,0.01671950870475761,0.06965091079473495,23.31698762577972,0.7106375182071121,0.7186553865438526,True,True,numpy
1.06,3301.780517578125,2.002321481704712,16456.777951794986,16.00222988756305,True,28.071285247802734,3273.709228515625,1.5900763273239136,4,8.014435619859295,0.0025788430472475847,0.0037150479062295384,0.015127429825651009,0.06999918818473816,22.715639546096853,0.7143114508440487,0.718594367881581,True,True,numpy
1.065,3316.0244140625,2.025263547897339,16448.698079103266,16.001650396856125,True,28.22107696533203,3287.80322265625,1.4572488069534302,5,8.018024941947864,0.006099976315656778,0.00016217388960111022,0.019029832990489333,0.0701872929930687,20.762288226407875,0.7071907249721713,0.7183882547306883,True,True,numpy
1.07,3330.19775390625,2.049421787261963,16448.952185048343,16.002261710982356,True,28.352619171142578,3301.845458984375,1.3400413990020752,6,8.017973331804853,0.00031548379408348855,0.007730597981549147,0.01956789031408382,0.07049486041069031,19.009065216885833,0.7073132359074843,0.7182252235726744,True,True,numpy
1.075,3344.37548828125,2.0708324909210205,16445.343964521617,16.003964243119675,True,28.493629455566406,3315.88232421875,1.2402878999710083,6,8.011211690877936,0.004148399842852437,0.002230410126166887,0.012160837262683459,0.07086314260959625,17.502581092177657,0.7062190936947724,0.7179132547714046,True,True,numpy
1.08,3357.62255859375,2.073110580444336,16438.812785012375,16.003250119539015,True,28.579631805419922,3329.04345703125,1.1461765766143799,12,8.010192097986785,0.003332130646975628,4.26291050679936e-05,0.010723048692481894,0.07109029591083527,16.122827481995117,0.7033677691244739,0.7178172057978742,True,True,numpy
1.085,3372.547119140625,2.087902545928955,16432.857701229874,16.003743181215672,True,28.632305145263672,3343.914306640625,1.0120351314544678,24,8.013131824033044,0.004934527595634029,-0.002023819196178419,0.014173574325685341,0.07129104435443878,14.195824182668964,0.6965777234099096,0.7178213477747958,True,True,numpy
1.09,3387.587890625,2.0872418880462646,16421.66606779224,16.002206596024333,True,28.854827880859375,3358.733154296875,0.9290726780891418,40,8.017956517102526,0.006647994433982243,-0.0010369129099237582,0.019175701416906082,0.07161905616521835,12.97242281364138,0.6937741015276847,0.7180057123506689,True,True,numpy
1.095,3402.035400390625,2.1668570041656494,16418.853811834804,16.002181768474465,True,28.88420867919922,3373.151123046875,0.9210450053215027,38,8.018011220897666,0.012868212131141652,-4.287656704173802e-05,0.022135871342158196,0.07183509320020676,12.821658110117852,0.6903343396373005,0.7182486380276977,True,True,numpy
1.1,3415.49853515625,2.16729998588562,16418.41452059535,16.00211373497521,True,29.002296447753906,3386.49609375,0.9223951697349548,39,8.024631132659348,0.013310367188946879,-0.002765211135363649,0.028133698004530486,0.07220830768346786,12.774086518941335,0.6829140788943413,0.7183432495039126,True,True,numpy
1.105,3430.177978515625,2.150844097137451,16422.406435977,16.00115004519132,True,29.1424617767334,3401.035400390625,0.8999060392379761,45,8.0249378557402,0.01044473563001083,-0.0036871660405456055,0.02728707284980193,0.07244729995727539,12.42152626486675,0.6815447272054159,0.7185225815863608,True,True,numpy
1.11,3445.260986328125,2.0609142780303955,16416.968950999733,16.001666396577342,True,29.181522369384766,3416.079345703125,0.8620478510856628,52,8.02489054996682,0.0071946318469352675,-0.0021098633595102115,0.025995263577419023,0.07288099825382233,11.828156470681325,0.680305079698622,0.7187791806423838,True,True,numpy
1.115,3459.26904296875,2.03131365776062,16416.99893832361,16.001557723076026,True,29.179025650024414,3430.090087890625,0.792713463306427,65,8.030421411866996,0.004082113129984609,-0.00536828820943603,0.03115998180177539,0.07312079519033432,10.841149378134965,0.6790412195469613,0.7189948367566242,True,True,numpy
1.12,3473.98828125,1.9729567766189575,16422.513139236988,15.99942317747552,True,29.358226776123047,3444.6298828125,0.7798215746879578,68,8.03655946177351,0.003734016834881909,-0.0037005697500505463,0.036935502478874574,0.07346952706575394,10.614217973528415,0.6771066150979703,0.7191565068850996,True,True,numpy
1.125,3489.22802734375,1.9285231828689575,16423.89614048932,15.999993867192112,True,29.47446060180664,3459.75390625,0.8169397115707397,59,8.034882075326285,0.0038505998340547204,-0.0030901215511244797,0.035229748073913145,0.07383973896503448,11.063686343170676,0.6758574284096854,0.7189734024564449,True,True,numpy
1.1300000000000001,3503.16064453125,1.859565258026123,16433.21004372289,16.000260310755515,True,29.46683120727539,3473.693603515625,0.8309942483901978,53,8.032975976572805,-0.0019220344760675747,-0.002184131663786686,0.03310407344394568,0.07415417581796646,11.206304152447476,0.6770547695098706,0.7191361505871204,True,True,numpy
1.135,3517.53564453125,1.7568905353546143,16439.911132817488,16.00136296105774,True,29.505638122558594,3488.0302734375,0.8572514653205872,46,8.030054386009656,0.00028637524334424385,0.004892961306914337,0.030451423604625945,0.07452297955751419,11.503182916337785,0.6788955244941477,0.7190523324963971,True,True,numpy
1.1400000000000001,3531.336669921875,1.6766111850738525,16443.68576230496,16.000207689760586,True,29.72372055053711,3501.6123046875,0.8738853335380554,47,8.037248153046082,-0.002335477253025634,0.004826399668766023,0.0376320806374886,0.07480459660291672,11.682241108482652,0.6780182192493466,0.7192046840444654,True,True,numpy
1.145,3544.3544921875,1.6393787860870361,16443.183616290487,16.00025637594313,True,29.810115814208984,3514.544677734375,0.8786096572875977,50,8.037451375461874,-0.0009386676847693583,0.0034314675485395446,0.03761996266007402,0.07503814250230789,11.708840704053607,0.6779328649028887,0.7191905634321294,True,True,numpy
1.1500000000000001,3558.943603515625,1.5825448036193848,16443.25242310214,15.99980757961988,True,29.887798309326172,3529.055419921875,0.8181547522544861,62,8.03980587421727,0.0009889205911627827,0.00917625931635942,0.040861832082982455,0.0752745196223259,10.86894684096831,0.6792076265563891,0.7193118189169607,True,True,numpy
1.155,3571.990478515625,1.4580706357955933,16454.423594639426,15.999550955117211,True,29.987167358398438,3542.00341796875,0.8213742971420288,62,8.039554919327081,-0.004951731572197642,0.004501135805556805,0.04011697286779064,0.07570964097976685,10.849005311774473,0.6802028763011927,0.7194366344186426,True,True,numpy
1.16,3586.4638671875,1.3688644170761108,16468.26235846411,15.999774993001198,True,29.9739990234375,3556.490234375,0.7967233657836914,64,8.04278770399268,-0.0047151680329665215,0.00717071662455392,0.0436398854198078,0.07594375312328339,10.490966445789551,0.6800874154410331,0.7192892947369584,True,True,numpy
1.165,3599.775146484375,1.3433654308319092,16480.40474103519,16.00062713169938,True,30.188859939575195,3569.5859375,0.7818194031715393,68,8.043674685527685,-0.008427795662776481,0.0013925108553598466,0.04450219075683837,0.07648550719022751,10.22179798359802,0.682259552254261,0.7191317882997812,True,True,numpy
1.17,3614.05908203125,1.4012359380722046,16492.234658342346,16.001045007899442,True,30.280048370361328,3583.77978515625,0.7840832471847534,71,8.042906998881708,-0.011823021158105896,0.0013330182804811635,0.044526074608885496,0.0767802968621254,10.212037192207449,0.6852419242559618,0.7189098409779867,True,True,numpy
1.175,3628.739990234375,1.4585505723953247,16493.842320597687,16.00132884348578,True,30.40091323852539,3598.339599609375,0.8278180360794067,56,8.043885347879927,-0.013573334364030392,0.004283557916531519,0.04613575655307134,0.07707375288009644,10.740595924623555,0.6911606279858081,0.718227713062779,True,True,numpy
1.18,3643.3681640625,1.5730465650558472,16496.892831613895,16.00181649997304,True,30.620424270629883,3612.747802734375,0.8327623605728149,56,8.035625327356696,-0.017163382838507765,0.002867909676186559,0.03964808400974376,0.07745534181594849,10.75151617756265,0.6952590601307094,0.7178236667703936,True,True,numpy
1.185,3658.0888671875,1.5280848741531372,16496.48327333179,16.001887327202226,True,30.800222396850586,3627.288818359375,0.8705309629440308,51,8.03880438328433,-0.013936099034237488,0.0064389200021977115,0.0417307405777075,0.0777503028512001,11.196496103816704,0.6972727962256249,0.7175381627799662,True,True,numpy
1.19,3673.6787109375,1.559407114982605,16497.627599277355,16.00266225216146,True,31.028972625732422,3642.6494140625,0.8442046046257019,59,8.03066223943528,-0.017993257979957315,0.008742593723870309,0.036610971100756055,0.07821410894393921,10.79350792362532,0.6976341515171489,0.7169145834191292,True,True,numpy
1.195,3687.528076171875,1.6017203330993652,16494.810764118338,16.00240220147169,True,31.16594123840332,3656.362060546875,0.8357981443405151,66,8.029904163616639,-0.017422076202202853,0.0070155715995383755,0.035312971917898735,0.07847343385219574,10.650714557932258,0.7023946526017003,0.7165277711439925,True,True,numpy
1.2,3702.28955078125,1.5540517568588257,16489.79871697144,16.002359385833675,True,31.332366943359375,3670.957275390625,0.7876995801925659,83,8.02886894509912,-0.01585810088786129,0.008895367856347546,0.03411778017698881,0.07869841903448105,10.009090269620817,0.7023427998468103,0.7162182660801826,True,True,numpy
1.205,3716.8466796875,1.5299687385559082,16482.30750085258,16.001527959254098,True,31.543079376220703,3685.3037109375,0.777350902557373,91,8.029439185352512,-0.017397975926313407,0.014593613350262945,0.03717968196702482,0.07901713252067566,9.837751355428788,0.7025008102671586,0.7158369546730302,True,True,numpy
1.21,3731.127685546875,1.4711999893188477,16477.38172587464,16.00177077336694,True,31.709636688232422,3699.41845703125,0.8302006125450134,77,8.032459659595565,-0.011688531099549622,0.015834344729265742,0.03796021250375614,0.07927613705396652,10.472263702504346,0.7040422719472795,0.715752933334413,True,True,numpy
1.215,3746.35693359375,1.4219834804534912,16482.65770221818,16.00160073312207,True,31.82416534423828,3714.532470703125,0.8084767460823059,83,8.035425445842652,-0.011793579034705327,0.022810512321871437,0.04375351633851547,0.07963249087333679,10.152598985862022,0.7077198278268774,0.7159682528051623,True,True,numpy
1.22,3760.162109375,1.3913673162460327,16473.686662329812,16.001284916429285,True,31.92646598815918,3728.235107421875,0.8295242190361023,77,8.033245742725756,-0.006390437647173036,0.03220869258730331,0.046728117669053826,0.07990171760320663,10.381807099010492,0.7089205226638353,0.7158897874737812,True,True,numpy
1.225,3775.797607421875,1.3866134881973267,16465.685507703998,16.000197322769978,True,32.01818084716797,3743.779541015625,0.8465352654457092,70,8.026401708087118,-0.004477271394169522,0.02999526922246994,0.04020960488220294,0.08025383204221725,10.548222357785884,0.7105076460309476,0.7160095156113118,True,True,numpy
1.23,3790.82666015625,1.3636634349822998,16457.67141528729,16.000094508276263,True,32.170745849609375,3758.656005859375,0.8482337594032288,64,8.030754277589233,-0.002795141402352392,0.030613355161511726,0.04348351319453869,0.08048635721206665,10.538851412647361,0.7089974273141002,0.7161185606882798,True,True,numpy
1.235,3805.395263671875,1.3934612274169922,16450.295314151004,16.000396698791086,True,32.37971115112305,3773.015380859375,0.8944612145423889,58,8.03119899594731,-0.008429211407836843,0.030566432029079244,0.04448298236479439,0.08064496517181396,11.09134603303183,0.7076269030966681,0.716355958066163,True,True,numpy
1.24,3820.2998046875,1.4285268783569336,16447.8471717083,16.000449860169272,True,32.637908935546875,3787.661865234375,0.9001442193984985,63,8.027252913024396,-0.011150546301658225,0.026242767389408644,0.039442854757171755,0.08081996440887451,11.137646817617966,0.7081413814184694,0.7167090336984385,True,True,numpy
1.245,3834.59130859375,1.4054137468338013,16445.638895147415,15.999723192092935,True,32.794795989990234,3801.796875,0.87750244140625,68,8.027296267515704,-0.010774306018263709,0.021431011346913782,0.03633813613568526,0.08123024553060532,10.802656518816397,0.7062972112130177,0.7173686119382277,True,True,numpy
1.25,3849.431884765625,1.415753722190857,16447.691067626776,15.999037473455095,True,32.903106689453125,3816.529052734375,0.9379826784133911,58,8.023316902161854,-0.013341876265270993,0.018009573753757183,0.03234236131600927,0.08154314011335373,11.502901128280005,0.7078938841940878,0.7174986984588123,True,True,numpy
1.2550000000000001,3863.2275390625,1.4056299924850464,16442.761758104352,15.999347683344551,True,33.06830596923828,3830.159423828125,0.9298722743988037,61,8.015276600279975,-0.01252170487614242,0.017713953404950297,0.026532089144130647,0.08173868805170059,11.376158543316105,0.7079367926159569,0.7176649603184007,True,True,numpy
1.26,3877.141845703125,1.3484877347946167,16451.448479893785,15.999705200721968,True,33.19512176513672,3843.94677734375,0.9240168333053589,61,8.01844704371673,-0.008477644272068121,0.012374628968999485,0.023775939863884973,0.08215983211994171,11.246576453033951,0.7089316075445371,0.7176904236987186,True,True,numpy
1.2650000000000001,3889.8681640625,1.3484718799591064,16458.34153579389,16.000032317426665,True,33.357582092285156,3856.5107421875,0.9881000518798828,46,8.017023851301873,-0.006919744125288687,0.009680660256399937,0.020770400932760228,0.08249207586050034,11.978120826427336,0.7106618707742943,0.7175504612720461,True,True,numpy
1.27,3904.370849609375,1.3655381202697754,16453.788562176363,15.99953614906496,True,33.45515441894531,3870.915283203125,1.0123460292816162,39,8.016422469229619,-0.01009466966916084,0.005438606834871404,0.020029435729235406,0.0828734040260315,12.215571945899876,0.7134196950914803,0.7176367155441806,True,True,numpy
1.2750000000000001,3919.82763671875,1.3563584089279175,16453.579952222048,15.999814363483944,True,33.44612503051758,3886.381103515625,1.0108706951141357,40,8.010120637939094,-0.007922834594408318,-0.00646075098575146,0.014385406619365094,0.08321480453014374,12.147726607324516,0.7148596081176957,0.7173863426121333,True,True,numpy
1.28,3935.266357421875,1.3907185792922974,16453.792022829657,16.000228938989377,True,33.59682083129883,3901.670166015625,1.0119413137435913,42,8.01117861580008,-0.0006443406212395857,-0.01538601612398571,0.019029086110728878,0.08343902975320816,12.127913240801833,0.7178507065297466,0.7175919554847957,True,True,numpy
1.285,3950.04150390625,1.4395606517791748,16455.53578910579,15.999160613920955,True,33.799041748046875,3916.2431640625,1.046785831451416,35,8.005391118273035,0.004661747343984875,-0.01653690924224386,0.018007371041304596,0.08367618918418884,12.509960619110185,0.7181518027528302,0.7174992408027712,True,True,numpy
1.29,3964.263671875,1.4363703727722168,16459.680682985047,15.998739253759979,True,33.9517707824707,3930.311279296875,1.0629966259002686,34,8.00081930583388,0.007409146197417674,-0.01756456658766859,0.019080899057350095,0.08417820930480957,12.627931084292305,0.719229230833308,0.7173438990738786,True,True,numpy
1.295,3978.235595703125,1.3904739618301392,16470.48573661542,15.998965004497848,True,34.030826568603516,3944.20458984375,1.0497995615005493,35,7.992353902108149,0.008074726927065916,-0.021281553503386456,0.024011841816819406,0.0844738632440567,12.427507410990934,0.7221660534273934,0.7175953959463591,True,True,numpy
1.3,3993.418701171875,1.3590606451034546,16469.678972305406,15.998365373637768,True,34.103389739990234,3959.3154296875,1.0584051609039307,35,7.9919416486767405,0.008770730270964961,-0.022996628722024494,0.02589802440561328,0.08490346372127533,12.465983300498879,0.7244656506925704,0.7172662435981156,True,True,numpy
1.305,4008.187744140625,1.3554253578186035,16472.58892934301,15.99839986676937,True,34.24958801269531,3973.9384765625,1.0804827213287354,37,7.98299044110145,0.00562003015419598,-0.02893398968570691,0.034030656649408346,0.08515742421150208,12.688062506977476,0.7268257255403849,0.7171702340222673,True,True,numpy
1.31,4022.69677734375,1.3725295066833496,16469.29889733611,15.998036030817993,True,34.24909973144531,3988.447509765625,1.1666936874389648,22,7.982545306883845,0.0016848008528262577,-0.028200298545075945,0.033207856054317336,0.08555960655212402,13.636033806773058,0.7287657956227054,0.7170374912983419,True,True,numpy
1.315,4038.080322265625,1.3864638805389404,16471.322655112454,15.997846229218652,True,34.39948272705078,4003.68115234375,1.2531877756118774,17,7.98352863312319,0.0020697123901554136,-0.027766072754895555,0.03235033898429177,0.08581019192934036,14.604183342740962,0.7338741523545795,0.7168111811085305,True,True,numpy
1.32,4053.85400390625,1.3571265935897827,16480.296364534282,15.996651485735986,True,34.56593322753906,4019.2880859375,1.298677682876587,13,7.985184218067433,0.004701733040964335,-0.03790443360254778,0.040967789476512306,0.08610546588897705,15.082407016426579,0.7381957996338876,0.7169042400110696,True,True,numpy
1.325,4069.419189453125,1.376858115196228,16472.888550613327,15.99633046925733,True,34.76141357421875,4034.658203125,1.3065152168273926,16,7.986413184766287,0.007340523624002862,-0.04113593645812694,0.043939163664738164,0.08646486699581146,15.110359412114551,0.742040366441031,0.7168632000607126,True,True,numpy
1.33,4083.2099609375,1.4369001388549805,16468.061496572034,15.99712856982107,True,34.885433197021484,4048.324951171875,1.3262717723846436,13,7.990665747992124,0.01139115412865542,-0.04609618419214262,0.04839157829628268,0.08677009493112564,15.284894795117845,0.7465830331211131,0.7163613989685628,True,True,numpy
1.335,4097.841796875,1.3849884271621704,16463.59026835666,15.998618170825218,True,34.91197967529297,4062.929931640625,1.2843574285507202,17,7.985471775758886,0.016320009403881456,-0.04746085364820767,0.05224887209844303,0.08705692738294601,14.753075569748617,0.7486916756839923,0.716016565473204,True,True,numpy
1.34,4111.46630859375,1.4296444654464722,16467.346380869418,15.998826598037796,True,35.09226989746094,4076.3740234375,1.2744836807250977,20,7.984139653752031,0.019242698392087167,-0.048601630870373336,0.054625548489459795,0.08741503953933716,14.579684313379213,0.7496243615816305,0.7161136512814443,True,True,numpy
1.345,4126.39111328125,1.4105138778686523,16462.43525786791,15.999325032448507,True,35.24922180175781,4091.141845703125,1.2288784980773926,24,7.987128409430098,0.019545011610307864,-0.052497849941019976,0.057477905068609704,0.087641142308712,14.021707906872358,0.7485842723458299,0.7162350878499878,True,True,numpy
1.35,4139.84619140625,1.4898096323013306,16463.557766065816,16.000161599774373,True,35.29100799560547,4104.5546875,1.245916724205017,18,7.986109333480454,0.020299697467555677,-0.05016706192540675,0.05587273427942401,0.08787796646356583,14.177805590455643,0.7469081331597811,0.716390955391959,True,True,numpy
1.355,4153.8193359375,1.512457013130188,16470.069286613834,15.999819264424175,True,35.401634216308594,4118.41796875,1.1161963939666748,32,7.986524867951173,0.024188828101772204,-0.04999758809046262,0.057152754995135356,0.08824104070663452,12.649401967929784,0.7417362924155148,0.716349578197075,True,True,numpy
1.36,4168.69921875,1.466636061668396,16475.500634911587,16.000024466812352,True,35.528968811035156,4133.16943359375,1.0633057355880737,37,7.988116678320276,0.02292592114908022,-0.049425967695658234,0.055765020194830824,0.08857782185077667,12.004198267365167,0.7380049064388989,0.7163062096841651,True,True,numpy
1.365,4182.4609375,1.432612419128418,16485.10792640384,15.999764456372521,True,35.6861686706543,4146.77490234375,1.10640287399292,29,7.993878067788199,0.02037710315628267,-0.05012130521728243,0.054450432723089165,0.08873902261257172,12.468053415726658,0.7346883921331425,0.7160670227257626,True,True,numpy
1.37,4197.28125,1.4128378629684448,16488.973473771573,15.998849203431801,True,35.780059814453125,4161.50146484375,1.1310932636260986,27,7.994635807623556,0.02153112719887267,-0.05167720072981016,0.0562396396999005,0.08911143243312836,12.693020780188915,0.7279956524354046,0.7161296530421821,True,True,numpy
1.375,4211.26220703125,1.4075900316238403,16490.969654999724,15.997904277738009,True,35.99174880981445,4175.2705078125,1.0952539443969727,34,7.9970814944987225,0.022235684305518227,-0.05039828488420453,0.0551627632571565,0.08944031596183777,12.2456403761397,0.7200350843358652,0.7160775086740135,True,True,numpy
1.3800000000000001,4223.53515625,1.4377042055130005,16493.82155297651,15.998583321538398,True,36.06856155395508,4187.466796875,1.0888751745224,33,7.998525389310876,0.024339814072043983,-0.049587765908357534,0.05525891379251147,0.08962646126747131,12.149036781368407,0.7151453453197835,0.7162809640645245,True,True,numpy
1.385,4237.5927734375,1.5766665935516357,16496.155118636572,15.997757486282438,True,36.20384216308594,4201.3896484375,1.0656683444976807,40,8.000817261418483,0.02018825601617425,-0.0506489572045548,0.05453027107130094,0.08998910337686539,11.84219316015149,0.7092859986772938,0.7163284420137096,True,True,numpy
1.3900000000000001,4252.6611328125,1.6095967292785645,16501.2154835805,15.99810851287801,True,36.358306884765625,4216.302734375,1.034871220588684,48,8.006760990999313,0.020149696177280012,-0.0481217188332043,0.05260628364360525,0.09025603532791138,11.465950358099251,0.7059005757395198,0.7166371733352734,True,True,numpy
1.395,4267.64892578125,1.6176475286483765,16500.516105387953,15.997789064869266,True,36.493709564208984,4231.15478515625,0.9951598048210144,55,8.017037157927534,0.019592260403356203,-0.048226362895901584,0.05477137478763756,0.09065154939889908,10.977857647440278,0.6993552098264566,0.7164139091769544,True,True,numpy
1.4000000000000001,4282.82666015625,1.6285042762756348,16516.09578137301,15.998326376864528,True,36.735530853271484,4246.0908203125,0.947207510471344,65,8.022202811951141,0.021106160150798605,-0.0429830773666354,0.05278238148051918,0.09121275693178177,10.384594680980454,0.6967101723652795,0.716154776160494,True,True,numpy
1.405,4296.27587890625,1.7094905376434326,16520.144444961305,15.998147860293367,True,36.84236145019531,4259.43359375,0.9717655181884766,59,8.020708485606944,0.019293046664697652,-0.03849136017790629,0.04777706389141672,0.09141068160533905,10.630765476446445,0.6948366095498806,0.7159391403204352,True,True,numpy
1.41,4310.82177734375,1.67250657081604,16521.38170584153,15.998781629869981,True,36.86945343017578,4273.9521484375,0.9889012575149536,56,8.020297188612508,0.02069833671070182,-0.03613753607303733,0.0463283770662365,0.09161826223134995,10.79371332123533,0.69188259073354,0.7157602137435197,True,True,numpy
1.415,4326.07666015625,1.6179841756820679,16525.010290476683,15.998971310864514,True,36.941307067871094,4289.13525390625,1.0073928833007812,54,8.019614954523284,0.01739417762815412,-0.0389116803075484,0.04691932140032649,0.0920080617070198,10.948963217034292,0.6904377675506934,0.715566211313905,True,True,numpy
1.42,4339.8701171875,1.6192593574523926,16528.739678584006,15.998945357264905,True,37.053436279296875,4302.8173828125,1.0679575204849243,46,8.021890859892245,0.01834737261237214,-0.03622589102839313,0.0461318871216012,0.09218594431877136,11.584819447008273,0.6944387900073932,0.7154208004499109,True,True,numpy
1.425,4354.3681640625,1.6618320941925049,16529.231899833052,15.997847298535653,True,37.22233200073242,4317.1455078125,1.1382226943969727,31,8.022218939959469,0.014652437774666538,-0.030224429021962058,0.04027271204384658,0.09251988679170609,12.302465273865945,0.6933736818261134,0.7153837061446081,True,True,numpy
1.43,4368.63525390625,1.803929328918457,16521.087541485114,15.996194860666536,True,37.394588470458984,4331.2412109375,1.2414392232894897,24,8.01987804063048,0.01721134485943349,-0.02670023072204207,0.03747358018374631,0.092808797955513,13.376309688706039,0.6954943123004987,0.7152720707546844,True,True,numpy
1.435,4382.6279296875,1.821626901626587,16511.22270226028,15.995108632782097,True,37.47941589355469,4345.14794921875,1.2710230350494385,22,8.019949269652408,0.016314831230341387,-0.027783288586033905,0.03789535858642628,0.09293580055236816,13.676355371073958,0.6961074109241785,0.7151333290613795,True,True,numpy
1.44,4395.75341796875,1.858569860458374,16513.857115533756,15.994204717788948,True,37.65910720825195,4358.0947265625,1.3038500547409058,17,8.014301630003228,0.013947488621425558,-0.029045058648838454,0.0352517303335381,0.09326858818531036,13.979519580057929,0.701016865715957,0.7147942768901865,True,True,numpy
1.445,4409.6357421875,2.017329692840576,16510.853147143935,15.994144070741951,True,37.764801025390625,4371.87109375,1.3179376125335693,20,8.009598684062603,0.019487230856440062,-0.024323068437483723,0.03261132564616727,0.09366641938686371,14.070545465074158,0.7043006630721376,0.7145025189212909,True,True,numpy
1.45,4423.99169921875,2.10068416595459,16510.00207581277,15.99258233227468,True,37.87977981567383,4386.1123046875,1.3590739965438843,20,8.011661997847314,0.018608061623424293,-0.02875495175307836,0.03618161689993667,0.09402330219745636,14.454650759762952,0.7082327931929967,0.7144115446805546,True,True,numpy
1.455,4439.24560546875,2.0768048763275146,16505.210970083004,15.993631043808266,True,37.97203063964844,4401.2734375,1.361451268196106,19,8.005038996687711,0.018754494158504012,-0.02991632858828958,0.035666640645884144,0.09425980597734451,14.443603549569504,0.7104513545248566,0.7142367995953748,True,True,numpy
1.46,4455.33544921875,2.0844316482543945,16503.52364298303,15.993002416833972,True,37.9470329284668,4417.38818359375,1.3773066997528076,18,8.006388249294563,0.01775378493420012,-0.02714874167082583,0.03306146976237674,0.09478065371513367,14.531517200676285,0.7119782701851326,0.7143042661388057,True,True,numpy
1.465,4468.95556640625,2.113361120223999,16499.229339304315,15.993548281688055,True,37.92887878417969,4431.0263671875,1.350797176361084,21,8.007256885810389,0.023931997674947702,-0.028021837016663605,0.03755830472967569,0.09500773996114731,14.217759278491227,0.7124531590920596,0.7142909741171702,True,True,numpy
1.47,4482.369140625,2.0426318645477295,16498.01766573693,15.993806602250999,True,37.911922454833984,4444.45751953125,1.3610284328460693,20,7.999229950979192,0.01875280648795012,-0.028015624538597367,0.03372144636513402,0.09508707374334335,14.31349582299402,0.7151047799383674,0.7141808430331699,True,True,numpy
1.475,4497.2490234375,2.0052552223205566,16491.500247693926,15.993185052425527,True,38.07987976074219,4459.16943359375,1.3561807870864868,23,7.995389401815578,0.014946859402842893,-0.028222466335638234,0.03226722528654712,0.0954180508852005,14.213042233676907,0.717447890077151,0.7142447684583753,True,True,numpy
1.48,4513.0498046875,1.9024487733840942,16487.370609796908,15.992460255454327,True,38.30755615234375,4474.7421875,1.3178342580795288,30,7.992974440271952,0.0170657806666896,-0.025079065192336904,0.031137740286947876,0.09574596583843231,13.763861970992325,0.7184977818488484,0.7143789566799602,True,True,numpy
1.485,4528.84716796875,1.7253202199935913,16491.92010374296,15.993358678344324,True,38.281036376953125,4490.56591796875,1.3595185279846191,23,7.992333463052105,0.012732531775567511,-0.026574003962373,0.030447838031320024,0.09585315734148026,14.183346336117927,0.7220864288638695,0.714408637801972,True,True,numpy
1.49,4543.7939453125,1.684725046157837,16495.945666884876,15.99284520916891,True,38.454856872558594,4505.3388671875,1.2847332954406738,32,7.991484985989845,0.013829409224552672,-0.018702359293233804,0.02476966423322054,0.09629005938768387,13.342325299313291,0.7273458757754476,0.7142802440427608,True,True,numpy
1.495,4557.71923828125,1.594313383102417,16497.89768267085,15.992612241251434,True,38.553165435791016,4519.16650390625,1.2703646421432495,33,7.993389679409004,0.012727965353555044,-0.01670665911945311,0.022018399108260478,0.09679239243268967,13.124633147451883,0.7308725616726284,0.7145081181377654,True,True,numpy
1.5,4572.94921875,1.6420420408248901,16501.880117524004,15.993550604757276,True,38.66643524169922,4534.28271484375,1.2631473541259766,34,7.993208820778951,0.012549572908277353,-0.014199673148954761,0.020130638661744634,0.0971112921833992,13.007213947276739,0.7338405743011567,0.7148628523328988,True,True,numpy
1.5050000000000001,4587.91845703125,1.7554444074630737,16507.026557524776,15.993722181777283,True,38.7148551940918,4549.20361328125,1.1974520683288574,43,7.99182757350472,0.01470616343669948,-0.014016567916546279,0.02189803584814918,0.09731536358594894,12.304861475148963,0.7335812033598121,0.7146220378684615,True,True,numpy
1.51,4600.68994140625,1.7281900644302368,16510.24516646898,15.993539106620446,True,38.793365478515625,4561.89697265625,1.2412999868392944,32,7.994241037198738,0.013763299664154275,-0.015384931422858404,0.021431056555328398,0.09765638411045074,12.710894409477282,0.7348459462656286,0.7146680271001893,True,True,numpy
1.5150000000000001,4615.6748046875,1.6979931592941284,16513.18978344181,15.994737496932212,True,39.05128860473633,4576.6240234375,1.2321114540100098,32,7.996123700641552,0.01237959668718754,-0.014622255101212381,0.019547134191452785,0.09781618416309357,12.596192179769064,0.7404766153101943,0.7145817573639457,True,True,numpy
1.52,4629.99951171875,1.6382732391357422,16521.676539848693,15.994913377491839,True,39.192176818847656,4590.80712890625,1.1892578601837158,38,7.995452652048857,0.011144187951268323,-0.01218888892086729,0.017130099579605505,0.09817007929086685,12.11425995348419,0.7409139956917222,0.7150000451834053,True,True,numpy
1.5250000000000001,4645.05615234375,1.576871633529663,16519.992985240202,15.994874404202234,True,39.25354766845703,4605.80322265625,1.180130124092102,45,7.989635029954813,0.010704331113716553,-0.011184604281315675,0.018630906622044342,0.09863458573818207,11.964668531428385,0.7447684272927294,0.7151095229753986,True,True,numpy
1.53,4658.90576171875,1.5754965543746948,16525.979087316155,15.994064229600031,True,39.45490264892578,4619.45068359375,1.1084707975387573,54,7.99292099908913,0.007547292287525649,-0.01184183397684769,0.015725867438862062,0.0990893766283989,11.186575546798535,0.7439981938152512,0.7151160450219852,True,True,numpy
1.5350000000000001,4674.2900390625,1.5590498447418213,16533.49039104222,15.994643482764616,True,39.590538024902344,4634.69970703125,1.1429246664047241,44,7.997675020613326,0.009134447507500093,-0.01373995418897208,0.016662232789478842,0.09937463700771332,11.501170729469049,0.7424340609043276,0.7149328004057366,True,True,numpy
1.54,4688.7158203125,1.543290376663208,16537.22776938217,15.993223356269155,True,39.71195983886719,4649.00390625,1.0959045886993408,51,7.998344272848653,0.007416364815811022,-0.016875161953872304,0.018507160518305487,0.09959019720554352,11.004141164993488,0.7421480657971222,0.7148958355507626,True,True,numpy
1.545,4703.79736328125,1.505549430847168,16540.082262330583,15.992363467166287,True,39.76675033569336,4664.02978515625,1.023841142654419,68,8.000273136880287,0.009014070484437585,-0.02090185461084276,0.022764349246718878,0.10000878572463989,10.237511986931041,0.7392427779505202,0.7149440387063333,True,True,numpy
1.55,4719.15185546875,1.5379160642623901,16543.057332260458,15.991683546392816,True,39.834354400634766,4679.318359375,0.9854117035865784,75,7.999297810765245,0.014156187456069074,-0.02194307239848145,0.02612257910884322,0.10025542974472046,9.829010818623228,0.7345645954123793,0.7147082443955409,True,True,numpy
1.555,4733.2861328125,1.5963629484176636,16550.7139730392,15.991386194756839,True,39.81731414794922,4693.46923828125,1.0219085216522217,71,7.995549114687216,0.009137330812877363,-0.02539742445905698,0.027355627640487844,0.1006665974855423,10.151416131840433,0.7297784319205314,0.7145929737695257,True,True,numpy
1.56,4748.3115234375,1.6719584465026855,16551.24320792018,15.99165919809743,True,39.85314178466797,4708.45849609375,0.9989992380142212,76,7.992749686818508,0.004305555151366641,-0.0268455328043467,0.028138718484331072,0.10100802779197693,9.890295453264674,0.7240381279849861,0.7142670279667105,True,True,numpy
1.565,4761.39453125,1.6997442245483398,16541.71434655894,15.990866142905931,True,39.98768615722656,4721.4072265625,0.9885326027870178,79,7.9918933418512115,0.0068400255387548155,-0.03227603575658063,0.03397420109247912,0.10106655210256577,9.781006497419853,0.7181527499895968,0.714112972553101,True,True,numpy
1.57,4774.712890625,1.6687836647033691,16544.406519429795,15.989531079275794,True,40.10531997680664,4734.607421875,1.0086960792541504,78,7.993755087860985,0.0037262377085318828,-0.027151302629987474,0.028108308550847783,0.10143797099590302,9.943969396774415,0.7126971897187149,0.713799728245265,True,True,numpy
1.575,4788.6494140625,1.6810652017593384,16547.020809453712,15.988817393269592,True,40.26444625854492,4748.3857421875,1.0230991840362549,80,7.991505335888867,0.0014723860180322868,-0.02806834828691207,0.02936255122605097,0.10196559876203537,10.033768216513266,0.7095377343931466,0.7139457940937973,True,True,numpy
1.58,4802.53662109375,1.695332646369934,16550.304149443382,15.988025034663767,True,40.37242126464844,4762.16455078125,1.0297375917434692,77,7.989940458991537,-0.004324413357687402,-0.02700470354024244,0.029140160079956248,0.10223526507616043,10.072234771205059,0.7075433161993552,0.7138184589967508,True,True,numpy
1.585,4815.56298828125,1.7138155698776245,16546.57769888072,15.986993051812611,True,40.518760681152344,4775.04443359375,1.0343260765075684,73,7.996719897910168,-0.007971416148523928,-0.023526658434410742,0.025056061187307504,0.10248278826475143,10.092680868864697,0.7033229962913844,0.71346452958957,True,True,numpy
1.59,4830.43115234375,1.7354211807250977,16540.908233580656,15.987029563051625,True,40.648406982421875,4789.78271484375,1.018533706665039,77,7.996179762484839,-0.012392706716956149,-0.024220295950555592,0.027473553289977436,0.10274595767259598,9.913126800673139,0.7037214325370708,0.7131971224457626,True,True,numpy
1.595,4843.7060546875,1.830047607421875,16539.85985061364,15.987198852338931,True,40.61226272583008,4803.09326171875,1.0397108793258667,79,7.996616607325069,-0.01420490372526589,-0.02539195362101928,0.029291260548649056,0.10317519307136536,10.077140137811112,0.7049724065910548,0.7130730069595662,True,True,numpy
1.6,4858.333984375,1.8678970336914062,16537.033113025114,15.986996456491738,True,40.653587341308594,4817.6806640625,1.0525349378585815,73,7.998466924844455,-0.02084856353121848,-0.026207385375326832,0.03352372248063597,0.10357813537120819,10.161748269424404,0.7056956410969777,0.7131873021968596,True,True,numpy
1.605,4872.22314453125,1.9226229190826416,16531.185490557542,15.986960793528429,True,40.84803771972656,4831.3759765625,1.1138666868209839,64,8.000064095356029,-0.02045950459202741,-0.026011785012147237,0.03309393291653355,0.10361135005950928,10.750431165902514,0.7062231010718389,0.7131963924217253,True,True,numpy
1.61,4885.6181640625,1.8615041971206665,16536.122355504216,15.986838385003633,True,41.01250457763672,4844.60546875,1.1966979503631592,47,7.997816087426655,-0.02155014401848562,-0.026403072923221083,0.03415114113956396,0.10392598807811737,11.514905679449928,0.7097623264395646,0.7133442349638497,True,True,numpy
1.615,4898.060546875,1.8037422895431519,16535.108427349507,15.987207493418929,True,41.23365020751953,4856.826171875,1.2018208503723145,48,8.0015359408156,-0.02148123650379735,-0.02836945339512158,0.03561781186231234,0.1041245311498642,11.542148973929685,0.7124798433915802,0.7132026557541664,True,True,numpy
1.62,4911.3916015625,1.7548487186431885,16536.091737286148,15.986995264276132,True,41.453739166259766,4869.93798828125,1.188734531402588,53,8.001002786393016,-0.022216257361622836,-0.027508512830494568,0.03537352046168664,0.10444597899913788,11.381333611822432,0.7150031100299765,0.7132221248224995,True,True,numpy
1.625,4924.7587890625,1.6324418783187866,16537.658333768202,15.985230186305598,True,41.64038848876953,4883.11865234375,1.1961054801940918,49,8.00029489067016,-0.0174011366730098,-0.029017375436315728,0.033836291097462404,0.10470394045114517,11.423691171892372,0.7164766201085369,0.7133887035776763,True,True,numpy
1.6300000000000001,4938.6103515625,1.6295390129089355,16547.21528986412,15.984258539740352,True,41.731971740722656,4896.8779296875,1.2262279987335205,45,7.995499400627205,-0.016450564487554574,-0.029232149223160458,0.03384368500737939,0.10499318689107895,11.679119712840249,0.7184422615250255,0.7131555971635989,True,True,numpy
1.635,4953.24462890625,1.6749454736709595,16554.404868761776,15.985164295105292,True,41.818599700927734,4911.42626953125,1.134291648864746,57,7.993116827580223,-0.020452822999514612,-0.029687188023171537,0.03670184142428002,0.10535458475351334,10.766419435077504,0.7223529654279,0.7130985082125447,True,True,numpy
1.6400000000000001,4967.3876953125,1.6516952514648438,16557.350011547085,15.985135809164174,True,41.85302734375,4925.53466796875,1.1142187118530273,61,7.995860690628552,-0.015179274882387841,-0.029508037646442612,0.0334405226300595,0.10563882440328598,10.547435738203545,0.7233866278324322,0.7130304187984982,True,True,numpy
1.645,4979.9873046875,1.7059885263442993,16561.5374256133,15.98393033950587,True,42.04998779296875,4937.9375,1.1344988346099854,53,7.9941850894640165,-0.020189894082003057,-0.02689640727290787,0.03413007078478047,0.10598547011613846,10.704286477823857,0.7245077912777125,0.7126358534313065,True,True,numpy
1.6500000000000001,4993.46044921875,1.7105212211608887,16570.685019706503,15.983543679678466,True,42.26689529418945,4951.193359375,1.0515811443328857,75,7.998968163369723,-0.019573582678850815,-0.027167869893930132,0.033500492239531436,0.10639160871505737,9.884060942712841,0.7248129677809475,0.7121513640460566,True,True,numpy
1.655,5007.88427734375,1.706687092781067,16582.299996933296,15.983928523336532,True,42.37409591674805,4965.51025390625,1.0072921514511108,85,7.997089845411688,-0.02189047446791424,-0.018960436671807152,0.029106013656010805,0.10670267045497894,9.440177524667648,0.7237887572371741,0.7118905183020497,True,True,numpy
1.6600000000000001,5021.876953125,1.6654078960418701,16590.103735087094,15.983435305176977,True,42.5340690612793,4979.3427734375,1.0399802923202515,75,7.998554534519036,-0.03039399395455862,-0.017457205723372435,0.03508045425353772,0.10694485902786255,9.724453347021603,0.721447883290446,0.7115866398997903,True,True,numpy
1.665,5036.38232421875,1.7158468961715698,16590.631084692694,15.983024030125046,True,42.69856262207031,4993.68408203125,1.0800049304962158,68,8.003623655747962,-0.030400357706764004,-0.020788475173790254,0.03700639579491951,0.10738984495401382,10.056862741152969,0.7179246704797233,0.7113295952876825,True,True,numpy
1.67,5050.548828125,1.6930452585220337,16596.363515805737,15.983120454901778,True,42.944889068603516,5007.60400390625,1.0912648439407349,72,8.004024384582555,-0.028476444686867313,-0.02233057036051149,0.036410959145541294,0.10778865963220596,10.124115539281444,0.713595518068717,0.7110357879402034,True,True,numpy
1.675,5063.32470703125,1.7525362968444824,16595.178168408624,15.98304149678737,True,43.10458755493164,5020.220703125,1.1270337104797363,71,7.996731515337832,-0.03125075950535875,-0.02135117926225987,0.03798902232932234,0.10802110284566879,10.433458655666056,0.7096430973855388,0.710702114878345,True,True,numpy
1.68,5076.41943359375,1.7653181552886963,16599.500957298605,15.982756916607123,True,43.22282791137695,5033.1962890625,1.1437207460403442,67,7.991459702112501,-0.03559669058502203,-0.02056276212179433,0.04198676285081419,0.10833960026502609,10.556811574369055,0.70754368805762,0.7105345977522481,True,True,numpy
1.685,5090.2900390625,1.8107924461364746,16595.468456842205,15.982290112742358,True,43.26762008666992,5047.02197265625,1.1949131488800049,53,7.984398154779015,-0.03739905751582371,-0.021672179249334924,0.04595422103340197,0.10861270874738693,11.001596062383012,0.7040822634972986,0.7102528800407929,True,True,numpy
1.69,5104.8251953125,1.8593991994857788,16597.17113155923,15.98116635727189,True,43.2445068359375,5061.5810546875,1.1856989860534668,47,7.976719487032496,-0.03694994749688217,-0.014710035385862264,0.04608325124278646,0.10893205553293228,10.884757294376097,0.7035666906368243,0.7100166203062916,True,True,numpy
1.695,5117.87939453125,1.8334834575653076,16600.678722135166,15.981062468547934,True,43.425621032714844,5074.455078125,1.218064546585083,48,7.976654057827305,-0.038872647806998124,-0.011088215913757424,0.04668044875114051,0.10923228412866592,11.151140492039067,0.7007267507346084,0.709987438008071,True,True,numpy
1.7,5132.623046875,1.9488539695739746,16602.653953038916,15.981529032646046,True,43.549949645996094,5089.0732421875,1.24354088306427,46,7.977714568570098,-0.0372390128566629,-0.011220760622771862,0.04482510459005202,0.10960279405117035,11.345886697776127,0.7015715326937384,0.7098632948268089,True,True,numpy
1.705,5146.35595703125,1.9396167993545532,16599.041031116194,15.982152713382927,True,43.64111328125,5102.71484375,1.3228319883346558,41,7.976252063660219,-0.04022410192090387,-0.006401595570993071,0.04714788735029505,0.10975354164838791,12.052749901889712,0.7006054595132966,0.7099612802349147,True,True,numpy
1.71,5161.0009765625,1.9281867742538452,16599.615503901096,15.981839558570377,True,43.648521423339844,5117.35205078125,1.4142543077468872,34,7.972645670963272,-0.04296815913361779,-0.00638911569779207,0.051335590147394604,0.11020121723413467,12.833381910311822,0.7060870015336038,0.7098875456230639,True,True,numpy
1.715,5175.666015625,1.8482145071029663,16602.49940316056,15.980457980373775,True,43.75722122192383,5131.908203125,1.4247571229934692,34,7.967763184831884,-0.043676209190186034,-0.006391964611158721,0.05465968087172197,0.11060602962970734,12.881369377088625,0.708332525873378,0.7099606631110406,True,True,numpy
1.72,5189.96826171875,1.8630287647247314,16611.732760038878,15.979675723548036,True,43.88896942138672,5146.07958984375,1.464687466621399,27,7.967983234842538,-0.052531063622165,-0.005257994089041682,0.061743278162601944,0.11103688180446625,13.19099962839991,0.7133031236374247,0.7099089232591389,True,True,numpy
1.725,5203.43408203125,1.9509947299957275,16616.90553493892,15.980245325853092,True,43.842552185058594,5159.591796875,1.5093200206756592,24,7.965712906088097,-0.053966519925891514,-0.005741200926840429,0.06419463739221262,0.11118180304765701,13.575243243974949,0.717054396923222,0.7100100724820242,True,True,numpy
1.73,5216.91748046875,1.9537644386291504,16620.005024256145,15.980201481137703,True,43.8900260925293,5173.02783203125,1.5556734800338745,24,7.967521074480806,-0.043231092774788385,-0.006761610874399643,0.05449336993617213,0.11169999837875366,13.927247113817126,0.7211299607950549,0.7098967304132623,True,True,numpy
1.735,5230.802734375,2.003683567047119,16625.257288042732,15.981086972976522,True,43.93278503417969,5186.86962890625,1.665036916732788,17,7.966652649101323,-0.0456535237837452,-0.008664517432492455,0.05719583820673026,0.11175109446048737,14.89951328683861,0.7261108199939714,0.7099129717623588,True,True,numpy
1.74,5244.63623046875,2.000839948654175,16627.44409015055,15.982101802803555,True,44.132347106933594,5200.50341796875,1.700425386428833,13,7.963552200884186,-0.04617365714055447,-0.00665868301904906,0.05920123929166013,0.11191211640834808,15.194292101708388,0.7334751497704007,0.7097676475201067,True,True,numpy
1.745,5258.7333984375,1.8772521018981934,16624.979200580405,15.98220161687201,True,44.38744354248047,5214.345703125,1.7082241773605347,16,7.963106370221103,-0.05126112527666967,-0.0012648906962028697,0.0631699519658362,0.11217958480119705,15.227585129574365,0.7392653172765211,0.7096242451115671,True,True,numpy
1.75,5273.28857421875,1.7702457904815674,16625.487233691776,15.982333767612413,True,44.547645568847656,5228.7412109375,1.6991071701049805,17,7.960946106230196,-0.057101582411082,0.0014744024530075053,0.06919516742537846,0.11269117146730423,15.077553529541156,0.742228777007575,0.7096003028538829,True,True,numpy
1.7550000000000001,5289.38427734375,1.784582495689392,16628.553567103238,15.983485495050953,True,44.60360336303711,5244.7802734375,1.6379351615905762,21,7.960517807577843,-0.06383103892700959,0.000326238884494193,0.07505565588795686,0.11302968114614487,14.491195100097313,0.7463317648487546,0.7096745135860781,True,True,numpy
1.76,5304.15234375,1.7979602813720703,16634.750866394814,15.982950049750674,True,44.73841857910156,5259.41455078125,1.6238489151000977,19,7.959911974507935,-0.05929671553307508,-0.002641304845529123,0.07162490315630393,0.1131928563117981,14.345860401535285,0.7506821103693885,0.7098017336835447,True,True,numpy
1.7650000000000001,5316.3720703125,1.7781933546066284,16636.594911245276,15.98256470703557,True,44.885162353515625,5271.486328125,1.5471681356430054,27,7.956275048851122,-0.05831125406925831,-0.00039311567576870345,0.07288503443119097,0.1134025901556015,13.643146364823867,0.7540900996101171,0.7097407002653277,True,True,numpy
1.77,5330.82177734375,1.7943986654281616,16639.385126044355,15.981971295225748,True,45.03458023071289,5285.78759765625,1.5511261224746704,23,7.951222542821226,-0.06302895776531706,0.004086061891516281,0.079803419397859,0.11358770728111267,13.65575694415474,0.7532708079468108,0.7096845179439523,True,True,numpy
1.7750000000000001,5344.98193359375,1.8328310251235962,16639.238929984625,15.982390747128603,True,44.97034454345703,5300.01220703125,1.5288100242614746,23,7.946932285259902,-0.06158026011761098,0.001566608179813847,0.08130661132452931,0.11380162835121155,13.433990764554808,0.7536495366066064,0.7097409236253183,True,True,numpy
1.78,5357.935546875,1.912950873374939,16631.562301912807,15.982512293189359,True,45.010902404785156,5312.9248046875,1.5149420499801636,26,7.945830049439828,-0.05801582562000597,-0.0019968071357293793,0.07939903528884781,0.11402412503957748,13.286153692951654,0.7515848176041976,0.7097294690185554,True,True,numpy
1.7850000000000001,5372.7373046875,1.8811898231506348,16637.449626614787,15.9830921620095,True,45.005699157714844,5327.73046875,1.4992702007293701,24,7.943438117381429,-0.055998512083247826,-0.0013600372792642692,0.0796048341641115,0.11443974822759628,13.100956826186309,0.75058692021007,0.7099009885853498,True,True,numpy
1.79,5386.4697265625,1.911421775817871,16635.335684947644,15.982638646646336,True,45.06513595581055,5341.4052734375,1.4849680662155151,27,7.943353717279374,-0.050863139349491146,-0.0006440405227426712,0.07613327182477977,0.11490076780319214,12.92391769530247,0.7459180120428446,0.7096148891149504,True,True,numpy
1.795,5400.2880859375,1.9298381805419922,16632.727080059085,15.9832539465695,True,45.0411376953125,5355.24658203125,1.5046477317810059,24,7.945450173502595,-0.04889652062323699,0.0006633668062283284,0.07325976628051221,0.11502986401319504,13.080496484012258,0.7439985942264136,0.7094023688537168,True,True,numpy
1.8,5413.81103515625,1.879225730895996,16631.812076546754,15.983610336390216,True,45.116249084472656,5368.6953125,1.4652268886566162,26,7.948152487474281,-0.04749109687445923,-0.002930803957910505,0.0703715741566407,0.11526396125555038,12.71192550295993,0.7412515837187112,0.7093905632101841,True,True,numpy
1.805,5426.39990234375,1.8397631645202637,16629.483742008335,15.983606009367053,True,45.182273864746094,5381.21728515625,1.4121348857879639,32,7.951683576650438,-0.054535193008357914,0.0008110409656346191,0.07286440714917619,0.11555049568414688,12.22093317235076,0.7358836317434927,0.7093280159569668,True,True,numpy
1.81,5440.03369140625,1.9429988861083984,16631.775498557807,15.984635091317191,True,45.30766296386719,5394.7255859375,1.3302767276763916,42,7.957136675268112,-0.05717259320223249,0.0015152956774041376,0.07147213542024063,0.1160452589392662,11.463430215383545,0.7315553713704068,0.7093547257721393,True,True,numpy
1.815,5453.44091796875,1.948366403579712,16633.065093070505,15.984299953933338,True,45.21072006225586,5408.2294921875,1.3050655126571655,44,7.9572955891310135,-0.05513385595845194,-0.001996830553859233,0.06976672640145416,0.11627613753080368,11.223846443225979,0.728515383030854,0.7094085884438167,True,True,numpy
1.82,5467.125,1.9547723531723022,16631.36038756585,15.985382804149308,True,45.21624755859375,5421.9091796875,1.264818549156189,48,7.9557398645312585,-0.05349985157038923,-0.0010900889608507784,0.06944337264064585,0.11658165603876114,10.84920726066596,0.7217809909551925,0.7093349434027981,True,True,numpy
1.825,5481.55029296875,2.026693105697632,16637.333325631644,15.985076643145003,True,45.314815521240234,5436.2353515625,1.2009235620498657,62,7.961150488768609,-0.05141415681960165,0.0007212604412577958,0.06444548285964438,0.11706099659204483,10.258955561732142,0.7163130679767478,0.7093182331992687,True,True,numpy
1.83,5495.3193359375,2.0253689289093018,16640.051353954015,15.984692689105948,True,45.292930603027344,5450.0263671875,1.1094592809677124,77,7.964254990517331,-0.04349169083579238,0.0010534295478522783,0.056305795336577466,0.11736966669559479,9.452691757617076,0.7150478197588057,0.7088930551666406,True,True,numpy
1.835,5508.15478515625,1.980827808380127,16635.760706691428,15.985092431835223,True,45.345848083496094,5462.8095703125,1.1318291425704956,71,7.965428661071623,-0.04671807034014291,0.0008938886190015001,0.058125335340713596,0.11763954907655716,9.621161858023841,0.7117798918162448,0.7088307454549844,True,True,numpy
1.84,5521.41015625,1.9807614088058472,16631.263096222974,15.985508175384382,True,45.33894348144531,5476.072265625,1.1882776021957397,59,7.9659526903336255,-0.042741168433999284,-0.001202685286104083,0.05465778285403557,0.11762253940105438,10.10246512485249,0.7085026482040941,0.7088010001975487,True,True,numpy
1.845,5533.34912109375,2.058398723602295,16629.09321453248,15.986075419664026,True,45.38788986206055,5487.96142578125,1.2454888820648193,55,7.963854559688418,-0.03747781958482067,0.004980605322322546,0.05230569993344191,0.11807441711425781,10.54833817946854,0.706160810862923,0.7087892191893831,True,True,numpy
1.85,5545.7421875,2.0775599479675293,16619.102772523485,15.98611251391892,True,45.548126220703125,5500.1943359375,1.1849626302719116,59,7.963476047064917,-0.045650341502205184,0.0022125411576676955,0.05850511221804867,0.11825394630432129,10.020491216609912,0.7025877065390752,0.7084426591398307,True,True,numpy
1.855,5558.64111328125,2.0629208087921143,16611.96875358715,15.986581451478282,True,45.65396499633789,5512.98828125,1.1846122741699219,63,7.964844011147761,-0.045073542271373425,0.005266247875471007,0.05740471349770791,0.11850672215223312,9.996160999611272,0.7008068344016432,0.7081909048977639,True,True,numpy
1.86,5572.31591796875,2.099838972091675,16610.552463629927,15.98639782312381,True,45.59272766113281,5526.72314453125,1.1272096633911133,72,7.962711566502897,-0.04647644396344452,0.01106150501491838,0.06060399334491218,0.11876115202903748,9.49140054750822,0.6966809167528205,0.7083288741173075,True,True,numpy
1.865,5587.482421875,2.1272974014282227,16610.224857929137,15.986875574037668,True,45.688804626464844,5541.7939453125,1.0981944799423218,80,7.962843995427504,-0.04022968695995815,0.015748691477385324,0.05698260850415165,0.1190200224518776,9.226972548978857,0.6967628067953809,0.7085084893253035,True,True,numpy
1.87,5601.02197265625,2.0687198638916016,16607.148670145172,15.988021143264206,True,45.78279113769531,5555.23828125,1.1176133155822754,76,7.962675573429375,-0.029784440163877907,0.02433474743691649,0.053594828365431973,0.1192888543009758,9.368966800221278,0.6915046594396314,0.7088394817359723,True,True,numpy
1.875,5614.9931640625,2.0245580673217773,16605.0151637239,15.98792154131967,True,45.94219970703125,5569.05078125,1.0604660511016846,92,7.965163975829299,-0.028681750539587093,0.025587920010665004,0.05187420403735349,0.11942937225103378,8.879440887227013,0.6873684223582733,0.7089441039916591,True,True,numpy
1.8800000000000001,5626.654296875,1.9963425397872925,16599.198408734293,15.987204792397733,True,46.05363082885742,5580.6015625,1.0361247062683105,103,7.961753747464234,-0.025858847395193795,0.027819342135723967,0.05390149922313801,0.11969439685344696,8.656417789856404,0.6825440943582319,0.7089223635729921,True,True,numpy
1.885,5639.68017578125,1.8978315591812134,16599.51636664626,15.986497440499257,True,46.14201736450195,5593.53759765625,1.0983437299728394,82,7.966642928222818,-0.027816900405991135,0.03311203282728486,0.054615756917762256,0.11981861293315887,9.166720454238218,0.6795695559471355,0.7093467648049322,True,True,numpy
1.8900000000000001,5653.0302734375,1.8553235530853271,16601.400332035217,15.987383168334876,True,46.28455352783203,5606.74560546875,1.12919282913208,73,7.967914081151499,-0.031321966487142194,0.031927360451170735,0.05504478284409174,0.12014899402856827,9.398271190382067,0.6756520953513678,0.709429833467975,True,True,numpy
1.895,5667.09912109375,1.8327500820159912,16607.715106797044,15.987652495198311,True,46.50548553466797,5620.59326171875,1.1300584077835083,71,7.969697713015058,-0.028971977741945435,0.032646364790367734,0.05313557400483548,0.12058468163013458,9.371492236880462,0.6696025111209613,0.7095506387648911,True,True,numpy
1.9000000000000001,5680.77734375,1.7471461296081543,16609.628708739325,15.987271317577159,True,46.617950439453125,5634.158203125,1.1648268699645996,61,7.969357409366565,-0.029820886585303585,0.033886222695396144,0.054557581746479476,0.12081657350063324,9.64128377600855,0.6700069320509844,0.7096263383843826,True,True,numpy
1.905,5693.703125,1.8100285530090332,16612.650583374947,15.987083287274446,True,46.76348876953125,5646.94140625,1.1753206253051758,67,7.969727508399444,-0.033178999546197976,0.03427456627425508,0.05649792608477445,0.1212771087884903,9.691199246470811,0.6696229117830259,0.7099370961092403,True,True,numpy
1.9100000000000001,5708.271484375,1.9591128826141357,16619.364245221757,15.987266838321437,True,46.86894607543945,5661.40234375,1.1977112293243408,65,7.964808516724081,-0.03025727826982551,0.033066586879834985,0.05698545912194285,0.12163626402616501,9.846662415303243,0.6681937358063961,0.7099716373770277,True,True,numpy
1.915,5720.78125,2.1220321655273438,16625.446780930004,15.986673310024456,True,47.05781173706055,5673.72509765625,1.1234002113342285,84,7.964146218369542,-0.036680490785302784,0.034831015130536394,0.06200122318534431,0.12201948463916779,9.206728045576595,0.6675707791087088,0.7098152789890774,True,True,numpy
1.92,5733.884765625,2.191243886947632,16624.52452238747,15.987402713690418,True,47.112369537353516,5686.77197265625,1.2139132022857666,67,7.961097481496037,-0.03356202274133026,0.03330031755459763,0.061226844322386634,0.12228164821863174,9.927190383591883,0.6652588494934263,0.7096995208560257,True,True,numpy
1.925,5746.810546875,2.389418601989746,16629.145173505887,15.987009101410777,True,47.19856262207031,5699.61181640625,1.2647266387939453,58,7.961066924957965,-0.034859913737593215,0.03382003129415283,0.062247830763478326,0.12251991778612137,10.322620694226496,0.6660093459983116,0.709654110985951,True,True,numpy
1.93,5760.5732421875,2.5837957859039307,16628.65076627745,15.987144871569699,True,47.36508560180664,5713.2080078125,1.2842490673065186,44,7.9644983481907206,-0.031996570855364816,0.03403897588319062,0.05867537564316166,0.12276119738817215,10.461359897343701,0.6678785492837995,0.7094102636975553,True,True,numpy
1.935,5773.18994140625,2.690962314605713,16623.4546055357,15.987117794747073,True,47.4355354309082,5725.75439453125,1.302457332611084,42,7.964661965004254,-0.030472800520737732,0.031734039413230095,0.05643064368246827,0.12302786111831665,10.586685981303884,0.6696399399921333,0.7093052256656182,True,True,numpy
1.94,5786.58251953125,2.7130470275878906,16616.826999825244,15.986565328667336,True,47.59520721435547,5738.9873046875,1.333822250366211,40,7.9638582618325895,-0.03270228450454832,0.030637390650132792,0.05757008212107156,0.1233520433306694,10.813134621456072,0.672797901695288,0.7089382558433837,True,True,numpy
1.945,5798.169921875,2.7658822536468506,16617.61423280247,15.987438814222573,True,47.63418197631836,5750.5361328125,1.327738642692566,49,7.964539928694875,-0.034479018445224316,0.030544639097027447,0.05813083817973317,0.12367771565914154,10.735471912756234,0.6735836621760328,0.7089813481089255,True,True,numpy
1.95,5813.3154296875,2.8851077556610107,16614.956170401143,15.988216257099667,True,47.700374603271484,5765.61474609375,1.2877379655838013,53,7.958070863143888,-0.03252169457486734,0.03143489017750428,0.061675485048690706,0.12403134256601334,10.382359320979107,0.6732669116315729,0.7089270285129651,True,True,numpy
1.955,5825.6015625,2.95326566696167,16617.646279313623,15.988106978552622,True,47.74333190917969,5777.85791015625,1.2549840211868286,56,7.961656874066019,-0.03391811818145469,0.03051937359038426,0.05959921318029025,0.12434183806180954,10.093014875355019,0.6737207478282532,0.708948373814932,True,True,numpy
1.96,5838.7978515625,2.9563000202178955,16621.173312449864,15.987575154653117,True,47.86053466796875,5790.9384765625,1.2539944648742676,62,7.96598762508985,-0.030480276919245777,0.02839060757276689,0.05377653323200873,0.1247258111834526,10.054009294273769,0.6752819168854792,0.7088960942079332,True,True,numpy
1.965,5851.20751953125,2.9656054973602295,16616.910794307652,15.987497537165156,True,47.84994888305664,5803.35693359375,1.244065523147583,67,7.964171483282422,-0.030026780699661523,0.025419457356095673,0.0532112674313032,0.12492715567350388,9.958327446427568,0.6759435859771508,0.7088864903432046,True,True,numpy
1.97,5865.12451171875,2.90311598777771,16617.905700852105,15.987846032724034,True,47.760711669921875,5817.36376953125,1.1648077964782715,75,7.958415705273345,-0.032148592568747254,0.0245267834570915,0.05800300577397407,0.12517817318439484,9.30519887650414,0.67565709614614,0.7086461541048009,True,True,numpy
1.975,5878.95458984375,2.966195583343506,16617.064677613012,15.988228838135782,True,47.86309814453125,5831.0908203125,1.1891891956329346,67,7.962563273310373,-0.033600481320385255,0.021539197416382213,0.05472145717666232,0.12544646859169006,9.47965462067786,0.6763583780863038,0.7085690666103264,True,True,numpy
1.98,5893.0771484375,2.900646924972534,16623.857403144964,15.987650295292331,True,47.87431335449219,5845.203125,1.129987120628357,79,7.964223569923175,-0.03526581173203964,0.020962541528076167,0.05443398362675596,0.12579774856567383,8.98257030441556,0.6758636481230974,0.708778749102863,True,True,numpy
1.985,5908.35498046875,2.801912784576416,16635.265819914825,15.98763537653682,True,47.99745559692383,5860.35791015625,1.1239107847213745,84,7.9706060380835515,-0.03640262888351765,0.020380526684251363,0.051034520226060906,0.12620319426059723,8.905565277536548,0.6761940683731568,0.7088689836845515,True,True,numpy
1.99,5921.1865234375,2.6128413677215576,16644.766809600544,15.987715887722654,True,48.00214385986328,5873.18408203125,1.173606514930725,70,7.970387657388072,-0.03658155506054666,0.019129373123134716,0.05080387703412156,0.12651026248931885,9.276769266286296,0.6777161076805001,0.7088348069996997,True,True,numpy
1.995,5934.05517578125,2.419829845428467,16654.354883986718,15.987481169623866,True,48.189151763916016,5885.86572265625,1.1610018014907837,74,7.977076663124704,-0.04269241727447226,0.020639851382238446,0.05266996612223003,0.12685231864452362,9.152389281462343,0.6763044535483754,0.7088632335157335,True,True,numpy
2.0,5948.32861328125,2.329829454421997,16667.99702428131,15.987378240649255,True,48.315887451171875,5900.0126953125,1.2024762630462646,68,7.977202265448666,-0.042295870387514416,0.016191619742468216,0.05070350976407058,0.12691020965576172,9.47501596843885,0.6789731420898634,0.7087409366889116,True,True,numpy
