t,norm,peak,PR,R_rms
0.0,1.0000000000000002,1.4366969769095943,1.968662709604115,0.6123724353664733
0.0025,1.0000000000000004,1.4380008210543938,1.9681810206402166,0.6123641679736287
0.005,1.0000000000000009,1.4419173591483359,1.9667341145093915,0.6123393571626498
0.0075,1.0000000000000016,1.4484616028831563,1.9643164762340353,0.6122979769413102
0.01,1.000000000000002,1.4576585567493887,1.960918923115761,0.612239983672157
0.0125,1.0000000000000022,1.469543204653045,1.9565286174493794,0.6121653155942041
0.015,1.000000000000003,1.4841605090989816,1.9511290830382109,0.6120738921478684
0.0175,1.0000000000000029,1.5015654401805203,1.9447002244019738,0.6119656130976194
0.02,1.0000000000000036,1.5218230556206198,1.9372183474724467,0.611840357445049
0.0225,1.000000000000004,1.545008656513324,1.9286561805962248,0.6116979821232065
0.025,1.0000000000000049,1.5712080461720141,1.918982894798721,0.6115383204609425
0.0275,1.0000000000000049,1.6005179216053251,1.908164122492197,0.6113611804037201
0.03,1.0000000000000056,1.6330464286603485,1.8961619741212101,0.6111663424747651
0.0325,1.000000000000006,1.6689139128882577,1.882935052633088,0.610953557457571
0.035,1.0000000000000067,1.7082538988306397,1.8684384661681563,0.6107225437776204
0.0375,1.0000000000000067,1.751214330858338,1.8526238400502024,0.6104729845577856
0.04,1.0000000000000067,1.7979591091022251,1.835439330134046,0.6102045243182955
0.0425,1.0000000000000075,1.8486699545895702,1.8168296409971083,0.6099167652885337
0.045,1.0000000000000075,1.9035486386273557,1.7967360545620346,0.6096092632944685
0.0475,1.0000000000000082,1.9628196129181468,1.7750964777761638,0.6092815231824651
0.05,1.0000000000000087,2.0267330789741873,1.751845522265949,0.6089329937380316
0.0525,1.0000000000000087,2.0955685381610754,1.7269146347824071,0.6085630620572074
0.055,1.0000000000000093,2.1696388671013707,1.7002323051289814,0.6081710473296283
0.0575,1.0000000000000098,2.249294967003568,1.6717243884816475,0.6077561939968702
0.06,1.00000000000001,2.334931039351164,1.6413145918875283,0.6073176642590536
0.0625,1.000000000000011,2.4269905436000014,1.6089251904571813,0.6068545299190761
0.065,1.0000000000000115,2.5259728939922015,1.5744780573093535,0.606365763580409
0.0675,1.0000000000000115,2.632440950625894,1.5378961122447419,0.6058502292556371
0.07,1.0000000000000124,2.7470293520223805,1.4991053163236319,0.6053066725052397
0.0725,1.0000000000000129,2.870453718935449,1.4580373609056398,0.6047337103185945
0.075,1.0000000000000133,3.0035207267161184,1.41463321672694,0.6041298210846112
0.0775,1.0000000000000138,3.14713898849363,1.3688477156989582,0.6034933351957925
0.08,1.0000000000000144,3.3023306027780226,1.3206553272486599,0.6028224271118453
0.0825,1.0000000000000147,3.470243081284893,1.2700572512568606,0.6021151101118919
0.085,1.0000000000000147,3.6521611640649683,1.217089867391222,0.6013692355350223
0.08750000000000001,1.0000000000000153,3.849517719356007,1.1618344408683963,0.6005824991109725
0.09,1.0000000000000153,4.063902474307534,1.1044277740338464,0.5997524580995648
0.0925,1.0000000000000155,4.2970666762977645,1.0450732053890783,0.5988765644956798
0.095,1.0000000000000158,4.550920875164647,0.9840510021071998,0.5979522216448316
0.0975,1.0000000000000164,4.827521763763194,0.9217268038843771,0.5969768743962001
0.1,1.0000000000000167,5.129042332507079,0.8585564260463547,0.5959481465286949
0.10250000000000001,1.0000000000000175,5.457717413764212,0.7950851280876731,0.5948640436896623
0.105,1.0000000000000173,5.81575400587635,0.7319395384357823,0.5937232453787731
0.1075,1.0000000000000175,6.205192711899917,0.669810931149249,0.5925255151106905
0.11,1.0000000000000184,6.627703635718694,0.6094295498687373,0.5912722626113803
0.1125,1.0000000000000184,7.08429810124073,0.5515311175069936,0.5899672933470445
0.115,1.0000000000000187,7.574938385807366,0.49681833261940894,0.5886177745927871
0.11750000000000001,1.000000000000019,8.098034231800225,0.4459216467279574,0.587235426880641
0.12,1.0000000000000198,8.64983144266401,0.39936448015613496,0.5858379057515103
0.1225,1.0000000000000193,9.223729309830977,0.35753789519341966,0.5844502611138694
0.125,1.00000000000002,9.809613536393057,0.32068849030871355,0.5831062442726122
0.1275,1.0000000000000204,10.393357566773247,0.2889211383285539,0.5818490845743206
0.13,1.0000000000000209,10.956713260348732,0.2622156853432948,0.5807312170521693
0.1325,1.0000000000000213,11.477848745674304,0.2404544810347529,0.5798123897126346
0.135,1.0000000000000218,11.932747955829297,0.22345613023721078,0.5791557272996413
0.1375,1.000000000000022,12.297517974870111,0.2110103693427459,0.5788217702662325
0.14,1.000000000000022,12.55135755576649,0.20290941313576924,0.5788612166966318
0.14250000000000002,1.000000000000022,12.679609462962741,0.1989722246204766,0.5793078377060407
0.145,1.000000000000022,12.676116382159009,0.1990596164040844,0.580173410493119
0.1475,1.000000000000023,12.54418372902249,0.20307963375355945,0.5814461737193957
0.15,1.0000000000000229,12.295847837100682,0.21098410960770989,0.5830932710015451
0.1525,1.000000000000024,11.949689998103858,0.222758469451208,0.5850663708523641
0.155,1.0000000000000235,11.527862265726776,0.23840763818460717,0.5873087682937549
0.1575,1.0000000000000238,11.053114163861176,0.2579411013381976,0.5897621554400695
0.16,1.000000000000024,10.546431977679317,0.28135971766153955,0.5923717951937377
0.1625,1.0000000000000246,10.025573938579225,0.3086458624640363,0.5950896339799111
0.165,1.0000000000000244,9.50447820637781,0.3397571962402593,0.597875550094397
0.1675,1.0000000000000249,8.993335352249167,0.37462320903025914,0.6006972728699135
0.17,1.000000000000025,8.49906242486893,0.41314304076416697,0.6035295534282088
0.17250000000000001,1.0000000000000255,8.02594887266378,0.4551830740629959,0.6063530455442657
0.17500000000000002,1.0000000000000262,7.576314268983714,0.5005733498645325,0.6091531848986437
0.1775,1.0000000000000269,7.151087827714586,0.5491027088272682,0.6119192079726428
0.18,1.000000000000027,6.75027323861859,0.6005134067109946,0.6146433529010555
0.1825,1.0000000000000278,6.373296168880758,0.6544965425040756,0.6173202310347017
0.185,1.0000000000000275,6.01924929805402,0.7106898387152465,0.6199463366834018
0.1875,1.0000000000000278,5.687056211490506,0.7686791061037422,0.6225196599637138
0.19,1.0000000000000284,5.375575526441175,0.8280041879461099,0.625039373730179
0.1925,1.0000000000000289,5.083663596526131,0.8881694530714463,0.627505573980405
0.195,1.000000000000029,4.810210098367816,0.9486581613767237,0.6299190607022249
0.1975,1.0000000000000293,4.554156866802529,1.008949419365591,0.6322811516705117
0.2,1.00000000000003,4.314507016367399,1.0685360904780292,0.634593525107236
0.2025,1.0000000000000306,4.090328814176696,1.1269419711789783,0.6368580888065296
0.20500000000000002,1.0000000000000313,3.8807569162779068,1.1837367619798773,0.6390768738600184
0.20750000000000002,1.0000000000000313,3.684992330523561,1.23854776996125,0.6412519510154837
0.21,1.000000000000031,3.5023016877713835,1.2910677677648914,0.6433853673576695
0.2125,1.0000000000000318,3.332015962280724,1.341058902092186,0.6454791006669897
0.215,1.0000000000000326,3.173528574507749,1.3883529210053223,0.647535028621507
0.2175,1.000000000000033,3.0262927513635742,1.4328482408369476,0.6495549100018201
0.22,1.0000000000000333,2.8898180481159543,1.4745045015500764,0.6515403752227228
0.2225,1.000000000000034,2.7636660082123234,1.5133352876057953,0.6534929238058538
0.225,1.000000000000034,2.6474450223484607,1.5493996524746327,0.6554139267708103
0.2275,1.0000000000000346,2.540804526938077,1.5827930100098928,0.6573046323085271
0.23,1.0000000000000349,2.4434287436731945,1.6136378685364112,0.6591661734702942
0.2325,1.0000000000000357,2.3550302009091157,1.6420747978875474,0.6609995769317406
0.23500000000000001,1.0000000000000357,2.275343293147795,1.6682539418214044,0.662805772159352
0.23750000000000002,1.000000000000036,2.204118128770996,1.6923273189396977,0.6645856005146145
0.24,1.0000000000000366,2.141114892043034,1.714442092596719,0.6663398239829691
0.2425,1.0000000000000373,2.0860989079002015,1.73473493225352,0.6680691333216704
0.245,1.0000000000000373,2.038836552134653,1.7533275342274874,0.6697741554944725
0.2475,1.000000000000038,1.9990921000438229,1.7703233190051533,0.6714554603130952
0.25,1.0000000000000389,1.966625557663541,1.785805276312652,0.6731135662443539
0.2525,1.000000000000039,1.941191474718788,1.7998348893124618,0.6747489453731113
0.255,1.0000000000000397,1.9225386998270624,1.812452036646043,0.6763620275372347
0.2575,1.00000000000004,1.9104110076903629,1.823675745997935,0.67795320367178
0.26,1.0000000000000404,1.9045485054897948,1.8335056552545406,0.6795228284148858
0.2625,1.0000000000000406,1.9046897111336922,1.8419240266338697,0.6810712220367069
0.265,1.0000000000000415,1.910574188493714,1.848898154746904,0.6825986717551522
0.2675,1.0000000000000413,1.9219456230180834,1.8543830109228383,0.6841054324992827
0.27,1.000000000000042,1.9385552237338766,1.858323973002238,0.6855917271748647
0.2725,1.0000000000000426,1.9601653433195074,1.8606595020206564,0.6870577464790362
0.275,1.0000000000000426,1.9865532155697874,1.861323644576842,0.6885036483044857
0.2775,1.0000000000000435,2.017514718461462,1.8602482617693845,0.6899295567696109
0.28,1.000000000000044,2.0528680808078374,1.8573649115677562,0.6913355609105011
0.28250000000000003,1.000000000000044,2.092457461158855,1.8526063400921513,0.6927217130731005
0.28500000000000003,1.0000000000000444,2.136156339396445,1.8459075668747096,0.6940880270485233
0.28750000000000003,1.0000000000000446,2.1838706747466747,1.8372065779298896,0.6954344759996017
0.29,1.000000000000045,2.2355417989969193,1.8264446665807894,0.6967609902305976
0.2925,1.0000000000000457,2.291149030707501,1.813566483962239,0.6980674548530024
0.295,1.0000000000000457,2.350712014992651,1.7985198779271077,0.6993537073974201
0.2975,1.0000000000000469,2.414292813508426,1.781255610293835,0.700619535414365
0.3,1.0000000000000473,2.4819977897490926,1.761727048169608,0.7018646740959916
0.3025,1.000000000000047,2.5539793544135945,1.7398899261504543,0.7030888039376737
0.305,1.000000000000047,2.6304376530118843,1.715702273550219,0.7042915484452198
0.3075,1.0000000000000486,2.7116222914558694,1.689124595572666,0.7054724718830925
0.31,1.0000000000000477,2.797834203521275,1.660120390537644,0.706631077054578
0.3125,1.0000000000000486,2.889427765245117,1.6286570776381382,0.7077668031100419
0.315,1.0000000000000488,2.9868132541176076,1.5947074015395635,0.7088790233981799
0.3175,1.0000000000000497,3.0904597339893596,1.55825137119154,0.7099670434116752
0.32,1.0000000000000502,3.2008984185398703,1.5192787796239113,0.711030098937755
0.3225,1.0000000000000508,3.3187265252442897,1.4777923376521434,0.7120673546109537
0.325,1.0000000000000508,3.4446115756942888,1.4338114349741733,0.7130779031863138
0.3275,1.0000000000000513,3.579296023438971,1.3873765140378618,0.7140607660138305
0.33,1.000000000000051,3.723601992120538,1.3385540017193547,0.7150148954087785
0.3325,1.0000000000000517,3.8784357772071214,1.2874416876713488,0.7159391798898331
0.335,1.0000000000000517,4.044791593749123,1.234174363395986,0.7168324536132312
0.3375,1.0000000000000522,4.223753826454999,1.17892944201838,0.7176935117859737
0.34,1.0000000000000526,4.416496739285237,1.1219321685687742,0.7185211344175957
0.3425,1.0000000000000528,4.624280208370014,1.0634599132583964,0.7193141214937471
0.34500000000000003,1.0000000000000537,4.848439530822242,1.003844932096437,0.7200713435498355
0.34750000000000003,1.000000000000054,5.090366710720629,0.9434749046440101,0.720791812703341
0.35000000000000003,1.0000000000000542,5.351479818509099,0.882790548852988,0.7214747804579098
0.3525,1.0000000000000548,5.633176069476848,0.8222797012826513,0.7221198699578958
0.355,1.000000000000055,5.936763223454871,0.7624674654993697,0.7227272516907369
0.3575,1.0000000000000557,6.263362904139213,0.7039023837528458,0.7232978725896396
0.36,1.0000000000000555,6.613778737426074,0.6471390608212266,0.7238337485163061
0.3625,1.000000000000056,6.988322278408938,0.5927182120380731,0.7243383282857362
0.365,1.000000000000057,7.386591272265955,0.5411456322750967,0.7248169323672934
0.3675,1.000000000000057,7.8071989250811935,0.4928719786361737,0.7252772593310465
0.37,1.0000000000000573,8.247460852593612,0.448275418748986,0.7257299359191598
0.3725,1.0000000000000577,8.703059510425154,0.40764904487959824,0.7261890605971721
0.375,1.0000000000000582,9.16772478831494,0.3711944797123446,0.7266726555618441
0.3775,1.0000000000000586,9.632992834718586,0.3390223648806029,0.7272029022545179
0.38,1.0000000000000584,10.08812845726797,0.31115955432978587,0.7278060006320236
0.3825,1.000000000000059,10.52031039000666,0.28756198979235115,0.7285114809192893
0.385,1.0000000000000588,10.915169947917558,0.2681315643689743,0.7293508323036351
0.3875,1.0000000000000597,11.257728616779367,0.2527348864513244,0.7303554169806216
0.39,1.0000000000000597,11.533693820927358,0.2412217802209239,0.7315538117937722
0.3925,1.0000000000000597,11.730957920060822,0.23344158015238428,0.7329689286172304
0.395,1.0000000000000602,11.8410400163601,0.2292557325103429,0.734615433740464
0.3975,1.0000000000000604,11.860163370792371,0.22854582399657478,0.7364980255560136
0.4,1.0000000000000604,11.789711002493869,0.2312168290422702,0.7386109837508156
0.4025,1.0000000000000604,11.635946375762982,0.23719601499473553,0.7409390989023463
0.405,1.0000000000000613,11.409075074357109,0.24642847946812396,0.7434597401364706
0.40750000000000003,1.0000000000000615,11.121882478331946,0.2588706304585491,0.7461455602937986
0.41000000000000003,1.0000000000000615,10.788253431011176,0.2744829929068,0.7489672634495725
0.41250000000000003,1.000000000000062,10.42185006211002,0.29322352016673203,0.7518959660331526
0.41500000000000004,1.0000000000000617,10.035125013951655,0.31504216133323887,0.7549048920229845
0.4175,1.0000000000000624,9.638729856162989,0.33987690866435427,0.7579703569958486
0.42,1.0000000000000626,9.241283920409543,0.36765107720213697,0.7610721476276983
0.4225,1.0000000000000635,8.849415682272106,0.39827128117124755,0.7641934723607942
0.425,1.0000000000000633,8.467974913582012,0.43162552931734194,0.7673206607969176
0.4275,1.000000000000064,8.100326069315695,0.4675810402143941,0.7704427532533665
0.43,1.000000000000064,7.748657361942925,0.5059816900878408,0.7735510742605056
0.4325,1.0000000000000646,7.414265130389174,0.5466453358739446,0.7766388411134826
0.435,1.0000000000000648,7.0977937778739095,0.5893615048474077,0.7797008277550254
0.4375,1.0000000000000644,6.79942594275794,0.6338900476827771,0.7827330856795713
0.44,1.0000000000000655,6.519026133958157,0.6799612988558089,0.7857327145930004
0.4425,1.0000000000000657,6.256245186560264,0.7272781015381092,0.788697672897034
0.445,1.000000000000066,6.010594074115448,0.775519785208389,0.7916266188105651
0.4475,1.0000000000000666,5.78149510099037,0.8243478960885876,0.7945187750572875
0.45,1.000000000000067,5.5683171859701295,0.8734132327673881,0.7973738123241267
0.4525,1.0000000000000662,5.370400406590834,0.9223635761799407,0.8001917485383249
0.455,1.0000000000000675,5.187073522302962,0.9708514460353825,0.8029728622413265
0.4575,1.000000000000068,5.017666982973677,1.0185412623495103,0.8057176190010269
0.46,1.0000000000000684,4.861523001378451,1.0651154186722833,0.8084266100449885
0.4625,1.0000000000000686,4.7180036096669555,1.1102789489782512,0.8111005022791398
0.465,1.000000000000069,4.586497188268594,1.1537626568190429,0.8137399987188239
0.4675,1.000000000000069,4.46642370056842,1.195324742668393,0.8163458082021885
0.47000000000000003,1.00000000000007,4.357238738807864,1.2347510932789652,0.8189186231399287
0.47250000000000003,1.0000000000000697,4.258436443494803,1.271854476834168,0.8214591040075818
0.47500000000000003,1.0000000000000706,4.169551365914862,1.3064729213324564,0.8239678693107937
0.47750000000000004,1.0000000000000706,4.090159375226663,1.3384675495392682,0.8264454898399127
0.48,1.000000000000071,4.019877749732877,1.3677201139095365,0.8288924861605433
0.4825,1.000000000000071,3.9583646242818724,1.3941304313164846,0.8313093284423637
0.485,1.0000000000000715,3.9053179856185687,1.4176138705023964,0.8336964378920252
0.4875,1.000000000000072,3.860474412189379,1.438099002120487,0.8360541892133194
0.49,1.0000000000000724,3.82360774475917,1.4555254860266218,0.8383829136590853
0.4925,1.0000000000000728,3.794527851635812,1.4698422442746708,0.8406829023587625
0.495,1.000000000000073,3.773079620967768,1.4810059502939703,0.842954409700975
0.4975,1.0000000000000737,3.759142276627544,1.4889798531887601,0.8451976566226966
0.5,1.000000000000074,3.7526290776584785,1.4937329489663633,0.8474128337081207
0.5025000000000001,1.0000000000000742,3.753487427608699,1.4952395060098362,0.8496001040350848
0.505,1.0000000000000753,3.761699391867906,1.4934789489774423,0.8517596057291056
0.5075000000000001,1.0000000000000753,3.777282599839514,1.4884361027133222,0.8538914541990174
0.51,1.000000000000075,3.8002914947666815,1.4801017951862858,0.8559957440379824
0.5125,1.0000000000000757,3.830818886556299,1.4684738155781607,0.8580725505830016
0.515,1.0000000000000762,3.8689977603557777,1.4535582200740862,0.8601219311384004
0.5175,1.0000000000000766,3.9150032935575205,1.4353709732631064,0.8621439258872582
0.52,1.0000000000000775,3.9690550334604353,1.4139399068671417,0.8641385585423146
0.5225,1.0000000000000775,4.031419183841328,1.389306969261768,0.866105836827186
0.525,1.0000000000000775,4.102410937888524,1.361530728400713,0.8680457529323165
0.5275,1.0000000000000786,4.182396773999591,1.3306890768041972,0.8699582841603278
0.53,1.0000000000000784,4.271796596497986,1.296882069797335,0.8718433940646032
0.5325,1.0000000000000788,4.371085551944505,1.260234806933761,0.8737010344952558
0.535,1.0000000000000795,4.480795279749378,1.2209002415610613,0.875531149100452
0.5375,1.0000000000000797,4.60151425918735,1.1790617753394055,0.8773336789906965
0.54,1.0000000000000795,4.733886789134041,1.1349354645585468,0.8791085714617242
0.5425,1.00000000000008,4.8786099768505276,1.0887716357547674,0.8808557928903197
0.545,1.00000000000008,5.036427912767505,1.0408556832295393,0.8825753471682534
0.5475,1.0000000000000806,5.208121965004832,0.9915078059507755,0.8842673013217895
0.55,1.0000000000000815,5.3944958383209585,0.9410814426664963,0.8859318202726123
0.5525,1.0000000000000815,5.596353710897635,0.889960189319213,0.8875692130161011
0.555,1.000000000000082,5.814469402997542,0.8385530390350302,0.8891799927950615
0.5575,1.0000000000000824,6.049544176490033,0.7872878769376059,0.8907649540763124
0.56,1.0000000000000833,6.30215047499208,0.7366032904060635,0.892325269200657
0.5625,1.0000000000000833,6.572658795552915,0.6869389144387309,0.8938626073255821
0.5650000000000001,1.0000000000000835,6.861145098345438,0.6387247080828622,0.8953792774939716
0.5675,1.0000000000000837,7.16727694813419,0.5923697303493513,0.8968783960360059
0.5700000000000001,1.0000000000000842,7.4901782549251985,0.5482511258845674,0.8983640756599179
0.5725,1.0000000000000844,7.828275410305623,0.5067041136145908,0.8998416290877003
0.5750000000000001,1.000000000000085,8.179132151781793,0.468013771509448,0.9013177735943761
0.5775,1.0000000000000848,8.539286812080952,0.43240931375688313,0.9028008142492282
0.58,1.0000000000000853,8.904113486113037,0.40006136432984873,0.9043007735868478
0.5825,1.0000000000000864,9.267737081538149,0.3710824615016461,0.9058294254436615
0.585,1.000000000000086,9.623039133886193,0.34553071458734186,0.9074001837692033
0.5875,1.0000000000000864,9.961793404892129,0.32341621962534656,0.909027797755719
0.59,1.000000000000087,10.274963654011957,0.30470956875711436,0.9107278176570788
0.5925,1.0000000000000866,10.55317717275015,0.2893515959088253,0.9125158249623457
0.595,1.0000000000000875,10.787356031763188,0.2772634134227211,0.914406465789979
0.5975,1.0000000000000875,10.969447856284928,0.26835581921514146,0.9164123802178364
0.6,1.0000000000000877,11.093159570299452,0.26253728507467716,0.9185431680102473
0.6025,1.0000000000000884,11.154574985672083,0.25971995392736763,0.9208045541746741
0.605,1.0000000000000882,11.152542716329174,0.2598233471968491,0.9231979011878063
0.6075,1.0000000000000888,11.088758558121958,0.2627757754171023,0.9257201564014726
0.61,1.0000000000000888,10.967527636896145,0.26851371459262685,0.9283642375949558
0.6125,1.0000000000000893,10.795257501738657,0.27697961677392574,0.931119773545975
0.615,1.0000000000000895,10.579782951183256,0.28811873333402244,0.9339740569409193
0.6175,1.0000000000000897,10.329642941826211,0.3018755278631438,0.9369130493307369
0.62,1.0000000000000897,10.05341804247047,0.31819015085137087,0.9399223004866963
0.6225,1.0000000000000906,9.759203104479127,0.3369952737826752,0.9429876923311281
0.625,1.0000000000000902,9.454248475827002,0.3582133865119459,0.9460959711523325
0.6275000000000001,1.0000000000000908,9.144766779976951,0.3817545017831854,0.9492350757002371
0.63,1.0000000000000908,8.835878052806835,0.4075141233869401,0.9523942957525888
0.6325000000000001,1.0000000000000913,8.531655093223957,0.43537133348613455,0.9555643060600129
0.635,1.0000000000000913,8.23523055391437,0.4651869269010671,0.9587371187765018
0.6375000000000001,1.0000000000000921,7.9489334255389,0.49680163293092794,0.9619059891928602
0.64,1.0000000000000926,7.674431310746229,0.5300345787064463,0.9650652994405844
0.6425,1.0000000000000924,7.412863551120083,0.5646822272396333,0.9682104356875378
0.645,1.0000000000000928,7.164957413506116,0.6005180467148973,0.9713376674499957
0.6475,1.000000000000093,6.931124679777066,0.637293130015851,0.9744440331393295
0.65,1.0000000000000935,6.711539224126593,0.6747378947811892,0.9775272334160012
0.6525,1.0000000000000941,6.506197887330266,0.7125648746208227,0.9805855327299609
0.655,1.000000000000094,6.314967616287842,0.7504724862832853,0.9836176690227537
0.6575,1.0000000000000944,6.137621830683365,0.7881495491755849,0.9866227715320693
0.66,1.0000000000000953,5.973868616609614,0.8252802605461339,0.9896002867086385
0.6625,1.0000000000000955,5.823372843617689,0.8615493011259222,0.992549912291847
0.665,1.0000000000000957,5.685773789599839,0.8966467621326529,0.9954715395473394
0.6675,1.0000000000000961,5.56069940875932,0.9302726374436863,0.9983652035529831
0.67,1.000000000000097,5.447778021464708,0.9621407014739944,1.001231041258373
0.6725,1.0000000000000975,5.3466479448504876,0.9919816790929994,1.0040692568721703
0.675,1.0000000000000977,5.256965409054786,1.0195456952762814,1.0068800939800022
0.6775,1.0000000000000975,5.178410998906593,1.044604059038267,1.0096638136827216
0.68,1.0000000000000981,5.1106948060339805,1.0669504828898797,1.0124206779797682
0.6825,1.000000000000098,5.053560454368109,1.0864018643201065,1.015150937606087
0.685,1.0000000000000981,5.006788158167106,1.102798761788293,1.0178548235585314
0.6875,1.0000000000000984,4.970196974522088,1.1160056887832717,1.0205325416105389
0.6900000000000001,1.000000000000099,4.943646413630197,1.1259113308391697,1.0231842692022362
0.6925,1.0000000000000995,4.927037564674845,1.132428766899123,1.025810154197482
0.6950000000000001,1.0000000000000995,4.920313880181192,1.1354957519671638,1.0284103151110333
0.6975,1.0000000000001,4.923461736398629,1.1350750951013153,1.0309848425213457
0.7000000000000001,1.0000000000001008,4.9365108521619545,1.1311551466339635,1.0335338014925508
0.7025,1.0000000000001008,4.95953460517496,1.1237503911024536,1.036057234929998
0.705,1.000000000000101,4.99265023442078,1.1129021270346826,1.0385551678862086
0.7075,1.0000000000001013,5.036018861961785,1.0986792004173653,1.0410276129185336
0.71,1.000000000000102,5.089845207770028,1.0811787443528613,1.0434745766776319
0.7125,1.0000000000001024,5.154376807697592,1.0605268623740898,1.0458960679795855
0.715,1.0000000000001024,5.229902476658478,1.0368791769728707,1.0482921076867828
0.7175,1.0000000000001033,5.316749685129998,1.010421148650427,1.0506627407966702
0.72,1.0000000000001037,5.415280435176459,0.981368055561084,1.0530080512156164
0.7225,1.0000000000001037,5.525885130193009,0.9499645117227793,1.0553281797789384
0.725,1.0000000000001037,5.64897382889963,0.9164833956024244,1.0576233461668454
0.7275,1.0000000000001044,5.7849641589161465,0.8812240638255222,1.0598938754556815
0.73,1.000000000000105,5.93426504190691,0.844509739932287,1.0621402301247729
0.7325,1.000000000000105,6.09725525957934,0.8066839980126382,1.0643630483943443
0.735,1.0000000000001052,6.274255784723772,0.7681063069430092,1.066563189771486
0.7375,1.000000000000105,6.46549474260847,0.7291466621787217,1.0687417885873207
0.74,1.0000000000001057,6.671063899546673,0.6901794056299819,1.0709003160607107
0.7425,1.000000000000106,6.890865760702022,0.6515764145269405,1.0730406509448855
0.745,1.0000000000001064,7.124550782862647,0.6136999194905592,1.0751651580090014
0.7475,1.0000000000001068,7.371444973965251,0.576895280757027,1.077276772373881
0.75,1.0000000000001072,7.630469372923749,0.541484099631302,1.0793790859668186
0.7525000000000001,1.0000000000001072,7.90005468039153,0.5077580607081934,1.0814764300359647
0.755,1.0000000000001075,8.178056687395035,0.47597388268162033,1.083573944821146
0.7575000000000001,1.000000000000108,8.461681048574198,0.44634969910650896,1.0856776243388446
0.76,1.000000000000108,8.747429092375752,0.4190630976186592,1.0877943212831593
0.7625000000000001,1.0000000000001081,9.03107919033941,0.39425092429632297,1.0899316950665734
0.765,1.0000000000001084,9.307719834287145,0.3720108209774977,1.0920980861233736
0.7675000000000001,1.0000000000001086,9.57184984160183,0.3524043223913985,1.0943023030260617
0.77,1.0000000000001088,9.817556839682968,0.3354612129341336,1.0965533167737718
0.7725,1.0000000000001092,10.038776589395061,0.3211847446582414,1.09885986910842
0.775,1.0000000000001097,10.22962299372966,0.3095572601583185,1.101230017848004
0.7775,1.00000000000011,10.384763493101142,0.30054575330334493,1.1036706591984886
0.78,1.00000000000011,10.499800261566147,0.2941069382263765,1.1061870804791674
0.7825,1.0000000000001101,10.571608466097569,0.29019147769548287,1.1087826018613884
0.785,1.0000000000001101,10.598582731838427,0.288747135464325,1.111458359074476
0.7875,1.0000000000001104,10.580753686226387,0.2897207484305263,1.114213260199686
0.79,1.0000000000001108,10.519756549816883,0.29305904559915896,1.117044122270407
0.7925,1.000000000000112,10.418658471716613,0.29870845377354555,1.1199459642233056
0.795,1.0000000000001121,10.281674229665224,0.3066141091112734,1.1229124094200569
0.7975,1.0000000000001121,10.113815244866549,0.3167183297013882,1.1259361390793763
0.8,1.0000000000001124,9.920521529953053,0.3289587961494837,1.1290093391820857
0.8025,1.0000000000001121,9.707320614903084,0.3432666430251366,1.1321240953358038
0.805,1.0000000000001126,9.479544883258695,0.35956459957770714,1.135272707755822
0.8075,1.0000000000001126,9.242123473334722,0.37776525232272773,1.1384479165950558
0.81,1.0000000000001132,8.999450868543605,0.397769451990404,1.1416430423678285
0.8125,1.000000000000114,8.755323969716722,0.4194648634779405,1.1448520553120858
0.8150000000000001,1.0000000000001135,8.512933607022102,0.442724661590639,1.1480695912957157
0.8175,1.000000000000114,8.274894635736763,0.4674064008920995,1.1512909315577
0.8200000000000001,1.0000000000001141,8.04329982892488,0.49335112286961363,1.1545119608404735
0.8225,1.0000000000001144,7.819785463076421,0.5203827944134539,1.1577291147959008
0.8250000000000001,1.0000000000001148,7.605599731284437,0.5483081872536705,1.1609393239663275
0.8275,1.0000000000001157,7.401668196623395,0.5769173023569448,1.1641399587088481
0.8300000000000001,1.0000000000001161,7.208653034203133,0.6059844159929365,1.1673287773230532
0.8325,1.000000000000116,7.027004677634207,0.6352697799731537,1.1705038783018313
0.835,1.0000000000001161,6.857005719148108,0.6645219555747337,1.1736636568822074
0.8375,1.0000000000001166,6.698807627526951,0.6934807082352835,1.1768067657358514
0.84,1.0000000000001172,6.5524611832791555,0.721880346730665,1.1799320795389636
0.8425,1.0000000000001172,6.417941615729267,0.7494533622689741,1.1830386631753638
0.845,1.0000000000001175,6.29516936665941,0.7759342125068042,1.186125743376413
0.8475,1.0000000000001177,6.184027275971861,0.8010631023277502,1.1891926836456654
0.85,1.0000000000001181,6.084374836464115,0.824589633992818,1.1922389623391458
0.8525,1.0000000000001181,5.996060026139622,0.8462762289582576,1.1952641537736977
0.855,1.0000000000001183,5.918929111167336,0.865901256722256,1.19826791222285
0.8575,1.0000000000001188,5.852834724174965,0.8832618375033906,1.201249958641072
0.86,1.0000000000001192,5.7976424585233906,0.8981763116297604,1.2042100699407243
0.8625,1.0000000000001195,5.7532361740742815,0.910486387087221,1.2071480706368607
0.865,1.0000000000001201,5.719522177287749,0.9200589871628547,1.2100638266757509
0.8675,1.0000000000001203,5.696432412149501,0.9267878232073358,1.2129572412739904
0.87,1.0000000000001206,5.683926773319475,0.9305947147115186,1.2158282526150832
0.8725,1.0000000000001208,5.68199462520918,0.9314306719641936,1.2186768332773175
0.875,1.0000000000001212,5.690655577945079,0.9292767472854409,1.2215029912981952
0.8775000000000001,1.000000000000122,5.709959532043554,0.9241446506559287,1.2243067728143457
0.88,1.0000000000001217,5.73998595773637,0.9160771155155237,1.22708826624986
0.8825000000000001,1.0000000000001226,5.780842322565819,0.9051479912339309,1.2298476080589236
0.885,1.0000000000001223,5.832661522920842,0.8914620306603187,1.2325849900595804
0.8875000000000001,1.0000000000001232,5.895598112764019,0.8751543345601106,1.2353006684237136
0.89,1.0000000000001232,5.969823057395413,0.8563894100599734,1.2379949744134264
0.8925000000000001,1.0000000000001235,6.055516673688164,0.8353597980765795,1.240668326974857
0.895,1.0000000000001237,6.1528593536100376,0.8122842259879137,1.2433212473156057
0.8975,1.0000000000001246,6.2620196091982825,0.7874052476059925,1.2459543755982518
0.9,1.0000000000001243,6.383138930849628,0.7609863439548363,1.2485684898750615
0.9025,1.000000000000125,6.516312926395548,0.7333084763656382,1.251164527360235
0.905,1.0000000000001255,6.661568219906928,0.7046661083731496,1.2537436080749613
0.9075,1.0000000000001257,6.81883465600375,0.675362744406869,1.256307060792034
0.91,1.0000000000001252,6.987912503496288,0.6457060698181881,1.2588564510318534
0.9125,1.0000000000001261,7.168434613650858,0.6160028156893149,1.2613936105976802
0.915,1.0000000000001266,7.359823900053433,0.5865535093602401,1.2639206677613677
0.9175,1.0000000000001266,7.56124710579408,0.5576473031466014,1.266440076700994
0.92,1.0000000000001272,7.771566637729919,0.5295570945392626,1.2689546441394721
0.9225,1.000000000000128,7.989293282437095,0.5025351569877905,1.2714675503512665
0.925,1.0000000000001277,8.21254383721524,0.4768094881122369,1.273982360843556
0.9275,1.0000000000001277,8.439008988893498,0.4525810506835331,1.2765030241837834
0.93,1.000000000000128,8.665937960619067,0.43002203210041384,1.2790338508112162
0.9325,1.0000000000001283,8.890147228188846,0.40927518391856255,1.2815794674806205
0.935,1.0000000000001283,9.108060600446173,0.39045422993065365,1.2841447425369845
0.9375,1.0000000000001292,9.31578674741629,0.37364525651932073,1.2867346788030996
0.9400000000000001,1.000000000000129,9.509237504991143,0.35890893027309756,1.2893542736707082
0.9425,1.0000000000001288,9.68428587590302,0.34628333252600374,1.2920083499935964
0.9450000000000001,1.0000000000001295,9.836956869003881,0.3357871645401283,1.2947013662217148
0.9475,1.00000000000013,9.963637962107011,0.3274230643180854,1.2974372191298378
0.9500000000000001,1.0000000000001308,10.06129029775751,0.3211807876404699,1.3002190564029157
0.9525,1.0000000000001303,10.127638220022128,0.31704004011291237,1.3030491180782149
0.9550000000000001,1.0000000000001308,10.161314737296554,0.31497279926825045,1.3059286245255723
0.9575,1.0000000000001312,10.161944574924934,0.3149450293336304,1.3088577240393209
0.96,1.0000000000001317,10.13015425335823,0.31691775795243593,1.311835505855595
0.9625,1.000000000000132,10.067508628610398,0.3208475454840713,1.3148600759229185
0.965,1.0000000000001321,9.976383417230387,0.32668642609317844,1.3179286848644574
0.9675,1.0000000000001317,9.859791224625248,0.334381430666384,1.321037891930428
0.97,1.000000000000133,9.721182967485896,0.3438738130026137,1.324183746328903
0.9725,1.0000000000001332,9.564246838006627,0.35509809474083753,1.3273619682128743
0.975,1.0000000000001326,9.392723666007518,0.36798102629916624,1.3305681150533994
0.9775,1.0000000000001332,9.21025198282304,0.38244053770212916,1.333797723950622
0.98,1.0000000000001332,9.020249792791644,0.39838473158094634,1.3370464254032526
0.9825,1.0000000000001332,8.825834312820142,0.41571095611537945,1.3403100282464955
0.985,1.0000000000001337,8.629776571850075,0.4343049905975365,1.3435845783945022
0.9875,1.0000000000001341,8.434485072413503,0.45404037979055295,1.3468663956184859
0.99,1.0000000000001346,8.242011592270144,0.4747779619030307,1.3501520930739692
0.9925,1.0000000000001348,8.0540722878,0.49636564404474026,1.3534385840086023
0.995,1.000000000000135,7.872078115109507,0.51863848381666,1.3567230793872829
0.9975,1.000000000000135,7.697169809244188,0.5414191328834067,1.3600030793440303
1.0,1.000000000000135,7.530253952895538,0.5645186866753288,1.3632763605924372
1.0025,1.0000000000001354,7.372037831079653,0.5877379646222148,1.366540961290282
1.0050000000000001,1.0000000000001357,7.2230617121825,0.6108692201419075,1.3697951643835318
1.0075,1.0000000000001363,7.083727894384685,0.6336982526348296,1.3730374801345984
1.01,1.0000000000001361,6.9543263296928615,0.656006868785053,1.376266628335179
1.0125,1.0000000000001372,6.835056927157484,0.677575620759493,1.3794815205783284
1.0150000000000001,1.0000000000001368,6.726048789819079,0.6981867365064931,1.382681242886164
1.0175,1.0000000000001377,6.6273767004480915,0.7176271529756997,1.3858650389362015
1.02,1.0000000000001374,6.539075175075455,0.7356915660796108,1.3890322940870536
1.0225,1.000000000000138,6.461150377112684,0.7521854199391818,1.392182520366171
1.025,1.0000000000001383,6.393590146237517,0.7669277701706333,1.3953153425466742
1.0275,1.0000000000001388,6.336372355688028,0.7797539693489998,1.398430485407545
1.03,1.0000000000001388,6.289471774313061,0.7905181353052124,1.4015277622433895
1.0325,1.0000000000001392,6.252865577178467,0.7990953731416038,1.4046070646682127
1.035,1.0000000000001397,6.2265376200401406,0.8053837290477199,1.407668353743324
1.0375,1.0000000000001392,6.210481566789453,0.8093058580941552,1.4107116524528702
1.04,1.0000000000001399,6.2047029329791705,0.8108103896325346,1.4137370395511946
1.0425,1.0000000000001406,6.209220080890061,0.8098729735212871,1.4167446448131422
1.045,1.0000000000001408,6.224064170967596,0.8064969890444287,1.4197346457301272
1.0475,1.000000000000141,6.249278040195408,0.8007138969726011,1.42270726570957
1.05,1.000000000000141,6.284913940179886,0.7925832144669133,1.4256627738513101
1.0525,1.0000000000001419,6.331030027273249,0.78219209299698,1.4286014863898935
1.055,1.0000000000001417,6.387685455635897,0.7696544815131479,1.431523769904198
1.0575,1.0000000000001423,6.454933884263488,0.7551098610339197,1.4344300464033368
1.06,1.0000000000001426,6.532815174190775,0.7387215427691473,1.4373208003976718
1.0625,1.0000000000001423,6.621345027014756,0.7206745300553479,1.4401965880526482
1.065,1.0000000000001428,6.72050230666916,0.7011729548635763,1.443058048497108
1.0675000000000001,1.0000000000001432,6.830213800873539,0.6804371125174886,1.445905917311473
1.07,1.0000000000001432,6.950336226690031,0.658700133443283,1.4487410421484117
1.0725,1.0000000000001437,7.080635378015301,0.6362043479161644,1.4515644003316295
1.075,1.0000000000001443,7.220762465213319,0.6131974181528801,1.4543771181287475
1.0775000000000001,1.0000000000001443,7.370227922807925,0.589928330567531,1.4571804911933206
1.08,1.0000000000001446,7.528373273285796,0.5666433579564324,1.4599760054117186
1.0825,1.0000000000001446,7.694342041994887,0.5435821148562955,1.4627653570701324
1.085,1.0000000000001454,7.8670512183991015,0.5209738372280331,1.4655504708802003
1.0875000000000001,1.0000000000001457,8.04516533440388,0.4990340179930302,1.468333513986825
1.09,1.0000000000001459,8.227075838255601,0.4779615213024226,1.4711169036649847
1.0925,1.0000000000001457,8.410889007577866,0.4579362800678495,1.4739033060538156
1.095,1.000000000000146,8.594426055879262,0.4391176535940888,1.476695623061986
1.0975,1.0000000000001465,8.775239198383572,0.4216434866679153,1.4794969646172014
1.1,1.0000000000001465,8.950647092107216,0.40562987081906066,1.4823106038437952
1.1025,1.0000000000001472,9.117792101361886,0.39117156618704335,1.485139913641697
1.105,1.0000000000001472,9.27372017264651,0.37834300247591685,1.4879882845643608
1.1075,1.0000000000001479,9.415481757412477,0.36719974380208853,1.49085902581915
1.11,1.0000000000001477,9.540249388313157,0.3577802782369687,1.493755253481331
1.1125,1.0000000000001485,9.645444571591126,0.35010798090950124,1.4966797723229712
1.115,1.000000000000148,9.72886413728113,0.34419310071390735,1.4996349595986962
1.1175,1.0000000000001483,9.788794680364644,0.3400346345068937,1.5026226602514305
1.12,1.000000000000149,9.824103728740871,0.3376219772398158,1.505644102929489
1.1225,1.0000000000001488,9.834298031189594,0.3369362685748664,1.5086998447666473
1.125,1.0000000000001494,9.819542739779845,0.3379513921765964,1.5117897501795834
1.1275,1.0000000000001497,9.780639744692719,0.3406346187898812,1.5149130053866153
1.1300000000000001,1.00000000000015,9.718968199624479,0.3449469145331002,1.5180681665625608
1.1325,1.0000000000001499,9.636394468773108,0.3508429586611404,1.5212532361859727
1.135,1.0000000000001499,9.535161603128431,0.35827092894157647,1.5244657597565814
1.1375,1.0000000000001508,9.417769620373372,0.3671721179223082,1.527702933961865
1.1400000000000001,1.0000000000001505,9.286857326545077,0.37748044140883075,1.5309617175549601
1.1425,1.0000000000001514,9.145094531078692,0.3891218940727621,1.5342389374222416
1.145,1.0000000000001517,8.99509082466794,0.40201399924964953,1.5375313841718332
1.1475,1.0000000000001519,8.839324200556359,0.41606529320927294,1.5408358936432287
1.1500000000000001,1.0000000000001514,8.680090190541542,0.4311748800707247,1.5441494126747988
1.1525,1.000000000000152,8.519470165197085,0.4472320924151846,1.547469049045873
1.155,1.000000000000152,8.359316132949115,0.46411629368333324,1.5507921066390224
1.1575,1.0000000000001528,8.201248731191006,0.48169686000227735,1.5541161075552514
1.16,1.0000000000001534,8.046665005382303,0.49983337928267035,1.55743880323368
1.1625,1.0000000000001534,7.896752850890943,0.5183761026555731,1.5607581766772347
1.165,1.0000000000001537,7.752509483370476,0.5371666766611847,1.5640724377645374
1.1675,1.0000000000001537,7.6147618728423385,0.5560391740172258,1.5673800134152864
1.17,1.0000000000001539,7.4841876302752075,0.5748214270882845,1.5706795341286617
1.1725,1.0000000000001543,7.361335317710092,0.5933366527809117,1.5739698181668031
1.175,1.0000000000001548,7.246643539436827,0.6114053422347449,1.5772498544265379
1.1775,1.0000000000001545,7.1404584597918115,0.6288473750468642,1.5805187848395352
1.18,1.000000000000155,7.0430495932809585,0.6454843071820028,1.5837758869648126
1.1825,1.0000000000001554,6.9546238414815695,0.6611417749633313,1.5870205572861762
1.185,1.0000000000001554,6.875337826334833,0.6756519547700208,1.5902522955980067
1.1875,1.0000000000001557,6.80530860715373,0.6888560188897151,1.5934706907535643
1.19,1.000000000000156,6.744622882046895,0.7006065315751501,1.5966754079588816
1.1925000000000001,1.0000000000001565,6.693344773203281,0.7107697347096503,1.5998661777210859
1.195,1.000000000000157,6.651522286159522,0.7192276785626617,1.6030427865017178
1.1975,1.0000000000001568,6.619192519768802,0.7258801590434856,1.6062050690822274
1.2,1.0000000000001574,6.596385688190582,0.7306464280440287,1.6093529026192097
1.2025000000000001,1.0000000000001579,6.583127999644178,0.7334666476257219,1.6124862023495983
1.205,1.000000000000158,6.579443419030966,0.7343030619806967,1.6156049188991861
1.2075,1.0000000000001579,6.585354322678559,0.73314086355124,1.6187090371494581
1.21,1.0000000000001585,6.600881033315787,0.7299887318432918,1.621798576625436
1.2125000000000001,1.0000000000001588,6.626040202177118,0.7248790257964132,1.6248735933785794
1.215,1.0000000000001599,6.660841983567651,0.7178676135296639,1.6279341833510672
1.2175,1.0000000000001594,6.705285926601969,0.7090333272477192,1.630980487218174
1.22,1.0000000000001599,6.759355491163737,0.6984770363322731,1.6340126967109245
1.2225,1.0000000000001603,6.823011083190891,0.6863203383077912,1.6370310624185354
1.225,1.000000000000161,6.896181501785205,0.6727038754881466,1.6400359030558074
1.2275,1.0000000000001612,6.978753701869684,0.6577852945989294,1.6430276161508643
1.23,1.0000000000001614,7.070560806544791,0.6417368773357401,1.64600669005936
1.2325,1.0000000000001623,7.171368359066023,0.6247428813487111,1.6489737171383718
1.235,1.000000000000162,7.280858892102349,0.6069966430907139,1.6519294078127267
1.2375,1.0000000000001625,7.398615018163216,0.5886975057341408,1.6548746051352898
1.24,1.0000000000001625,7.52410141524717,0.5700476461958421,1.6578102992794777
1.2425,1.0000000000001628,7.6566462987153,0.5512488843205474,1.6607376412083859
1.245,1.0000000000001632,7.795423232248246,0.5324995634803831,1.663657954547111
1.2475,1.0000000000001634,7.9394344281953915,0.5139915942725282,1.6665727444561778
1.25,1.0000000000001639,8.087497000875715,0.49590775078149424,1.6694837020868463
1.2525,1.000000000000164,8.238233932328216,0.4784193014240997,1.6723927030262322
1.2550000000000001,1.0000000000001643,8.390071740512317,0.4616840435256112,1.675301798055173
1.2575,1.0000000000001648,8.541246942704907,0.4458447928102349,1.6782131945969232
1.26,1.0000000000001645,8.689823310193237,0.4310283568217403,1.6811292274850724
1.2625,1.0000000000001654,8.83372154369966,0.41734499635832234,1.6840523181724238
1.2650000000000001,1.0000000000001654,8.970762308904613,0.4048883531855682,1.6869849222652349
1.2675,1.000000000000166,9.098722542538695,0.393735797711896,1.6899294662870967
1.27,1.0000000000001659,9.215403615616754,0.38394912911645795,1.6928882757882808
1.2725,1.000000000000166,9.318708439728589,0.37557554450877073,1.695863498192311
1.2750000000000001,1.0000000000001665,9.40672311847559,0.368648784479801,1.6988570249289328
1.2775,1.0000000000001668,9.477797527857742,0.363190360600868,1.7018704182262812
1.28,1.0000000000001672,9.530618517070911,0.3592107759728528,1.7049048482196072
1.2825,1.0000000000001674,9.564269466401143,0.35671066196088147,1.7079610456356449
1.285,1.000000000000167,9.578270822039366,0.3556817712135764,1.7110392741970895
1.2875,1.0000000000001676,9.572597893533995,0.3561077869194789,1.7141393251651218
1.29,1.0000000000001683,9.54767443019274,0.35796492875110325,1.7172605343348406
1.2925,1.0000000000001685,9.504342944607355,0.36122235496060673,1.7204018196415456
1.295,1.0000000000001685,9.443815030819511,0.3658423759134442,1.7235617356634692
1.2975,1.0000000000001692,9.367606678067668,0.37178050592718137,1.7267385399957667
1.3,1.000000000000169,9.27746457390919,0.3789853873402466,1.7299302658773377
1.3025,1.0000000000001694,9.17528954967423,0.3873986237214386,1.7331347955869219
1.305,1.0000000000001699,9.063062732597267,0.3969545590497303,1.7363499298678442
1.3075,1.0000000000001696,8.942778836202876,0.40758003781841246,1.7395734497857311
1.31,1.0000000000001703,8.816389602509686,0.4191941785720765,1.7428031687362544
1.3125,1.0000000000001705,8.685758958109263,0.4317081912693553,1.7460369735895265
1.315,1.000000000000171,8.552630159454845,0.4450252674881904,1.7492728550312355
1.3175000000000001,1.0000000000001703,8.418604202859525,0.45904057174574303,1.752508927955661
1.32,1.000000000000171,8.285128107299968,0.4736413615730408,1.7557434432646188
1.3225,1.0000000000001714,8.153491327260715,0.4887072627331753,1.7589747926595396
1.325,1.0000000000001716,8.024828463330486,0.5041107233865088,1.7622015080383822
1.3275000000000001,1.000000000000172,7.900126537459035,0.5197176665898368,1.7654222569909808
1.33,1.000000000000172,7.780235314912617,0.5353883541190962,1.768635835686635
1.3325,1.0000000000001723,7.665879423979754,0.5509784664599106,1.771841160215273
1.335,1.000000000000173,7.5576713010472565,0.5663403944804849,1.7750372572127284
1.3375000000000001,1.0000000000001732,7.456124242686779,0.5813247285639,1.7782232543921959
1.34,1.0000000000001732,7.361665061773402,0.5957819216725992,1.7813983714277315
1.3425,1.0000000000001736,7.2746460158913395,0.6095640947069083,1.784561911494005
1.345,1.000000000000174,7.1953558048808475,0.6225269461665391,1.787713253657138
1.3475,1.0000000000001743,7.124029525800147,0.634531723834306,1.7908518462298777
1.35,1.0000000000001743,7.060857534891084,0.6454472140092427,1.7939772011454962
1.3525,1.000000000000175,7.005993204482434,0.6551517035238273,1.797088889363833
1.355,1.000000000000175,6.959559584445068,0.6635348710272478,1.8001865372957278
1.3575,1.0000000000001752,6.921654987907478,0.6704995663696159,1.8032698242154825
1.36,1.0000000000001756,6.892357523249573,0.6759634399562943,1.8063384806223504
1.3625,1.0000000000001763,6.871728591588411,0.6798603873103186,1.8093922875092898
1.365,1.0000000000001759,6.859815362841386,0.6821417775563958,1.8124310764986977
1.3675,1.0000000000001765,6.8566522351886965,0.6827774380271996,1.8154547308088516
1.37,1.0000000000001772,6.862261273209176,0.6817563707183056,1.8184631870199846
1.3725,1.0000000000001774,6.876651609881299,0.6790871800010576,1.8214564376135536
1.375,1.0000000000001779,6.8998177878610845,0.6747981950149444,1.8244345342609007
1.3775,1.0000000000001785,6.931737007044835,0.6689372746876423,1.8273975918363694
1.3800000000000001,1.000000000000178,6.972365239818997,0.6615712885328482,1.8303457931233715
1.3825,1.0000000000001785,7.021632174436527,0.6527852723629548,1.8332793941682055
1.385,1.0000000000001794,7.079434952946113,0.6426812648637149,1.8361987302141198
1.3875,1.0000000000001799,7.1456306858027405,0.6313768385664104,1.8391042221156213
1.3900000000000001,1.0000000000001799,7.22002775386583,0.6190033469852272,1.8419963830895258
1.3925,1.0000000000001799,7.3023759533554085,0.605703918336318,1.8448758256040403
1.395,1.0000000000001803,7.392355603880151,0.5916312350006354,1.847743268140542
1.3975,1.0000000000001807,7.48956582682212,0.5769451463255031,1.8505995414860108
1.4000000000000001,1.0000000000001807,7.593512313028418,0.5618101699907929,1.853445594130009
1.4025,1.0000000000001812,7.70359503483404,0.5463929434442609,1.8562824962534292
1.405,1.0000000000001807,7.819096514773093,0.5308596912586313,1.8591114417139492
1.4075,1.0000000000001814,7.939171434435104,0.5153737761201512,1.861933747364971
1.41,1.0000000000001825,8.062838538662637,0.5000934000436414,1.8647508490033962
1.4125,1.0000000000001816,8.18897594290226,0.48516951798969943,1.8675642932418806
1.415,1.0000000000001823,8.316321058332026,0.4707440182196754,1.8703757246598733
1.4175,1.0000000000001823,8.443476377808283,0.4569482126214018,1.873186867720948
1.42,1.0000000000001827,8.568922280097135,0.44390166633835426,1.875999503164515
1.4225,1.0000000000001834,8.691037776859323,0.4317113801065264,1.8788154388938414
1.425,1.0000000000001834,8.808129722725049,0.42047132177905955,1.8816364757833388
1.4275,1.0000000000001836,8.91847042863215,0.41026228680919297,1.8844643692949576
1.43,1.000000000000184,9.020342885371285,0.40115205223961653,1.887300788286627
1.4325,1.000000000000184,9.112091975142768,0.3931957762076875,1.890147272858197
1.435,1.0000000000001843,9.192179215779,0.38643658610340154,1.8930051934434764
1.4375,1.0000000000001852,9.259237863839111,0.38090629395800174,1.8958757135500643
1.44,1.0000000000001852,9.312124727209756,0.3766261776246347,1.8987597585132732
1.4425000000000001,1.0000000000001854,9.349964917808911,0.3736077706164991,1.9016579923356363
1.445,1.0000000000001852,9.372186080136332,0.37185361144575224,1.9045708041380487
1.4475,1.0000000000001856,9.378539365788404,0.3713579139708487,1.9074983050058643
1.45,1.0000000000001856,9.369105516060227,0.3721071324152984,1.9104403351660888
1.4525000000000001,1.000000000000186,9.344285724658299,0.37408040712492835,1.9133964805961423
1.455,1.0000000000001859,9.304778297418816,0.37724988866145787,1.916366097457123
1.4575,1.0000000000001867,9.251543316291388,0.3815809476284713,1.919348342257788
1.46,1.000000000000187,9.185758393131463,0.387032285189525,1.9223422054402985
1.4625000000000001,1.0000000000001874,9.1087690691538,0.39355596444869934,1.9253465461358394
1.465,1.0000000000001887,9.022037457603371,0.401097385942201,1.9283601261229621
1.4675,1.0000000000001887,8.927092390251781,0.4095952318912106,1.9313816414583957
1.47,1.000000000000188,8.8254837138049,0.41898140414190593,1.9344097507522287
1.4725,1.000000000000189,8.718742615351006,0.42918098037361396,1.937443099547026
1.475,1.000000000000189,8.60834905905841,0.440112212539254,1.9404803406743654
1.4775,1.0000000000001892,8.495706688986171,0.4516865907492939,1.943520150769675
1.48,1.0000000000001896,8.382124960886472,0.4638089948482095,1.9465612433199626
1.4825,1.0000000000001903,8.26880783970229,0.4763779545370974,1.9496023787111796
1.485,1.0000000000001905,8.156848139508199,0.4892860367834814,1.952642371756595
1.4875,1.0000000000001905,8.047226468226844,0.502420376183014,1.955680097152051
1.49,1.0000000000001905,7.940813738464853,0.5156633597689122,1.9587144932437344
1.4925,1.0000000000001905,7.8383762829795804,0.5288934725387632,1.9617445644284839
1.495,1.0000000000001912,7.740582736076287,0.5419863038894878,1.9647693824481516
1.4975,1.0000000000001916,7.648011984183531,0.554815708562925,1.9677880867939217
1.5,1.0000000000001916,7.561161630771882,0.567255109031712,1.9707998844046226
1.5025,1.0000000000001918,7.480456550437438,0.5791789199372827,1.9738040488225135
1.5050000000000001,1.0000000000001923,7.40625721792775,0.5904640696197102,1.9767999189569134
1.5075,1.0000000000001927,7.338867588000518,0.6009915892472519,1.979786897596402
1.51,1.0000000000001927,7.278542371962196,0.6106482367346742,1.982764449800868
1.5125,1.000000000000193,7.225493608821541,0.6193281205829824,1.985732101293353
1.5150000000000001,1.0000000000001936,7.179896466180683,0.6269342879227697,1.9886894369574564
1.5175,1.0000000000001936,7.141894231312932,0.6333802412681901,1.9916360995291786
1.52,1.0000000000001943,7.1116024691049375,0.638591349620459,1.994571788553244
1.5225,1.0000000000001947,7.089112333008245,0.6425061214276603,1.9974962596543349
1.5250000000000001,1.0000000000001952,7.074493019745842,0.6450773093655353,2.0004093241544267
1.5275,1.0000000000001954,7.06779335977268,0.6462728198466852,2.0033108490496336
1.53,1.0000000000001956,7.0690425346434,0.6460764035352007,2.0062007573442218
1.5325,1.0000000000001958,7.078249910590613,0.6444881069236144,2.0090790287260805
1.5350000000000001,1.0000000000001958,7.095403975817105,0.6415244692326185,2.0119457005567485
1.5375,1.0000000000001965,7.120470368362313,0.6372184535481467,2.01480086913959
1.54,1.000000000000197,7.153388983154429,0.6316191062377337,2.017644691221263
1.5425,1.000000000000197,7.194070152417242,0.6247909442909919,2.0204773856732112
1.545,1.0000000000001974,7.242389904576126,0.6168130762749383,2.0232992352908212
1.5475,1.0000000000001974,7.298184324987024,0.6077780690064652,2.026110588637286
1.55,1.0000000000001983,7.3612430690947965,0.5977905786917509,2.0289118618464603
1.5525,1.000000000000198,7.431302116890898,0.586965771981099,2.0317035402838886
1.555,1.0000000000001987,7.508035908432632,0.5754275688989359,2.034486179947464
1.5575,1.0000000000001987,7.5910490648115685,0.5633067456453323,2.0372604084692436
1.56,1.0000000000001994,7.679867977456094,0.5507389405036546,2.040026925558092
1.5625,1.0000000000001996,7.773932639658957,0.537862610184605,2.0427865027000895
1.565,1.0000000000002,7.872589194252477,0.5248169865492566,2.045539981910934
1.5675000000000001,1.0000000000002,7.975083774165682,0.5117400844738063,2.048288273313781
1.57,1.0000000000002003,8.080558308642354,0.4987668104028061,2.0510323512991535
1.5725,1.0000000000002005,8.188049044060651,0.48602721774049884,2.0537732490140255
1.575,1.000000000000201,8.296488568134222,0.473644949637647,2.056512050929024
1.5775000000000001,1.000000000000201,8.404712111042254,0.4617359020848236,2.059249883251334
1.58,1.0000000000002016,8.51146880768309,0.45040713083173006,2.0619879019926435
1.5825,1.0000000000002016,8.615438425533016,0.43975601498868266,2.064727278572961
1.585,1.000000000000202,8.71525378315318,0.4298696788456063,2.0674691829483502
1.5875000000000001,1.0000000000002018,8.80952870725066,0.420824662179304,2.0702147643965807
1.59,1.0000000000002027,8.8968909188662,0.41268681886500463,2.0729651302778844
1.5925,1.000000000000203,8.976018737094483,0.4055114146854306,2.0757213232995704
1.595,1.000000000000203,9.045679994333318,0.3993433884563799,2.0784842980358875
1.5975000000000001,1.0000000000002036,9.104771135526642,0.394217736404087,2.0812548976626757
1.6,1.0000000000002036,9.152354193885806,0.39015997835216254,2.0840338320278717
1.6025,1.0000000000002045,9.187689257101697,0.3871866656670052,2.086821658260912
1.605,1.0000000000002038,9.210260199095393,0.38530589478310406,2.0896187650986002
1.6075,1.0000000000002047,9.219791857968275,0.38451779598389085,2.09242536195666
1.61,1.000000000000205,9.216257457786877,0.38481497430176065,2.0952414735082163
1.6125,1.000000000000205,9.199875831187448,0.38618288721200306,2.0980669401659924
1.615,1.0000000000002054,9.171098807427118,0.3886001515465046,2.1009014244460813
1.6175,1.0000000000002054,9.130589883980548,0.3920387791720369,2.103744422770349
1.62,1.0000000000002063,9.079195907024955,0.39646434706206307,2.106595281896258
1.6225,1.0000000000002063,9.017913881717067,0.4018361122341307,2.1094532188918835
1.625,1.0000000000002067,8.947855187968313,0.4081070856065514,2.112317343427722
1.6275,1.000000000000207,8.870209400278146,0.4152240812705141,2.115186681141598
1.6300000000000001,1.000000000000207,8.786209641535946,0.42312775917866463,2.118060196934001
1.6325,1.0000000000002076,8.697101001128122,0.43175268002987915,2.120936817239077
1.635,1.0000000000002083,8.604113084552667,0.441027391346501,2.123815450553609
1.6375,1.0000000000002085,8.508437297241569,0.45087456347625937,2.12669500575551
1.6400000000000001,1.0000000000002085,8.411209048067501,0.4612111935008279,2.1295744079735983
1.6425,1.0000000000002092,8.313494719198962,0.471948893724936,2.1324526119608724
1.645,1.0000000000002092,8.216283002244213,0.4829942794564543,2.1353286130642144
1.6475,1.0000000000002092,8.120480045130888,0.4942494680909269,2.1382014559741083
1.6500000000000001,1.0000000000002094,8.026907778890871,0.5056126980643977,2.1410702414852287
1.6525,1.0000000000002096,7.936304781875047,0.5169790720997812,2.1439341315128724
1.655,1.00000000000021,7.849329072679786,0.5282414244949518,2.1467923526025774
1.6575,1.0000000000002107,7.766562285179668,0.5392913072082688,2.149644198150827
1.6600000000000001,1.0000000000002114,7.68851475532721,0.5500200844571664,2.152489029531229
1.6625,1.0000000000002107,7.615631129104427,0.5603201207362624,2.1553262762979237
1.665,1.0000000000002114,7.548296176941907,0.5700860428398975,2.1581554356185335
1.6675,1.0000000000002116,7.486840567758146,0.5792160528498871,2.160976071073495
1.67,1.0000000000002123,7.431546413489209,0.5876132662701202,2.1637878109462685
1.6725,1.0000000000002127,7.382652442136512,0.5951870476361505,2.1665903461189475
1.675,1.0000000000002125,7.340358694515407,0.6018543150185833,2.169383427679117
1.6775,1.000000000000213,7.3048306681416015,0.6075407848391952,2.172166864335858
1.68,1.0000000000002136,7.276202852391084,0.6121821292533025,2.1749405197355722
1.6825,1.0000000000002136,7.2545816136164145,0.6157250199181431,2.177704309761957
1.685,1.0000000000002143,7.240047398677219,0.618128034145594,2.1804581998995873
1.6875,1.0000000000002143,7.232656231670353,0.6193624021041034,2.183202202737498
1.69,1.0000000000002143,7.232440482801944,0.6194125767698055,2.1859363756880468
1.6925000000000001,1.0000000000002152,7.23940889157388,0.618276611626414,2.188660818996838
1.695,1.0000000000002154,7.253545829985775,0.6159663345993299,2.191375674120582
1.6975,1.0000000000002158,7.274809796491228,0.61250731033611,2.194081122549869
1.7,1.0000000000002163,7.30313113918172,0.6079385867050255,2.196777385150892
1.7025000000000001,1.0000000000002163,7.3384090182492026,0.6023122253019307,2.199464722091681
1.705,1.0000000000002165,7.380507634273595,0.5956926198814816,2.2021434334019494
1.7075,1.000000000000217,7.429251771253852,0.5881556110127657,2.2048138601891707
1.71,1.0000000000002172,7.4844217323391415,0.5797874099277254,2.2074763864954354
1.7125000000000001,1.0000000000002178,7.545747782454774,0.5706833494556931,2.210131441729827
1.715,1.0000000000002178,7.612904255625959,0.5609464850118768,2.21277950355054
1.7175,1.0000000000002183,7.685503535429415,0.5506860736308774,2.2154211010025193
1.72,1.0000000000002185,7.763090173572334,0.5400159637143087,2.218056817644656
1.7225000000000001,1.0000000000002187,7.845135472057775,0.5290529321283721,2.220687294331521
1.725,1.0000000000002196,7.93103291543719,0.5179150081430828,2.223313231255829
1.7275,1.0000000000002185,8.020094896445716,0.506719825069055,2.225935388817228
1.73,1.0000000000002192,8.111551224329363,0.49558304001619696,2.2285545868685577
1.7325,1.0000000000002198,8.204549932168185,0.48461685979631713,2.231171701909283
1.735,1.0000000000002207,8.298160897843285,0.47392870661138403,2.233787661851713
1.7375,1.0000000000002205,8.391382752699425,0.4636200509873415,2.2364034380808007
1.74,1.000000000000221,8.483153462743777,0.4537854317818344,2.2390200346600486
1.7425,1.0000000000002212,8.572364822132059,0.44451167450717777,2.2416384746985494
1.745,1.0000000000002216,8.65788089508984,0.43587731025418724,2.2442597840769674
1.7475,1.0000000000002218,8.738560184605353,0.42795218879610825,2.2468849729206166
1.75,1.0000000000002218,8.813281007378608,0.4207972715833097,2.24951501539055
1.7525,1.000000000000222,8.880969237545813,0.4144645838116892,2.2521508285237073
1.7550000000000001,1.0000000000002225,8.940627278527124,0.4089972999365855,2.254793250976308
1.7575,1.000000000000223,8.991362870977209,0.4044299341301459,2.2574430225991398
1.76,1.000000000000223,9.03241618433596,0.4007886062986537,2.260100765790756
1.7625,1.0000000000002227,9.063183603440827,0.3980913552820796,2.2627669695302832
1.7650000000000001,1.0000000000002234,9.083236731119795,0.39634847350477703,2.265441976885605
1.7675,1.000000000000224,9.092335385386532,0.39556284127882263,2.2681259766296216
1.77,1.0000000000002245,9.090433757330317,0.39573024375763566,2.270818999386434
1.7725,1.0000000000002243,9.077679374389605,0.3968396587549498,2.2735209184847536
1.7750000000000001,1.0000000000002247,9.054405029894541,0.3988735088680022,2.276231455435765
1.7775,1.000000000000225,9.021114333755948,0.4018078762276825,2.2789501896979925
1.78,1.0000000000002252,8.978461954957762,0.4056126824931156,2.2816765721644994
1.7825,1.0000000000002258,8.92722992111185,0.41025184027225087,2.2844099416276564
1.7850000000000001,1.0000000000002263,8.868301490189479,0.41568338494156537,2.2871495433589053
1.7875,1.000000000000226,8.8026341126967,0.42185959788859223,2.2898945488932823
1.79,1.000000000000227,8.73123287662044,0.4287271335809685,2.2926440761302596
1.7925,1.0000000000002267,8.655125604243851,0.43622716364749664,2.2953972089449843
1.795,1.0000000000002272,8.57534048831264,0.4442955513885089,2.2981530156319274
1.7975,1.0000000000002274,8.49288685393339,0.452863069827616,2.3009105656577034
1.8,1.0000000000002276,8.408739345230234,0.4618556755616683,2.3036689443621117
1.8025,1.000000000000228,8.323825586267287,0.47119484924355176,2.306427265400218
1.805,1.0000000000002283,8.239017167873492,0.48079801155400215,2.309184680851697
1.8075,1.0000000000002287,8.155123670140979,0.4905790210466973,2.3119403890307635
1.81,1.0000000000002292,8.072889341487057,0.5004487574126443,2.314693640110128
1.8125,1.000000000000229,7.9929920114957485,0.5103157906877944,2.317443739728489
1.815,1.0000000000002303,7.916043806282733,0.5200871339309378,2.320190050788927
1.8175000000000001,1.0000000000002296,7.842593251673685,0.5296690741211357,2.322931993680962
1.82,1.00000000000023,7.7731283820569255,0.5389680735999541,2.3256690451770172
1.8225,1.0000000000002305,7.708080514261795,0.5478917323562875,2.3284007362679935
1.825,1.0000000000002307,7.647828391143936,0.5563497997617121,2.331126649213144
1.8275000000000001,1.0000000000002311,7.592702445429554,0.5642552228678419,2.333846414085937
1.83,1.0000000000002316,7.542988978820761,0.5715252168894509,2.3365597050974225
1.8325,1.0000000000002318,7.498934093275956,0.5780823418527192,2.3392662369692787
1.835,1.0000000000002323,7.460747250056236,0.5838555675034404,2.341965761607759
1.8375000000000001,1.0000000000002323,7.428604366996097,0.5887813064927139,2.3446580652960147
1.84,1.0000000000002327,7.402650394920565,0.5928043937838995,2.347342966576124
1.8425,1.000000000000233,7.383001339570152,0.5958789884828724,2.3500203149358
1.845,1.0000000000002336,7.369745715267791,0.5979693732890627,2.352689990351885
1.8475000000000001,1.0000000000002336,7.3629454305618935,0.5990506268983213,2.3553519036784207
1.85,1.000000000000234,7.362636114314095,0.5991091462655764,2.3580059978066967
1.8525,1.0000000000002345,7.368826893823591,0.5981429987857694,2.360652249473829
1.855,1.0000000000002343,7.381499635868596,0.5961620890824078,2.3632906715593722
1.8575,1.0000000000002351,7.400607658873068,0.5931881308846216,2.3659213156894836
1.86,1.000000000000235,7.426073922129703,0.5892544209253459,2.3685442749660948
1.8625,1.0000000000002356,7.457788698755602,0.5844054183110685,2.3711596866532276
1.865,1.000000000000236,7.4956067454449675,0.5786961388185705,2.3737677346806247
1.8675,1.0000000000002365,7.539343996403239,0.5721913786116617,2.3763686518607154
1.87,1.0000000000002365,7.588773832730971,0.5649647856902341,2.3789627217520892
1.8725,1.0000000000002367,7.643623012649688,0.5570977999733024,2.381550280133685
1.875,1.0000000000002371,7.7035673918134036,0.5486784844821179,2.3841317160722806
1.8775,1.000000000000237,7.7682276146906695,0.5398002709784492,2.3867074725663966
1.8800000000000001,1.0000000000002374,7.837165014439287,0.5305606440142071,2.3892780467300745
1.8825,1.000000000000238,7.909878015377524,0.5210597879727802,2.3918439894410533
1.885,1.0000000000002378,7.985799383580679,0.5113992224713537,2.394405904324557
1.8875,1.0000000000002383,8.064294711071572,0.5016804523708591,2.3969644458847625
1.8900000000000001,1.0000000000002387,8.144662540987074,0.4920036593222018,2.3995203165424575
1.8925,1.0000000000002391,8.226136538630342,0.4824664618394022,2.4020742623024587
1.895,1.0000000000002396,8.307890080842657,0.4731627698745616,2.4046270667704803
1.8975,1.0000000000002398,8.389043569394778,0.4641817574081133,2.407179543276153
1.9000000000000001,1.00000000000024,8.468674670872602,0.4556069724891764,2.4097325249416994
1.9025,1.0000000000002407,8.545831546291454,0.44751559855591605,2.4122868526627568
1.905,1.000000000000241,8.619548962256028,0.439977874096675,2.4148433611303086
1.9075,1.0000000000002411,8.688866979632518,0.4330566703634578,2.417402863205163
1.9100000000000001,1.0000000000002418,8.752851707354964,0.42680721963148394,2.419966133139011
1.9125,1.0000000000002416,8.81061740414742,0.42127698013234854,2.422533889296814
1.915,1.0000000000002418,8.861349028905593,0.4165056188860769,2.4251067771541828
1.9175,1.0000000000002423,8.904324202317497,0.41252509063042153,2.427685353405059
1.92,1.000000000000242,8.938933468520515,0.40935979005058476,2.430270072011086
1.9225,1.0000000000002431,8.96469775315349,0.4070267554405173,2.43286127295379
1.925,1.0000000000002434,8.981282013244922,0.4055359044365676,2.4354591743201706
1.9275,1.0000000000002431,8.988504265498056,0.4048902860448321,2.438063868172454
1.93,1.0000000000002436,8.986339451748657,0.405086337240771,2.440675320437679
1.9325,1.0000000000002445,8.97491793122048,0.4061141363689629,2.443293374817437
1.935,1.0000000000002442,8.954518746741437,0.40795764892735525,2.445917760478172
1.9375,1.000000000000245,8.925558158917925,0.4105949637737083,2.4485481030541276
1.94,1.0000000000002454,8.88857424097976,0.41399851925516123,2.451183938294963
1.9425000000000001,1.0000000000002456,8.844208545956777,0.4181353193839215,2.453824727535482
1.945,1.000000000000246,8.793185976110161,0.42296714031768756,2.4564698740721354
1.9475,1.000000000000246,8.736293995014215,0.42845072753865254,2.4591187395125726
1.95,1.0000000000002462,8.674362232676332,0.43453798476659,2.4617706592269015
1.9525000000000001,1.0000000000002465,8.608243363379524,0.4411761571877777,2.4644249561694904
1.955,1.000000000000247,8.538795912849395,0.4483080142002171,2.4670809525447486
1.9575,1.0000000000002471,8.466869407687449,0.4558720404202746,2.4697379790363323
1.96,1.000000000000248,8.393292045963626,0.4638026476854115,2.4723953815767987
1.9625000000000001,1.0000000000002482,8.3188608677776,0.4720304244646578,2.4750525258721057
1.965,1.000000000000248,8.244334254279813,0.48048244155388486,2.4777088000835255
1.9675,1.0000000000002485,8.170426489369985,0.4890826333343022,2.480363616187686
1.97,1.0000000000002494,8.097804077493059,0.4977522716101093,2.483016410573504
1.9725000000000001,1.0000000000002491,8.027083514149066,0.5064105439429142,2.48566664439502
1.975,1.0000000000002496,7.958830239201843,0.5149752408239305,2.488313804095126
1.9775,1.0000000000002498,7.8935585517125775,0.5233635468525203,2.4909574023685828
1.98,1.0000000000002502,7.831732314943739,0.5314929216055423,2.4935969796695945
1.9825000000000002,1.0000000000002502,7.773766320637826,0.5392820475471255,2.4962321062155395
1.985,1.0000000000002505,7.720028206232215,0.5466518164933442,2.498862384316101
1.9875,1.0000000000002516,7.67084082547391,0.5535263237607978,2.5014874507810108
1.99,1.0000000000002518,7.62648496422404,0.5598338405167906,2.50410697913642
1.9925,1.0000000000002525,7.587202274465681,0.5655077396069031,2.506720681407612
1.995,1.0000000000002518,7.553198277746791,0.5704873571815334,2.509328309295002
1.9975,1.0000000000002527,7.5246452718485175,0.5747187802241218,2.5119296546664933
2.0,1.0000000000002527,7.501684967609557,0.5781555568997696,2.514524549395006
2.0025,1.0000000000002527,7.4844306906516325,0.580759331015869,2.5171128646680008
2.005,1.0000000000002534,7.472969006558245,0.5825004028954331,2.5196945099713464
2.0075,1.0000000000002538,7.467360666275752,0.5833582164681793,2.5222694319922714
2.0100000000000002,1.0000000000002538,7.467640816991543,0.5833217670764885,2.5248376136903885
2.0125,1.0000000000002542,7.473818476562812,0.5823899177676899,2.527399073752725
2.015,1.0000000000002545,7.485875320035675,0.5805716055035628,2.529953866584333
2.0175,1.0000000000002551,7.5037638686484724,0.5778859145794667,2.5325020829007623
2.02,1.0000000000002551,7.527405200243171,0.5743619940306626,2.5350438508952937
2.0225,1.0000000000002556,7.556686312943485,0.5700387996065773,2.5375793378656213
2.025,1.0000000000002558,7.591457271979912,0.5649646488052371,2.540108752113657
2.0275,1.0000000000002565,7.631528256315098,0.5591965883904471,2.5426323448867523
2.0300000000000002,1.000000000000257,7.676666603394835,0.55279958601862,2.545150412113289
2.0325,1.0000000000002562,7.726593934551501,0.5458455690579648,2.547663295698993
2.035,1.0000000000002571,7.780983438040289,0.5384123425333651,2.5501713841867657
2.0375,1.0000000000002573,7.839457397601967,0.530582423090485,2.552675112632497
2.04,1.0000000000002578,7.901585084937397,0.5224418264975565,2.5551749616004655
2.0425,1.0000000000002576,7.96688118331328,0.5140788429564914,2.5576714552235678
2.045,1.0000000000002582,8.034804970449153,0.5055828286007192,2.5601651582974507
2.0475,1.0000000000002587,8.10476055079562,0.49704303467567135,2.562656672381266
2.05,1.0000000000002587,8.176098475612532,0.48854748970721856,2.565146630865243
2.0525,1.0000000000002593,8.24811910777314,0.4801819457530044,2.567635692947593
2.055,1.0000000000002596,8.320078062394709,0.47202889820671,2.5701245364562455
2.0575,1.00000000000026,8.391193974574794,0.4641666893916827,2.5726138494715998
2.06,1.0000000000002605,8.460658710028977,0.45666870843082413,2.575104320768535
2.0625,1.0000000000002602,8.527649951658317,0.44960270225188076,2.577596629204014
2.065,1.0000000000002607,8.591345883758514,0.4430302136216346,2.5800914323229582
2.0675,1.0000000000002611,8.650941482889655,0.43700616060950837,2.582589354617602
2.07,1.0000000000002613,8.70566574176482,0.4315785672297017,2.5850909760204663
2.0725000000000002,1.0000000000002618,8.754799029601042,0.4267884472810557,2.5875968212995812
2.075,1.000000000000262,8.797689750726851,0.4226698333799029,2.5901073510219357
2.0775,1.0000000000002622,8.83376951070921,0.4192499322074495,2.5926229546380033
2.08,1.0000000000002627,8.862566127219697,0.4165493767319114,2.595143946020874
2.0825,1.0000000000002631,8.883714007200386,0.41458253831332625,2.597670561499401
2.085,1.0000000000002633,8.896961618072147,0.41335785760755356,2.600202960110643
2.0875,1.0000000000002638,8.90217597187131,0.4128781540255745,2.602741225529533
2.09,1.000000000000264,8.899344187205667,0.41314087949048584,2.6052853689757582
2.0925000000000002,1.000000000000264,8.888572279061433,0.41413829293860593,2.607835332390551
2.095,1.0000000000002642,8.870081353175577,0.41585754626278265,2.6103909913267347
2.0975,1.0000000000002647,8.84420136911886,0.4182806883906388,2.6129521572725216
2.1,1.000000000000265,8.811362614242936,0.42138460969717795,2.615518579469409
2.1025,1.0000000000002651,8.772085030394893,0.4251409616104749,2.618089946605707
2.105,1.0000000000002653,8.72696557962956,0.4295160939496554,2.6206658889913617
2.1075,1.000000000000266,8.676663931325352,0.4344710537046715,2.62324598189086
2.11,1.0000000000002662,8.621886890136278,0.4399616830251089,2.6258297505898796
2.1125,1.0000000000002662,8.563372135307173,0.44593884168169023,2.628416677519091
2.115,1.0000000000002667,8.501871971320611,0.452348761960106,2.631006211411121
2.1175,1.0000000000002676,8.438137862152738,0.45913352465282714,2.633597778099732
2.12,1.0000000000002678,8.372906510339062,0.4662316269947677,2.6361907922614893
2.1225,1.0000000000002682,8.306888137080449,0.4735786005611811,2.638784669211194
2.125,1.000000000000268,8.24075742861877,0.48110763216897473,2.6413788358271595
2.1275,1.0000000000002685,8.175147361738048,0.48875014521381993,2.6439727398016837
2.13,1.0000000000002691,8.110645843879507,0.4964363123365767,2.646565856656953
2.1325,1.0000000000002691,8.047794841918456,0.5040954906064877,2.6491576942862425
2.1350000000000002,1.0000000000002696,7.9870914659670404,0.5116565936666578,2.651747795114626
2.1375,1.0000000000002698,7.9289903487963125,0.5190484367171059,2.6543357362651085
2.14,1.0000000000002702,7.873906631671655,0.5262001050681568,2.6569211283205187
2.1425,1.000000000000271,7.822218931832384,0.5330414016132022,2.6595036133638468
2.145,1.0000000000002711,7.774271809072102,0.5395034212019394,2.6620828629564683
2.1475,1.0000000000002716,7.730377441176331,0.545519281205722,2.6646585765914343
2.15,1.0000000000002718,7.6908164264237735,0.5510250106159628,2.6672304809690384
2.1525,1.000000000000272,7.655837821575266,0.5559605697471134,2.6697983302232746
2.1550000000000002,1.0000000000002722,7.6256586663997945,0.5602709449131104,2.672361907020253
2.1575,1.000000000000272,7.600463320870425,0.5639072429471278,2.6749210242864345
2.16,1.0000000000002731,7.580402940859085,0.5668277033177859,2.677475527228102
2.1625,1.0000000000002733,7.565595347437605,0.5689985526153156,2.680025295282577
2.165,1.0000000000002738,7.556125420285343,0.5703946461766344,2.682570243691431
2.1675,1.0000000000002738,7.5520459923700844,0.5709998706393827,2.6851103244899686
2.17,1.000000000000274,7.553379070664944,0.5708073132885862,2.6876455268409347
2.1725,1.0000000000002738,7.560117085619129,0.5698192324481554,2.690175876775794
2.1750000000000003,1.0000000000002747,7.5722238049457635,0.5680468818588313,2.692701436517136
2.1775,1.0000000000002753,7.589634550672126,0.5655102470594567,2.6952223036196616
2.18,1.0000000000002751,7.612255436331436,0.5622377423745945,2.697738610172476
2.1825,1.000000000000275,7.639961484960539,0.5582658956470233,2.700250522251178
2.185,1.0000000000002764,7.672593677598567,0.5536390196197928,2.7027582397047913
2.1875,1.000000000000276,7.7099551864498785,0.5484088408639107,2.7052619962304782
2.19,1.0000000000002764,7.7518072320918066,0.5426340365247775,2.7077620595554546
2.1925,1.0000000000002767,7.797865135938523,0.5363796216164196,2.7102587314402546
2.195,1.0000000000002773,7.847795189855551,0.529716138003377,2.712752347166516
2.1975000000000002,1.0000000000002776,7.901212918333479,0.5227186198814252,2.7152432741938726
2.2,1.0000000000002778,7.957683164724617,0.5154653452772248,2.7177319097685997
2.2025,1.0000000000002782,8.016722209120054,0.5080364219294251,2.720218677430247
2.205,1.0000000000002787,8.077801855609183,0.5005122907810349,2.722704022563998
2.2075,1.000000000000279,8.140355157666615,0.4929722536514589,2.7251884073456205
2.21,1.0000000000002798,8.203783234498973,0.48549313809926875,2.727672305575658
2.2125,1.00000000000028,8.26746251662373,0.4781481999781154,2.7301561979557625
2.215,1.0000000000002802,8.330751779583078,0.4710063343733723,2.7326405682922443
2.2175000000000002,1.0000000000002804,8.392998490484237,0.4641316234462914,2.7351259009128266
2.22,1.0000000000002804,8.453544282970796,0.45758320246147255,2.7376126792750703
2.2225,1.0000000000002816,8.511729741541567,0.4514153810877662,2.7401013853823777
2.225,1.0000000000002813,8.566899040518562,0.4456779235105927,2.742592499282826
2.2275,1.0000000000002816,8.618405259355407,0.44041637363767955,2.7450864976934244
2.23,1.0000000000002818,8.665617303476978,0.43567231352554187,2.7475838507441814
2.2325,1.0000000000002829,8.707929243382951,0.43148346360379025,2.750085016017756
2.235,1.0000000000002829,8.744772532023871,0.4278835686619063,2.7525904294705907
2.2375000000000003,1.000000000000283,8.77563101151519,0.42490205774693335,2.7551004934041092
2.24,1.0000000000002833,8.800057966059784,0.4225635116164746,2.7576155623053014
2.2425,1.0000000000002838,8.817693846403564,0.4208870107129144,2.760135927959261
2.245,1.0000000000002844,8.828282822031024,0.4198854635403864,2.7626618056156094
2.2475,1.000000000000284,8.831686130893752,0.41956502578114285,2.7651933230620984
2.25,1.0000000000002847,8.827890363149624,0.41992471305067175,2.7677305141794584
2.2525,1.000000000000285,8.817009334500447,0.420956286044455,2.7702733179570638
2.255,1.000000000000285,8.79927899917834,0.4226444494480015,2.7728215831483976
2.2575,1.0000000000002855,8.775045782296013,0.42496736064908236,2.77537507789931
2.2600000000000002,1.0000000000002862,8.744749602471035,0.4278973975444583,2.7779335029640206
2.2625,1.0000000000002864,8.708903539675273,0.4314020937106923,2.780496506678642
2.265,1.000000000000287,8.668072453930945,0.43544512081113174,2.7830636997710188
2.2675,1.0000000000002869,8.622852820851474,0.43998718795048514,2.7856346683501334
2.27,1.000000000000288,8.57385564237848,0.4449867389307091,2.788208983962164
2.2725,1.000000000000288,8.521693608471846,0.4504003607474872,2.7907862102934797
2.275,1.0000000000002882,8.466972868614828,0.4561828660582349,2.7933659067913537
2.2775,1.000000000000289,8.410288977585815,0.4622870710814905,2.7959476300236457
2.2800000000000002,1.000000000000289,8.352225948988973,0.4686633484451251,2.7985309339130224
2.2825,1.0000000000002889,8.293356981874064,0.4752590813539847,2.8011153700222517
2.285,1.0000000000002902,8.234245362956603,0.482018172066479,2.803700488856943
2.2875,1.0000000000002902,8.175444272367534,0.4888807583110085,2.8062858427616906
2.29,1.0000000000002902,8.117494666391334,0.49578326466391914,2.8088709905149467
2.2925,1.000000000000291,8.060920974365754,0.5026588656431986,2.8114555032820534
2.295,1.0000000000002913,8.006224914729307,0.5094383713719199,2.814038971252871
2.2975,1.000000000000292,7.9538782024331525,0.5160514763939033,2.816621010126266
2.3000000000000003,1.000000000000292,7.9043152088250554,0.5224282502452747,2.8192012666242037
2.3025,1.0000000000002922,7.857926705628826,0.528500706514938,2.8217794224011716
2.305,1.0000000000002924,7.8150556775264155,0.5342042739978724,2.824355196009087
2.3075,1.0000000000002927,7.775995860524108,0.5394790126570145,2.82692834291691
2.31,1.0000000000002929,7.740993220363297,0.5442704657462362,2.8294986538997655
2.3125,1.0000000000002935,7.710250105971494,0.5485301088466793,2.832065952347709
2.315,1.0000000000002933,7.683931377925269,0.552215433435756,2.8346300911622997
2.3175,1.000000000000294,7.66217149090019,0.555289771708713,2.8371909498970624
2.32,1.000000000000294,7.645081351534139,0.5577220166420501,2.839748432667076
2.3225000000000002,1.0000000000002949,7.632753801965399,0.5594864067429092,2.8423024671346675
2.325,1.0000000000002947,7.625266788760045,0.5605625247417031,2.844853004617846
2.3275,1.0000000000002953,7.62268363429493,0.5609356068174614,2.847400021115915
2.33,1.0000000000002958,7.6250502785916305,0.5605971834148743,2.8499435188501163
2.3325,1.0000000000002958,7.6323898363637985,0.5595459886492895,2.8524835278116787
2.335,1.0000000000002962,7.644695245320994,0.5577889991093608,2.8550201068144463
2.3375,1.0000000000002964,7.6619211027600995,0.5553424099650953,2.85755334366286
2.34,1.000000000000297,7.683975948860697,0.5522323380765316,2.860083354247696
2.3425000000000002,1.0000000000002978,7.7107162298194565,0.5484950633023185,2.8626102806344753
2.345,1.000000000000298,7.741942960992427,0.5441766778521596,2.8651342884653763
2.3475,1.0000000000002978,7.777401735187301,0.5393320994096529,2.8676555642041426
2.35,1.000000000000298,7.816786233863415,0.5340235014750074,2.8701743128693393
2.3525,1.000000000000299,7.859744867563809,0.528318306101249,2.872690756891367
2.355,1.0000000000002993,7.905889675297054,0.5222869532365496,2.8752051365790745
2.3575,1.0000000000002998,7.954806230143384,0.5160006949945952,2.877717712403141
2.36,1.0000000000003004,8.006063098499466,0.5095296567762844,2.8802287689310293
2.3625000000000003,1.0000000000003002,8.059219429207001,0.502941362075773,2.882738619841056
2.365,1.0000000000003006,8.113829520444071,0.4962998424593769,2.885247613074627
2.3675,1.0000000000003009,8.16944370282539,0.48966536175945363,2.887756134933721
2.37,1.0000000000003006,8.225605524325633,0.4830946893488537,2.890264611861262
2.3725,1.0000000000003013,8.28184593168996,0.4766417764821779,2.892773508795977
2.375,1.0000000000003013,8.337675799334741,0.4703586345205214,2.8952833233728947
2.3775,1.0000000000003018,8.392578643372408,0.4642961924236518,2.8977945758055985
2.38,1.0000000000003024,8.446005575743667,0.45850492570157214,2.9003077949548715
2.3825,1.0000000000003022,8.497374438280207,0.453035096683842,2.902823501749025
2.3850000000000002,1.0000000000003029,8.546074596657194,0.44793651777385307,2.9053421916504574
2.3875,1.000000000000303,8.59147811598175,0.4432578327721882,2.907864318148502
2.39,1.0000000000003035,8.632957086290986,0.43904539232117273,2.9103902792223137
2.3925,1.000000000000304,8.669905865103859,0.4353418650865609,2.912920408336607
2.395,1.000000000000304,8.701766125335947,0.4321847669231096,2.9154549708508246
2.3975,1.0000000000003042,8.72805200298403,0.4296051013083409,2.9179941658482105
2.4,1.0000000000003049,8.748372452978696,0.42762628624135535,2.920538132484618
2.4025,1.000000000000305,8.762448198402838,0.42626350036738053,2.9230869591969766
2.4050000000000002,1.0000000000003053,8.77012136777704,0.4255235219216498,2.9256406936590293
2.4075,1.0000000000003053,8.771356942450716,0.42540506708833575,2.928199351330666
2.41,1.0000000000003055,8.766236301232405,0.42589956848346866,2.930762920835441
2.4125,1.000000000000306,8.754944242588437,0.42699227788284544,2.933331365143916
2.415,1.0000000000003069,8.737751690448325,0.42866353696079046,2.9359046184854716
2.4175,1.0000000000003066,8.71499670722862,0.4308900409031173,2.9384825798611782
2.42,1.0000000000003073,8.68706638941366,0.43364592522649736,2.9410651047902014
2.4225,1.0000000000003073,8.65438174088926,0.4369035359405573,2.9436519973413637
2.4250000000000003,1.000000000000308,8.617386821401485,0.4406337938779156,2.9462430045055714
2.4275,1.000000000000308,8.576542518850626,0.4448061287849696,2.9488378145673018
2.43,1.0000000000003086,8.532324377976371,0.44938802821965296,2.9514360604273997
2.4325,1.000000000000309,8.485223197893028,0.45434430987654134,2.954037327963826
2.435,1.0000000000003089,8.435746701502124,0.45963627367460413,2.9566411686619505
2.4375,1.0000000000003095,8.384420529612342,0.46522091408508187,2.959247115058391
2.44,1.00000000000031,8.331787101047592,0.47105036955360385,2.9618546971362343
2.4425,1.0000000000003102,8.27840142738337,0.47707175445281746,2.9644634577375215
2.445,1.0000000000003106,8.224823658231974,0.48322746395295124,2.967072965308594
2.4475000000000002,1.0000000000003106,8.17160882702529,0.48945597137034524,2.969682822795182
2.45,1.0000000000003109,8.119294845595132,0.49569306153208803,2.972292672149741
2.4525,1.0000000000003113,8.068390166967161,0.5018733744209927,2.974902194581996
2.455,1.0000000000003113,8.019362651112056,0.5079320824018544,2.9775111072637777
2.4575,1.0000000000003126,7.972631025475701,0.5138065009124821,2.980119157608445
2.46,1.0000000000003129,7.928559969510926,0.5194374417030441,2.9827261164394487
2.4625,1.0000000000003129,7.8874593389216345,0.5247701591449692,2.985331771338249
2.465,1.000000000000313,7.849587466124753,0.5297548076520405,2.9879359212500525
2.4675000000000002,1.0000000000003133,7.815157916280525,0.534346410788582,2.9905383730814807
2.47,1.000000000000314,7.784348621224831,0.5385044261191199,2.9931389406152493
2.4725,1.0000000000003142,7.757312015909605,0.5421920598095937,2.995737445661096
2.475,1.0000000000003149,7.7341846978154365,0.5453755291912423,2.9983337210189496
2.4775,1.000000000000315,7.715095226209223,0.5480234820966073,3.0009276145932953
2.48,1.000000000000315,7.700168955553568,0.5501067565653162,3.003518993890625
2.4825,1.0000000000003155,7.689529213687033,0.5515986071767365,3.006107750157909
2.485,1.0000000000003162,7.683294632225976,0.5524754436928748,3.0086938015628335
2.4875000000000003,1.0000000000003162,7.681572947566667,0.5527180365983996,3.011277095044694
2.49,1.0000000000003166,7.684452050221686,0.5523130571223223,3.0138576067368685
2.4925,1.0000000000003164,7.691989411369952,0.5512547507294219,3.0164353411331
2.495,1.0000000000003175,7.704201217446256,0.549546504601404,3.019010329398513
2.4975,1.0000000000003182,7.721052575197218,0.5472020683672172,3.021582627378999
2.5,1.0000000000003184,7.742450011059437,0.5442462242851123,3.0241523139172135
2.5025,1.0000000000003189,7.768237200405238,0.5407147726951995,3.026719490032274
2.505,1.0000000000003186,7.798194461752021,0.5366537895874988,3.029284279368969
2.5075,1.0000000000003195,7.8320420886618525,0.5321182105662676,3.031846830089969
2.5100000000000002,1.0000000000003202,7.869447125115739,0.5271698834225671,3.0344073181013695
2.5125,1.0000000000003204,7.910032777021363,0.5218752961430285,3.03696595120611
2.515,1.0000000000003204,7.953389346217995,0.5163032192778719,3.03952297351475
2.5175,1.0000000000003206,7.9990854151226,0.510522497985567,3.042078669251732
2.52,1.000000000000321,8.04667802368031,0.5046001927092711,3.0446333650152453
2.5225,1.0000000000003215,8.095720767243042,0.4986002062893888,3.0471874296060406
2.525,1.000000000000322,8.145769082187815,0.4925824604781479,3.049741270743758
2.5275,1.0000000000003222,8.196382430705155,0.4866026083682643,3.052295328326018
2.5300000000000002,1.0000000000003222,8.247123584906486,0.48071220224702743,3.0548500643206027
2.5325,1.0000000000003229,8.297555671798685,0.4749591874034435,3.0574059498595783
2.535,1.0000000000003233,8.34723800498957,0.4693885665883592,3.0599634505569573
2.5375,1.0000000000003233,8.395721939400005,0.4640430785130011,3.062523011424972
2.54,1.0000000000003229,8.442548007682017,0.45896375469365414,3.0650850429512384
2.5425,1.000000000000324,8.487245426541069,0.4541902567927816,3.067649909871847
2.545,1.0000000000003246,8.529334723623977,0.44976094398919797,3.0702179239146825
2.5475,1.0000000000003246,8.56833378419347,0.44571266864237213,3.072789341309682
2.5500000000000003,1.0000000000003249,8.60376712336083,0.4420803409548645,3.0753643652238467
2.5525,1.000000000000325,8.635177732729899,0.4388963336067279,3.0779431525672196
2.555,1.0000000000003257,8.662140501343398,0.4361898121759214,3.080525823943695
2.5575,1.000000000000326,8.684276021200182,0.43398607623679264,3.0831124750043695
2.56,1.0000000000003264,8.701263579172204,0.432305981685478,3.0857031872021357
2.5625,1.000000000000327,8.712852298298808,0.43116549137873195,3.0882980360080405
2.565,1.000000000000327,8.718869680023193,0.4305753738868557,3.0908970950424988
2.5675,1.000000000000327,8.719227151658167,0.430541044339497,3.093500435246379
2.57,1.0000000000003275,8.713922569787156,0.4310625214103658,3.096108119061586
2.5725000000000002,1.0000000000003284,8.703039908324575,0.43213446340276496,3.0987201904631076
2.575,1.0000000000003284,8.686746529021404,0.43374624533744693,3.101336662429135
2.5775,1.0000000000003286,8.665288480992322,0.4358820472543168,3.10395750391745
2.58,1.000000000000329,8.638984222660747,0.43852093933646175,3.1065826285470983
2.5825,1.0000000000003297,8.608217045446427,0.44163696844183437,3.1092118869422025
2.585,1.0000000000003297,8.573426355382527,0.4451992690229475,3.1118450641265274
2.5875,1.0000000000003302,8.535097885269458,0.4491722350872601,3.1144818825694336
2.59,1.00000000000033,8.493752899111048,0.4535157953836083,3.1171220106185804
2.5925000000000002,1.0000000000003304,8.449936522496808,0.4581858293393124,3.119765075263041
2.595,1.0000000000003308,8.404205472776388,0.46313474620197315,3.1224106775821965
2.5975,1.000000000000331,8.357115636797326,0.4683122261919894,3.1250584089369364
2.6,1.0000000000003315,8.309210106127484,0.4736660940019617,3.127707865980435
2.6025,1.0000000000003317,8.261008384524791,0.47914326686361897,3.1303586628792686
2.605,1.0000000000003322,8.212997494691878,0.4846906973888805,3.133010439668156
2.6075,1.0000000000003326,8.165625613527865,0.4902562207118618,3.13566286631072
2.61,1.000000000000333,8.119298660728846,0.4957892197066935,3.1383156426925645
2.6125000000000003,1.0000000000003335,8.074379978429409,0.501241042272665,3.140968495331262
2.615,1.000000000000334,8.031192908962133,0.5065651388885511,3.143621171974886
2.6175,1.0000000000003342,7.990025751673678,0.511716931991993,3.1462734354354422
2.62,1.0000000000003346,7.951138306542401,0.5166534742660198,3.148925057960602
2.6225,1.000000000000335,7.914769033351197,0.5213329927386616,3.1515758172141886
2.625,1.0000000000003353,7.881141798113993,0.525714442368499,3.154225494565188
2.6275,1.0000000000003357,7.850471253487628,0.5297572009985771,3.1568738759442243
2.63,1.0000000000003357,7.822966098255006,0.5334210245684265,3.159520755086328
2.6325,1.0000000000003362,7.798829756429142,0.5366663480109441,3.1621659386040935
2.6350000000000002,1.0000000000003366,7.778258369432778,0.5394549674324743,3.1648092520751567
2.6375,1.0000000000003373,7.761436357857813,0.5417510799558355,3.1674505462106817
2.64,1.0000000000003375,7.74853013431031,0.5435225979043895,3.170089702202893
2.6425,1.000000000000338,7.739680793304214,0.5447426033741991,3.17272663551321
2.645,1.0000000000003384,7.7349967367772505,0.5453907763771532,3.1753612976251775
2.6475,1.0000000000003386,7.7345471981721525,0.5454546209524166,3.17799367560386
2.65,1.0000000000003388,7.738357504287287,0.5449303315784025,3.180623789627821
2.6525,1.0000000000003393,7.746406678458042,0.5438231850973119,3.183251688946187
2.6550000000000002,1.0000000000003397,7.758627671141965,0.5421474050314874,3.185877446924681
2.6575,1.00000000000034,7.774910144974453,0.5399255159952289,3.1885011559557555
2.66,1.0000000000003406,7.795105386911122,0.5371872744475945,3.191122923007619
2.6625,1.000000000000341,7.819032616895519,0.5339683171230828,3.1937428664777214
2.665,1.000000000000341,7.846485752608403,0.5303087012648607,3.1963611148138487
2.6675,1.0000000000003413,7.8772396054116784,0.526251516284149,3.1989778070975934
2.67,1.000000000000342,7.911054541326178,0.5218417243211856,3.201593095485631
2.6725,1.0000000000003422,7.947678842813322,0.5171253415297904,3.2042071491132966
2.6750000000000003,1.0000000000003422,7.986848333205292,0.5121490105014395,3.2068201588210403
2.6775,1.0000000000003433,8.028283238657133,0.506959947050656,3.2094323419008175
2.68,1.0000000000003437,8.071682710695294,0.5016061821594137,3.2120439459994645
2.6825,1.000000000000344,8.116717855316287,0.49613697178399907,3.2146552513700293
2.685,1.0000000000003444,8.163024450544118,0.4906032206421766,3.217266570825609
2.6875,1.0000000000003446,8.21019672905488,0.48505776478374135,3.2198782470048406
2.69,1.000000000000345,8.257783616948254,0.47955538148399474,3.2224906468737045
2.6925,1.0000000000003457,8.305288637095332,0.4741524396058949,3.225104153726038
2.695,1.0000000000003457,8.352174315333343,0.46890616157863024,3.2277191572626336
2.6975000000000002,1.0000000000003455,8.39787140755853,0.46387353004381215,3.23033604258463
2.7,1.0000000000003462,8.441792658381228,0.4591099281860296,3.2329551790954754
2.7025,1.000000000000347,8.483350189306213,0.45466764434508355,3.2355769103419854
2.705,1.000000000000347,8.521975086716347,0.45059439305585763,3.23820154572849
2.7075,1.0000000000003475,8.557137402426896,0.4469320040923648,3.2408293548158795
2.71,1.0000000000003477,8.588364657223414,0.4437154098668387,3.2434605645947925
2.7125,1.000000000000348,8.615257081798129,0.44097202397647217,3.246095359741168
2.715,1.0000000000003484,8.637498228277853,0.43872155590654427,3.2487338854763532
2.7175000000000002,1.000000000000349,8.654860183214947,0.4369762556414922,3.251376252319831
2.72,1.000000000000349,8.667203316761562,0.4357415336640951,3.254022541791765
2.7225,1.0000000000003493,8.674471198929549,0.4350168620707124,3.2566728120313058
2.725,1.0000000000003502,8.676681888522563,0.4347968355340709,3.259327102359437
2.7275,1.0000000000003506,8.673917161566107,0.43507225931604593,3.2619854360221257
2.73,1.000000000000351,8.666311341432518,0.4358311364743585,3.2646478206674345
2.7325,1.0000000000003515,8.654041218868011,0.43705944696307947,3.267314246489245
2.735,1.0000000000003515,8.637318151467667,0.4387416447450783,3.2699846823517262
2.7375000000000003,1.000000000000352,8.616382891336546,0.44086084085947774,3.2726590705359757
2.74,1.0000000000003522,8.59150310980906,0.4433986849584157,3.2753373209765684
2.7425,1.000000000000353,8.562973072579105,0.4463349990571649,3.27801930595164
2.745,1.0000000000003533,8.531114552136506,0.4496472495373054,3.2807048561464236
2.7475,1.0000000000003535,8.496277898855599,0.4533099625789731,3.283393758838839
2.75,1.000000000000354,8.458842239398335,0.45729419195277365,3.2860857586867844
2.7525,1.000000000000354,8.419214004289454,0.4615671365424737,3.288780561272425
2.755,1.0000000000003542,8.377823347783037,0.46609198036941224,3.291477839227249
2.7575,1.0000000000003546,8.335118437023448,0.47082799432827027,3.2941772404683225
2.7600000000000002,1.0000000000003553,8.291557976252907,0.4757309015777411,3.296878397857846
2.7625,1.0000000000003557,8.247602629653663,0.48075347322375045,3.2995809394773916
2.765,1.000000000000356,8.203706170133023,0.48584629283608893,3.3022844986917557
2.7675,1.000000000000357,8.160307195592228,0.4909586114918628,3.3049887232566046
2.77,1.0000000000003568,8.117822130979986,0.4960392116187604,3.307693282878218
2.7725,1.0000000000003573,8.076640007811154,0.5010372078398331,3.310397874834805
2.775,1.000000000000358,8.037119230504278,0.5059027339406192,3.3131022274869975
2.7775,1.000000000000358,7.9995862524354,0.5105874927406489,3.315806101712606
2.7800000000000002,1.0000000000003584,7.96433584049971,0.5150451746834896,3.31850929047623
2.7825,1.0000000000003586,7.931632439675023,0.5192317758726658,3.3212116168739643
2.785,1.000000000000359,7.901712076955439,0.5231058625050953,3.3239129310716544
2.7875,1.0000000000003593,7.874784268307412,0.5266288333965518,3.3266131065836073
2.79,1.00000000000036,7.851033498819733,0.5297652250436142,3.3293120363243314
2.7925,1.0000000000003602,7.830620009219197,0.5324830862496539,3.3320096288193217
2.795,1.000000000000361,7.81367980920196,0.5347544255323018,3.3347058048935296
2.7975,1.0000000000003613,7.800324016482086,0.5365557092953895,3.337400495078981
2.8000000000000003,1.0000000000003617,7.79063776122392,0.5378683672826424,3.3400936379043173
2.8025,1.0000000000003624,7.784678978037858,0.5386792485440937,3.34278517915479
2.805,1.0000000000003622,7.782477422212565,0.53898096881168,3.3454750721236195
2.8075,1.0000000000003628,7.784034195105782,0.5387720993932925,3.34816327881495
2.81,1.0000000000003628,7.789321957972322,0.538057166763264,3.3508497720030745
2.8125,1.0000000000003633,7.798285874487536,0.5368464573207301,3.3535345380004737
2.815,1.000000000000364,7.810845175070613,0.5351556484712494,3.3562175799375566
2.8175,1.0000000000003644,7.826895106832735,0.533005310198891,3.3588989213106886
2.82,1.0000000000003646,7.846308944402622,0.5304203363465638,3.3615786095155675
2.8225000000000002,1.0000000000003653,7.868939705250778,0.5274293692195559,3.364256719055658
2.825,1.0000000000003655,7.894621245628886,0.5240642742552983,3.36693335410716
2.8275,1.0000000000003657,7.923168506844166,0.5203597048791818,3.3696086501397007
2.83,1.0000000000003662,7.954376823401944,0.5163527745910608,3.3722827743410217
2.8325,1.0000000000003666,7.988020373587747,0.5120828282095284,3.374955924675976
2.835,1.000000000000367,8.023850023297536,0.5075912817139455,3.377628327522435
2.8375,1.0000000000003673,8.061590958190015,0.5029214843406844,3.380300233960442
2.84,1.0000000000003675,8.100940593404083,0.49811855025696666,3.382971914932206
2.8425000000000002,1.0000000000003677,8.141567276946867,0.49322911120757823,3.3856436556210228
2.845,1.0000000000003686,8.183110255065573,0.48830095504036763,3.3883157494967366
2.8475,1.0000000000003688,8.225181249520576,0.48338253530915976,3.3909884925250022
2.85,1.0000000000003688,8.267367822955906,0.478522360421304,3.393662178023108
2.8525,1.0000000000003693,8.309238504053086,0.4737682928304072,3.3963370925608385
2.855,1.0000000000003704,8.350349439085479,0.46916680574954783,3.399013513155593
2.8575,1.0000000000003704,8.390252162059868,0.4647622540214215,3.4016917058141134
2.86,1.0000000000003708,8.428501958810285,0.4605962158764554,3.4043719252565054
2.8625000000000003,1.0000000000003713,8.464666259137845,0.4567069537053207,3.4070544154574054
2.865,1.0000000000003713,8.498332530780104,0.45312902646455927,3.409739410490883
2.8675,1.000000000000372,8.529115261108899,0.4498930667200136,3.412427135101909
2.87,1.000000000000373,8.556661775662192,0.4470257148570923,3.4151178044665245
2.8725,1.0000000000003728,8.58065682646944,0.44454968477995116,3.4178116227461914
2.875,1.000000000000373,8.600826053745315,0.44248392202379316,3.4205087802693455
2.8775,1.0000000000003737,8.616938551146957,0.4408438082354052,3.4232094494469147
2.88,1.0000000000003737,8.628808825904702,0.439641365976731,3.425913779797729
2.8825,1.0000000000003741,8.636298432794618,0.4388854242458327,3.428621892671543
2.8850000000000002,1.0000000000003748,8.63931748225349,0.4385817165528947,3.431333876366795
2.8875,1.0000000000003746,8.637826098486515,0.43873289777166397,3.4340497823210323
2.89,1.0000000000003753,8.631835762629054,0.4393384809682418,3.436769622902891
2.8925,1.000000000000376,8.621410350877461,0.4403947087427126,3.439493371081209
2.895,1.0000000000003766,8.606666595716279,0.4418943834864147,3.442220961937016
2.8975,1.0000000000003766,8.587773677675576,0.4438266862153018,3.444952295678985
2.9,1.000000000000377,8.564951699807086,0.4461770139485777,3.447687241583795
2.9025,1.0000000000003777,8.53846889784515,0.448926861423477,3.4504256421588835
2.9050000000000002,1.0000000000003777,8.508637575187018,0.45205376541275766,3.453167316842222
2.9075,1.0000000000003781,8.475808896380428,0.4555313206453797,3.4559120647097
2.91,1.000000000000379,8.440366798260579,0.4593292671171909,3.4586596659248277
2.9125,1.000000000000379,8.402721361877576,0.46341364110973127,3.4614098819857273
2.915,1.0000000000003797,8.36330201777929,0.4677469778315703,3.4641624551381316
2.9175,1.0000000000003797,8.322550930064093,0.4722885529911928,3.466917107569289
2.92,1.0000000000003801,8.280916829474531,0.476994653824311,3.4696735411290622
2.9225,1.0000000000003804,8.238849459257983,0.48181887642473975,3.47243143831589
2.9250000000000003,1.0000000000003813,8.196794680331248,0.4867124543354514,3.4751904651169543
2.9275,1.0000000000003813,8.155190175185266,0.49162463150011004,3.4779502760288845
2.93,1.000000000000382,8.11446160999489,0.496503098984927,3.480710521251244
2.9325,1.000000000000382,8.075019072375255,0.5012945176801997,3.4834708556939558
2.935,1.0000000000003824,8.03725360165898,0.505945147299079,3.4862309491266688
2.9375,1.0000000000003828,8.001533665972472,0.5104015949494544,3.488990496570056
2.94,1.0000000000003835,7.968201506729495,0.5146116847482384,3.4917492279186244
2.9425,1.0000000000003837,7.937569353970993,0.5185254345919313,3.4945069158063107
2.945,1.0000000000003841,7.909915601684808,0.5220961091980594,3.4972633808754248
2.9475000000000002,1.0000000000003844,7.885481108244389,0.5252813022238196,3.5000184938653534
2.95,1.0000000000003848,7.864465843365071,0.5280439870813912,3.5027721742664197
2.9525,1.000000000000385,7.847026132887122,0.5303534681652632,3.5055243856460017
2.955,1.0000000000003855,7.833272753326309,0.5321861631439636,3.5082751281064986
2.9575,1.0000000000003857,7.8232700999155504,0.533526153451344,3.511024428639407
2.96,1.0000000000003861,7.817036597929755,0.5343654538688779,3.513772330365043
2.9625,1.0000000000003864,7.814546452480099,0.5347039718965936,3.516518881771355
2.965,1.0000000000003868,7.815732742877499,0.5345491514604038,3.519264127076332
2.9675000000000002,1.0000000000003872,7.820491770853551,0.5339153208896942,3.5220080987363076
2.97,1.0000000000003881,7.828688474324196,0.5328227893515968,3.524750812916664
2.9725,1.0000000000003884,7.840162626896866,0.5312967565564617,3.5274922684509162
2.975,1.0000000000003884,7.85473546474565,0.5293661155257244,3.530232449465551
2.9775,1.000000000000389,7.872216323385702,0.5270622361679793,3.5329713314733273
2.98,1.0000000000003895,7.892408833433482,0.5244178177113566,3.5357088903725815
2.9825,1.00000000000039,7.91511622204682,0.5214658907838289,3.5384451134702224
2.985,1.0000000000003906,7.940145299498796,0.518239035846705,3.5411800114048213
2.9875000000000003,1.0000000000003906,7.967308780384309,0.5147688650067276,3.5439136297104317
2.99,1.0000000000003917,7.996425695739306,0.5110857905720778,3.5466460587495225
2.9925,1.0000000000003912,8.027319792039608,0.5072190779519952,3.5493774408610856
2.995,1.000000000000392,8.059815978157001,0.5031971546723123,3.5521079738107177
2.9975,1.0000000000003926,8.093735060761329,0.49904812351533323,3.554837909973992
3.0,1.000000000000393,8.12888718804911,0.49480040819773474,3.557567551100881
3.0025,1.0000000000003937,8.165064584452727,0.490483446515547,3.5602972389576277
3.005,1.000000000000394,8.20203428760333,0.48612834009322364,3.56302734257724
3.0075000000000003,1.0000000000003944,8.239531676487712,0.4817683727646163,3.5657582432245194
3.0100000000000002,1.0000000000003944,8.277255592292406,0.4774393213548865,3.5684903184531658
3.0125,1.0000000000003948,8.314865791294418,0.47317950240276674,3.571223926766193
3.015,1.0000000000003952,8.351983329192834,0.4690295243158483,3.573959394363895
3.0175,1.0000000000003955,8.388194263259624,0.46503174385791596,3.5766970052685876
3.02,1.0000000000003961,8.423056786207757,0.4612294554390971,3.5794369957631975
3.0225,1.0000000000003961,8.45611159608602,0.45766586803641823,3.582179553601613
3.025,1.0000000000003968,8.48689498968631,0.45438294475558144,3.5849248218910965
3.0275,1.000000000000397,8.514953877632085,0.4514201919670291,3.587672906975026
3.0300000000000002,1.0000000000003975,8.539861693109723,0.44881348767849566,3.5904238891305598
3.0325,1.0000000000003981,8.561234034566237,0.44659403262376196,3.593177834513244
3.035,1.0000000000003983,8.578742867671329,0.44478749378600574,3.5959348065904875
3.0375,1.0000000000003986,8.592128221520039,0.4434133907946654,3.5986948753471535
3.04,1.0000000000003988,8.601206539865373,0.4424847532380577,3.601458122826579
3.0425,1.0000000000003992,8.60587516487235,0.44200805380542374,3.6042246440600545
3.045,1.0000000000003995,8.606112799591248,0.44198340042442386,3.606994543074039
3.0475,1.0000000000004003,8.60197616928762,0.4424049518971485,3.609767924357714
3.0500000000000003,1.0000000000004006,8.593593433715945,0.44326150721759466,3.6125448808229317
3.0525,1.0000000000004006,8.581155152333066,0.44453720960603393,3.615325479797758
3.055,1.0000000000004017,8.564903745688289,0.44621230274588153,3.6181097488891933
3.0575,1.0000000000004015,8.545122419218455,0.44826387878069734,3.6208976635890093
3.06,1.000000000000402,8.522124428301593,0.45066656492704543,3.6236891382779777
3.0625,1.0000000000004023,8.496243388373962,0.4533931072520193,3.6264840218458216
3.065,1.0000000000004026,8.467825103769298,0.4564148250055467,3.6292820985554397
3.0675,1.0000000000004032,8.437221140117737,0.4597019253078132,3.6320830941279643
3.0700000000000003,1.0000000000004037,8.404784131990676,0.4632236842132536,3.6348866864014293
3.0725000000000002,1.0000000000004035,8.370864627466208,0.4669485144751663,3.6376925194022167
3.075,1.0000000000004041,8.33580914197235,0.47084395124359646,3.6405002193262233
3.0775,1.0000000000004041,8.299959031716726,0.47487659342008354,3.6433094107890454
3.08,1.0000000000004048,8.263649798568883,0.479012040026546,3.6461197317745375
3.0825,1.0000000000004052,8.227210491666083,0.48321485790729557,3.6489308459643746
3.085,1.000000000000406,8.190962959375604,0.48744861013029345,3.6517424515208554
3.0875,1.0000000000004061,8.155220809766487,0.4916759647805197,3.6545542858613786
3.09,1.0000000000004063,8.120288040659297,0.49585889288773893,3.6573661264416257
3.0925000000000002,1.0000000000004068,8.086457387213537,0.49995895348332126,3.6601777879964974
3.095,1.0000000000004075,8.054008496230995,0.5039376545532438,3.6629891170261657
3.0975,1.000000000000408,8.02320606753769,0.5077568719365079,3.665799984529168
3.1,1.0000000000004081,7.994298104567557,0.5113793045639496,3.6686102780635323
3.1025,1.0000000000004083,7.967514393248118,0.5147689439196693,3.6714198941666054
3.105,1.0000000000004092,7.94306528783622,0.517891537864635,3.6742287320050697
3.1075,1.0000000000004092,7.921140833097351,0.5207150332571638,3.677036688889263
3.11,1.00000000000041,7.901910202722129,0.5232099871774414,3.6798436580060394
3.1125000000000003,1.0000000000004101,7.885521391520591,0.5253499419824684,3.682649528437939
3.115,1.0000000000004108,7.8721010692041595,0.5271117639411983,3.6854541872752367
3.1175,1.0000000000004112,7.861754489614706,0.5284759481103272,3.6882575234168935
3.12,1.0000000000004117,7.854565351870843,0.529426893016301,3.691059432512883
3.1225,1.0000000000004121,7.850595527685335,0.529953147585648,3.693859822431473
3.125,1.0000000000004126,7.849884598919629,0.5300476299515179,3.6966586186395913
3.1275,1.0000000000004128,7.852449186916598,0.5297078138940966,3.699455768953895
3.13,1.0000000000004132,7.8582820952966985,0.5289358745716507,3.7022512472406763
3.1325000000000003,1.0000000000004132,7.867351325682117,0.5277387817481471,3.70504505579656
3.1350000000000002,1.0000000000004137,7.879599056692335,0.5261283267163405,3.707837226310258
3.1375,1.0000000000004146,7.894940696948746,0.5241210691282094,3.7106278194697313
3.14,1.000000000000415,7.913264130442796,0.5217381922402744,3.713416923422438
3.1425,1.0000000000004154,7.934429266677539,0.519005259559467,3.716204651405564
3.145,1.0000000000004157,7.958267989282239,0.5159518720819873,3.718991138928772
3.1475,1.000000000000416,7.984584567633524,0.5126112325090953,3.721776540909141
3.15,1.0000000000004161,8.013156560003166,0.5090196300761803,3.7245610291261673
3.1525,1.0000000000004168,8.043736198441497,0.5052158659798176,3.7273447902879666
3.1550000000000002,1.0000000000004174,8.076052210011202,0.5012406439688115,3.7301280248862305
3.1575,1.0000000000004179,8.109812001003768,0.4971359528464664,3.7329109468787123
3.16,1.000000000000418,8.14470411454714,0.49294446709933004,3.735693784088508
3.1625,1.0000000000004186,8.180400870323442,0.4887089886712257,3.7384767790653965
3.165,1.000000000000418,8.216561108836228,0.48447194743959526,3.741260190032953
3.1675,1.0000000000004194,8.252832990426676,0.4802749709127819,3.7440442914620555
3.17,1.0000000000004199,8.28885683734116,0.47615852593187924,3.746829373780314
3.1725,1.0000000000004203,8.324268049829037,0.47216162767947123,3.7496157417568887
3.1750000000000003,1.0000000000004199,8.358700167263935,0.46832160496439273,3.7524037111968944
3.1775,1.000000000000421,8.391788174864725,0.46467390629144795,3.7551936037348725
3.18,1.0000000000004214,8.423172168600418,0.4612519291044592,3.7579857397215295
3.1825,1.0000000000004217,8.452501480016128,0.45808685496804424,3.760780429432748
3.185,1.0000000000004217,8.479439326710947,0.4552074761675926,3.763577963069592
3.1875,1.000000000000422,8.503667994491655,0.45264000381285985,3.766378600233068
3.19,1.0000000000004232,8.52489447929842,0.4504078533676106,3.7691825597178203
3.1925,1.000000000000423,8.542856429974563,0.44853140981457373,3.7719900105478334
3.1950000000000003,1.0000000000004237,8.557328148549372,0.4470277806050347,3.774801065155291
3.1975000000000002,1.0000000000004243,8.568126335617558,0.4459105494238964,3.7776157754728295
3.2,1.0000000000004243,8.575115226345732,0.445189547077998,3.7804341324750945
3.2025,1.000000000000425,8.578210756367355,0.4448706571591757,3.78325606938813
3.205,1.000000000000425,8.577383430494093,0.4449556734534534,3.786081468417972
3.2075,1.0000000000004254,8.572659639367712,0.44544222350056134,3.788910170475719
3.21,1.0000000000004257,8.564121272889496,0.4463237685856988,3.7917419870422227
3.2125,1.0000000000004263,8.551903602791956,0.4475896852466033,3.7945767130651924
3.215,1.0000000000004268,8.536191535414824,0.449225427673522,3.7974141396497774
3.2175000000000002,1.000000000000427,8.517214454287343,0.45121276477038547,3.800254065310316
3.22,1.0000000000004274,8.495239966848345,0.4535300807101622,3.8030963046981303
3.2225,1.0000000000004279,8.470566930584653,0.45615272405304935,3.8059406939913907
3.225,1.0000000000004279,8.443518156060849,0.4590533882679196,3.808787092496206
3.2275,1.0000000000004283,8.414433168181038,0.462202505996935,3.8116353804196037
3.23,1.0000000000004285,8.38366135791246,0.4655686406222213,3.814485453186806
3.2325,1.0000000000004294,8.351555783644674,0.4691188614201233,3.81733721304009
3.235,1.0000000000004297,8.318467795393543,0.47281909242998077,3.820190558935467
3.2375000000000003,1.0000000000004299,8.284742567433774,0.4766344295972895,3.8230453759185012
3.24,1.0000000000004305,8.250715545512877,0.48052942519385555,3.8259015251987636
3.2425,1.0000000000004305,8.21670975085318,0.48446834241470593,3.8287588360547917
3.245,1.0000000000004312,8.18303383878571,0.48841538595542716,3.8316171005029256
3.2475,1.0000000000004314,8.1499807859217,0.4923349160100616,3.8344760713793384
3.25,1.0000000000004319,8.117827074258194,0.49619165343408617,3.83733546414716
3.2525,1.000000000000432,8.08683224945746,0.499950882935432,3.840194962385418
3.255,1.0000000000004323,8.057238748521176,0.5035786594111586,3.8430542265778653
3.2575000000000003,1.0000000000004328,8.029271913793027,0.5070420203720827,3.8459129055284333
3.2600000000000002,1.000000000000433,8.003140130899633,0.5103092052561463,3.8487706495096288
3.2625,1.0000000000004337,7.979035044356014,0.5133498807318702,3.8516271241166997
3.265,1.0000000000004339,7.95713181417765,0.5161353701149373,3.8544820237606503
3.2675,1.000000000000434,7.937589379661345,0.5186388848650438,3.8573350837855727
3.27,1.0000000000004345,7.9205506936893055,0.5208357567035475,3.86018609033121
3.2725,1.0000000000004352,7.906142884739833,0.5227036699277957,3.863034887264588
3.275,1.0000000000004357,7.894477297132493,0.5242228946058172,3.8658813797552987
3.2775,1.000000000000436,7.885649355874479,0.5253765220792245,3.8687255343452724
3.2800000000000002,1.0000000000004365,7.8797382033986985,0.5261507041871051,3.8715673756426146
3.2825,1.0000000000004368,7.876806063309355,0.5265348965758117,3.8744069800285508
3.285,1.0000000000004374,7.87689730174962,0.526522104292562,3.877244466987186
3.2875,1.0000000000004376,7.880037179801937,0.5261091247090802,3.880079988834214
3.29,1.0000000000004379,7.88623031893546,0.5252967790382076,3.8829137197214267
3.2925,1.0000000000004385,7.895458933503092,0.5240901198227199,3.885745844823137
3.295,1.0000000000004388,7.907680916589427,0.5224985984267541,3.8885765505672927
3.2975,1.0000000000004392,7.922827894751746,0.5205361743887011,3.89140601666246
3.3000000000000003,1.0000000000004396,7.940803390099402,0.5182213480445345,3.8942344105010687
3.3025,1.0000000000004394,7.9614812419055445,0.5155770994515243,3.8970618843023153
3.305,1.00000000000044,7.9847044425093925,0.5126307204167014,3.899888575111609
3.3075,1.0000000000004403,8.010284532650614,0.509413532145043,3.902714607516315
3.31,1.0000000000004412,8.03800167976365,0.5059604881653555,3.9055400986901234
3.3125,1.0000000000004412,8.067605530538856,0.5023096700366179,3.9083651651613533
3.315,1.0000000000004416,8.09881688873334,0.4985016910244373,3.911189930532718
3.3175,1.000000000000442,8.131330224184937,0.4945790295978729,3.914014533278563
3.3200000000000003,1.0000000000004423,8.164816973213977,0.4905853194776716,3.91683913372166
3.3225000000000002,1.000000000000443,8.198929548204333,0.48656462553399243,3.919663919352
3.325,1.0000000000004432,8.233305938936772,0.4825607348419589,3.9224891077927615
3.3275,1.0000000000004436,8.267574763218239,0.4786164897286695,3.9253149469345097
3.33,1.0000000000004443,8.301360611334678,0.4747731850506049,3.9281417120296442
3.3325,1.0000000000004443,8.334289528208295,0.4710700458203131,3.9309696998398334
3.335,1.0000000000004452,8.365994487658934,0.4675437943891215,3.9337992202289715
3.3375,1.0000000000004456,8.396120732224787,0.4642283094578938,3.93663058586001
3.34,1.0000000000004459,8.424330875904824,0.46115437293792044,3.9394641008544
3.3425000000000002,1.000000000000446,8.450309691766364,0.45834949568442995,3.9423000493824754
3.345,1.0000000000004468,8.473768527632384,0.45583780974526,3.9451386851560524
3.3475,1.0000000000004468,8.494449307924945,0.4536400131568951,3.9479802226881833
3.35,1.000000000000447,8.512128086549964,0.45177335341468694,3.9508248309805296
3.3525,1.0000000000004479,8.526618114606617,0.45025163729447765,3.953672630021177
3.355,1.0000000000004485,8.537772379630628,0.4490852573231036,3.9565236901601093
3.3575,1.000000000000448,8.545485563429992,0.44828122842090323,3.9593780341173144
3.36,1.000000000000449,8.549695357561472,0.44784323158876793,3.9622356411108375
3.3625000000000003,1.0000000000004492,8.550383073337123,0.4477716645437381,3.9650964524037646
3.365,1.0000000000004496,8.547573490286274,0.4480637015666813,3.967960377483409
3.3675,1.0000000000004499,8.541333904987416,0.44871336628060016,3.97082730011068
3.37,1.00000000000045,8.531772370864806,0.4497116215353014,3.9736970836039456
3.3725,1.0000000000004508,8.519035156581037,0.45104648008013365,3.9765695749259784
3.375,1.0000000000004508,8.503303491989021,0.45270313843268206,3.9794446073901217
3.3775,1.0000000000004514,8.484789711120008,0.4546641345647193,3.9823220020527
3.38,1.0000000000004519,8.463732936084806,0.45690952805064117,3.9852015680747392
3.3825000000000003,1.0000000000004519,8.440394469477683,0.4594170994919081,3.9880831024860592
3.3850000000000002,1.000000000000452,8.41505307279424,0.46216256464161926,3.9909663898502674
3.3875,1.0000000000004527,8.388000303353774,0.46511979792683594,3.993851202305599
3.39,1.000000000000453,8.359536063173639,0.4682610601143946,3.996737300354015
3.3925,1.0000000000004534,8.329964482945197,0.4715572256757566,3.999624434611329
3.395,1.0000000000004536,8.299590226800902,0.47497800684264635,4.002512348543795
3.3975,1.0000000000004543,8.268715263669634,0.47849217317125187,4.005400782033432
3.4,1.0000000000004547,8.237636113314721,0.48206776734827445,4.008289475464685
3.4025,1.0000000000004554,8.206641543499062,0.48567231966132324,4.011178173930844
3.4050000000000002,1.0000000000004554,8.17601067174498,0.4892730647392598,4.014066631132579
3.4075,1.0000000000004559,8.146011411992184,0.49283716464756505,4.016954612583959
3.41,1.0000000000004565,8.11689920276769,0.4963319421170227,4.019841897844597
3.4125,1.0000000000004567,8.088915957676518,0.49972512663728463,4.022728281642113
3.415,1.000000000000457,8.062289188644824,0.5029851145271199,4.025613573914378
3.4175,1.0000000000004576,8.037231264544442,0.506081242159292,4.028497598960986
3.42,1.000000000000458,8.013938779825788,0.5089840695764848,4.031380194025301
3.4225,1.0000000000004583,7.9925920173063085,0.5116656700857302,4.034261207714023
3.4250000000000003,1.0000000000004587,7.973354494817923,0.5140999203043964,4.037140498689173
3.4275,1.0000000000004587,7.956372586471664,0.5162627846914961,4.040017935034442
3.43,1.0000000000004592,7.941775206264755,0.518132588847776,4.0428933946086065
3.4325,1.0000000000004596,7.929673535863903,0.5196902766911128,4.045766766565036
3.435,1.00000000000046,7.920160771453967,0.5209196477854284,4.048637954054788
3.4375,1.0000000000004603,7.913311858610261,0.5218075723290692,4.0515068779620345
3.44,1.0000000000004605,7.909183181236348,0.522344182286733,4.054373481364428
3.4425,1.0000000000004614,7.907812172324012,0.5225230376186321,4.0572377342870105
3.4450000000000003,1.000000000000462,7.9092168216185454,0.5223412663628749,4.060099638240871
3.4475000000000002,1.0000000000004619,7.913395068384504,0.5217996764414684,4.062959230016912
3.45,1.0000000000004623,7.920324085665716,0.5209028356192092,4.065816584243923
3.4525,1.0000000000004625,7.929959484192446,0.5196591143209157,4.068671814315592
3.455,1.0000000000004632,7.942234487200247,0.5180806843810518,4.071525071433534
3.4575,1.0000000000004639,7.95705914923645,0.5161834656781107,4.074376541688621
3.46,1.0000000000004639,7.974319709740642,0.5139870123828981,4.077226441292438
3.4625,1.000000000000464,7.993878183177757,0.5115143315131975,4.080075010254827
3.465,1.0000000000004645,8.015572289673665,0.5087916287657993,4.082922504962392
3.4675000000000002,1.000000000000465,8.03921582215711,0.5058479801236123,4.085769190228789
3.47,1.0000000000004647,8.06459952768701,0.5027149322422274,4.088615331447642
3.4725,1.0000000000004658,8.091492552839176,0.4994260396645758,4.091461187474373
3.475,1.000000000000466,8.1196444678071,0.49601635193427096,4.094307004793616
3.4775,1.0000000000004665,8.148787844342323,0.49252186807681714,4.09715301339908
3.48,1.0000000000004672,8.178641322696937,0.4889789791359,4.099999424636041
3.4825,1.0000000000004674,8.208913066593068,0.48542392105489,4.102846431050619
3.485,1.000000000000468,8.239304477088567,0.4818922599296834,4.10569420807726
3.4875000000000003,1.000000000000468,8.269514019563296,0.4784184294927195,4.108542917200286
3.49,1.0000000000004683,8.299241015309596,0.47503533680250787,4.1113927100692855
3.4925,1.0000000000004692,8.32818926121699,0.4717740468831213,4.1142437329508645
3.495,1.0000000000004692,8.356070366845476,0.4686635510005213,4.1170961308724054
3.4975,1.0000000000004694,8.382606735018113,0.46573061697126567,4.119950050860959
3.5,1.00000000000047,8.40753415558843,0.46299971397656164,4.122805643796699
3.5025,1.00000000000047,8.430604026816727,0.46049299934636856,4.125663064570769
3.505,1.0000000000004707,8.451585258978474,0.4582303511189073,4.128522470440611
3.5075000000000003,1.0000000000004714,8.470265944980875,0.4562294281546023,4.131384017686234
3.5100000000000002,1.0000000000004716,8.486454898614673,0.45450573930317584,4.134247856861765
3.5125,1.0000000000004716,8.499983160203142,0.4530727045265003,4.137114127085311
3.515,1.0000000000004723,8.510705551680783,0.4519416937469926,4.139982949899322
3.5175,1.0000000000004732,8.518502330757542,0.45112203317164473,4.142854423255748
3.52,1.000000000000473,8.523280951126637,0.4506209734988093,4.145728616136714
3.5225,1.0000000000004736,8.524977888509229,0.45044361927563975,4.148605564223056
3.525,1.0000000000004738,8.523560447255319,0.45059282328069356,4.1514852668877555
3.5275,1.0000000000004745,8.51902842555617,0.4510690537627522,4.154367685640398
3.5300000000000002,1.0000000000004745,8.511415494234702,0.4518702453764348,4.157252744004711
3.5325,1.000000000000475,8.500790137843307,0.4529916465427039,4.160140328692234
3.535,1.0000000000004758,8.487256018354906,0.45442567668178757,4.1630302918543505
3.5375,1.0000000000004758,8.470951649612655,0.45616180639185666,4.165922454157091
3.54,1.0000000000004767,8.452049311314697,0.4581864723522757,4.168816608426236
3.5425,1.0000000000004767,8.430753179548379,0.4604830367567171,4.17171252364508
3.545,1.000000000000477,8.407296700943443,0.4630317987030172,4.174609949140825
3.5475,1.0000000000004774,8.38193928374855,0.46581006245321965,4.177508618853932
3.5500000000000003,1.0000000000004774,8.35496241686456,0.46879226506332433,4.180408255634522
3.5525,1.0000000000004778,8.326665353942198,0.4719501637397144,4.183308575542585
3.555,1.0000000000004783,8.2973605127412,0.47525308150214585,4.186209292139716
3.5575,1.000000000000479,8.267368740526356,0.47866820833195844,4.189110120750634
3.56,1.0000000000004792,8.237014586320875,0.4821609538928407,4.192010782648176
3.5625,1.0000000000004798,8.206621703341309,0.485695347006497,4.194911009083772
3.565,1.0000000000004798,8.17650848331857,0.4892344761945346,4.1978105450558125
3.5675,1.0000000000004805,8.146984001936827,0.49274096461482386,4.2007091526885185
3.5700000000000003,1.0000000000004807,8.118344333945357,0.49617747152222025,4.203606614089946
3.5725000000000002,1.0000000000004812,8.09086927933773,0.4995072109411127,4.206502733571517
3.575,1.000000000000482,8.064819529018168,0.5026944766163284,4.209397339142469
3.5775,1.000000000000482,8.040434289270687,0.505705160673951,4.2122902832366975
3.58,1.0000000000004825,8.017929378020769,0.5085072520220889,4.215181442680963
3.5825,1.0000000000004827,7.997495800776934,0.5110712996504311,4.218070717965848
3.585,1.0000000000004832,7.979298808590552,0.5133708259434935,4.220958031927494
3.5875,1.0000000000004836,7.9634774329302935,0.5153826761464726,4.223843327984483
3.59,1.000000000000484,7.95014448208606,0.5170872923448399,4.226726568096491
3.5925000000000002,1.0000000000004838,7.939386970331687,0.5184689037175157,4.229607730618851
3.595,1.0000000000004847,7.931266935076566,0.5195156292055543,4.232486808220307
3.5975,1.000000000000485,7.92582257982663,0.520219493746922,4.235363806012826
3.6,1.0000000000004854,7.923069663722955,0.5205763643795182,4.238238740015103
3.6025,1.0000000000004858,7.923003043836607,0.5205858172588479,4.24111163603947
3.605,1.0000000000004863,7.9255982664304385,0.5202509504333134,4.243982529057965
3.6075,1.0000000000004865,7.9308130999659285,0.5195781596162473,4.246851463070164
3.61,1.0000000000004865,7.9385889071235205,0.5185768948936799,4.249718491464129
3.6125000000000003,1.0000000000004867,7.948851766155771,0.517259415217295,4.252583677833035
3.615,1.0000000000004872,7.961513273249624,0.5156405547806968,4.255447097183094
3.6175,1.0000000000004876,7.976470986057455,0.513737511297392,4.25830883744261
3.62,1.0000000000004883,7.993608502138493,0.511569661286232,4.261169001156731
3.6225,1.0000000000004887,8.012795202040744,0.5091584023159741,4.264027707227479
3.625,1.0000000000004892,8.033885722064072,0.5065270173742319,4.26688509253517
3.6275,1.0000000000004896,8.056719253224044,0.5037005526552863,4.269741313257545
3.63,1.00000000000049,8.081118787699475,0.5007056975241121,4.272596545689949
3.6325000000000003,1.0000000000004903,8.106890449791008,0.4975706544494377,4.275450986368601
3.6350000000000002,1.0000000000004907,8.133823053665308,0.49432498734260183,4.2783048513128366
3.6375,1.0000000000004905,8.161688024406681,0.4909994388285648,4.281158374235949
3.64,1.0000000000004912,8.190239802653396,0.4876257101793848,4.284011803629242
3.6425,1.0000000000004918,8.219216827804678,0.48423620151075153,4.286865398700447
3.645,1.0000000000004923,8.248343162643614,0.48086371387921545,4.289719424242125
3.6475,1.0000000000004925,8.277330785927317,0.4775411186381368,4.292574144611409
3.65,1.0000000000004932,8.305882541934478,0.47430100240944034,4.295429817109422
3.6525,1.000000000000493,8.333695699902034,0.47117529802569913,4.298286685144757
3.6550000000000002,1.0000000000004938,8.360466044097402,0.4681949126639771,4.301144971636564
3.6575,1.0000000000004936,8.385892388724907,0.4653893641531433,4.304004873146888
3.66,1.000000000000494,8.409681391987549,0.46278643524946966,4.306866555217915
3.6625,1.0000000000004943,8.43155253071012,0.4604118538000771,4.309730149322946
3.665,1.000000000000495,8.451243090614607,0.4582890044643551,4.312595751720302
3.6675,1.0000000000004954,8.468513026784194,0.4564386753621681,4.315463424335004
3.67,1.0000000000004952,8.483149552970454,0.45487884095308334,4.318333197598774
3.6725,1.0000000000004956,8.494971326098847,0.4536244808453838,4.321205074975179
3.6750000000000003,1.0000000000004956,8.50383210273189,0.4526874332234663,4.324079038707883
3.6775,1.0000000000004963,8.509623756835037,0.4520762812107367,4.326955056180612
3.68,1.0000000000004967,8.512278562846493,0.45179627070678124,4.3298330861895
3.6825,1.0000000000004967,8.511770665023562,0.4518492589321999,4.332713084417072
3.685,1.0000000000004976,8.50811667378295,0.45223369390611196,4.335595007468956
3.6875,1.0000000000004976,8.501375352730985,0.45294462616159636,4.338478814985111
3.69,1.0000000000004983,8.491646386525844,0.4539737549556609,4.341364469552215
3.6925,1.0000000000004985,8.47906824942567,0.455309511849487,4.344251934399344
3.6950000000000003,1.0000000000004987,8.463815226578232,0.4569371846538895,4.347141169124879
3.6975000000000002,1.0000000000004994,8.44609367340435,0.4588390842406172,4.350032123947213
3.7,1.0000000000004994,8.426137630871493,0.4609947555685897,4.352924733164792
3.7025,1.0000000000004998,8.40420394371469,0.4633812325017733,4.3558189086287555
3.705,1.0000000000005003,8.380567052272285,0.46597333372299427,4.358714534059215
3.7075,1.0000000000005005,8.355513644254737,0.46874399447656084,4.361611460970287
3.71,1.0000000000005012,8.329337358596765,0.4716646262690126,4.364509506817287
3.7125,1.0000000000005012,8.302333728403863,0.47470549432993453,4.367408455759472
3.715,1.0000000000005016,8.274795533631147,0.4778361008982379,4.370308062168951
3.7175000000000002,1.000000000000502,8.247008707237981,0.48102556153410947,4.373208056740025
3.72,1.0000000000005025,8.219248902817062,0.4842429618659781,4.376108154793607
3.7225,1.000000000000503,8.191778789604935,0.48745768355362457,4.379008066155205
3.725,1.0000000000005032,8.164846095462886,0.4906396907312961,4.381907505833751
3.7275,1.0000000000005032,8.138682373326265,0.4937597715894549,4.38480620465533
3.73,1.0000000000005036,8.113502425212792,0.49678973373012414,4.387703919015432
3.7325,1.0000000000005043,8.089504283285175,0.4997025560623215,4.390600439001306
3.735,1.0000000000005045,8.066869622169328,0.5024725038236535,4.393495594290486
3.7375000000000003,1.0000000000005043,8.045764462343529,0.5050752163760173,4.396389257434856
3.74,1.0000000000005052,8.026340021501118,0.5074877793670908,4.399281344369985
3.7425,1.0000000000005054,8.00873357883192,0.5096887934503863,4.402171812224332
3.745,1.0000000000005058,7.9930692346385195,0.5116584509596035,4.405060654720308
3.7475,1.0000000000005054,7.979458472262775,0.5133786298570042,4.407947895641093
3.75,1.0000000000005065,7.96800045807938,0.5148330111962454,4.410833580969344
3.7525,1.0000000000005063,7.958782045275616,0.5160072226460786,4.413717770379031
3.755,1.0000000000005067,7.9518774754294,0.5168890067568442,4.416600528777099
3.7575000000000003,1.0000000000005074,7.947347796196363,0.5174684090508789,4.419481918551552
3.7600000000000002,1.0000000000005078,7.9452400321737615,0.5177379780458674,4.422361993094285
3.7625,1.0000000000005078,7.945586158595611,0.5176929672251054,4.425240792042377
3.765,1.0000000000005083,7.948401934221132,0.5173315278584962,4.428118338533164
3.7675,1.0000000000005085,7.953685651688084,0.5166548814200255,4.43099463860935
3.77,1.000000000000509,7.9614168623367405,0.5156674609923722,4.433869682752774
3.7725,1.0000000000005091,7.971555129910926,0.5143770122748836,4.43674344937907
3.775,1.0000000000005098,7.984038865318433,0.5127946463747475,4.439615909998023
3.7775,1.0000000000005103,7.998784294041753,0.5109348382504235,4.442487035640821
3.7800000000000002,1.0000000000005105,8.015684609391917,0.5088153663491845,4.445356804078732
3.7825,1.0000000000005114,8.03460936834214,0.506457190583224,4.448225207309191
3.785,1.0000000000005114,8.055404191122241,0.5038842673517118,4.451092258765254
3.7875,1.0000000000005111,8.077890829438404,0.5011233019268552,4.453957999712871
3.79,1.0000000000005118,8.101867669117265,0.49820344028300984,4.456822504337341
3.7925,1.0000000000005123,8.127110729213559,0.4951559044302873,4.459685883085482
3.795,1.0000000000005134,8.153375209655254,0.4920135775180325,4.462548283922981
3.7975,1.000000000000513,8.180397622595443,0.48881054730596324,4.465409891285717
3.8000000000000003,1.0000000000005134,8.207898519072716,0.4855816188770114,4.468270922646198
3.8025,1.0000000000005136,8.235585793711833,0.4823618094343157,4.471131622776075
3.805,1.000000000000514,8.263158518356606,0.479185839412079,4.4739922559541565
3.8075,1.0000000000005145,8.29031122373152,0.47608763469340454,4.4768530965347475
3.81,1.0000000000005145,8.316738519743927,0.4730998543081378,4.4797144184391255
3.8125,1.000000000000515,8.34213992288216,0.4702534565403375,4.482576484248162
3.815,1.0000000000005154,8.366224745622986,0.46757731400483155,4.485439534641405
3.8175,1.0000000000005156,8.388716899017249,0.46509788517975187,4.488303778935554
3.8200000000000003,1.0000000000005163,8.40935946556843,0.4628389464275299,4.491169387415996
3.8225000000000002,1.0000000000005165,8.427918913804188,0.4608213850699942,4.494036486029039
3.825,1.000000000000516,8.44418884624102,0.4590630509673688,4.496905153817437
3.8275,1.0000000000005174,8.457993195910666,0.45757866159133875,4.4997754232535625
3.83,1.0000000000005176,8.469188810417286,0.4563797539852447,4.5026472833750875
3.8325,1.0000000000005178,8.47766738430912,0.4554746763538431,4.505520685383278
3.835,1.000000000000518,8.483356718949356,0.45486861227800307,4.508395550150769
3.8375,1.0000000000005185,8.486221303678706,0.4545636315525453,4.5112717769270905
3.84,1.000000000000519,8.486262223465035,0.4545587631624347,4.514149252443899
3.8425000000000002,1.0000000000005187,8.483516407700543,0.45485008766623664,4.517027859616421
3.845,1.0000000000005196,8.47805524386016,0.45543084796743316,4.5199074851119025
3.8475,1.0000000000005198,8.469982589719637,0.4562915788811597,4.522788025199792
3.85,1.0000000000005203,8.459432229553212,0.4574202568667331,4.525669389493743
3.8525,1.0000000000005207,8.446564833261265,0.45880247169266125,4.528551502419445
3.855,1.0000000000005211,8.431564492065123,0.46042162160700995,4.531434302469998
3.8575,1.000000000000521,8.414634919048206,0.46225913284552866,4.534317739518187
3.86,1.0000000000005218,8.395995415963652,0.4642947031167662,4.537201770623425
3.8625000000000003,1.0000000000005218,8.375876717973824,0.4665065671806118,4.540086354885982
3.865,1.000000000000522,8.354516834254827,0.4688717809207171,4.542971447955414
3.8675,1.000000000000523,8.332157004060397,0.471366518539889,4.545856996793518
3.87,1.0000000000005231,8.309037884709646,0.47396637581850287,4.548742935229551
3.8725,1.000000000000523,8.285396080190399,0.4766466709091088,4.551629180737511
3.875,1.0000000000005236,8.261461106953579,0.4793827330446943,4.554515632725006
3.8775,1.0000000000005236,8.237452877310204,0.482150168973372,4.557402172465806
3.88,1.0000000000005242,8.213579760830312,0.48492509706389886,4.560288664648898
3.8825000000000003,1.000000000000524,8.190037260417293,0.48768434000691874,4.5631749603702865
3.8850000000000002,1.0000000000005242,8.167007312500298,0.4904055689758612,4.56606090127217
3.8875,1.0000000000005247,8.144658190551432,0.49306739503787766,4.568946324447394
3.89,1.0000000000005256,8.123144958913667,0.49564940743005387,4.571831067680931
3.8925,1.0000000000005258,8.102610391421585,0.49813216280493455,4.574714974597376
3.895,1.000000000000526,8.083186238920057,0.5004971343175361,4.577597899321755
3.8975,1.000000000000526,8.064994704500313,0.5027266339601819,4.5804797103348935
3.9,1.000000000000526,8.048149968259931,0.5048037252632701,4.5833602933050575
3.9025000000000003,1.0000000000005271,8.032759597570927,0.5067121457838805,4.586239552792783
3.9050000000000002,1.0000000000005274,8.018925686316644,0.5084362592109719,4.589117412842986
3.9075,1.0000000000005274,8.006745588126496,0.5099610551264356,4.591993816584698
3.91,1.0000000000005282,7.9963121434166355,0.5112722104412568,4.594868725042966
3.9125,1.0000000000005282,7.987713345364741,0.5123562205480091,4.597742115421333
3.915,1.0000000000005287,7.9810314415195895,0.5132006008703004,4.600613979132606
3.9175,1.0000000000005294,7.976341520135243,0.5137941515699987,4.603484319840745
3.92,1.0000000000005294,7.973709677640064,0.5141272706632439,4.60635315173208
3.9225,1.0000000000005298,7.973190900404689,0.514192294673595,4.609220498168069
3.9250000000000003,1.00000000000053,7.974826815880818,0.5139838420476401,4.612086390795175
3.9275,1.0000000000005302,7.978643472869095,0.5134991334215065,4.6149508691113175
3.93,1.0000000000005311,7.984649298091639,0.5127382646124806,4.617813980423734
3.9325,1.000000000000531,7.992833348743061,0.5117044126438814,4.620675780087516
3.935,1.0000000000005316,8.003163942721809,0.5104039615198396,4.623536331892617
3.9375,1.000000000000532,8.015587705702,0.5088465418846421,4.6263957084698974
3.94,1.0000000000005322,8.030029033560796,0.5070449860353629,4.629253991610196
3.9425,1.0000000000005325,8.04638993594419,0.5050152059761895,4.632111272427871
3.9450000000000003,1.000000000000533,8.064550206543968,0.5027760065211889,4.634967651342622
3.9475000000000002,1.0000000000005334,8.084367860403747,0.5003488474587146,4.637823237891617
3.95,1.0000000000005336,8.10567978810784,0.49775756851049363,4.640678150410024
3.9525,1.0000000000005338,8.128302598266677,0.49502808868465287,4.643532515626816
3.955,1.0000000000005342,8.152033648371567,0.49218808836912126,4.646386468212728
3.9575,1.0000000000005345,8.176652293597419,0.4892666790132716,4.649240150291343
3.96,1.000000000000535,8.201921407000656,0.48629406232993166,4.65209371088874
3.9625,1.0000000000005351,8.227589237251326,0.48330117923510363,4.654947305260938
3.9650000000000003,1.0000000000005356,8.25339166800153,0.48031934852155594,4.657801094011174
3.9675000000000002,1.0000000000005358,8.279054925375736,0.4773798964608408,4.660655241899263
3.97,1.000000000000536,8.304298748949845,0.47451378074246314,4.663509916258247
3.9725,1.0000000000005362,8.328840001641714,0.4717512147607376,4.666365284970111
3.975,1.0000000000005365,8.352396651597292,0.4691213005444427,4.669221514007993
3.9775,1.0000000000005371,8.374692021387467,0.46665167996712564,4.67207876461864
3.98,1.0000000000005373,8.395459172761504,0.464368213866067,4.674937190283454
3.9825,1.0000000000005376,8.414445282906419,0.46229469722029815,4.677796933646713
3.985,1.000000000000538,8.431415871824807,0.46045261579087604,4.680658123624633
3.9875000000000003,1.0000000000005385,8.446158758148178,0.4588609460732628,4.683520872901651
3.99,1.0000000000005385,8.458487647873344,0.4575359966815133,4.686385275980115
3.9925,1.0000000000005391,8.468245290954737,0.45649128604424716,4.68925140788198
3.995,1.0000000000005391,8.47530616801277,0.45573744911787006,4.692119323517025
3.9975,1.000000000000539,8.479578688490792,0.4552821650884615,4.694989057646572
4.0,1.0000000000005398,8.481006889693244,0.4551300988513069,4.697860625299648
4.0025,1.0000000000005402,8.479571623548978,0.45528285126063367,4.700734022453144
4.005,1.0000000000005405,8.475291207803131,0.4557389163296081,4.7036092267762095
4.0075,1.0000000000005407,8.468221505801612,0.45649364717470514,4.706486198263658
4.01,1.000000000000541,8.45845538993982,0.4575392359337763,4.709364879637456
4.0125,1.0000000000005413,8.446121543263589,0.4588647155994421,4.712245196469273
4.015,1.0000000000005413,8.431382564664908,0.46045599330742587,4.715127057056172
4.0175,1.0000000000005418,8.414432365878278,0.4622959249208488,4.718010352152355
4.0200000000000005,1.0000000000005422,8.39549288055476,0.4643644397934567,4.720894954710561
4.0225,1.0000000000005422,8.374810142464362,0.46663872259975675,4.723780719810508
4.025,1.0000000000005422,8.352649825811064,0.4690934564248423,4.726667484946881
4.0275,1.0000000000005433,8.329292370604051,0.4717011282726662,4.729555070819015
4.03,1.000000000000543,8.30502783645699,0.4744323950773166,4.732443282715443
4.0325,1.0000000000005438,8.280150637810472,0.4772565053604709,4.7353319125273625
4.035,1.000000000000544,8.254954313467609,0.48014176889626714,4.73822074136456
4.0375,1.0000000000005445,8.229726476374486,0.48305606403139034,4.741109542691691
4.04,1.0000000000005445,8.204744079422293,0.4859673695288721,4.743998085857262
4.0425,1.0000000000005447,8.180269122943766,0.4888443048841828,4.746886139853513
4.045,1.0000000000005453,8.156544921299984,0.49165666008811854,4.749773477123525
4.0475,1.0000000000005456,8.133793039171108,0.4943758931005462,4.752659877221219
4.05,1.000000000000546,8.112211000375428,0.4969755714088278,4.755545130130188
4.0525,1.000000000000546,8.091970859144844,0.4994317336992455,4.758429039058445
4.055,1.0000000000005467,8.073218701158735,0.5017231496161091,4.761311422549115
4.0575,1.0000000000005467,8.056075105495129,0.5038314603941906,4.76419211578322
4.0600000000000005,1.0000000000005471,8.040636547387479,0.5057411910216396,4.767070971000901
4.0625,1.0000000000005478,8.026977656857467,0.5074396351832985,4.769947857031368
4.065,1.0000000000005478,8.015154175130123,0.5089166266098704,4.7728226579967945
4.0675,1.0000000000005485,8.005206377744527,0.5101642231381792,4.775695271336017
4.07,1.0000000000005487,7.997162671221899,0.5111763409398481,4.778565605371884
4.0725,1.000000000000549,7.991043030380796,0.5119483841028395,4.781433576711341
4.075,1.0000000000005491,7.9868619357593955,0.5124769174276397,4.784299107809083
4.0775,1.0000000000005496,7.984630501463564,0.5127594269021556,4.787162125034194
4.08,1.0000000000005498,7.984357554295035,0.5127942026711714,4.7900225575482365
4.0825000000000005,1.0000000000005502,7.986049530372204,0.5125803642168711,4.792880337231398
4.085,1.0000000000005504,7.9897091848486745,0.5121180286582704,4.795735399784721
4.0875,1.0000000000005507,7.995333248212009,0.5114086030470325,4.798587687001756
4.09,1.0000000000005511,8.002909290806336,0.510455163174713,4.801437150057598
4.0925,1.0000000000005516,8.0124121575414,0.5092628675568931,4.804283753525959
4.095,1.0000000000005518,8.023800392084835,0.5078393482380804,4.807127479724714
4.0975,1.0000000000005522,8.037013074613837,0.5061950212145258,4.809968332924282
4.1,1.0000000000005522,8.051967447247254,0.5043432686768585,4.812806342942672
4.1025,1.0000000000005531,8.06855760251176,0.5023004616456395,4.81564156770062
4.105,1.000000000000553,8.086654376073328,0.5000858124273403,4.818474094416104
4.1075,1.0000000000005533,8.106106434676665,0.49772106837795277,4.821304039267057
4.11,1.0000000000005536,8.126742405886072,0.49523007822917053,4.824131545525928
4.1125,1.0000000000005538,8.14837377941004,0.49263827662498144,4.826956780345578
4.115,1.0000000000005542,8.170798238099051,0.48997213942137907,4.829779930528997
4.1175,1.0000000000005544,8.19380306067895,0.4872586609407766,4.832601197723318
4.12,1.000000000000555,8.21716827945591,0.48452489540290755,4.835420793526274
4.1225000000000005,1.0000000000005551,8.240669366609433,0.48179759009603973,4.838238934973909
4.125,1.0000000000005553,8.26407934588787,0.47910292029193846,4.841055840795971
4.1275,1.0000000000005553,8.28717036044062,0.4764663185614363,4.843871728693619
4.13,1.000000000000556,8.309714848199146,0.4739123768970893,4.846686813734254
4.1325,1.0000000000005564,8.331486562138442,0.471464791052562,4.8495013077961255
4.135,1.0000000000005564,8.352261708832298,0.46914631386064654,4.852315419855685
4.1375,1.0000000000005569,8.371820459170085,0.46697868789722186,4.8551293568139595
4.14,1.000000000000557,8.389949014553943,0.4649825365192328,4.857943324516103
4.1425,1.0000000000005576,8.406442304475787,0.4631772040082286,4.860757528632664
4.1450000000000005,1.0000000000005576,8.421107267934753,0.4615805478919824,4.863572175133393
4.1475,1.000000000000558,8.433766555107898,0.4602086971724808,4.866387470178599
4.15,1.0000000000005589,8.444262398317607,0.45907579735023285,4.869203619358791
4.1525,1.0000000000005587,8.452460357584792,0.45819376581320787,4.872020826310496
4.155,1.000000000000559,8.458252651641429,0.45757207931061017,4.874839290809323
4.1575,1.0000000000005593,8.46156083585362,0.4572176096917761,4.8776592064821935
4.16,1.0000000000005598,8.462337671005319,0.4571345163373891,4.880480758289284
4.1625,1.00000000000056,8.460568122751013,0.4573241955216552,4.883304119910438
4.165,1.0000000000005607,8.456269521083462,0.4577852800195291,4.886129451142605
4.1675,1.0000000000005604,8.449490976049617,0.4585136778940384,4.888956895387575
4.17,1.0000000000005607,8.440312180704987,0.4595026381940577,4.891786577292993
4.1725,1.000000000000561,8.428841734006705,0.46074283314562053,4.894618600609336
4.175,1.000000000000561,8.415215092203306,0.46222245053208205,4.897453046338795
4.1775,1.0000000000005613,8.399592220159944,0.4639272950564444,4.900289971271412
4.18,1.000000000000562,8.38215497876548,0.46584090211805396,4.90312940701828
4.1825,1.000000000000562,8.363104263764876,0.4679446703398699,4.905971359650049
4.1850000000000005,1.0000000000005624,8.342656912204685,0.47021801955007203,4.908815810024504
4.1875,1.000000000000563,8.321042415024039,0.4726385786274377,4.911662714838189
4.19,1.0000000000005635,8.29849951089078,0.4751824032638173,4.914512008369437
4.1925,1.0000000000005638,8.27527277482673,0.47782421848403606,4.917363604805246
4.195,1.0000000000005642,8.25160934148483,0.48053767622767424,4.920217400976579
4.1975,1.0000000000005638,8.227755905339587,0.48329561592625164,4.923073279280206
4.2,1.0000000000005647,8.203956112314923,0.48607031684883445,4.9259311105505175
4.2025,1.0000000000005649,8.1804484008993,0.48883373531864943,4.928790756666382
4.205,1.0000000000005655,8.15746427480636,0.49155772707119433,4.931652072732231
4.2075000000000005,1.0000000000005653,8.135226909079481,0.4942142634947575,4.9345149087497555
4.21,1.000000000000566,8.11394992546237,0.49677565811982355,4.937379110781082
4.2125,1.0000000000005667,8.093836137961445,0.4992148242000592,4.940244521680304
4.215,1.0000000000005667,8.075076077740265,0.5015055836431844,4.943110981522433
4.2175,1.0000000000005669,8.057846161489097,0.5036230409114528,4.945978327878178
4.22,1.0000000000005675,8.042306463136548,0.5055440231206982,4.948846396066577
4.2225,1.0000000000005678,8.028598169873773,0.5072475711451799,4.9517150194706065
4.225,1.0000000000005684,8.01684092772125,0.5087154490366294,4.954584029935364
4.2275,1.0000000000005687,8.007130384079996,0.509932624181985,4.957453258200085
4.23,1.0000000000005687,7.9995362914034445,0.5108876620565725,4.960322534261142
4.2325,1.0000000000005689,7.9941015302237615,0.5115729800636659,4.963191687537748
4.235,1.0000000000005689,7.990842334331321,0.5119849161168746,4.966060546724214
4.2375,1.0000000000005693,7.989749861275326,0.5121235886176151,4.968928939263377
4.24,1.0000000000005695,7.9907930652026415,0.5119925525071002,4.971796690458351
4.2425,1.0000000000005702,7.993922624266134,0.5115982866241606,4.974663622339324
4.245,1.0000000000005704,7.999075485418989,0.5109495752514361,4.977529552499375
4.2475000000000005,1.0000000000005707,8.006179450001174,0.5100568661686697,4.9803942931867855
4.25,1.0000000000005713,8.015157163327306,0.5089316945999617,4.983257650972551
4.2525,1.000000000000571,8.025928908676722,0.5075862550031669,4.986119427287859
4.255,1.0000000000005715,8.038413743686645,0.5060331810657077,4.988979420044129
4.2575,1.0000000000005724,8.05252874125357,0.5042855614407497,4.991837426415038
4.26,1.0000000000005727,8.068186377927999,0.5023571797048686,4.994693246693422
4.2625,1.0000000000005727,8.085290408886284,0.5002629281021018,4.997546688961377
4.265,1.0000000000005729,8.103730832842603,0.49801931250534415,5.000397574158428
4.2675,1.0000000000005735,8.123378737908903,0.49564494645302604,5.003245741027777
4.2700000000000005,1.0000000000005735,8.14408189557539,0.49316092894229385,5.0060910503856935
4.2725,1.0000000000005735,8.165661916232443,0.490591014973723,5.008933388204924
4.275,1.0000000000005742,8.187913597938655,0.4879615176626913,5.011772667127135
4.2775,1.0000000000005747,8.210606813540833,0.48530092124303664,5.0146088262066275
4.28,1.0000000000005749,8.233490931219134,0.48263922867097225,5.0174418289109886
4.2825,1.000000000000575,8.256301403871364,0.48000710823965526,5.02027165963019
4.285,1.0000000000005755,8.27876785115263,0.47743493378848195,5.0230983191381595
4.2875000000000005,1.0000000000005758,8.300622746316678,0.4749518278703737,5.02592181957874
4.29,1.000000000000576,8.32160974497421,0.47258481458117485,5.028742179590292
4.2925,1.0000000000005766,8.341490768793578,0.470358169680659,5.031559420133581
4.295,1.0000000000005766,8.360051172334472,0.4682930238832737,5.034373561455337
4.2975,1.0000000000005769,8.377102639055318,0.4664072364179049,5.037184621429946
4.3,1.000000000000577,8.39248381759774,0.46471551665258076,5.039992615308326
4.3025,1.0000000000005778,8.40605905731745,0.46322973801052375,5.042797556704519
4.305,1.0000000000005782,8.417715871474458,0.46195936560580486,5.045599459500272
4.3075,1.0000000000005784,8.427361901278546,0.4609119100806057,5.04839834026853
4.3100000000000005,1.0000000000005784,8.43492215186082,0.4600933257360756,5.051194220815049
4.3125,1.0000000000005789,8.44033712818082,0.4595082894947683,5.053987130503938
4.315,1.000000000000579,8.443562247607051,0.4591603247105926,5.056777108144954
4.3175,1.0000000000005793,8.444568599032214,0.45905176516044155,5.059564203347383
4.32,1.0000000000005802,8.44334481756149,0.45918358407653304,5.062348477356554
4.3225,1.0000000000005798,8.439899607239479,0.45955513575866463,5.065130003460921
4.325,1.0000000000005798,8.434264315108257,0.46016386957196687,5.0679088670783115
4.3275,1.0000000000005804,8.426494957943127,0.46100507649804456,5.070685165602681
4.33,1.0000000000005806,8.416673221543158,0.4620717176360763,5.073459008032606
4.3325000000000005,1.0000000000005813,8.404906160488808,0.4633543649290863,5.076230514334601
4.335,1.0000000000005813,8.391324576011494,0.46484126111025365,5.078999814443616
4.3375,1.0000000000005815,8.376080287114647,0.46651848318909145,5.081767046790595
4.34,1.000000000000582,8.35934268689881,0.4683701761604416,5.084532356283033
4.3425,1.0000000000005826,8.341295059199306,0.4703788143011815,5.08729589174548
4.345,1.0000000000005824,8.322131108852624,0.47252544795129825,5.090057802936725
4.3475,1.000000000000583,8.302052043836134,0.4747899035690119,5.092818237373893
4.3500000000000005,1.0000000000005833,8.281264370108063,0.4771509217102457,5.095577337282614
4.3525,1.0000000000005833,8.259978362793923,0.4795862376004197,5.09833523703228
4.355,1.0000000000005835,8.23840700497424,0.48207262769141096,5.101092061391948
4.3575,1.000000000000584,8.216765074657527,0.48458595885651173,5.103847924853624
4.36,1.0000000000005838,8.195268033392937,0.4871012816479246,5.106602932128722
4.3625,1.0000000000005842,8.17413042916375,0.48959300409315143,5.109357179754019
4.365,1.000000000000585,8.1535636556675,0.4920351686809406,5.112110758576471
4.3675,1.000000000000585,8.13377307912894,0.4944018352571859,5.114863756752399
4.37,1.0000000000005853,8.114954714046394,0.49666755067527013,5.11761626282087
4.3725000000000005,1.000000000000586,8.097291763013647,0.49880786691995616,5.120368368407294
4.375,1.0000000000005858,8.080951403735591,0.5007998572921544,5.123120170181237
4.3775,1.0000000000005866,8.06608219362154,0.5026225779599871,5.12587177081941
4.38,1.000000000000587,8.052812371030884,0.504257430542658,5.128623278886431
4.3825,1.0000000000005869,8.041249180877454,0.5056883988731087,5.131374807712846
4.385,1.000000000000588,8.031479171879244,0.5069021560882839,5.1341264734924685
4.3875,1.000000000000588,8.023569240521523,0.5078880617793159,5.136878392915131
4.39,1.0000000000005882,8.01756806891416,0.508638087860123,5.139630680682028
4.3925,1.0000000000005886,8.013507548042886,0.5091467217052535,5.142383447217417
4.3950000000000005,1.0000000000005886,8.01140380846678,0.5094108934517382,5.145136796802251
4.3975,1.0000000000005893,8.011257594421801,0.5094299611242978,5.147890826233409
4.4,1.0000000000005893,8.013053894824738,0.5092057649816532,5.1506456239827045
4.4025,1.0000000000005895,8.016760952447797,0.508742735882454,5.153401269720473
4.405,1.0000000000005902,8.022328969329376,0.508048017439692,5.156157834002062
4.4075,1.0000000000005904,8.029688970710163,0.507131544189634,5.158915377905909
4.41,1.000000000000591,8.038752347307407,0.5060060126089805,5.161673952461042
4.4125000000000005,1.000000000000591,8.049411546732797,0.5046866909223442,5.164433597799347
4.415,1.0000000000005913,8.061542228395217,0.5031910366666232,5.167194342092331
4.4175,1.0000000000005917,8.075006951785467,0.5015381243684279,5.169956200455709
4.42,1.0000000000005917,8.089660173460517,0.4997479235197391,5.172719174097893
4.4225,1.000000000000592,8.105354034102888,0.49784050210529823,5.175483250025977
4.425,1.0000000000005924,8.121944179269054,0.49583525614687607,5.178248401589593
4.4275,1.0000000000005929,8.139294726493251,0.4937502754568827,5.181014590038214
4.43,1.000000000000593,8.157281503390964,0.4916019469557203,5.183781767104804
4.4325,1.0000000000005935,8.175792850103825,0.48940486957812723,5.1865498784359785
4.4350000000000005,1.000000000000594,8.194727591952997,0.4871721122698194,5.189318867502274
4.4375,1.000000000000594,8.21399020510646,0.48491579492881814,5.192088679480676
4.44,1.0000000000005944,8.23348365847817,0.48264791934621104,5.19485926453796
4.4425,1.0000000000005953,8.253100845686152,0.4803813319209653,5.197630579978187
4.445,1.0000000000005953,8.272715847955553,0.47813067014884136,5.200402590853039
4.4475,1.0000000000005955,8.292176430643162,0.4759131365102282,5.203175268853044
4.45,1.0000000000005955,8.311299133853076,0.4737489590142835,5.205948589566841
4.4525,1.0000000000005962,8.329868063245902,0.471661435911666,5.208722528468854
4.455,1.0000000000005962,8.347638045952728,0.46967651759991247,5.211497056223702
4.4575000000000005,1.0000000000005964,8.364342245090912,0.46782194300410024,5.214272134034072
4.46,1.0000000000005966,8.379703705335714,0.4661260106050761,5.217047709777693
4.4625,1.000000000000597,8.393449724420618,0.46461611598918634,5.219823715568222
4.465,1.0000000000005973,8.405327502568253,0.46331722058282876,5.222600067148608
4.4675,1.0000000000005975,8.415119287928475,0.46225042574453845,5.225376665220011
4.47,1.0000000000005982,8.422655254831454,0.46143181207884665,5.228153398478564
4.4725,1.0000000000005982,8.427822627039314,0.4608716686993844,5.230930147837062
4.4750000000000005,1.0000000000005986,8.43057005186712,0.46057418686423934,5.23370679110578
4.4775,1.000000000000599,8.430906867570485,0.4605376341781502,5.236483207336235
4.48,1.0000000000005993,8.428897585685178,0.46075496717640696,5.2392592801083895
4.4825,1.0000000000005995,8.424652525024827,0.46121478898660934,5.242034899251536
4.485,1.0000000000005997,8.418315990011907,0.4619025212280822,5.2448099607909375
4.4875,1.0000000000006006,8.41005361708139,0.46280163994761064,5.2475843652476835
4.49,1.0000000000006006,8.400040492884086,0.4638948264993139,5.2503580147239814
4.4925,1.000000000000601,8.388451393312128,0.46516490542504824,5.253130809423353
4.495,1.0000000000006013,8.375454056838239,0.4665954792910134,5.2559026443469845
4.4975000000000005,1.0000000000006017,8.361205869233443,0.46817121925953975,5.25867340686043
4.5,1.0000000000006017,8.345853790307817,0.46987782238666226,5.261442975652952
4.5025,1.0000000000006022,8.32953688303988,0.4717016942228876,5.264211221350738
4.505,1.0000000000006024,8.312390479004144,0.4736294511493927,5.266978008746265
4.5075,1.0000000000006029,8.294550871016924,0.4756473560210845,5.269743200324373
4.51,1.000000000000603,8.276159471675431,0.47774080103225797,5.272506660550989
4.5125,1.0000000000006037,8.257365591074231,0.4798939343021128,5.275268260277448
4.515,1.0000000000006037,8.238327319542414,0.48208949528499473,5.278027880616904
4.5175,1.0000000000006042,8.219210387633572,0.48430888451171994,5.280785415762003
4.5200000000000005,1.0000000000006048,8.200185248098434,0.48653245209100227,5.283540774408616
4.5225,1.0000000000006048,8.18142292321633,0.48873995345384497,5.286293879689618
4.525,1.0000000000006048,8.163090342665242,0.4909110955072036,5.289044667761528
4.5275,1.0000000000006053,8.145345941674423,0.49302608526965597,5.291793085384725
4.53,1.0000000000006057,8.12833620013892,0.4950660973753469,5.294539086965124
4.5325,1.0000000000006062,8.112193605641222,0.49701359519194344,5.297282631566933
4.535,1.000000000000606,8.097036257371371,0.498852469066575,5.300023680363527
4.5375000000000005,1.0000000000006068,8.082969041928525,0.5005679891308242,5.302762194882141
4.54,1.0000000000006073,8.070086053545724,0.5021466032144831,5.3054981362435525
4.5425,1.000000000000607,8.058473740061679,0.5035756371485016,5.308231465429788
4.545,1.0000000000006075,8.048214158089538,0.5048429708036076,5.310962144460283
4.5475,1.000000000000608,8.039387725836407,0.5059367663292601,5.313690138241961
4.55,1.0000000000006082,8.032074962551642,0.506845315232438,5.316415416794987
4.5525,1.0000000000006084,8.02635687768772,0.5075570503398418,5.319137957546004
4.555,1.0000000000006088,8.022313888434773,0.5080607411833875,5.321857747417517
4.5575,1.000000000000609,8.020023364789484,0.5083458617638068,5.324574784511237
4.5600000000000005,1.000000000000609,8.019556091847457,0.5084030929292402,5.327289079266857
4.5625,1.0000000000006097,8.020972071813583,0.5082249020013596,5.330000655058056
4.565,1.0000000000006102,8.024316146741233,0.507806132650506,5.332709548250861
4.5675,1.0000000000006102,8.029613903892232,0.5071445393919309,5.33541580778802
4.57,1.0000000000006104,8.036868238552646,0.5062412125130058,5.33811949437635
4.5725,1.000000000000611,8.046056814638156,0.5051008580621847,5.3408206793477415
4.575,1.0000000000006113,8.057130508902576,0.5037319198331107,5.343519443248738
4.5775,1.0000000000006115,8.070012779551844,0.5021465517047936,5.346215874200012
4.58,1.000000000000612,8.084599791149927,0.5003604652889628,5.348910066065545
4.5825000000000005,1.0000000000006124,8.10076107401766,0.49839268678790427,5.3516021164876095
4.585,1.000000000000613,8.118340506241143,0.49626525716978787,5.354292124877599
4.5875,1.0000000000006126,8.137157475924207,0.49400290198433777,5.356980190497736
4.59,1.000000000000613,8.15700819446606,0.49163268380295444,5.359666410812743
4.5925,1.0000000000006135,8.177667262898089,0.48918363494754713,5.362350880318836
4.595,1.0000000000006137,8.198889711800355,0.48668635483253625,5.365033690055039
4.5975,1.0000000000006142,8.220413810228147,0.48417254841390284,5.36771492795809
4.6000000000000005,1.0000000000006144,8.241964945507348,0.4816744822906818,5.3703946801331455
4.6025,1.0000000000006144,8.263260800018429,0.4792243436670178,5.373073032983494
4.605,1.0000000000006148,8.284017894536676,0.4768535035806747,5.375750075988872
4.6075,1.0000000000006148,8.30395934819368,0.4745917068478285,5.378425904767174
4.61,1.0000000000006153,8.322823455608876,0.4724662332577686,5.3811006239271695
4.6125,1.0000000000006155,8.34037244575985,0.4705010934428071,5.383774349149253
4.615,1.0000000000006162,8.356400611830187,0.46871633463604717,5.386447207940368
4.6175,1.0000000000006162,8.370740928657453,0.46712753328149564,5.389119338610716
4.62,1.0000000000006164,8.383269332846506,0.4657455417040195,5.39179088721085
4.6225000000000005,1.0000000000006166,8.393906037786932,0.4645765350113512,5.394462002429228
4.625,1.000000000000617,8.402613575102162,0.46362237403877565,5.397132828748269
4.6275,1.0000000000006173,8.409391655395858,0.46288126394595774,5.399803498447303
4.63,1.0000000000006175,8.414269366501854,0.46234865069122805,5.402474123276603
4.6325,1.0000000000006182,8.417295610073493,0.4620182643315378,5.405144786765912
4.635,1.0000000000006186,8.418528953310126,0.46188319415738344,5.4078155381446855
4.6375,1.0000000000006182,8.41802819208042,0.46193687043461434,5.410486388728385
4.64,1.0000000000006188,8.41584485807461,0.46217383366806664,5.413157311375327
4.6425,1.0000000000006193,8.412018657770457,0.4625901951600024,5.415828243270821
4.6450000000000005,1.0000000000006197,8.40657643569958,0.4631837298888042,5.418499091893844
4.6475,1.00000000000062,8.399534764092685,0.46395358958480754,5.421169743620316
4.65,1.0000000000006202,8.390905747045892,0.46489967375939856,5.423840074071054
4.6525,1.0000000000006208,8.380705166684463,0.4660217420980799,5.426509959071213
4.655,1.0000000000006215,8.3689617613694,0.4673183863714636,5.429179284987343
4.6575,1.000000000000621,8.3557262636816,0.4687859988417365,5.431847957265652
4.66,1.0000000000006215,8.341078863894456,0.47041787446403405,5.434515906206414
4.6625000000000005,1.0000000000006224,8.325133996881982,0.47220356612386943,5.437183089348656
4.665,1.0000000000006224,8.3080417403376,0.47412857837330596,5.439849490261617
4.6675,1.0000000000006224,8.289985598590023,0.4761744403416737,5.442515113988403
4.67,1.0000000000006228,8.271176953579156,0.47831914879387494,5.445179979801842
4.6725,1.0000000000006235,8.251846915387064,0.4805379244061263,5.447844112257698
4.675,1.0000000000006235,8.232236632896322,0.48280418476390663,5.450507531724127
4.6775,1.000000000000624,8.212587286010166,0.4850906118998732,5.453170245606133
4.68,1.0000000000006242,8.193130957582753,0.4873701841252975,5.4558322413688405
4.6825,1.0000000000006246,8.174083387995143,0.489617052753941,5.458493482213301
4.6850000000000005,1.0000000000006246,8.155639285840284,0.49180717252732076,5.461153905909882
4.6875,1.000000000000625,8.137970460177662,0.49391863581797085,5.463813426894181
4.69,1.0000000000006253,8.121226617520119,0.495931708526344,5.4664719413305995
4.6925,1.0000000000006253,8.105538292809754,0.49782861237264725,5.46912933449838
4.695,1.000000000000626,8.091021110229429,0.4995931365564069,5.471785489595405
4.6975,1.000000000000626,8.077780431414592,0.501210185509767,5.474440296915297
4.7,1.0000000000006264,8.065915458650938,0.5026653751670438,5.477093662346544
4.7025,1.0000000000006268,8.055522009919692,0.5039447772785686,5.4797455142653
4.705,1.000000000000627,8.046693442325262,0.5050348822800611,5.482395808126759
4.7075000000000005,1.0000000000006275,8.03951952695732,0.5059228110703082,5.485044528370574
4.71,1.0000000000006277,8.034083420370283,0.5065967613862803,5.487691687602343
4.7125,1.000000000000628,8.03045718451407,0.5070466325204869,5.490337323349696
4.715,1.0000000000006282,8.028696534578122,0.5072647395886031,5.492981492976049
4.7175,1.0000000000006284,8.02883561274289,0.5072465105434719,5.4956242675322144
4.72,1.000000000000629,8.030882582285209,0.5069910583860779,5.498265725413896
4.7225,1.0000000000006295,8.03481671591846,0.5065015374666438,5.500905946663825
4.7250000000000005,1.00000000000063,8.040587436144294,0.5057852235139434,5.503545008618717
4.7275,1.00000000000063,8.048115487877388,0.5048532968830914,5.506182983374718
4.73,1.0000000000006304,8.057296126215917,0.5037203508820116,5.508819937262953
4.7325,1.000000000000631,8.068003927978465,0.5024036851043278,5.511455932228005
4.735,1.0000000000006313,8.080098623101515,0.5009224715915367,5.514091028726975
4.7375,1.0000000000006315,8.093431220198894,0.49929689540875993,5.516725289552512
4.74,1.0000000000006313,8.107849685120362,0.4975473693533415,5.519358783858114
4.7425,1.0000000000006322,8.123203522364228,0.4956939060857983,5.521991590644469
4.745,1.0000000000006326,8.139346791492114,0.49375570324110957,5.524623801053065
4.7475000000000005,1.0000000000006333,8.156139335951865,0.49175096283620384,5.527255518993494
4.75,1.000000000000633,8.173446272713045,0.4896969310152837,5.5298868598769495
4.7525,1.0000000000006335,8.19113604728075,0.48761011317605685,5.532517947502837
4.755,1.000000000000634,8.209077562153443,0.4855065971728178,5.535148909408283
4.7575,1.000000000000634,8.22713700825767,0.48340240646129745,5.537779871202751
4.76,1.0000000000006346,8.245175051788015,0.48131380674372076,5.540410950542785
4.7625,1.0000000000006348,8.26304495187933,0.47925750296816305,5.543042251437792
4.765,1.0000000000006346,8.280592021546884,0.4772506857871768,5.54567385951532
4.7675,1.0000000000006348,8.297654622187201,0.47531091387951185,5.548305838726924
4.7700000000000005,1.0000000000006353,8.31406663615995,0.47345584637522825,5.550938229769241
4.7725,1.0000000000006364,8.329661131242553,0.47170286362444824,5.553571050263167
4.775,1.0000000000006364,8.344274750893554,0.47006863116791914,5.556204296513243
4.7775,1.0000000000006366,8.357752262703134,0.46856866880605624,5.558837946491366
4.78,1.0000000000006368,8.369950688886199,0.46721698353659036,5.561471963577526
4.7825,1.0000000000006373,8.380742526925998,0.466025812847665,5.564106300555698
4.785,1.0000000000006375,8.390017730325393,0.46500550574826677,5.566740903402712
4.7875000000000005,1.0000000000006375,8.397684331290309,0.4641645462114741,5.569375714506429
4.79,1.000000000000638,8.403667813663318,0.46350970097551175,5.5720106750828515
4.7925,1.0000000000006382,8.40790954824004,0.46304625429678986,5.574645726702442
4.795,1.0000000000006388,8.41036475071677,0.4627782790407062,5.577280811958537
4.7975,1.000000000000639,8.411000491598074,0.4627088881963091,5.579915874397156
4.8,1.0000000000006393,8.409794267453492,0.4628404140715171,5.582550857869706
4.8025,1.0000000000006397,8.406733538640163,0.46317447338635603,5.585185705471161
4.805,1.0000000000006402,8.401816468182858,0.46371189345180985,5.587820358198458
4.8075,1.0000000000006404,8.395053888195733,0.4644524950230171,5.590454753424922
4.8100000000000005,1.0000000000006404,8.386472307453955,0.4653947482913867,5.593088823254856
4.8125,1.0000000000006406,8.376117589420433,0.46653533696080735,5.5957224928123805
4.815,1.0000000000006413,8.364058801377865,0.46786867908115426,5.59835567853652
4.8175,1.0000000000006413,8.350391679601477,0.4693864607560257,5.600988286597681
4.82,1.0000000000006413,8.335241177866427,0.47107723944676544,5.60362021160688
4.8225,1.000000000000642,8.318762659869154,0.47292616776454877,5.60625133584096
4.825,1.0000000000006424,8.301141442888426,0.4749148775718324,5.608881529234542
4.8275,1.0000000000006424,8.282590576050866,0.4770215496264854,5.611510650376608
4.83,1.000000000000643,8.263346915550002,0.4792211778423971,5.614138548687368
4.8325000000000005,1.0000000000006435,8.243665717132458,0.4814860213836803,5.616765067840429
4.835,1.0000000000006435,8.223814085270975,0.48378622381322084,5.619390050348153
4.8375,1.000000000000644,8.204063689261218,0.4860905674512862,5.622013343065215
4.84,1.000000000000644,8.18468317849953,0.4883673234717399,5.624634803212287
4.8425,1.0000000000006444,8.165930709640103,0.4905851540301302,5.627254304405113
4.845,1.0000000000006446,8.148046949629157,0.49271402140065773,5.629871742116172
4.8475,1.0000000000006446,8.13124885522442,0.4947260599669454,5.632487038010399
4.8500000000000005,1.0000000000006453,8.115724464787197,0.4965963692076389,5.635100142686531
4.8525,1.0000000000006457,8.10162888133931,0.498303688978933,5.63771103651319
4.855,1.0000000000006457,8.089081581216945,0.49983092221391345,5.64031972845532
4.8575,1.0000000000006464,8.07816514859847,0.5011654748375133,5.642926253015957
4.86,1.0000000000006466,8.068925506509338,0.5022993887837094,5.645530665640206
4.8625,1.0000000000006468,8.061373680630147,0.5032292521998202,5.648133037112633
4.865,1.000000000000647,8.05548908414488,0.5039558818177498,5.650733447600351
4.8675,1.0000000000006473,8.051224243186653,0.504483786253169,5.653331981033796
4.87,1.0000000000006475,8.048510791105087,0.504820435231022,5.6559287204675766
4.8725000000000005,1.0000000000006475,8.047266449911492,0.5049753772831133,5.658523744929178
4.875,1.0000000000006484,8.047402599478772,0.5049592655170017,5.661117128058657
4.8775,1.0000000000006484,8.048831925525079,0.5047828653661833,5.663708938593587
4.88,1.000000000000649,8.051475555520788,0.5044561274316091,5.666299242492338
4.8825,1.000000000000649,8.055269056927216,0.5039874105063996,5.668888106251164
4.885,1.0000000000006493,8.060166700496955,0.5033829331600735,5.671475600789266
4.8875,1.00000000000065,8.066143491518801,0.5026465162992608,5.674061805178637
4.89,1.00000000000065,8.073194642891602,0.5017796545103961,5.676646809497529
4.8925,1.0000000000006506,8.081332393820821,0.5007819225388319,5.679230716190807
4.8950000000000005,1.000000000000651,8.090580344457619,0.4996516879461723,5.681813639515433
4.8975,1.0000000000006513,8.10096574973924,0.49838706573975644,5.684395702910156
4.9,1.0000000000006513,8.112510460854912,0.4969870200659804,5.686977034420771
4.9025,1.000000000000652,8.125221386799899,0.49545249636668076,5.6895577605967675
4.905,1.0000000000006524,8.139081443784704,0.49378745846057187,5.692137999512776
4.9075,1.0000000000006524,8.154041949232429,0.49199971112608126,5.694717853725713
4.91,1.0000000000006524,8.170017295085177,0.4901014101735619,5.697297404032745
4.9125000000000005,1.0000000000006528,8.186882511755854,0.4881091965979655,5.699876704835536
4.915,1.0000000000006533,8.204474032582683,0.4860439348746178,5.702455781747072
4.9175,1.0000000000006533,8.22259362365575,0.48393008186366454,5.705034631816563
4.92,1.0000000000006537,8.241015097320554,0.481794755553634,5.707613226426506
4.9225,1.0000000000006537,8.259493123622352,0.4796666059481282,5.710191516573786
4.925,1.0000000000006541,8.277773232808752,0.4775746093001943,5.712769439928494
4.9275,1.000000000000655,8.295601994491902,0.4755469094379544,5.7153469288145455
4.93,1.000000000000655,8.31273638122107,0.47360981645913613,5.717923918111953
4.9325,1.0000000000006555,8.32895147406206,0.47178704627725865,5.7205003520669875
4.9350000000000005,1.000000000000656,8.344045924617383,0.4700992487801771,5.723076189120355
4.9375,1.000000000000656,8.357844914615466,0.46856383304887095,5.7256514041125355
4.94,1.0000000000006566,8.370200702442874,0.46719506063038085,5.728225987568033
4.9425,1.0000000000006568,8.380991163817386,0.46600434709955,5.730799942149664
4.945,1.0000000000006568,8.390116974042623,0.46500069173244774,5.733373276754985
4.9475,1.0000000000006575,8.397498207496344,0.4641911471334844,5.73594599904475
4.95,1.0000000000006577,8.403071130232416,0.4635812454297217,5.738518107401556
4.9525,1.0000000000006581,8.406785838931386,0.46317531374184656,5.741089583385876
4.955,1.0000000000006586,8.408605178944812,0.462976636116635,5.743660385677499
4.9575000000000005,1.0000000000006588,8.408505096172698,0.46298744794344493,5.746230446276534
4.96,1.000000000000659,8.406476290426589,0.46320877760060286,5.748799669423043
4.9625,1.0000000000006595,8.40252678985043,0.46364017444055233,5.7513679333262075
4.965,1.0000000000006595,8.396684896459139,0.464279378856687,5.753935094427956
4.9675,1.00000000000066,8.38900188647057,0.4651219970735105,5.756500993615441
4.97,1.0000000000006604,8.379553891746173,0.46616124006024023,5.759065463584923
4.9725,1.0000000000006606,8.368442527301815,0.46738777374940327,5.761628336472602
4.9750000000000005,1.00000000000066,8.35579403568616,0.4687897090012054,5.764189450911694
4.9775,1.0000000000006615,8.34175695326339,0.4703527377866879,5.766748657834145
4.98,1.0000000000006612,8.326498524676122,0.47206040046276976,5.769305824577561
4.9825,1.0000000000006617,8.310200263437473,0.4738944511255204,5.7718608371390285
4.985,1.0000000000006621,8.293053153112368,0.4758352764632805,5.774413600691487
4.9875,1.0000000000006626,8.275252994028722,0.4778623197938779,5.776964038702253
4.99,1.000000000000663,8.256996329589262,0.4799544662617562,5.779512091137582
4.9925,1.0000000000006628,8.238477252257608,0.48209035638744463,5.782057712286718
4.995,1.0000000000006635,8.219885219680709,0.48424861109987677,5.784600868695966
4.9975000000000005,1.000000000000664,8.201403837490115,0.48640796912490236,5.787141537585132
5.0,1.000000000000664,8.183210416519607,0.488547354029977,5.78967970595282
5.0025,1.0000000000006644,8.165476011195864,0.4906459005491378,5.792215370397067
5.005,1.0000000000006648,8.148365605441013,0.4926829760545636,5.7947485375151935
5.0075,1.000000000000665,8.13203813405522,0.49463823234743726,5.797279224627989
5.01,1.000000000000665,8.11664610217017,0.4964917156932627,5.799807460514398
5.0125,1.0000000000006657,8.10233467578794,0.4982240507343564,5.802333285847977
5.015,1.0000000000006657,8.089240240855903,0.49981669891035657,5.804856753088537
5.0175,1.0000000000006661,8.077488544376363,0.5012522770370308,5.807377925685274
5.0200000000000005,1.0000000000006664,8.067192619437611,0.5025149093759774,5.809896876569416
5.0225,1.0000000000006668,8.058450743540753,0.5035905789712574,5.812413686031748
5.025,1.0000000000006668,8.05134468065007,0.5044674424400141,5.8149284391730385
5.0275,1.0000000000006677,8.04593841448651,0.5051360769118666,5.817441223169141
5.03,1.0000000000006677,8.042277503200193,0.5055896374751413,5.819952124601446
5.0325,1.0000000000006686,8.04038908820235,0.5058239164911518,5.822461227070014
5.035,1.0000000000006688,8.040282489528098,0.5058373101362087,5.824968609241608
5.0375000000000005,1.0000000000006688,8.041950233214823,0.505630710080847,5.827474343403089
5.04,1.0000000000006695,8.045369296552634,0.5052073472036681,5.829978494510504
5.0425,1.0000000000006697,8.050502333689973,0.5045726182348609,5.832481119661536
5.045,1.0000000000006704,8.057298660130968,0.5037339247031887,5.834982267886112
5.0475,1.0000000000006708,8.065694827307526,0.5027005469400955,5.837481980152527
5.05,1.000000000000671,8.075614699490012,0.501483565428429,5.839980289521448
5.0525,1.000000000000671,8.086969042716753,0.500095829310366,5.84247722143871
5.055,1.0000000000006715,8.099654734984611,0.49855195948924996,5.844972794223688
5.0575,1.000000000000672,8.113553794394845,0.4968683634869839,5.847467019865557
5.0600000000000005,1.0000000000006721,8.128532484874748,0.4950632326708268,5.849959905266859
5.0625,1.0000000000006726,8.14444078847059,0.49315649063479017,5.8524514540595245
5.065,1.0000000000006735,8.161112524401974,0.4911696646640076,5.854941669056953
5.0675,1.0000000000006732,8.178366348253892,0.48912565984002787,5.857430555300451
5.07,1.0000000000006735,8.196007784628272,0.4870484263539708,5.8599181235230615
5.0725,1.000000000000674,8.213832341940435,0.4849625234560427,5.862404393710358
5.075,1.0000000000006748,8.231629640291706,0.4828925964849608,5.86488939831393
5.0775,1.0000000000006743,8.249188365437044,0.48086279496780626,5.867373184597577
5.08,1.000000000000675,8.266301756870334,0.47889616852448197,5.869855815593112
5.0825000000000005,1.0000000000006755,8.282773257820613,0.4770140823417871,5.87233736922734
5.085,1.0000000000006755,8.29842190894175,0.4752356948731237,5.874817935355925
5.0875,1.0000000000006761,8.313087061800617,0.47357753720574874,5.877297610689696
5.09,1.0000000000006761,8.326632025077453,0.47205322663827703,5.87977649189534
5.0925,1.0000000000006768,8.338946333613697,0.4706733371261627,5.882254667454432
5.095,1.000000000000677,8.34994644190339,0.4694454372557391,5.884732209125369
5.0975,1.0000000000006775,8.359574779567142,0.4683742932598218,5.8872091640261806
5.1000000000000005,1.0000000000006777,8.367797254293412,0.46746222128266046,5.889685548406355
5.1025,1.0000000000006777,8.374599433622546,0.4667095606288341,5.892161344082305
5.105,1.0000000000006786,8.379981766450493,0.46611522905305314,5.894636498274837
5.1075,1.0000000000006788,8.38395430498795,0.46567731317224936,5.897110927230176
5.11,1.000000000000679,8.386531447227245,0.46539364260660804,5.899584523570267
5.1125,1.000000000000679,8.387727231293722,0.4652622960970977,5.902057166858841
5.115,1.0000000000006792,8.387551673216901,0.4652819919407878,5.904528736447646
5.1175,1.0000000000006797,8.386008550247023,0.4654523235995624,5.906999125340507
5.12,1.0000000000006797,8.38309489935716,0.46577381380561245,5.909468253627597
5.1225000000000005,1.0000000000006803,8.378802336097763,0.46624777599403816,5.911936080027058
5.125,1.0000000000006808,8.373120117452268,0.46687598913137746,5.914402610232063
5.1275,1.0000000000006808,8.366039691373894,0.46766020940169295,5.916867901081536
5.13,1.0000000000006808,8.357560313884878,0.4686015580863031,5.919332060014675
5.1325,1.0000000000006812,8.347695189676715,0.4696998377580717,5.921795239778917
5.135,1.0000000000006817,8.336477518718828,0.47095283731952015,5.924257628875761
5.1375,1.000000000000682,8.323965819110644,0.4723556895824735,5.926719438685626
5.14,1.0000000000006823,8.310247948409001,0.47390034265269193,5.9291808885568456
5.1425,1.0000000000006826,8.295443357722197,0.4755751984980058,5.9316421903351815
5.1450000000000005,1.000000000000683,8.27970327365702,0.47736495937300466,5.934103533830017
5.1475,1.000000000000683,8.263208695518976,0.4792507062870826,5.936565074565292
5.15,1.0000000000006837,8.246166298026946,0.48121021480083515,5.93902692487225
5.1525,1.0000000000006841,8.228802521204427,0.483218493716022,5.941489148988863
5.155,1.0000000000006843,8.211356288860037,0.4852485134125809,5.943951762389324
5.1575,1.0000000000006848,8.194070909318057,0.48727207441203035,5.946414735130416
5.16,1.0000000000006848,8.177185767075555,0.4892607547930149,5.948877998618728
5.1625000000000005,1.0000000000006852,8.160928409056746,0.4911868686155197,5.951341454911642
5.165,1.0000000000006857,8.145507568071302,0.49302436729647314,5.953804987489145
5.1675,1.000000000000686,8.131107558624459,0.4947496220562296,5.956268472380325
5.17,1.0000000000006861,8.117884340094188,0.4963420375467195,5.958731788591164
5.1725,1.0000000000006866,8.105963385344145,0.49778446331361786,5.961194826940496
5.175,1.0000000000006866,8.095439335184349,0.4990633890161887,5.963657496642193
5.1775,1.0000000000006872,8.086377275424208,0.5001689291815898,5.96611972924375
5.18,1.0000000000006877,8.078815355613116,0.501094621518625,5.968581479813705
5.1825,1.000000000000688,8.072768385455566,0.5018370775308549,5.971042725534684
5.1850000000000005,1.0000000000006886,8.068232000928015,0.5023955339322049,5.973503462082651
5.1875,1.0000000000006886,8.06518698797564,0.5027713574349305,5.975963698338901
5.19,1.0000000000006886,8.063603384344063,0.5029675538314613,5.9784234500801725
5.1925,1.0000000000006888,8.063444043538507,0.5029883255797087,5.980882733321398
5.195,1.0000000000006894,8.064667430732298,0.50283871150342,5.983341557949102
5.1975,1.00000000000069,8.067229518915129,0.5025243292415191,5.985799922191805
5.2,1.0000000000006901,8.071084754527407,0.5020512273449795,5.988257808340951
5.2025,1.0000000000006903,8.076186155685917,0.5014258409659567,5.990715179979482
5.205,1.0000000000006908,8.082484684705758,0.5006550342084534,5.993171980812781
5.2075000000000005,1.0000000000006908,8.089928093892723,0.4997462043556154,5.99562813504546
5.21,1.0000000000006912,8.098459475957752,0.4987074188853747,5.9980835491212785
5.2125,1.0000000000006914,8.108015756986338,0.4975475555381995,6.000538114552521
5.215,1.0000000000006923,8.118526352308983,0.4962764184191911,6.002991711514632
5.2175,1.0000000000006923,8.129912167668662,0.49490480858392477,6.00544421287214
5.22,1.0000000000006926,8.142085075218827,0.49344453491922874,6.007895488328431
5.2225,1.000000000000693,8.154947932566383,0.4919083594043927,6.010345408446926
5.2250000000000005,1.0000000000006934,8.168395150086496,0.49030987902939366,6.012793848363628
5.2275,1.0000000000006937,8.18231375353749,0.4886633538545812,6.015240691089599
5.23,1.000000000000694,8.19658484114969,0.4869834962065497,6.017685830375152
5.2325,1.0000000000006946,8.21108530102618,0.48528523935416523,6.020129173165828
5.235,1.0000000000006948,8.225689638353508,0.48358350501365194,6.022570641717389
5.2375,1.0000000000006952,8.240271763191728,0.48189298778557066,6.025010175449366
5.24,1.0000000000006957,8.254706607269515,0.48022797146317764,6.0274477326057445
5.2425,1.0000000000006959,8.268871469375405,0.47860218758527234,6.029883291760673
5.245,1.000000000000696,8.282647029440492,0.4770287212579747,6.03231685316418
5.2475000000000005,1.0000000000006963,8.29591801626914,0.475519963787648,6.034748439876172
5.25,1.000000000000697,8.308573557863612,0.474087606655306,6.0371780985954935
5.2525,1.000000000000697,8.320507281509228,0.4727426673199523,6.039605900062388
5.255,1.000000000000697,8.331617259208352,0.47149553461462296,6.042031938903012
5.2575,1.0000000000006977,8.341805909929048,0.47035602027260287,6.044456332796543
5.26,1.0000000000006983,8.350979972263817,0.4693334033957069,6.046879220878157
5.2625,1.000000000000698,8.35905064988152,0.4684364562947354,6.04930076134112
5.265,1.0000000000006986,8.36593400948403,0.4676734428091836,6.051721128262526
5.2675,1.000000000000699,8.371551679913123,0.4670520835778909,6.054140507741852
5.2700000000000005,1.0000000000006992,8.375831865408427,0.4665794863772652,6.056559093501774
5.2725,1.0000000000006994,8.378710649872884,0.46626204317430325,6.058977082149324
5.275,1.0000000000006997,8.38013353620709,0.4661052986199988,6.0613946683269875
5.2775,1.0000000000007,8.380057138519124,0.4661137970862585,6.063812039994312
5.28,1.0000000000007,8.378450927520003,0.46629091688537927,6.066229374070636
5.2825,1.0000000000007006,8.375298921751266,0.4666387009754448,6.068646832640165
5.285,1.0000000000007006,8.370601219374874,0.46715769331685664,6.071064559875624
5.2875000000000005,1.000000000000701,8.364375275971115,0.46784678925064027,6.073482679781054
5.29,1.000000000000701,8.356656851228017,0.46870310701188905,6.075901294793828
5.2925,1.0000000000007012,8.34750056917522,0.4697218859828743,6.078320485225915
5.295,1.000000000000702,8.336980060171834,0.4708964157307655,6.080740309470069
5.2975,1.0000000000007019,8.325187675810964,0.47221799843344775,6.0831608048515475
5.3,1.0000000000007028,8.312233788260368,0.47367594609677216,6.0855819889732015
5.3025,1.000000000000703,8.298245701889973,0.4752576130784753,6.088003861382576
5.305,1.0000000000007039,8.283366216551558,0.4769484638768545,6.090426405384462
5.3075,1.0000000000007034,8.267751888413988,0.4787321758877858,6.092849589830708
5.3100000000000005,1.000000000000704,8.251571036221748,0.4805907768143922,6.095273370739232
5.3125,1.0000000000007045,8.235001539082605,0.482504816532036,6.097697692624403
5.315,1.0000000000007048,8.218228467557578,0.48445357334989103,6.100122489458054
5.3175,1.000000000000705,8.201441584240493,0.4864152946411888,6.102547685221814
5.32,1.0000000000007052,8.184832744514056,0.4883674716107026,6.1049731940533
5.3225,1.0000000000007057,8.168593223985742,0.490287147415952,6.107398920027835
5.325,1.0000000000007059,8.152910997247977,0.4921512568704724,6.109824756650493
5.3275,1.0000000000007065,8.137967993759078,0.4939369944870023,6.112250586157734
5.33,1.0000000000007065,8.123937361087188,0.49562220567548776,6.11467627874194
5.3325000000000005,1.000000000000707,8.11098077332551,0.49718579357413734,6.117101691814967
5.335,1.0000000000007074,8.099245832515246,0.4986081314167819,6.119526669419253
5.3375,1.0000000000007074,8.088863622280751,0.49987146775810426,6.121951041878519
5.34,1.0000000000007083,8.079946484062344,0.5009603095858219,6.124374625757917
5.3425,1.0000000000007085,8.072586095513246,0.5018617666820906,6.12679722417883
5.345,1.0000000000007083,8.066851935873311,0.5025658398953494,6.129218627510429
5.3475,1.0000000000007088,8.062790222597776,0.5030656365463851,6.131638614441715
5.3500000000000005,1.000000000000709,8.060423395683701,0.5033574982245494,6.134056953426538
5.3525,1.0000000000007094,8.059750210045452,0.5034410297993349,6.1364734044910145
5.355,1.0000000000007097,8.060746471773601,0.5033190234741086,6.1388877213970625
5.3575,1.00000000000071,8.063366421944256,0.5029972778514776,6.1412996541650635
5.36,1.0000000000007105,8.067544733622466,0.5024843187978434,6.143708951968909
5.3625,1.0000000000007108,8.073199046598846,0.5017910357863059,6.146115366423105
5.365,1.0000000000007114,8.080232923795625,0.5009302536879779,6.148518655279115
5.3675,1.0000000000007112,8.088539077265308,0.4999162650035244,6.150918586532437
5.37,1.0000000000007114,8.09800268445781,0.498764350701376,6.15331494291045
5.3725000000000005,1.000000000000712,8.108504600716573,0.49749031874468336,6.155707526663804
5.375,1.000000000000712,8.11992427462617,0.4961100878571222,6.158096164524182
5.3775,1.0000000000007128,8.13214219033191,0.49463934016227035,6.160480712624668
5.38,1.0000000000007132,8.145041695023652,0.4930932603481564,6.162861061115001
5.3825,1.0000000000007137,8.158510118292723,0.4914863714934856,6.165237138153111
5.385,1.0000000000007137,8.172439149126664,0.4898324693448703,6.167608912927947
5.3875,1.000000000000714,8.186724500553265,0.48814464844580446,6.169976397376325
5.39,1.0000000000007145,8.201264955145328,0.4864354058865266,6.172339646304978
5.3925,1.000000000000715,8.215960940327214,0.4847168022928411,6.1746987557201445
5.3950000000000005,1.0000000000007148,8.23071282484149,0.48300065557347666,6.1770538592969055
5.3975,1.0000000000007152,8.245419152301782,0.4812987412591755,6.1794051230792455
5.4,1.0000000000007154,8.259975031822961,0.47962297409864013,6.18175273867407
5.4025,1.000000000000716,8.274270888865198,0.47798554876624744,6.184096915368382
5.405,1.0000000000007163,8.28819174355147,0.4763990226727208,6.186437871737454
5.4075,1.0000000000007165,8.301617132814757,0.4748763303381698,6.1887758274024085
5.41,1.0000000000007168,8.31442173242112,0.4734307258417644,6.1911109956213215
5.4125000000000005,1.0000000000007174,8.326476671754778,0.47207565672061513,6.1934435773488925
5.415,1.000000000000717,8.337651474935562,0.4708245786277687,6.195773757274149
5.4175,1.0000000000007179,8.34781651237411,0.46969072450065386,6.198101702152257
5.42,1.0000000000007179,8.356845811844257,0.46868684457861254,6.200427561503443
5.4225,1.000000000000718,8.364620060190218,0.4678249342368611,6.202751470485716
5.425,1.0000000000007188,8.37102962626879,0.467115965422645,6.205073554490481
5.4275,1.0000000000007192,8.375977450826465,0.4665696348534572,6.207393934794212
5.43,1.0000000000007194,8.379381676031953,0.4661941385862472,6.209712734455052
5.4325,1.0000000000007199,8.381177921378203,0.4659959786819821,6.212030083592605
5.4350000000000005,1.00000000000072,8.381321148216653,0.4659798040497467,6.21434612324293
5.4375,1.0000000000007203,8.379787087245894,0.4661482846452708,6.216661007135861
5.44,1.0000000000007205,8.376573227932276,0.46650201635576544,6.218974900981659
5.4425,1.0000000000007212,8.371699383861293,0.46703945327442714,6.221287979149544
5.445,1.0000000000007212,8.365207853114129,0.4677568646072229,6.223600418935325
5.4475,1.0000000000007216,8.357163189509482,0.4686483149367511,6.225912392908603
5.45,1.0000000000007223,8.347651591998225,0.4697056686305477,6.228224060064719
5.4525,1.0000000000007228,8.336779909551188,0.4709186213791558,6.230535556652816
5.455,1.0000000000007225,8.324674251549519,0.4722747637185829,6.23284698759186
5.4575000000000005,1.0000000000007228,8.311478192350771,0.4737596825144949,6.235158419317922
5.46,1.0000000000007232,8.297350565513227,0.4753571064459513,6.237469874740059
5.4625,1.0000000000007239,8.282462858669325,0.4770491003562118,6.23978133074274
5.465,1.0000000000007243,8.266996243118196,0.4788163109414491,6.242092718392827
5.4675,1.0000000000007243,8.251138300246765,0.4806382628078195,6.244403925725335
5.47,1.000000000000724,8.23507953622398,0.48249369978762546,6.246714802729517
5.4725,1.000000000000725,8.219009802908095,0.48436096203503404,6.249025167964869
5.4750000000000005,1.0000000000007252,8.203114762584017,0.4862183853590477,6.251334816124023
5.4775,1.000000000000725,8.18757254376395,0.48804470603648015,6.2536435258344065
5.48,1.0000000000007254,8.172550732779715,0.48981945245161185,6.255951067048565
5.4825,1.0000000000007259,8.158203830651594,0.4915233046671668,6.258257207499804
5.485,1.0000000000007263,8.144671277621239,0.49313840459014624,6.26056171787331
5.4875,1.0000000000007265,8.132076111036529,0.4946486026855831,6.26286437553762
5.49,1.000000000000727,8.120524279305814,0.4960396319234835,6.2651649668709
5.4925,1.000000000000727,8.110104589412588,0.49729920534330113,6.267463288378369
5.495,1.0000000000007272,8.100889222249458,0.498417039680278,6.269759146914276
5.4975000000000005,1.0000000000007274,8.092934712832431,0.4993848132579698,6.272052359384527
5.5,1.0000000000007276,8.08628326471373,0.5001960711806123,6.274342752312549
5.5025,1.0000000000007279,8.080964252099829,0.5008460942361909,6.276630161606974
5.505,1.0000000000007285,8.076995760600381,0.501331749498925,6.278914432786738
5.5075,1.0000000000007285,8.074386028197138,0.5016513402651308,6.281195421812383
5.51,1.0000000000007292,8.073134670663034,0.5018044707624942,6.283472996558769
5.5125,1.0000000000007296,8.073233607866174,0.5017919373432702,6.285747038859685
5.515,1.0000000000007296,8.074667645834648,0.5016156530803128,6.288017446972029
5.5175,1.00000000000073,8.07741471022498,0.501278607414955,6.290284138254744
5.5200000000000005,1.00000000000073,8.081445765821508,0.5007848573822076,6.2925470518388575
5.5225,1.0000000000007305,8.086724490003185,0.5001395425537957,6.294806151077742
5.525,1.000000000000731,8.093206792469799,0.4993489126853924,6.297061425604872
5.5275,1.0000000000007316,8.100840286602871,0.4984203554668606,6.299312892880475
5.53,1.0000000000007314,8.109563818544384,0.4973624118946984,6.3015605991677175
5.5325,1.0000000000007319,8.11930714865923,0.49618476854463434,6.3038046199332145
5.535,1.0000000000007323,8.129990858106128,0.494898219147929,6.306045059707445
5.5375000000000005,1.0000000000007325,8.141526523586396,0.4935145919268964,6.30828205146284
5.54,1.0000000000007332,8.153817169700755,0.49204664356936056,6.310515755570211
5.5425,1.000000000000733,8.166757974976747,0.49050792492053685,6.31274635838007
5.545,1.0000000000007334,8.180237178827278,0.4889126268804436,6.314974070450509
5.5475,1.0000000000007339,8.1941371162818,0.48727541715958916,6.317199124415701
5.55,1.000000000000734,8.208335298143334,0.4856112791777354,6.319421772467102
5.5525,1.0000000000007343,8.222705457735337,0.48393536340910265,6.321642283410867
5.555,1.000000000000735,8.237118501438026,0.48226285901953353,6.32386093927493
5.5575,1.0000000000007352,8.251443326885097,0.4806088900438775,6.326078031469003
5.5600000000000005,1.000000000000735,8.26554750654342,0.4789884361077913,6.3282938565482585
5.5625,1.0000000000007354,8.279297870775158,0.4774162733908013,6.330508711690248
5.565,1.0000000000007363,8.292561058087086,0.47590692775437043,6.332722890055523
5.5675,1.0000000000007363,8.305204125848004,0.4744746292531208,6.334936676254345
5.57,1.0000000000007365,8.317095327810067,0.473133256007891,6.337150342174397
5.5725,1.0000000000007365,8.328105162240739,0.4718962558580655,6.339364143428202
5.575,1.000000000000737,8.338107775240033,0.4707765363247277,6.341578316648917
5.5775,1.0000000000007372,8.346982768977798,0.46978631698901374,6.343793077798558
5.58,1.0000000000007376,8.354617417431836,0.4689369430200166,6.34600862155811
5.5825000000000005,1.0000000000007379,8.360909237908423,0.4682386637397748,6.348225121753883
5.585,1.000000000000738,8.36576881162387,0.4677003851930633,6.350442732652573
5.5875,1.0000000000007385,8.369122697827184,0.4673294101124664,6.352661590844616
5.59,1.000000000000739,8.370916249815266,0.4671311819329501,6.3548818173475725
5.5925,1.0000000000007387,8.371116122873763,0.46710905125118685,6.357103519512809
5.595,1.000000000000739,8.369712266763145,0.46726408315217394,6.359326792319043
5.5975,1.0000000000007396,8.366719219452907,0.46759492213219533,6.3615517186897135
5.6000000000000005,1.0000000000007399,8.362176562374717,0.468097728098284,6.363778368574633
5.6025,1.00000000000074,8.356148456159204,0.4687661924296538,6.366006796680437
5.605,1.0000000000007407,8.348722243525701,0.4695916377591772,6.368237038904022
5.6075,1.000000000000741,8.340006175661046,0.47056319944393077,6.370469107698813
5.61,1.0000000000007407,8.330126382991613,0.47166808112624886,6.372702986765088
5.6125,1.0000000000007414,8.319223264526766,0.4728918717939337,6.374938625582926
5.615,1.0000000000007416,8.307447507300267,0.47421890771834996,6.3771759343835015
5.6175,1.0000000000007419,8.294955966218646,0.47563265987734993,6.37941478017094
5.62,1.0000000000007427,8.281907634310938,0.47711612614056487,6.381654984359105
5.6225000000000005,1.0000000000007427,8.268459915366968,0.4786522076723134,6.38389632247841
5.625,1.0000000000007425,8.254765378188305,0.4802240506385843,6.386138526247239
5.6275,1.000000000000743,8.240969128092152,0.48181533722916303,6.388381288106105
5.63,1.0000000000007432,8.227206881271512,0.48341051397576623,6.390624268099062
5.6325,1.0000000000007436,8.213603775415045,0.48499495005170634,6.392867102777043
5.635,1.0000000000007436,8.200273899455004,0.4865550233327586,6.395109415611943
5.6375,1.0000000000007443,8.187320479569443,0.48807813712958403,6.397350828266231
5.64,1.0000000000007445,8.174836619955583,0.4895526753318835,6.399590971974823
5.6425,1.0000000000007447,8.162906466999257,0.49096790792959494,6.401829498272392
5.6450000000000005,1.0000000000007454,8.151606645228794,0.49231386223801477,6.404066088343186
5.6475,1.0000000000007458,8.141007803288685,0.49358117744476465,6.406300460378226
5.65,1.0000000000007458,8.131176108144839,0.49476096116440077,6.408532374487223
5.6525,1.0000000000007463,8.122174535582145,0.49584466643569075,6.410761634915483
5.655,1.0000000000007465,8.114063824246703,0.49682400599198173,6.4129880895413445
5.6575,1.0000000000007472,8.106902988185222,0.4976909177088122,6.415211626857117
5.66,1.0000000000007472,8.100749317845585,0.4984375909936432,6.417432170845901
5.6625000000000005,1.0000000000007474,8.09565784018746,0.49905655872684135,6.419649674338849
5.665,1.000000000000748,8.09168025278088,0.4995408534839936,6.421864111557214
5.6675,1.0000000000007478,8.088863391917657,0.499884220559781,6.424075470599739
5.67,1.0000000000007485,8.08724733776823,0.5000813742554945,6.4262837466238
5.6725,1.0000000000007487,8.086863297145037,0.5001282785335485,6.428488936389027
5.675,1.0000000000007494,8.087731433089974,0.5000224290526993,6.430691034691991
5.6775,1.0000000000007496,8.089858827140073,0.49976311130870693,6.432890033032567
5.68,1.0000000000007498,8.093237762184208,0.49935160953924274,6.435085920633336
5.6825,1.00000000000075,8.097844499688826,0.4987913434490758,6.437278687702601
5.6850000000000005,1.0000000000007503,8.103638694398837,0.498087914667892,6.439468330610154
5.6875,1.0000000000007507,8.110563543585604,0.49724905188337615,6.441654858453017
5.69,1.0000000000007512,8.118546709346589,0.49628445222856693,6.443838300344109
5.6925,1.0000000000007514,8.12750198580819,0.49520552593483047,6.446018712674463
5.695,1.000000000000752,8.137331614184392,0.4940250605184764,6.4481961855876655
5.6975,1.0000000000007523,8.147929084293214,0.49275682882796246,6.450370847966706
5.7,1.0000000000007523,8.15918220844295,0.49141517119382844,6.452542870363295
5.7025,1.0000000000007527,8.170976219210273,0.4900145849471522,6.454712465486994
5.705,1.0000000000007534,8.18319663184706,0.4885693542551216,6.45687988609808
5.7075000000000005,1.0000000000007536,8.195731628013581,0.48709324947706084,6.459045420391495
5.71,1.0000000000007536,8.208473760559873,0.48559931836688197,6.461209385194234
5.7125,1.000000000000754,8.221320846292896,0.48409978209312426,6.463372117499968
5.715,1.0000000000007543,8.234175999035344,0.4826060381657839,6.465533965010292
5.7175,1.000000000000755,8.2469468500703,0.4811287610989214,6.46769527642569
5.72,1.000000000000755,8.259544096739324,0.47967808122753736,6.469856392222906
5.7225,1.0000000000007552,8.271879601415522,0.47826381370923743,6.472017636570258
5.7250000000000005,1.0000000000007556,8.283864322046059,0.4768957043567549,6.47417931087963
5.7275,1.0000000000007558,8.295406383934486,0.47558365723019536,6.476341689292403
5.73,1.000000000000756,8.306409595826565,0.4743379111164855,6.478505016171992
5.7325,1.0000000000007563,8.316772671306193,0.4731691379176955,6.480669505455775
5.735,1.0000000000007567,8.326389343098251,0.47208844487750673,6.482835341530978
5.7375,1.000000000000757,8.335149461327319,0.47110727342389574,6.485002681165023
5.74,1.0000000000007572,8.34294105849,0.47023719886956705,6.4871716559558505
5.7425,1.0000000000007578,8.349653257017527,0.4694896458878261,6.489342374776961
5.745,1.000000000000758,8.355179803009738,0.4688755432899117,6.49151492577045
5.7475000000000005,1.0000000000007587,8.359422943392367,0.4684049471906055,6.493689377574794
5.75,1.0000000000007587,8.362297331339576,0.4680866636155021,6.4958657796406
5.7525,1.000000000000759,8.36373364964649,0.4679278999260168,6.498044161661514
5.755,1.0000000000007592,8.363681682016162,0.4679339695510572,6.500224532302962
5.7575,1.0000000000007603,8.362112631219867,0.46810806725354653,6.5024068775265
5.76,1.0000000000007598,8.359020570192971,0.4684511236288456,6.50459115886757
5.7625,1.00000000000076,8.35442300450482,0.46896173893809867,6.506777312023851
5.765,1.0000000000007605,8.348360609245107,0.4696361888662146,6.508965246054833
5.7675,1.0000000000007612,8.34089626899566,0.4704684892913565,6.511154843393258
5.7700000000000005,1.000000000000761,8.332113588551909,0.47145050425979296,6.513345960745491
5.7725,1.0000000000007614,8.322115051407328,0.4725720812768958,6.515538430831787
5.775,1.0000000000007614,8.311019984611892,0.4738212005369668,6.517732064809711
5.7775,1.0000000000007623,8.298962448702872,0.47518412923189873,6.519926655149927
5.78,1.0000000000007623,8.286089119299474,0.4766455777276411,6.5221219787026605
5.7825,1.0000000000007625,8.272557173312254,0.47818886015145007,6.5243177997056545
5.785,1.000000000000763,8.258532147687564,0.47979606676470204,6.526513872534465
5.7875000000000005,1.0000000000007634,8.244185710147871,0.48144825853202855,6.528709944070929
5.79,1.0000000000007634,8.229693274080894,0.4831256949491246,6.530905755650876
5.7925,1.0000000000007636,8.215231404221491,0.48480810424597137,6.533101044631947
5.795,1.0000000000007643,8.200974992912487,0.48647500073653166,6.535295545684353
5.7975,1.0000000000007643,8.18709423233644,0.4881060479212908,6.537488991942897
5.8,1.0000000000007645,8.173751458149763,0.4896814588452468,6.539681116164967
5.8025,1.0000000000007652,8.161097985955255,0.491182418219946,6.54187165201884
5.805,1.000000000000765,8.149271096472706,0.4925915049940094,6.544060335586249
5.8075,1.0000000000007658,8.138391342584281,0.4938930903133903,6.546246907112414
5.8100000000000005,1.0000000000007663,8.128560348828005,0.4950736847742811,6.548431112985573
5.8125,1.0000000000007658,8.11985925149666,0.4961222107811421,6.55061270788552
5.815,1.0000000000007663,8.112347888055135,0.4970301805091808,6.5527914570132095
5.8175,1.0000000000007667,8.10606479296879,0.4977917668838513,6.5549671383037875
5.82,1.0000000000007674,8.101027999314798,0.49840376329191544,6.557139544532764
5.8225,1.0000000000007674,8.097236588113448,0.49886543644006215,6.559308485245548
5.825,1.0000000000007674,8.094672876009508,0.49917828489038557,6.5614737884680405
5.8275,1.000000000000768,8.093305091383593,0.499345722481637,6.563635302183793
5.83,1.0000000000007683,8.09309036217303,0.49937271049427445,6.565792895584697
5.8325000000000005,1.0000000000007685,8.09397782684043,0.49926536474284466,6.5679464601130935
5.835,1.000000000000769,8.095911682583125,0.4990305637923072,6.570095910311305
5.8375,1.0000000000007694,8.098834000205533,0.49867558246379845,6.572241184480772
5.84,1.0000000000007696,8.102687160341455,0.4982077711659988,6.574382245130853
5.8425,1.0000000000007696,8.107415797748365,0.4976342968919564,6.5765190791723525
5.845,1.00000000000077,8.112968176059438,0.49696195648804564,6.57865169778957
5.8475,1.0000000000007703,8.11929695190728,0.49619706749405484,6.580780135913196
5.8500000000000005,1.0000000000007705,8.126359322554343,0.4953454368268693,6.582904451219489
5.8525,1.0000000000007712,8.134116583566819,0.4944124030734146,6.585024722601359
5.855,1.0000000000007712,8.142533151737195,0.49340294430629866,6.587141048093381
5.8575,1.0000000000007716,8.151575132927046,0.4923218401967748,6.589253542282034
5.86,1.000000000000772,8.161208534552387,0.4911738747906391,6.591362333288468
5.8625,1.0000000000007723,8.171397237932638,0.48996406463622955,6.593467559465963
5.865,1.0000000000007725,8.182100856485409,0.4886978960175168,6.595569365999896
5.8675,1.000000000000773,8.193272611489604,0.4873815548673628,6.597667901627036
5.87,1.0000000000007732,8.204857357505993,0.4860221335366832,6.5997633156973246
5.8725000000000005,1.0000000000007734,8.216789884205415,0.4846277999807396,6.601855755782728
5.875,1.0000000000007736,8.228993610123082,0.4832079170662278,6.603945365994103
5.8775,1.0000000000007738,8.241379766815424,0.4817731025233171,6.606032286102254
5.88,1.0000000000007743,8.2538471494874,0.4803352234266173,6.608116651479997
5.8825,1.0000000000007747,8.266282483234386,0.4789073227921498,6.61019859379658
5.885,1.0000000000007747,8.278561423844872,0.4775034796845958,6.612278242314348
5.8875,1.0000000000007752,8.290550180201093,0.47613860788141454,6.614355725569259
5.89,1.0000000000007756,8.302107713469375,0.474828201387261,6.616431173170579
5.8925,1.0000000000007758,8.313088438341964,0.47358803771930963,6.618504717436331
5.8950000000000005,1.0000000000007763,8.323345325369782,0.472433851735751,6.620576494592952
5.8975,1.0000000000007765,8.33273328250853,0.4713809937726635,6.622646645309205
5.9,1.0000000000007765,8.341112679677343,0.47044408598119253,6.624715314401256
5.9025,1.0000000000007774,8.348352873280621,0.46963669008025427,6.626782649630685
5.905,1.0000000000007774,8.354335588664142,0.4689709983801389,6.628848799610104
5.9075,1.0000000000007778,8.35895802722375,0.46845755805062467,6.630913910921515
5.91,1.000000000000778,8.362135580656547,0.46810503638796114,6.632978124630252
5.9125000000000005,1.0000000000007783,8.363804056404652,0.4679200324695501,6.635041572433785
5.915,1.0000000000007783,8.36392134399802,0.4679069382561725,6.637104372714417
5.9175,1.0000000000007785,8.362468479752964,0.46806785007101054,6.639166626766188
5.92,1.0000000000007794,8.359450095017396,0.46840252958123424,6.6412284154409305
5.9225,1.0000000000007794,8.354894258904602,0.4689084120165385,6.643289796412258
5.925,1.0000000000007796,8.348851748653352,0.46958065841151153,6.645350802196571
5.9275,1.0000000000007803,8.341394798433349,0.4704122481273929,6.647411439006506
5.93,1.0000000000007805,8.332615390358985,0.4713941077059581,6.649471686452388
5.9325,1.0000000000007812,8.322623160186893,0.472515272094073,6.651531498058093
5.9350000000000005,1.0000000000007814,8.31154299573131,0.47376307427872905,6.653590802522888
5.9375,1.0000000000007816,8.299512409788523,0.4751233592122593,6.655649505640566
5.94,1.000000000000782,8.286678772558759,0.47658071744379094,6.657707492779121
5.9425,1.0000000000007823,8.273196491924535,0.47811873303946933,6.659764631823417
5.945,1.0000000000007825,8.259224233395464,0.47972023921565515,6.661820776484299
5.9475,1.0000000000007827,8.244922273994433,0.4813675738022729,6.663875769875267
5.95,1.0000000000007832,8.230450083883236,0.48304282550028665,6.665929448248915
5.9525,1.0000000000007836,8.215964223599421,0.4847280612905534,6.667981644769588
5.955,1.0000000000007834,8.20161663089265,0.4864055257075972,6.670032193178519
5.9575000000000005,1.0000000000007838,8.187553347484549,0.4880578043611748,6.6720809311885
5.96,1.0000000000007843,8.17391370217276,0.4896679472550162,6.67412770343376
5.9625,1.0000000000007847,8.160829923996898,0.49121955204683027,6.676172363804281
5.965,1.0000000000007845,8.148427111264644,0.49269681303902085,6.678214777017874
5.9675,1.000000000000785,8.136823434679608,0.49408454769799937,6.680254819330856
5.97,1.0000000000007856,8.126130412623812,0.4953682179335976,6.6822923783576895
5.9725,1.0000000000007858,8.116453071297299,0.4965339671650451,6.684327352055673
5.9750000000000005,1.000000000000786,8.107889798617432,0.49756869533873044,6.686359647023623
5.9775,1.0000000000007867,8.100531723188203,0.49846019177191925,6.688389176350329
5.98,1.0000000000007865,8.094461499713077,0.4991973396350649,6.690415857316614
5.9825,1.0000000000007871,8.089751457414232,0.49977039628891995,6.692439609291583
5.985,1.0000000000007876,8.086461161609778,0.5001713414380521,6.694460352160458
5.9875,1.0000000000007876,8.08463454011126,0.5003942716280615,6.6964780055742
5.99,1.000000000000788,8.08429682240778,0.5004358069238392,6.698492489222762
5.9925,1.0000000000007885,8.085451616563404,0.5002954657689852,6.700503724212452
5.995,1.0000000000007887,8.08807849320489,0.4999759589952046,6.7025116354879035
5.9975000000000005,1.000000000000789,8.09213144776098,0.4994833551623701,6.704516155098165
6.0,1.0000000000007894,8.097538565889609,0.49882707746976307,6.706517225983717
