seed,corda,size,elong,atoms,rho_mean,rho_max,vort,b1,b2,b3,b4,b5,b6,b7,b8
1,1,29,4.0515,2,0.007322,0.009119,0.06897,0.02475,0.122459,0.182307,0.208126,0.190319,0.137595,0.087026,0.047418
1,2,17,1.4401,1,0.006383,0.007488,0.0,0.016974,0.106984,0.210173,0.251397,0.202215,0.117244,0.055388,0.039624
1,5,16,5.4426,0,0.00598,0.006495,0.1875,0.015252,0.080118,0.130466,0.163847,0.178041,0.166398,0.143509,0.122369
1,11,18,2.603,1,0.00644,0.00777,0.11111,0.017181,0.101525,0.181431,0.206358,0.185341,0.149188,0.102612,0.056364
1,12,44,1.8865,1,0.007917,0.011908,0.20455,0.038382,0.208415,0.306023,0.238255,0.11567,0.046267,0.023976,0.023011
1,16,16,2.9151,1,0.006194,0.007258,0.25,0.015505,0.093216,0.172227,0.203566,0.185592,0.147849,0.106995,0.07505
1,17,16,3.3852,1,0.007099,0.009314,0.0,0.015379,0.092626,0.170141,0.196368,0.174108,0.14142,0.113917,0.096041
1,18,23,2.2371,1,0.007452,0.010349,0.13043,0.021249,0.126041,0.222349,0.234393,0.174836,0.110386,0.067203,0.043543
1,22,8,2.8768,0,0.005786,0.006134,0.0,0.008729,0.056985,0.121066,0.167928,0.177078,0.165277,0.153647,0.149289
1,24,8,1.008,1,0.006563,0.007682,0.0,0.007621,0.052179,0.120842,0.186914,0.215601,0.198403,0.143581,0.074859
1,25,10,1.7697,1,0.006331,0.007212,0.0,0.009933,0.06573,0.14292,0.202711,0.211754,0.177337,0.121181,0.068434
1,27,28,1.3958,1,0.00685,0.009679,0.21429,0.026404,0.157114,0.274207,0.269398,0.159877,0.060297,0.024025,0.028679
1,28,65,1.3486,1,0.007727,0.012487,0.15385,0.055038,0.28043,0.352066,0.193658,0.047576,0.023087,0.027897,0.020248
1,30,16,1.755,1,0.006434,0.00803,0.0625,0.016033,0.101099,0.199331,0.241671,0.20193,0.127742,0.068317,0.043877
1,31,119,2.4558,2,0.007761,0.014699,0.15126,0.085807,0.296355,0.273085,0.19151,0.079311,0.031855,0.023972,0.018106
1,32,31,2.3253,1,0.006848,0.009116,0.32258,0.027945,0.158709,0.255534,0.232888,0.148183,0.089288,0.056165,0.031288
1,33,39,2.2496,1,0.007057,0.010049,0.23077,0.03539,0.191066,0.285549,0.243969,0.140837,0.058601,0.021558,0.02303
1,34,11,1.6541,1,0.006359,0.007881,0.09091,0.010765,0.071075,0.153369,0.213363,0.214438,0.168885,0.107633,0.060473
1,35,9,1.6454,1,0.006374,0.00761,0.11111,0.009069,0.060711,0.134712,0.195998,0.21019,0.18074,0.128565,0.080014
1,37,45,2.021,1,0.007918,0.012897,0.15556,0.038527,0.207479,0.301741,0.235293,0.116567,0.047513,0.026522,0.026358
1,39,27,1.5427,1,0.007419,0.01035,0.2963,0.025342,0.151731,0.268112,0.268891,0.165281,0.066516,0.026834,0.027294
1,41,24,2.6095,1,0.006206,0.007714,0.29167,0.02371,0.135009,0.225924,0.231565,0.171896,0.103613,0.060146,0.048137
1,42,58,1.9649,1,0.00758,0.011884,0.18966,0.049123,0.246468,0.312758,0.204825,0.093146,0.043357,0.027389,0.022934
1,43,102,2.8661,3,0.00684,0.010386,0.11765,0.073897,0.226473,0.246275,0.22602,0.119626,0.05288,0.02967,0.025159
1,44,75,4.055,2,0.006861,0.009616,0.02667,0.058017,0.214089,0.245677,0.20819,0.128737,0.075227,0.041217,0.028847
1,48,38,2.8489,1,0.006925,0.00939,0.13158,0.034032,0.177361,0.254335,0.220302,0.143847,0.080732,0.049435,0.039957
1,49,36,1.6445,1,0.007004,0.009692,0.30556,0.032945,0.186882,0.297292,0.255199,0.129663,0.045964,0.023514,0.02854
1,50,32,5.3529,1,0.006353,0.007817,0.28125,0.027757,0.125298,0.182644,0.208895,0.173285,0.12175,0.087213,0.073158
1,52,23,3.3304,0,0.006187,0.007083,0.34783,0.021344,0.115443,0.185732,0.202538,0.179671,0.139063,0.096437,0.059771
1,53,21,1.9832,1,0.006497,0.007926,0.0,0.020058,0.120731,0.218591,0.237901,0.182214,0.115456,0.066583,0.038465
1,55,36,1.6625,1,0.006844,0.009468,0.27778,0.033343,0.18932,0.30105,0.256241,0.126193,0.041989,0.022699,0.029165
1,56,32,1.7843,1,0.006738,0.008675,0.125,0.030063,0.172844,0.282904,0.255117,0.140579,0.0561,0.029588,0.032806
1,57,22,1.3092,1,0.006382,0.008143,0.18182,0.021162,0.130348,0.243749,0.266914,0.184357,0.082662,0.032249,0.038559
1,58,20,1.627,1,0.006598,0.008226,0.1,0.01894,0.117456,0.223321,0.253776,0.190985,0.104851,0.051976,0.038696
1,61,8,3.8437,0,0.00588,0.0066,0.0,0.008661,0.055453,0.114545,0.15641,0.169261,0.169312,0.166295,0.160064
1,62,15,2.7677,1,0.006184,0.007526,0.06667,0.014752,0.089991,0.170542,0.207381,0.192282,0.151702,0.104529,0.068821
1,64,12,2.6439,0,0.006142,0.007028,0.0,0.012831,0.081175,0.162235,0.204999,0.189839,0.148442,0.110487,0.089993
1,66,65,2.3022,1,0.008059,0.013048,0.23077,0.053998,0.260447,0.317695,0.208312,0.087296,0.028261,0.02,0.023991
1,67,40,3.6873,1,0.00641,0.008526,0.0,0.03451,0.158734,0.210092,0.208724,0.165629,0.110222,0.069803,0.042285
1,68,24,1.6989,1,0.006603,0.008268,0.16667,0.022936,0.137966,0.24684,0.255174,0.169228,0.082732,0.044244,0.040881
1,69,54,3.1519,1,0.006764,0.009286,0.03704,0.045964,0.202088,0.237578,0.218111,0.159671,0.076534,0.033632,0.026423
1,70,38,3.3478,1,0.006532,0.008575,0.07895,0.033671,0.164854,0.240074,0.226411,0.144855,0.0806,0.056733,0.052802
1,72,8,2.6487,0,0.005861,0.006689,0.0,0.008609,0.057029,0.124387,0.17808,0.191491,0.173983,0.145298,0.121123
1,74,23,1.8754,1,0.006746,0.008661,0.04348,0.022071,0.131064,0.231084,0.240749,0.171574,0.098195,0.057027,0.048235
1,75,11,1.6554,0,0.005762,0.006256,0.0,0.011594,0.07583,0.160526,0.216613,0.208776,0.157357,0.100671,0.068633
1,77,33,1.4632,1,0.007533,0.011065,0.18182,0.030148,0.175598,0.293243,0.26765,0.141616,0.045936,0.019796,0.026014
1,78,17,2.1047,0,0.006238,0.007089,0.0,0.0169,0.105087,0.202176,0.23809,0.194638,0.123635,0.069791,0.049683
1,79,11,1.7022,0,0.006192,0.006682,0.27273,0.010711,0.070737,0.152732,0.212787,0.214503,0.169797,0.108695,0.060037
1,80,11,1.7486,0,0.006119,0.006995,0.0,0.010942,0.071786,0.153123,0.209916,0.208441,0.164826,0.110395,0.070572
1,81,50,1.5376,1,0.008103,0.013057,0.14,0.042916,0.230298,0.326893,0.232343,0.09014,0.029523,0.023923,0.023965
1,83,50,3.9745,1,0.006391,0.008909,0.18,0.041258,0.169811,0.225844,0.215962,0.147255,0.083269,0.060714,0.055886
1,84,23,1.7449,1,0.006716,0.008489,0.26087,0.021982,0.133124,0.241524,0.255643,0.176045,0.09,0.045906,0.035775
1,85,47,1.9772,1,0.007187,0.010352,0.14894,0.041229,0.218901,0.306572,0.222332,0.103613,0.047777,0.030396,0.02918
1,86,20,2.4546,1,0.006563,0.008683,0.1,0.018888,0.113271,0.205395,0.228874,0.186109,0.126845,0.07604,0.044578
1,87,33,2.6845,1,0.006719,0.008925,0.27273,0.030064,0.158695,0.240515,0.228222,0.156548,0.086998,0.051299,0.047659
1,90,13,2.3475,0,0.00616,0.006754,0.0,0.012879,0.081067,0.161126,0.204212,0.193146,0.155646,0.113496,0.078429
1,91,29,1.4894,1,0.007247,0.010352,0.17241,0.026777,0.15865,0.274811,0.267698,0.158089,0.060178,0.024559,0.029238
1,96,10,1.265,0,0.005842,0.006756,0.3,0.0109,0.071982,0.155204,0.214988,0.213495,0.164268,0.103075,0.066089
1,98,60,2.3694,1,0.007119,0.00957,0.06667,0.05114,0.2444,0.292837,0.199273,0.106635,0.047042,0.027412,0.031262
1,101,10,1.8586,1,0.006104,0.00714,0.0,0.01037,0.06847,0.147833,0.20624,0.209162,0.168906,0.11485,0.074169
1,102,16,1.8697,1,0.006273,0.007417,0.1875,0.015845,0.099555,0.195249,0.236174,0.199637,0.131745,0.07517,0.046624
1,103,13,5.8399,1,0.006386,0.007538,0.07692,0.013163,0.075735,0.132075,0.157688,0.168211,0.168083,0.150391,0.134654
1,105,16,2.4851,1,0.006483,0.007658,0.1875,0.015778,0.096462,0.181934,0.216102,0.192039,0.145937,0.096791,0.054959
1,106,39,2.1715,1,0.006889,0.009397,0.33333,0.035515,0.192892,0.284232,0.226616,0.123054,0.065371,0.040456,0.031864
1,107,11,2.2652,0,0.006049,0.006705,0.18182,0.011249,0.073065,0.153085,0.205363,0.200833,0.160624,0.114704,0.081077
1,108,36,1.582,1,0.007101,0.010433,0.11111,0.03242,0.18375,0.291859,0.250615,0.130198,0.052101,0.029953,0.029105
1,110,109,2.5765,2,0.007753,0.015498,0.11927,0.077989,0.27621,0.280525,0.203087,0.076889,0.039735,0.024031,0.021534
1,111,68,2.6738,1,0.007723,0.011767,0.08824,0.055503,0.252518,0.285792,0.194806,0.103522,0.047815,0.033163,0.026882
1,112,45,2.3688,1,0.007183,0.009849,0.06667,0.039678,0.201885,0.276623,0.229497,0.142115,0.059168,0.022599,0.028435
1,113,27,2.7719,0,0.006038,0.00711,0.14815,0.025551,0.13888,0.213941,0.205039,0.16132,0.11866,0.080565,0.056044
1,115,166,2.5717,2,0.007405,0.011775,0.07831,0.102758,0.240435,0.271333,0.189752,0.102502,0.040455,0.026153,0.026612
1,116,19,1.625,1,0.006657,0.008441,0.26316,0.018758,0.116161,0.220643,0.251718,0.192838,0.110011,0.054541,0.035331
1,117,33,3.2562,0,0.006179,0.007092,0.0,0.029129,0.132025,0.170527,0.185705,0.18115,0.140638,0.092342,0.068484
1,119,11,1.6447,0,0.005981,0.006606,0.81818,0.011152,0.073453,0.157697,0.217465,0.215464,0.165909,0.102366,0.056494
1,121,27,1.4244,1,0.006967,0.00946,0.07407,0.025522,0.153037,0.270951,0.271442,0.164082,0.061343,0.023011,0.030612
1,122,11,2.1359,1,0.006585,0.008871,0.09091,0.010997,0.071621,0.150618,0.202362,0.197039,0.15658,0.115479,0.095304
1,123,8,2.3755,0,0.005991,0.006514,0.0,0.008462,0.056402,0.124282,0.179862,0.19436,0.175184,0.143382,0.118066
1,125,17,1.8191,1,0.0064,0.007514,0.23529,0.016304,0.102953,0.203239,0.245857,0.203079,0.124916,0.063898,0.039754
1,126,8,1.9194,0,0.005925,0.006439,0.0,0.008326,0.05588,0.124758,0.18386,0.20223,0.182498,0.141773,0.100674
1,127,58,1.7815,1,0.00719,0.010334,0.10345,0.05024,0.251116,0.314741,0.200042,0.085565,0.037438,0.028379,0.032479
1,128,12,2.1038,0,0.006119,0.006423,0.0,0.011892,0.07654,0.158115,0.209402,0.203714,0.162119,0.110451,0.067768
1,130,35,1.4425,1,0.007131,0.010846,0.14286,0.031395,0.181102,0.296285,0.261253,0.13211,0.044122,0.024919,0.028815
1,132,26,2.6198,1,0.006464,0.008328,0.19231,0.025112,0.139871,0.223865,0.216121,0.154815,0.098447,0.070226,0.071541
1,134,10,1.9607,1,0.006784,0.008693,0.2,0.01016,0.066895,0.143686,0.199184,0.201467,0.165362,0.121064,0.092181
1,135,26,1.9705,1,0.006729,0.00911,0.38462,0.024568,0.143854,0.246106,0.244165,0.164389,0.091206,0.05078,0.034932
1,136,83,2.6949,2,0.00746,0.012348,0.09639,0.063169,0.255023,0.310738,0.204624,0.07247,0.037184,0.031763,0.025028
1,137,20,1.2358,1,0.006851,0.008854,0.5,0.019156,0.119984,0.231879,0.267172,0.198032,0.096379,0.03514,0.032258
1,138,15,1.9266,1,0.006284,0.007782,0.4,0.015316,0.096531,0.190359,0.23185,0.197556,0.132418,0.079794,0.056176
1,139,59,1.8295,1,0.007893,0.012916,0.22034,0.049856,0.254991,0.332252,0.213822,0.080555,0.030111,0.020146,0.018269
1,140,8,2.0645,1,0.00618,0.007189,0.0,0.008691,0.057887,0.127331,0.183535,0.196662,0.174413,0.139183,0.112299
1,141,15,1.9691,1,0.006547,0.007816,0.0,0.014818,0.093686,0.186112,0.229981,0.200895,0.139016,0.083732,0.051761
1,142,27,1.344,1,0.006519,0.008402,0.14815,0.025682,0.152612,0.265657,0.260341,0.155645,0.06354,0.033748,0.042775
1,143,26,2.157,1,0.006666,0.009329,0.07692,0.024292,0.13643,0.23152,0.247439,0.177472,0.089923,0.046671,0.046255
1,144,12,1.6995,1,0.006234,0.007244,0.5,0.012338,0.08029,0.168268,0.223441,0.21028,0.152906,0.092639,0.059837
1,145,21,1.4858,1,0.006737,0.009125,0.0,0.020337,0.125595,0.236542,0.263598,0.189918,0.093657,0.038328,0.032025
1,146,17,2.6084,1,0.006326,0.00742,0.11765,0.0175,0.1052,0.191664,0.215232,0.177994,0.127562,0.089649,0.0752
1,147,13,1.356,1,0.006344,0.007277,0.15385,0.013256,0.086297,0.180691,0.238408,0.219393,0.149456,0.076006,0.036493
1,149,10,3.0936,0,0.005977,0.00675,0.2,0.010643,0.067675,0.137072,0.178985,0.178268,0.159583,0.141533,0.126242
1,150,8,3.0147,0,0.005702,0.006189,0.0,0.008985,0.056738,0.115003,0.155713,0.170984,0.173962,0.166877,0.151739
1,151,12,2.5661,0,0.005917,0.006865,0.16667,0.012397,0.078773,0.158937,0.20404,0.19256,0.152261,0.112259,0.088774
1,153,54,1.4587,1,0.007397,0.011009,0.22222,0.047086,0.250434,0.344982,0.224167,0.066782,0.016338,0.023184,0.027026
1,154,40,1.27,1,0.007704,0.011159,0.35,0.035516,0.202739,0.322294,0.26368,0.107212,0.01846,0.018057,0.032041
1,155,15,4.3294,1,0.005998,0.007146,0.13333,0.014941,0.07863,0.131517,0.173684,0.188449,0.163926,0.133377,0.115475
1,158,12,2.4922,0,0.006104,0.006749,0.08333,0.01207,0.076731,0.155143,0.200774,0.193962,0.159728,0.119046,0.082546
1,161,10,1.6315,0,0.006105,0.007106,0.4,0.010037,0.066731,0.146022,0.207716,0.215362,0.176076,0.11546,0.062595
1,163,13,1.7421,0,0.005998,0.006849,0.0,0.013266,0.085963,0.178567,0.233561,0.2142,0.148377,0.081216,0.04485
1,166,13,1.8592,1,0.006127,0.007209,0.0,0.012816,0.082859,0.171525,0.223941,0.207057,0.149325,0.09213,0.060347
1,168,58,2.1838,1,0.007795,0.013037,0.03448,0.048739,0.24247,0.318649,0.222828,0.090033,0.030075,0.02161,0.025596
1,169,31,2.0711,1,0.007193,0.009732,0.06452,0.028488,0.163047,0.265206,0.240821,0.144458,0.077291,0.048287,0.032402
1,171,33,1.4431,1,0.007199,0.01046,0.0,0.029707,0.172126,0.285209,0.259295,0.139961,0.051378,0.028415,0.03391
1,174,38,1.5907,1,0.007399,0.011178,0.15789,0.03384,0.191283,0.301659,0.253809,0.123653,0.042346,0.025005,0.028405
1,175,36,1.5414,1,0.007161,0.010174,0.16667,0.033103,0.189244,0.304419,0.261789,0.127079,0.037692,0.019073,0.027601
1,176,75,1.4349,1,0.009423,0.017727,0.06667,0.058909,0.296369,0.364058,0.195847,0.045892,0.01344,0.013952,0.011532
1,180,103,1.8197,1,0.008711,0.017664,0.2233,0.076344,0.333741,0.341524,0.160278,0.038501,0.021369,0.016518,0.011725
1,182,12,2.2083,0,0.00618,0.007056,0.41667,0.012338,0.078374,0.157872,0.202175,0.191416,0.154706,0.116996,0.086123
1,183,27,1.9011,1,0.006897,0.009326,0.22222,0.02544,0.149456,0.256938,0.254559,0.165172,0.080599,0.03806,0.029775
1,184,25,1.5303,1,0.00722,0.009827,0.44,0.023284,0.141034,0.25538,0.267211,0.176043,0.078285,0.031499,0.027263
1,185,16,1.7139,1,0.006587,0.008187,0.0,0.016257,0.102647,0.202647,0.245319,0.203,0.125003,0.063762,0.041365
1,186,16,1.9614,1,0.00628,0.007727,0.125,0.015812,0.099674,0.196274,0.237258,0.197585,0.126207,0.072646,0.054543
1,188,16,3.4215,0,0.006032,0.00698,0.25,0.016349,0.097498,0.174537,0.191264,0.158553,0.127528,0.116194,0.118076
1,189,8,2.3783,0,0.005829,0.006362,0.125,0.008428,0.056201,0.123952,0.179613,0.194383,0.17544,0.143688,0.118294
1,190,67,2.5437,1,0.008106,0.012688,0.13433,0.054641,0.255788,0.302216,0.208712,0.102911,0.035084,0.018968,0.02168
1,193,54,4.0537,2,0.006541,0.008525,0.18519,0.042097,0.161341,0.224401,0.222126,0.156049,0.098709,0.055915,0.039361
1,195,26,2.0964,1,0.007254,0.01029,0.23077,0.023338,0.138201,0.240797,0.243287,0.165958,0.095273,0.057217,0.035928
1,199,17,3.8114,1,0.006959,0.00897,0.23529,0.016293,0.096972,0.172417,0.186385,0.15393,0.129333,0.123778,0.120892
1,201,58,3.2253,1,0.007279,0.011791,0.10345,0.047242,0.207031,0.269753,0.232708,0.133505,0.057695,0.026255,0.025811
1,204,24,2.3688,1,0.006923,0.009532,0.125,0.022082,0.13052,0.227406,0.23245,0.165659,0.10416,0.069448,0.048275
1,208,18,4.2042,0,0.005863,0.00683,0.11111,0.017292,0.087757,0.134153,0.17302,0.206532,0.178892,0.117521,0.084832
1,209,11,1.7318,0,0.006155,0.006969,0.0,0.011192,0.073337,0.156101,0.21338,0.210854,0.164702,0.106644,0.06379
1,210,40,2.0713,1,0.006496,0.009006,0.1,0.036167,0.188834,0.273222,0.230694,0.128546,0.057785,0.040966,0.043786
1,211,55,1.7261,1,0.008311,0.013594,0.07273,0.046554,0.243953,0.333556,0.229763,0.087202,0.022793,0.016283,0.019896
1,212,42,1.2064,1,0.007226,0.010079,0.21429,0.037568,0.211814,0.327691,0.254711,0.09391,0.015985,0.023779,0.034543
1,213,15,2.6128,1,0.00634,0.007225,0.0,0.015089,0.091466,0.170972,0.204048,0.187583,0.15102,0.108033,0.071788
1,216,62,2.6356,1,0.007236,0.009865,0.1129,0.052785,0.247757,0.292026,0.199072,0.10391,0.049205,0.03048,0.024766
1,217,17,3.4141,0,0.00623,0.006929,0.29412,0.016077,0.092104,0.158613,0.183409,0.183543,0.165372,0.122076,0.078804
1,219,15,1.8766,1,0.006608,0.00792,0.13333,0.014871,0.094914,0.191531,0.240162,0.208871,0.136544,0.071769,0.041336
1,220,32,1.2995,1,0.007369,0.010149,0.15625,0.029237,0.171973,0.292378,0.272466,0.144097,0.041281,0.016834,0.031735
1,221,14,2.7056,1,0.006052,0.007138,0.14286,0.014211,0.088745,0.172718,0.209509,0.184931,0.14013,0.104905,0.084851
1,230,41,4.339,1,0.006924,0.008681,0.12195,0.035075,0.166023,0.226643,0.213706,0.155766,0.09967,0.061379,0.041738
1,232,14,1.7434,0,0.005935,0.006778,0.21429,0.013886,0.089442,0.183587,0.235691,0.210874,0.142506,0.0781,0.045913
1,234,9,1.4585,0,0.006103,0.00695,0.11111,0.008852,0.059551,0.133414,0.196824,0.214454,0.18627,0.129707,0.070928
1,235,42,1.6638,1,0.007741,0.012029,0.33333,0.036858,0.204666,0.312824,0.253204,0.11767,0.034917,0.016255,0.023607
1,236,16,1.6926,1,0.006714,0.008589,0.3125,0.015271,0.09743,0.196268,0.244771,0.210092,0.133592,0.06667,0.035905
1,237,56,1.6722,1,0.008074,0.013581,0.03571,0.046902,0.245227,0.333057,0.226438,0.085089,0.022018,0.016356,0.024913
1,238,49,2.1205,1,0.007098,0.010683,0.10204,0.043004,0.222588,0.30382,0.224013,0.108411,0.042802,0.026605,0.028757
1,239,36,1.5557,1,0.007758,0.01188,0.27778,0.032621,0.187597,0.305506,0.267961,0.132997,0.037534,0.013855,0.02193
1,242,10,1.6713,0,0.005997,0.006623,0.1,0.01019,0.067451,0.146356,0.205682,0.210462,0.171235,0.116071,0.072554
1,244,13,3.1555,1,0.00618,0.007158,0.15385,0.013426,0.083297,0.160965,0.196554,0.180944,0.148839,0.119404,0.096572
1,245,8,2.7716,0,0.005725,0.006121,0.125,0.008655,0.056675,0.121436,0.171508,0.185728,0.175509,0.15392,0.126569
1,248,97,4.066,2,0.00738,0.011383,0.10309,0.069011,0.240117,0.301107,0.207115,0.097555,0.04208,0.021094,0.02192
1,250,15,1.7821,1,0.006257,0.00716,0.13333,0.014942,0.094656,0.188456,0.232549,0.200578,0.134889,0.080072,0.053858
1,256,9,1.6543,1,0.006238,0.007421,0.77778,0.009519,0.063289,0.138519,0.197214,0.20554,0.172156,0.124137,0.089627
1,258,30,1.7374,1,0.006485,0.00821,0.1,0.028302,0.162989,0.267597,0.243476,0.140699,0.068795,0.046223,0.041919
1,259,14,1.8275,1,0.006375,0.007214,0.0,0.013431,0.086291,0.176622,0.227301,0.207407,0.148426,0.08962,0.050902
1,262,13,2.1269,1,0.006216,0.007482,0.23077,0.013086,0.084072,0.172262,0.222596,0.20487,0.148584,0.092752,0.061779
1,263,10,1.6711,1,0.006189,0.007388,0.1,0.01043,0.069101,0.150092,0.210831,0.214429,0.170918,0.11015,0.06405
1,264,41,2.2747,1,0.006787,0.008839,0.12195,0.037605,0.196418,0.276781,0.225425,0.133474,0.06214,0.031667,0.03649
1,265,57,2.6473,1,0.007157,0.011114,0.15789,0.048238,0.22952,0.287912,0.206652,0.10639,0.055679,0.034258,0.03135
1,266,35,1.7816,1,0.007345,0.010666,0.14286,0.031572,0.179004,0.286773,0.253552,0.13743,0.052536,0.027013,0.032119
1,267,24,1.5263,1,0.006897,0.009201,0.29167,0.022911,0.138902,0.251939,0.264248,0.174937,0.079543,0.035269,0.032252
1,268,34,3.4992,1,0.006282,0.007633,0.17647,0.030105,0.146143,0.205405,0.20582,0.16781,0.119844,0.077403,0.047468
1,270,12,1.6937,0,0.006002,0.006777,0.5,0.011981,0.078402,0.166097,0.224142,0.21514,0.158812,0.093775,0.051652
1,271,20,2.4595,1,0.006252,0.007254,0.05,0.019422,0.115753,0.206945,0.225373,0.179915,0.124477,0.078623,0.049492
1,273,17,1.6336,1,0.00634,0.00789,0.05882,0.016834,0.106093,0.208533,0.250256,0.20358,0.121425,0.058532,0.034749
1,277,34,1.729,1,0.006796,0.009392,0.35294,0.031937,0.182598,0.295291,0.260076,0.135663,0.046232,0.020475,0.027728
1,280,12,2.4777,0,0.006139,0.006872,0.16667,0.012053,0.076682,0.155245,0.20114,0.194302,0.159673,0.118678,0.082228
1,282,12,2.6993,1,0.006273,0.007554,0.25,0.012292,0.078145,0.157662,0.202006,0.19025,0.15122,0.11422,0.094205
1,283,9,1.6825,0,0.006033,0.006804,0.11111,0.009199,0.061483,0.136003,0.19692,0.20981,0.179137,0.127049,0.080399
1,284,96,6.4677,2,0.007,0.010109,0.14583,0.058101,0.186384,0.244991,0.220648,0.143853,0.077862,0.04137,0.026791
1,285,147,2.8475,3,0.007183,0.012062,0.17007,0.096573,0.251502,0.26984,0.201062,0.0822,0.041252,0.031469,0.026103
1,286,9,4.1353,0,0.005962,0.006664,0.0,0.00971,0.061255,0.123841,0.165658,0.174751,0.166464,0.15394,0.144381
1,287,8,1.6746,0,0.006061,0.006761,0.0,0.008747,0.05835,0.128645,0.185729,0.19863,0.174456,0.13657,0.108872
1,288,27,3.3092,1,0.006383,0.007762,0.07407,0.023914,0.127879,0.198645,0.209127,0.184968,0.135899,0.081175,0.038394
1,289,9,1.8672,1,0.006245,0.007298,0.22222,0.009412,0.062795,0.138428,0.199447,0.211128,0.178593,0.124434,0.075764
1,290,16,2.2624,1,0.006572,0.008095,0.3125,0.015636,0.09702,0.186163,0.220098,0.186441,0.133308,0.092706,0.068628
1,292,22,1.6234,1,0.00644,0.008099,0.04545,0.021772,0.132252,0.24147,0.258126,0.179357,0.090282,0.042717,0.034025
1,293,23,1.51,1,0.006475,0.008229,0.21739,0.022041,0.132995,0.239633,0.251337,0.172085,0.089773,0.049936,0.042199
1,296,8,2.1773,0,0.005937,0.006517,0.375,0.008708,0.057784,0.126295,0.180788,0.193215,0.173091,0.142178,0.11794
1,298,24,2.8841,1,0.006016,0.007553,0.20833,0.023084,0.126266,0.199192,0.204068,0.17663,0.134007,0.083537,0.053217
1,299,15,2.4681,1,0.006289,0.007814,0.33333,0.014711,0.090903,0.174464,0.210462,0.187859,0.143438,0.102528,0.075634
1,302,9,1.8359,1,0.005966,0.007167,0.11111,0.009503,0.06325,0.138749,0.198341,0.207866,0.174689,0.12405,0.083551
1,304,33,2.7357,1,0.007005,0.010108,0.24242,0.028741,0.151506,0.226279,0.215668,0.161061,0.102873,0.067408,0.046465
1,308,8,1.8699,1,0.006635,0.008033,0.0,0.00813,0.054705,0.122757,0.182279,0.202394,0.184399,0.143979,0.101357
1,309,9,2.4489,0,0.006039,0.006743,0.0,0.009565,0.063165,0.136599,0.191864,0.198644,0.169274,0.129809,0.101079
1,315,50,2.0526,1,0.0079,0.012709,0.3,0.04248,0.222909,0.313184,0.235551,0.105012,0.032785,0.020587,0.027492
1,317,13,2.3962,0,0.006145,0.007051,0.23077,0.012554,0.07941,0.159124,0.203722,0.195136,0.159703,0.11634,0.074011
1,318,12,2.1959,0,0.006241,0.007058,0.08333,0.011921,0.076616,0.157653,0.207154,0.199491,0.158812,0.112573,0.075779
1,319,27,1.4901,1,0.007274,0.009943,0.59259,0.0249,0.148656,0.261664,0.262377,0.16385,0.070591,0.03315,0.034811
1,320,65,2.1452,1,0.00731,0.011316,0.2,0.053719,0.248848,0.294796,0.208653,0.099822,0.03906,0.031204,0.023899
1,321,22,1.719,1,0.00661,0.008514,0.0,0.021225,0.129146,0.237057,0.257053,0.184506,0.097801,0.045143,0.028067
1,322,18,1.296,1,0.006416,0.007888,0.27778,0.018104,0.113903,0.222619,0.262778,0.204542,0.108893,0.041573,0.027589
1,323,12,1.6001,0,0.006355,0.007072,0.16667,0.011368,0.074743,0.159912,0.219397,0.215998,0.165144,0.100744,0.052694
1,324,29,1.6667,1,0.006999,0.009054,0.2069,0.02662,0.156694,0.26849,0.25919,0.155629,0.066837,0.033441,0.033098
1,326,13,1.8986,0,0.005904,0.006708,0.0,0.012724,0.081676,0.167004,0.215247,0.198818,0.148896,0.102068,0.073566
1,327,37,1.9766,1,0.007368,0.010193,0.08108,0.033603,0.186379,0.28802,0.247243,0.137638,0.058119,0.025067,0.023931
1,328,32,1.6259,1,0.006852,0.009487,0.28125,0.03002,0.1744,0.289998,0.263635,0.139933,0.047334,0.023149,0.03153
1,329,54,5.9134,2,0.006706,0.008844,0.25926,0.041743,0.160476,0.219199,0.214582,0.157306,0.099898,0.062157,0.044639
1,331,9,1.7993,0,0.006054,0.006711,0.0,0.009504,0.063078,0.137713,0.195941,0.205208,0.174156,0.126934,0.087466
1,333,23,2.1377,1,0.006748,0.00861,0.34783,0.022204,0.13125,0.229968,0.239105,0.172389,0.101723,0.059403,0.043958
1,334,26,1.7605,1,0.007147,0.009455,0.11538,0.023726,0.141931,0.250875,0.254155,0.165002,0.082347,0.04698,0.034983
1,335,45,1.8007,1,0.00678,0.008802,0.22222,0.040653,0.219255,0.315871,0.233451,0.098852,0.033753,0.025246,0.03292
1,337,45,1.4131,1,0.007437,0.011104,0.15556,0.0399,0.219773,0.325977,0.241625,0.091471,0.025819,0.026471,0.028964
1,338,36,1.5384,1,0.007007,0.009621,0.22222,0.0328,0.187527,0.301452,0.258383,0.124714,0.038783,0.024184,0.032157
1,340,20,1.3549,1,0.006835,0.008623,0.1,0.019302,0.120697,0.232727,0.267964,0.199587,0.098355,0.034467,0.026901
1,341,26,1.4752,1,0.007044,0.010407,0.30769,0.02444,0.147371,0.264217,0.271257,0.172104,0.070474,0.025322,0.024816
1,345,11,1.6429,0,0.006047,0.006788,0.09091,0.011153,0.073453,0.157658,0.217333,0.215246,0.165731,0.102445,0.05698
1,346,23,1.4716,1,0.006786,0.008544,0.13043,0.022455,0.13659,0.249432,0.26428,0.176259,0.078382,0.033559,0.039043
1,347,23,1.2799,1,0.007164,0.009329,0.34783,0.022362,0.137312,0.255116,0.2763,0.187057,0.07891,0.022184,0.020759
1,348,11,1.6113,1,0.006031,0.00724,0.18182,0.01099,0.072501,0.156144,0.216421,0.21599,0.167778,0.104035,0.05614
1,349,30,5.2212,1,0.006393,0.008479,0.23333,0.026231,0.118621,0.178809,0.194519,0.166207,0.131557,0.099357,0.084698
1,350,57,1.394,1,0.008196,0.013923,0.15789,0.047957,0.255186,0.351378,0.227355,0.066882,0.01538,0.018327,0.017534
1,351,17,1.8127,1,0.00678,0.008603,0.35294,0.016471,0.103974,0.205172,0.248168,0.204886,0.125024,0.061179,0.035126
1,354,39,3.355,1,0.00686,0.009221,0.17949,0.03431,0.16781,0.22711,0.21791,0.173838,0.097951,0.049036,0.032034
1,355,13,1.5345,1,0.006426,0.0076,0.30769,0.013023,0.084547,0.176281,0.231903,0.21453,0.150622,0.08385,0.045244
1,356,25,2.7975,1,0.007303,0.010497,0.0,0.022425,0.129391,0.220968,0.231516,0.176778,0.111496,0.065209,0.042217
1,357,18,1.8591,1,0.006321,0.008061,0.11111,0.017918,0.110927,0.211297,0.244336,0.194086,0.11835,0.062577,0.040509
1,358,10,542807.0037,1,0.007028,0.008888,0.3,0.010169,0.063831,0.126971,0.164161,0.166487,0.1579,0.154426,0.156055
1,359,13,3.4318,0,0.005928,0.006458,0.15385,0.013102,0.078752,0.146698,0.180142,0.17923,0.160982,0.132646,0.108448
1,360,46,2.2346,1,0.006628,0.009085,0.0,0.04138,0.214215,0.294549,0.221077,0.108096,0.04541,0.034659,0.040613
1,361,56,2.3833,1,0.007264,0.011358,0.10714,0.047608,0.228379,0.288637,0.214847,0.111562,0.048087,0.030347,0.030531
1,363,20,1.2725,1,0.00683,0.009096,0.3,0.019174,0.120121,0.232248,0.267844,0.198867,0.096912,0.034628,0.030206
1,364,9,1.8287,0,0.006122,0.007082,0.0,0.009472,0.063001,0.1381,0.197452,0.207524,0.175643,0.125695,0.083113
1,365,58,1.4457,1,0.007809,0.012262,0.22414,0.04934,0.256307,0.339111,0.213618,0.071949,0.02586,0.02204,0.021775
1,366,57,1.468,1,0.008056,0.012362,0.10526,0.048502,0.256279,0.348223,0.221544,0.065878,0.018586,0.021279,0.019709
1,367,92,3.9422,2,0.007262,0.010926,0.13043,0.064921,0.223302,0.285983,0.20747,0.113949,0.05282,0.028866,0.022689
1,368,9,1.4735,0,0.006171,0.006666,0.22222,0.008887,0.059754,0.13373,0.197011,0.214314,0.185897,0.129421,0.070987
1,369,14,2.1572,0,0.005935,0.006253,0.14286,0.013393,0.084751,0.169593,0.215166,0.200517,0.155024,0.103239,0.058318
1,370,8,1.3809,1,0.006066,0.007394,0.0,0.008807,0.059151,0.132043,0.193637,0.20941,0.181446,0.130521,0.084985
1,371,12,1.6567,1,0.006256,0.007486,0.41667,0.012258,0.079895,0.167962,0.224092,0.212103,0.154728,0.092478,0.056484
1,376,53,3.8418,3,0.006556,0.0088,0.24528,0.041578,0.155631,0.200475,0.21421,0.171457,0.108449,0.063877,0.044323
1,377,49,2.3177,1,0.006881,0.009565,0.12245,0.043736,0.217307,0.280522,0.208332,0.118737,0.059609,0.036519,0.035238
1,378,63,2.1346,1,0.007371,0.01073,0.15873,0.05303,0.256328,0.315285,0.211844,0.090417,0.028142,0.020787,0.024167
1,379,20,1.4389,1,0.00701,0.008864,0.1,0.019518,0.121295,0.231369,0.263209,0.1955,0.100097,0.040228,0.028785
1,381,8,1.0152,0,0.00593,0.006195,0.5,0.007685,0.052599,0.121732,0.188065,0.216474,0.198437,0.142419,0.072589
1,383,35,1.9541,1,0.007012,0.009336,0.17143,0.031615,0.178441,0.281462,0.241235,0.131289,0.064407,0.042019,0.029532
1,384,8,1.5511,0,0.005881,0.006827,0.375,0.008731,0.05868,0.131152,0.192676,0.208844,0.181514,0.131366,0.087037
1,385,9,1.4423,1,0.00639,0.007156,0.22222,0.008807,0.059304,0.133091,0.196836,0.215079,0.187188,0.130009,0.069685
1,386,13,1.6221,1,0.006168,0.00732,0.0,0.013611,0.087603,0.179465,0.229589,0.204664,0.139507,0.082972,0.06259
1,388,36,1.5017,1,0.007571,0.01142,0.22222,0.03258,0.186918,0.30245,0.261699,0.12773,0.039355,0.021777,0.02749
1,389,17,1.218,1,0.006311,0.007928,0.23529,0.016867,0.107239,0.213827,0.259894,0.210062,0.116968,0.046339,0.028804
1,391,39,2.3599,1,0.007055,0.010457,0.15385,0.035177,0.186967,0.273216,0.231846,0.139602,0.068558,0.034823,0.029813
1,392,9,2.244,1,0.006058,0.007185,0.22222,0.009453,0.062304,0.134408,0.188652,0.196331,0.169864,0.133393,0.105594
1,395,15,1.7514,1,0.006292,0.007205,0.0,0.014445,0.092277,0.186336,0.233495,0.203126,0.135531,0.079333,0.055457
1,396,17,9.139,2,0.006226,0.007275,0.29412,0.015322,0.067674,0.11074,0.162951,0.175984,0.166295,0.154592,0.146443
1,397,13,1.8648,0,0.006119,0.006793,0.0,0.012897,0.083296,0.172053,0.22384,0.205985,0.14797,0.091855,0.062104
1,398,9,1.654,1,0.006196,0.007307,0.55556,0.009565,0.063481,0.13848,0.196347,0.203947,0.170978,0.124775,0.092427
1,399,23,2.1575,1,0.006766,0.008233,0.13043,0.021939,0.130504,0.230808,0.241692,0.173985,0.101116,0.057196,0.04276
1,400,9,2.0271,0,0.005839,0.006164,0.33333,0.00927,0.061707,0.135518,0.194554,0.20613,0.176995,0.129337,0.086488
1,401,10,1.7027,0,0.006065,0.006524,0.1,0.009842,0.065418,0.143149,0.203862,0.212347,0.175989,0.119551,0.069844
1,405,13,1.6058,1,0.006483,0.007698,0.0,0.012545,0.081836,0.172207,0.22965,0.216165,0.15465,0.087122,0.045824
1,408,10,2.926,1,0.007068,0.00914,0.0,0.009846,0.063708,0.133339,0.181664,0.187534,0.167713,0.140626,0.115571
1,409,9,2.2146,0,0.006266,0.007003,0.0,0.009372,0.061888,0.13425,0.190678,0.201878,0.176177,0.133109,0.092648
1,410,17,5.9224,1,0.006761,0.008919,0.0,0.016112,0.088158,0.147503,0.171505,0.164307,0.148272,0.136405,0.127737
1,411,31,3.7676,1,0.007105,0.010251,0.03226,0.027367,0.14257,0.215695,0.218223,0.171762,0.110677,0.06793,0.045777
1,416,8,290994.0109,0,0.006381,0.006955,0.0,0.008208,0.052541,0.108676,0.14964,0.165895,0.172675,0.175297,0.167067
2,1,14,2.1246,1,0.011002,0.016235,0.0,0.013205,0.084218,0.170145,0.215695,0.195616,0.144408,0.099739,0.076974
2,2,18,1.6243,1,0.01043,0.014256,0.05556,0.017362,0.108205,0.208296,0.243098,0.193152,0.117088,0.064993,0.047806
2,3,26,1.9902,1,0.009231,0.011636,0.11538,0.024827,0.145066,0.245645,0.236716,0.152858,0.089072,0.061971,0.043845
2,5,11,1.8098,1,0.010473,0.014046,0.0,0.010941,0.07177,0.153043,0.209682,0.20788,0.163802,0.109788,0.073094
2,6,15,1.5349,1,0.0104,0.013807,0.26667,0.014317,0.091757,0.186452,0.235673,0.206689,0.137477,0.077197,0.050437
2,7,18,1.2103,1,0.009917,0.012853,0.22222,0.017702,0.111741,0.21967,0.261207,0.204859,0.110117,0.043728,0.030977
2,9,72,2.4925,1,0.011974,0.020394,0.11111,0.05707,0.249267,0.286138,0.209237,0.104688,0.042683,0.025546,0.025372
2,10,53,2.022,1,0.012348,0.019426,0.07547,0.044979,0.234524,0.321667,0.229752,0.097368,0.030914,0.018582,0.022214
2,11,46,2.782,1,0.010175,0.014049,0.06522,0.039904,0.193095,0.271566,0.231537,0.120932,0.055336,0.042667,0.044963
2,13,9,3.7269,1,0.009746,0.01187,0.22222,0.009274,0.059442,0.122678,0.166019,0.175343,0.168397,0.157083,0.141763
2,14,10,1.7051,0,0.009314,0.010256,0.1,0.009783,0.065094,0.142731,0.203901,0.213214,0.177243,0.119933,0.068101
2,19,51,1.5328,1,0.01306,0.020028,0.27451,0.043123,0.230207,0.323592,0.227615,0.089949,0.034143,0.027792,0.023578
2,22,11,1.5594,1,0.00941,0.011173,0.27273,0.011918,0.077897,0.164727,0.22192,0.212849,0.157276,0.094459,0.058955
2,26,9,2.6126,1,0.009559,0.011827,0.22222,0.009426,0.06208,0.133658,0.186814,0.193193,0.166675,0.133844,0.11431
2,27,37,1.7139,1,0.011115,0.015902,0.08108,0.033383,0.188404,0.298,0.256192,0.132206,0.046377,0.020781,0.024658
2,28,64,2.2531,1,0.012239,0.020813,0.17188,0.052952,0.260843,0.324903,0.21256,0.089801,0.028238,0.013731,0.016973
2,30,30,1.3641,1,0.010658,0.014274,0.13333,0.027843,0.164382,0.281432,0.265507,0.145487,0.049874,0.027285,0.038191
2,31,11,1.8382,1,0.009545,0.011944,0.0,0.011197,0.073376,0.156069,0.212609,0.208508,0.161489,0.106101,0.070651
2,32,8,582289.8395,0,0.008923,0.009691,0.125,0.008506,0.053439,0.107311,0.144171,0.1603,0.171714,0.179184,0.175376
2,33,14,3.4854,1,0.009472,0.011636,0.07143,0.014101,0.086238,0.162685,0.193367,0.174674,0.143444,0.119291,0.1062
2,34,15,1.4133,1,0.009441,0.011858,0.33333,0.015472,0.098851,0.199517,0.248891,0.212136,0.131154,0.060977,0.033002
2,36,29,1.6627,1,0.010982,0.015554,0.13793,0.026804,0.158187,0.272743,0.26614,0.160747,0.064962,0.025514,0.024903
2,37,11,2.0529,0,0.008904,0.010183,0.0,0.011396,0.074329,0.156816,0.211723,0.206562,0.160796,0.107368,0.071009
2,39,8,1.0417,0,0.00985,0.010604,0.125,0.007686,0.052605,0.121741,0.188067,0.216458,0.198407,0.142402,0.072633
2,43,19,1.7818,1,0.009841,0.012363,0.15789,0.018335,0.113621,0.216404,0.248689,0.193258,0.112719,0.057868,0.039107
2,46,19,1.9543,1,0.009826,0.012494,0.05263,0.018328,0.111904,0.208445,0.236044,0.187269,0.119512,0.070548,0.04795
2,47,23,1.5692,1,0.009667,0.012706,0.04348,0.022087,0.133944,0.243756,0.259227,0.178796,0.08899,0.041294,0.031905
2,50,8,1.0235,0,0.008961,0.009992,0.125,0.007672,0.052514,0.121551,0.187829,0.21629,0.198422,0.142654,0.073068
2,51,30,3.157,1,0.010442,0.013332,0.3,0.026741,0.145121,0.225876,0.222899,0.172198,0.109288,0.060883,0.036994
2,52,15,1.8014,1,0.009381,0.011031,0.06667,0.015019,0.094967,0.188554,0.232345,0.201147,0.136676,0.080815,0.050477
2,53,13,2.2769,0,0.008898,0.0103,0.07692,0.01303,0.082882,0.167388,0.214533,0.200609,0.153654,0.102607,0.065296
2,54,21,1.5622,1,0.009766,0.012654,0.47619,0.020267,0.125004,0.235288,0.263287,0.192683,0.097811,0.038672,0.026988
2,55,46,4.4912,2,0.009681,0.012569,0.0,0.038122,0.155995,0.203126,0.214065,0.165438,0.108258,0.066383,0.048613
2,57,19,2.1336,1,0.009563,0.011413,0.15789,0.018189,0.108964,0.197474,0.220896,0.182699,0.130288,0.085558,0.055933
2,58,30,3.3459,1,0.010047,0.013884,0.1,0.027305,0.135019,0.211066,0.239626,0.182668,0.100972,0.056996,0.046349
2,63,10,1.515,0,0.009028,0.010519,0.1,0.010447,0.06927,0.150666,0.21189,0.215411,0.170902,0.108815,0.0626
2,64,61,4.1706,2,0.00986,0.013024,0.14754,0.04686,0.170919,0.222754,0.227685,0.159275,0.091207,0.048947,0.032353
2,65,59,2.584,1,0.010352,0.01514,0.30508,0.050989,0.244018,0.294606,0.199109,0.099177,0.045282,0.032224,0.034596
2,67,12,1.6007,1,0.010052,0.011512,0.0,0.011341,0.074602,0.159751,0.219472,0.216437,0.165687,0.100828,0.051882
2,69,64,2.9561,2,0.011509,0.020445,0.29688,0.049353,0.209025,0.275948,0.244316,0.117628,0.049755,0.029701,0.024274
2,71,8,1.9244,0,0.009175,0.010104,0.0,0.008417,0.056426,0.125689,0.184533,0.201882,0.181086,0.140429,0.101538
2,73,11,3.9766,0,0.009319,0.010698,0.18182,0.011364,0.071051,0.139622,0.175764,0.171199,0.155143,0.142885,0.132972
2,75,16,1.6552,1,0.009743,0.012323,0.1875,0.015638,0.099796,0.200929,0.249697,0.211965,0.131115,0.061308,0.029553
2,78,51,2.1519,1,0.01108,0.01649,0.21569,0.043662,0.222408,0.301441,0.233783,0.123257,0.041924,0.01436,0.019165
2,79,30,2.202,1,0.009952,0.012536,0.06667,0.028145,0.159157,0.256327,0.238162,0.155428,0.086745,0.045931,0.030104
2,81,8,1.9726,1,0.009345,0.010868,0.0,0.008634,0.057844,0.128566,0.187663,0.202813,0.178285,0.135635,0.10056
2,83,55,5.0347,2,0.009718,0.013509,0.14545,0.040952,0.143047,0.23228,0.246636,0.15628,0.087267,0.052105,0.041434
2,84,18,1.8183,1,0.009088,0.010857,0.05556,0.018017,0.110355,0.206616,0.235113,0.186794,0.118922,0.071307,0.052875
2,85,17,1.8874,1,0.00989,0.012647,0.05882,0.016391,0.102884,0.201135,0.241313,0.200377,0.127988,0.069524,0.040388
2,87,40,1.2576,1,0.011762,0.017428,0.225,0.035262,0.201672,0.3221,0.266321,0.111085,0.01983,0.015744,0.027985
2,88,28,1.515,1,0.011376,0.016485,0.07143,0.025671,0.153579,0.271154,0.271902,0.166406,0.06397,0.022002,0.025314
2,89,28,1.9449,1,0.010374,0.014312,0.07143,0.026538,0.154237,0.261018,0.255838,0.166268,0.079257,0.032088,0.024756
2,91,13,2.2034,0,0.009018,0.010448,0.38462,0.012959,0.082447,0.16627,0.21196,0.19667,0.151325,0.105766,0.072602
2,92,14,2.1232,0,0.009082,0.010277,0.0,0.014708,0.089693,0.168304,0.198826,0.178413,0.143915,0.112967,0.093173
2,94,58,3.7758,1,0.010176,0.013745,0.12069,0.048308,0.201371,0.239542,0.213251,0.142673,0.075074,0.043171,0.03661
2,95,19,5.7628,1,0.009467,0.011256,0.15789,0.016831,0.077612,0.132466,0.189229,0.191063,0.16412,0.130041,0.098639
2,98,43,2.508,1,0.010023,0.014173,0.13953,0.037214,0.179371,0.252179,0.223933,0.130163,0.074157,0.057156,0.045828
2,99,37,4.1087,2,0.009793,0.01164,0.21622,0.031822,0.151631,0.212549,0.220692,0.175767,0.109456,0.061169,0.036913
2,100,32,1.6662,1,0.010805,0.014676,0.21875,0.029573,0.171064,0.283352,0.260065,0.145931,0.056951,0.025728,0.027335
2,106,19,2.0161,1,0.010149,0.012444,0.05263,0.017567,0.108773,0.207184,0.239822,0.192613,0.123077,0.070812,0.040151
2,107,28,1.5323,1,0.010029,0.013914,0.17857,0.0264,0.156881,0.273596,0.269817,0.162016,0.061032,0.021525,0.028733
2,108,8,1.0404,0,0.009212,0.009863,0.125,0.007684,0.052591,0.121712,0.18803,0.216432,0.198409,0.14244,0.072702
2,109,38,2.2439,1,0.010106,0.013648,0.15789,0.034587,0.188199,0.284888,0.242625,0.132486,0.053306,0.028206,0.035703
2,110,135,5.4537,2,0.011518,0.01903,0.15556,0.079414,0.247641,0.287934,0.208815,0.099777,0.035416,0.018582,0.022422
2,114,22,1.4537,1,0.009599,0.011834,0.0,0.021984,0.13387,0.245513,0.263589,0.181963,0.086511,0.035279,0.031291
2,116,16,1.6868,1,0.009942,0.01192,0.375,0.015136,0.096613,0.194579,0.241991,0.206343,0.130962,0.069264,0.045111
2,117,10,1.6927,1,0.009896,0.011596,0.1,0.009709,0.064626,0.141814,0.20282,0.212436,0.177155,0.120927,0.070513
2,119,92,3.0416,1,0.012844,0.023576,0.20652,0.068106,0.278816,0.305892,0.202819,0.085631,0.028545,0.015063,0.015127
2,120,65,2.6619,2,0.011301,0.015757,0.15385,0.052837,0.224813,0.259756,0.208076,0.125328,0.062053,0.034908,0.032229
2,121,61,1.5316,1,0.011688,0.018621,0.08197,0.051747,0.267363,0.34806,0.209172,0.061661,0.021837,0.021534,0.018625
2,126,28,1.9448,1,0.009505,0.011857,0.25,0.026797,0.156244,0.26454,0.255554,0.158919,0.072106,0.033309,0.03253
2,129,64,1.8804,1,0.011242,0.017201,0.07812,0.053618,0.257525,0.309714,0.20088,0.091643,0.037492,0.023888,0.02524
2,130,21,1.5678,1,0.01,0.012882,0.04762,0.020591,0.126761,0.237613,0.264118,0.191555,0.096412,0.037791,0.025159
2,131,76,2.1838,1,0.011785,0.019414,0.21053,0.061814,0.288461,0.325919,0.190331,0.073262,0.02526,0.017514,0.017439
2,134,84,2.6035,1,0.013093,0.02185,0.08333,0.064908,0.281883,0.309539,0.19627,0.078302,0.030006,0.021177,0.017915
2,137,59,1.9082,1,0.011567,0.020483,0.32203,0.047875,0.235146,0.310832,0.232272,0.097352,0.029657,0.023083,0.023783
2,139,14,1.7093,1,0.009407,0.011234,0.14286,0.013972,0.089517,0.182004,0.231108,0.205707,0.14155,0.083195,0.052948
2,140,27,2.2691,1,0.009966,0.013359,0.18519,0.025753,0.148442,0.247013,0.237016,0.155974,0.088402,0.054456,0.042943
2,141,15,2.4085,1,0.009498,0.011154,0.4,0.014862,0.09216,0.178063,0.216467,0.193367,0.144433,0.096863,0.063787
2,142,26,2.3833,1,0.009193,0.011135,0.07692,0.025077,0.142366,0.231272,0.219919,0.154928,0.104252,0.071312,0.050874
2,143,32,3.6735,1,0.009153,0.011271,0.0625,0.02821,0.13554,0.193571,0.207506,0.180188,0.127742,0.079727,0.047515
2,144,77,3.5901,2,0.010929,0.016291,0.23377,0.060039,0.229628,0.255069,0.229507,0.116452,0.04606,0.027753,0.035491
2,145,37,2.7506,1,0.010231,0.012807,0.08108,0.032753,0.171317,0.248005,0.219941,0.150005,0.087267,0.053501,0.037211
2,146,12,2.1591,0,0.008941,0.009914,0.5,0.011803,0.075995,0.157135,0.208568,0.203799,0.163278,0.111798,0.067624
2,147,11,2.1411,0,0.009041,0.00984,0.09091,0.011034,0.071832,0.151612,0.206771,0.207315,0.168163,0.114256,0.069018
2,150,9,1.6911,1,0.0093,0.010924,0.0,0.009905,0.065565,0.1422,0.199529,0.203813,0.167029,0.119973,0.091985
2,152,11,1.5585,1,0.009415,0.01141,0.18182,0.011913,0.07789,0.164802,0.222118,0.212999,0.157153,0.094151,0.058973
2,154,64,2.7081,1,0.014025,0.024778,0.35938,0.048511,0.229354,0.295509,0.225922,0.112201,0.043459,0.022138,0.022906
2,155,14,1.751,1,0.009309,0.011102,0.0,0.013484,0.086962,0.178999,0.23109,0.20914,0.144912,0.083683,0.051729
2,156,11,2.5746,0,0.009159,0.010084,0.09091,0.011282,0.072035,0.146926,0.192794,0.190036,0.161473,0.127513,0.097941
2,157,25,1.5483,1,0.010369,0.014314,0.04,0.023378,0.138985,0.243786,0.246959,0.163755,0.085094,0.050649,0.047393
2,159,10,2.2864,0,0.008737,0.009815,0.0,0.010313,0.067227,0.142095,0.194121,0.196467,0.166308,0.127875,0.095595
2,160,49,1.6287,1,0.011216,0.016721,0.16327,0.043205,0.232353,0.33159,0.23746,0.089755,0.021719,0.016954,0.026965
2,161,67,2.9454,2,0.010163,0.014448,0.20896,0.053603,0.211375,0.233914,0.212895,0.137625,0.072628,0.04252,0.035439
2,162,36,1.924,1,0.011046,0.015542,0.05556,0.032555,0.182866,0.287235,0.247748,0.135893,0.058416,0.028444,0.026843
2,163,17,2.9806,1,0.011083,0.016125,0.0,0.015596,0.093911,0.174249,0.206667,0.186613,0.144947,0.103374,0.074643
2,164,22,1.3875,1,0.009996,0.012538,0.22727,0.021749,0.132618,0.24384,0.262552,0.181365,0.085883,0.036355,0.035638
2,165,15,1.8059,1,0.009473,0.01101,0.4,0.014452,0.092462,0.187332,0.236047,0.206804,0.138104,0.077492,0.047307
2,166,24,1.4491,1,0.009606,0.012315,0.16667,0.022984,0.139146,0.251358,0.261175,0.170062,0.077164,0.038967,0.039143
2,167,84,2.5081,1,0.011104,0.01567,0.08333,0.067638,0.278841,0.279745,0.189554,0.091961,0.037868,0.028158,0.026236
2,168,43,3.2634,1,0.010168,0.014034,0.04651,0.036725,0.172361,0.245021,0.242296,0.144753,0.068146,0.047672,0.043027
2,170,11,1.5004,1,0.009687,0.011599,0.63636,0.011318,0.07468,0.160793,0.222243,0.219637,0.166144,0.096908,0.048277
2,172,27,2.1738,1,0.01005,0.012531,0.22222,0.02526,0.147001,0.2481,0.240384,0.157355,0.088763,0.055308,0.037829
2,173,29,4.8928,1,0.009264,0.010963,0.2069,0.0255,0.115925,0.173358,0.20633,0.185064,0.138012,0.091221,0.064591
2,175,41,1.8096,1,0.010798,0.015723,0.29268,0.036968,0.204585,0.309727,0.246342,0.11405,0.03886,0.022293,0.027176
2,178,11,1.6938,0,0.009265,0.010625,0.27273,0.010973,0.072276,0.155211,0.21431,0.21325,0.166243,0.105894,0.061843
2,182,10,3.045,0,0.008746,0.009714,0.0,0.011054,0.070166,0.142228,0.187059,0.187474,0.163183,0.131907,0.106928
2,183,38,1.9098,1,0.010689,0.014506,0.26316,0.033611,0.187055,0.287141,0.236956,0.124609,0.060794,0.039976,0.029858
2,185,35,1.4739,1,0.010212,0.013382,0.2,0.032511,0.185782,0.297927,0.25379,0.122441,0.04232,0.030395,0.034834
2,186,32,4.4049,2,0.009988,0.011697,0.4375,0.027658,0.132991,0.193181,0.210418,0.182849,0.131743,0.079445,0.041715
2,190,42,1.9799,1,0.010309,0.014373,0.30952,0.037674,0.200205,0.289248,0.230429,0.118331,0.049656,0.033902,0.040554
2,191,34,4.7614,2,0.009788,0.01256,0.23529,0.029212,0.128333,0.183173,0.211003,0.184342,0.138961,0.079523,0.045454
2,192,30,1.4422,1,0.010559,0.013876,0.06667,0.027451,0.162499,0.279923,0.267387,0.150152,0.053076,0.026013,0.033499
2,193,90,2.0172,1,0.012794,0.020735,0.07778,0.071048,0.321408,0.336721,0.170176,0.051756,0.016164,0.01695,0.015778
2,195,60,1.8967,1,0.011949,0.019548,0.08333,0.050343,0.252804,0.322771,0.212707,0.088963,0.029977,0.01955,0.022885
2,196,19,1.2591,1,0.009659,0.012608,0.26316,0.018788,0.118009,0.229573,0.267943,0.2032,0.101898,0.034845,0.025744
2,197,50,7.4785,2,0.009525,0.01259,0.18,0.032927,0.118416,0.22341,0.218884,0.175366,0.110146,0.066201,0.05465
2,199,22,1.8833,1,0.009816,0.011866,0.09091,0.02056,0.124447,0.226482,0.244156,0.178651,0.10484,0.060468,0.040397
2,200,8,1.8677,0,0.009209,0.010345,0.0,0.008351,0.056076,0.125309,0.184784,0.203064,0.182492,0.140593,0.099332
2,202,21,1.4053,1,0.009722,0.012035,0.2381,0.020673,0.127872,0.24132,0.268784,0.191373,0.089646,0.031882,0.028449
2,203,152,2.9249,2,0.013237,0.0285,0.05921,0.091747,0.242921,0.277303,0.220348,0.082244,0.034284,0.026581,0.024572
2,204,19,1.8292,1,0.011974,0.018537,0.15789,0.017555,0.108237,0.204889,0.235736,0.187988,0.118923,0.07186,0.054813
2,205,11,2.0034,0,0.008959,0.009891,0.0,0.011426,0.074592,0.157622,0.213154,0.207963,0.16107,0.105854,0.068319
2,207,20,1.3631,1,0.010301,0.013515,0.0,0.019805,0.123444,0.23664,0.270354,0.199601,0.096917,0.031362,0.021877
2,208,39,1.4078,1,0.011397,0.018054,0.25641,0.034583,0.196097,0.311206,0.262425,0.121319,0.030223,0.016448,0.027698
2,210,14,1.8922,1,0.009346,0.011186,0.07143,0.014059,0.089903,0.182254,0.230775,0.20512,0.141022,0.082762,0.054106
2,211,15,1.8307,1,0.009489,0.011539,0.2,0.014987,0.095181,0.190353,0.236109,0.204071,0.135611,0.07654,0.047147
2,212,8,3.3093,0,0.008681,0.009198,0.0,0.008554,0.053842,0.108117,0.144272,0.158559,0.169859,0.179918,0.176879
2,214,27,3.3347,1,0.013364,0.021777,0.18519,0.022826,0.128558,0.210122,0.209937,0.159905,0.11318,0.085472,0.070001
2,216,27,2.0547,1,0.010473,0.014232,0.07407,0.025129,0.145749,0.248295,0.250722,0.171967,0.087675,0.039519,0.030944
2,218,10,1.7293,0,0.009134,0.00997,0.4,0.009867,0.065562,0.143368,0.203975,0.212208,0.175677,0.119336,0.070008
2,219,26,4.3218,1,0.009321,0.011864,0.19231,0.023805,0.111109,0.160037,0.197123,0.191394,0.144643,0.102516,0.069374
2,220,49,2.1451,1,0.010603,0.014599,0.20408,0.04327,0.222437,0.303686,0.230304,0.114008,0.038203,0.019095,0.028996
2,223,19,1.924,1,0.009732,0.011775,0.10526,0.018519,0.114059,0.214822,0.24373,0.18921,0.114805,0.063676,0.04118
2,226,29,1.8006,1,0.009947,0.012964,0.24138,0.027555,0.159091,0.264995,0.252422,0.15858,0.075361,0.033241,0.028756
2,227,14,3.3097,0,0.00886,0.009591,0.07143,0.013894,0.083799,0.156134,0.188404,0.179814,0.155572,0.125757,0.096626
2,228,35,3.1084,1,0.009354,0.011713,0.31429,0.031584,0.156292,0.228277,0.227756,0.155996,0.086469,0.061213,0.052413
2,229,33,1.6797,1,0.009778,0.012666,0.18182,0.031062,0.177274,0.286313,0.253292,0.135289,0.051012,0.028393,0.037365
2,230,11,1.6916,1,0.009437,0.010942,0.18182,0.010624,0.070249,0.152065,0.212669,0.215395,0.171154,0.109193,0.05865
2,231,10,1.5317,1,0.009238,0.011533,0.1,0.010625,0.070321,0.152379,0.213028,0.214817,0.168873,0.107058,0.062899
2,234,20,1.6857,1,0.009621,0.012179,0.1,0.019498,0.120491,0.227605,0.256253,0.190097,0.101279,0.047665,0.037112
2,235,36,1.7379,1,0.010285,0.013614,0.19444,0.033162,0.187545,0.296383,0.251187,0.124849,0.04524,0.02862,0.033013
2,236,32,1.9599,1,0.010024,0.012509,0.25,0.030363,0.170615,0.27205,0.24802,0.150767,0.068956,0.029984,0.029245
2,237,40,1.2622,1,0.012021,0.017752,0.35,0.034543,0.19777,0.316758,0.263998,0.113499,0.024192,0.01889,0.030349
2,240,56,1.8477,1,0.01195,0.018065,0.17857,0.047948,0.2455,0.324996,0.223066,0.092709,0.027241,0.015971,0.022569
2,241,23,2.2667,1,0.010083,0.013091,0.30435,0.022297,0.13111,0.227947,0.236522,0.173727,0.106059,0.060358,0.041979
2,243,12,1.4631,0,0.008939,0.010272,0.0,0.012405,0.081206,0.172022,0.231483,0.219699,0.15679,0.084895,0.041501
2,244,29,1.615,1,0.010011,0.012583,0.06897,0.027268,0.159753,0.270671,0.255605,0.148163,0.063175,0.036852,0.038513
2,245,31,1.3651,1,0.010826,0.01572,0.22581,0.028641,0.169036,0.289522,0.27357,0.148461,0.044288,0.016174,0.030307
2,246,18,2.6065,1,0.010168,0.012068,0.22222,0.016523,0.09914,0.182172,0.213701,0.193727,0.15078,0.096486,0.047471
2,247,58,1.9322,1,0.01072,0.015643,0.01724,0.049977,0.244324,0.304399,0.205723,0.094996,0.039832,0.02906,0.031689
2,248,16,1.3323,1,0.009417,0.011369,0.1875,0.015908,0.101789,0.205654,0.255538,0.213877,0.125734,0.052781,0.028718
2,249,15,2.2592,1,0.009998,0.012535,0.2,0.014795,0.09274,0.181866,0.22257,0.195598,0.14032,0.090968,0.061143
2,250,10,2.037,0,0.009208,0.010326,0.3,0.01046,0.068923,0.148234,0.205617,0.207152,0.166713,0.114829,0.078073
2,252,9,2.2356,1,0.009622,0.012387,0.0,0.009271,0.061224,0.132583,0.187193,0.196358,0.171381,0.135362,0.106628
2,254,34,3.0215,2,0.009443,0.011481,0.20588,0.031258,0.154698,0.215984,0.212612,0.174221,0.112138,0.061372,0.037718
2,255,23,2.2613,1,0.010299,0.01276,0.08696,0.02119,0.126423,0.224837,0.237702,0.175206,0.107856,0.064432,0.042354
2,257,25,2.4339,1,0.009156,0.011172,0.12,0.023939,0.135327,0.222216,0.224125,0.172824,0.114372,0.065345,0.041852
2,258,8,2.5649,0,0.008772,0.00948,0.0,0.008657,0.057296,0.124883,0.179061,0.193585,0.176953,0.145909,0.113656
2,259,17,2.5472,1,0.009634,0.011631,0.11765,0.01647,0.100318,0.187966,0.221203,0.194244,0.143816,0.089293,0.04669
2,262,11,2.4411,1,0.009312,0.011207,0.18182,0.011455,0.07331,0.149693,0.194977,0.187619,0.154302,0.123,0.105644
2,263,21,2.0934,1,0.009541,0.011949,0.19048,0.020233,0.120945,0.216865,0.234816,0.181233,0.116775,0.068478,0.040655
2,264,15,1.6239,1,0.00987,0.011265,0.2,0.014557,0.093494,0.190596,0.241426,0.210655,0.136229,0.070561,0.042481
2,266,13,2.1538,0,0.009047,0.010029,0.15385,0.012705,0.080994,0.164275,0.212079,0.20091,0.157191,0.106876,0.064969
2,269,23,2.4292,1,0.010558,0.014197,0.0,0.021377,0.126506,0.222088,0.232517,0.173007,0.110709,0.068783,0.045012
2,271,12,1.2329,1,0.009527,0.011287,0.16667,0.012099,0.078898,0.165962,0.221461,0.209613,0.153679,0.094919,0.063369
2,273,21,2.2609,1,0.010348,0.013459,0.04762,0.019613,0.11813,0.2146,0.235375,0.18176,0.115052,0.068481,0.046988
2,274,47,1.876,1,0.011008,0.017283,0.10638,0.040817,0.214373,0.301351,0.230058,0.110845,0.040967,0.028082,0.033507
2,276,34,1.6727,1,0.010805,0.015537,0.29412,0.030938,0.177599,0.289013,0.255839,0.133276,0.047407,0.028092,0.037836
2,278,43,3.1896,1,0.009699,0.013082,0.16279,0.037747,0.175724,0.237155,0.229447,0.150954,0.076085,0.051816,0.041071
2,279,12,1.9206,1,0.009442,0.011209,0.08333,0.012072,0.078269,0.163144,0.216058,0.205294,0.155178,0.101791,0.068195
2,281,20,1.757,1,0.009559,0.011499,0.25,0.019288,0.11905,0.224826,0.254505,0.192649,0.106783,0.049853,0.033045
2,282,33,1.4354,1,0.010543,0.01464,0.27273,0.030826,0.17936,0.298372,0.268865,0.136441,0.039187,0.018164,0.028786
2,284,48,2.1193,1,0.010581,0.014548,0.14583,0.042386,0.221142,0.306873,0.231334,0.11204,0.040006,0.02102,0.0252
2,285,47,2.805,1,0.009692,0.013376,0.25532,0.041282,0.196955,0.243904,0.195314,0.139987,0.086783,0.054265,0.04151
2,289,39,2.691,1,0.009714,0.014097,0.10256,0.034064,0.167497,0.252772,0.239293,0.143489,0.065543,0.04571,0.051632
2,292,76,2.4368,1,0.011798,0.018299,0.06579,0.061538,0.280304,0.312481,0.18335,0.07393,0.032844,0.027492,0.028061
2,293,14,2.1385,0,0.009335,0.010295,0.21429,0.014087,0.089565,0.179812,0.225425,0.200057,0.140868,0.088416,0.061769
2,295,47,1.1995,1,0.012644,0.021725,0.19149,0.039902,0.22166,0.333392,0.249649,0.091182,0.020459,0.021871,0.021884
2,297,22,1.6985,1,0.009884,0.013592,0.0,0.021482,0.130607,0.239873,0.261106,0.187692,0.095878,0.038465,0.024896
2,298,83,3.2887,2,0.010331,0.01454,0.19277,0.062138,0.215179,0.265253,0.2365,0.108472,0.047469,0.034781,0.030209
2,300,52,2.5635,1,0.010291,0.013651,0.09615,0.044462,0.19893,0.242415,0.21631,0.14907,0.07805,0.041418,0.029345
2,301,63,2.6795,2,0.009425,0.011783,0.19048,0.047367,0.145561,0.181449,0.214615,0.156416,0.11449,0.079561,0.060542
2,302,84,3.5691,2,0.011378,0.017027,0.17857,0.064191,0.241469,0.273584,0.228936,0.114344,0.041187,0.016013,0.020276
2,303,25,5.4707,1,0.009475,0.011449,0.16,0.023084,0.119339,0.170283,0.159817,0.144647,0.135294,0.126461,0.121074
2,304,30,1.9084,1,0.010928,0.01518,0.13333,0.027124,0.156416,0.260049,0.247079,0.154623,0.075668,0.040783,0.038257
2,306,38,2.1205,1,0.010577,0.01432,0.39474,0.034511,0.18812,0.284426,0.241889,0.134017,0.055513,0.028752,0.032773
2,310,13,1.3588,1,0.00933,0.011897,0.23077,0.013511,0.08779,0.183138,0.240256,0.219243,0.14734,0.073226,0.035495
2,311,17,2.1684,1,0.0093,0.010846,0.11765,0.016469,0.102525,0.197421,0.23247,0.191157,0.12626,0.078375,0.055323
2,318,9,1.4621,1,0.01026,0.011868,0.22222,0.008799,0.059214,0.132749,0.196103,0.21417,0.186717,0.130664,0.071583
2,320,9,1.4652,0,0.008971,0.010734,0.11111,0.009765,0.065104,0.143167,0.204854,0.213505,0.175353,0.117127,0.071125
2,321,44,1.296,1,0.011517,0.01805,0.36364,0.038284,0.214125,0.327364,0.253822,0.09977,0.022866,0.019963,0.023807
2,328,36,1.5624,1,0.01085,0.014871,0.30556,0.032763,0.184931,0.291539,0.248164,0.128604,0.05232,0.030666,0.031014
2,329,11,1.6975,1,0.009688,0.01088,0.18182,0.010989,0.072386,0.155464,0.214681,0.213592,0.166338,0.105536,0.061013
2,331,47,4.6927,1,0.010409,0.015725,0.12766,0.036671,0.14627,0.214115,0.227056,0.179592,0.112874,0.052894,0.030528
2,332,44,2.0282,1,0.010756,0.015003,0.36364,0.038884,0.2077,0.299001,0.233174,0.11679,0.046332,0.027034,0.031086
2,333,33,3.8512,1,0.009634,0.011941,0.36364,0.029184,0.142567,0.20144,0.20316,0.162646,0.116749,0.085174,0.05908
2,335,13,1.9315,1,0.009389,0.011605,0.15385,0.012532,0.080667,0.165965,0.216287,0.203031,0.153965,0.102595,0.064958
2,336,28,3.2783,2,0.009691,0.012405,0.17857,0.025714,0.126177,0.179952,0.204852,0.202078,0.138157,0.072593,0.050477
2,338,21,1.477,1,0.010222,0.012918,0.0,0.020151,0.124507,0.234784,0.262479,0.190801,0.096363,0.040468,0.030445
2,340,53,2.6968,1,0.010939,0.015539,0.07547,0.0458,0.217613,0.273206,0.219282,0.13588,0.060162,0.023947,0.02411
2,341,14,4.966,0,0.009257,0.010544,0.21429,0.01367,0.071241,0.123282,0.17285,0.189451,0.168663,0.142606,0.118237
2,345,22,3.3115,1,0.00954,0.011351,0.09091,0.021318,0.118469,0.194229,0.208044,0.178995,0.131046,0.086131,0.061769
2,347,23,1.6642,1,0.010055,0.013697,0.04348,0.022128,0.134167,0.244563,0.261684,0.182017,0.088922,0.036905,0.029616
2,348,18,1.9555,1,0.010303,0.0122,0.05556,0.017359,0.10802,0.20745,0.241855,0.193286,0.119619,0.067253,0.045158
2,349,17,2.3697,1,0.009618,0.011548,0.17647,0.016705,0.102619,0.19403,0.226646,0.190286,0.13155,0.082649,0.055516
2,350,41,1.9338,1,0.011214,0.016439,0.04878,0.036301,0.199833,0.301747,0.245446,0.124459,0.047323,0.020535,0.024356
2,351,10,1.5414,1,0.009193,0.010795,0.0,0.010535,0.069786,0.151476,0.212322,0.214857,0.169597,0.107922,0.063503
2,353,9,1.7548,1,0.009646,0.012403,0.44444,0.009055,0.060539,0.134019,0.194416,0.208047,0.179336,0.129747,0.084841
2,355,34,1.3983,1,0.012085,0.018519,0.11765,0.030423,0.177188,0.295682,0.269051,0.140726,0.043657,0.017828,0.025444
2,357,9,2.7694,0,0.008957,0.01005,0.33333,0.00977,0.062563,0.12892,0.173863,0.181469,0.168812,0.148482,0.126121
2,358,43,4.7103,2,0.010517,0.014814,0.23256,0.034535,0.139196,0.228814,0.252923,0.163591,0.096589,0.046912,0.03744
2,360,34,5.1448,2,0.009624,0.011504,0.38235,0.029024,0.1282,0.18174,0.211688,0.184582,0.129465,0.081234,0.054066
2,362,39,1.8447,1,0.010331,0.015266,0.38462,0.035691,0.197414,0.300519,0.245033,0.120337,0.043471,0.024883,0.032652
2,363,34,1.6606,1,0.010895,0.016093,0.17647,0.031033,0.178305,0.290358,0.257158,0.135953,0.051982,0.027792,0.027419
2,364,14,2.7893,0,0.00891,0.009788,0.07143,0.013834,0.085446,0.165268,0.205389,0.193848,0.155852,0.109655,0.070708
2,366,11,1.8746,0,0.008805,0.009798,0.09091,0.011883,0.077574,0.163674,0.219903,0.210795,0.157175,0.097208,0.061788
2,367,12,1.4758,1,0.009468,0.011568,0.33333,0.012219,0.080056,0.169884,0.229362,0.219016,0.158132,0.087562,0.043769
2,368,40,2.3475,1,0.010753,0.014894,0.325,0.035788,0.19084,0.280263,0.232577,0.129323,0.062113,0.037988,0.031108
2,369,18,3.1514,0,0.00874,0.009728,0.16667,0.017703,0.103668,0.180729,0.195638,0.166505,0.136516,0.111077,0.088164
2,371,14,1.4994,1,0.010243,0.011908,0.0,0.013598,0.088155,0.183051,0.238446,0.215853,0.145093,0.075371,0.040432
2,372,90,5.1362,3,0.010224,0.013633,0.13333,0.057524,0.168987,0.218321,0.225711,0.163896,0.087516,0.042924,0.035121
2,373,10,1.6958,1,0.009412,0.010834,0.1,0.009775,0.065041,0.142597,0.203657,0.212877,0.176958,0.120056,0.069039
2,376,68,2.1349,2,0.012624,0.019222,0.08824,0.055194,0.255134,0.290635,0.191171,0.102143,0.04987,0.029919,0.025934
2,377,24,1.6458,1,0.00955,0.012252,0.29167,0.023021,0.138891,0.250155,0.261576,0.175457,0.082996,0.036423,0.031479
2,379,34,3.1931,1,0.009629,0.013381,0.11765,0.031365,0.161486,0.233271,0.213609,0.149447,0.091696,0.064796,0.05433
2,381,27,4.6062,1,0.009566,0.012848,0.07407,0.023894,0.116846,0.180819,0.211761,0.180548,0.129063,0.088169,0.068899
2,382,29,2.3139,1,0.010955,0.016282,0.0,0.02545,0.142389,0.228767,0.221896,0.16226,0.105585,0.066948,0.046704
2,383,13,2.0083,0,0.009178,0.010506,0.07692,0.013049,0.083645,0.170484,0.218397,0.199479,0.146522,0.097978,0.070446
2,384,53,1.67,1,0.011767,0.018068,0.15094,0.045406,0.239925,0.33165,0.22931,0.087848,0.02596,0.018122,0.021779
2,385,14,5.6203,1,0.009891,0.012596,0.0,0.013833,0.081509,0.146911,0.173577,0.167588,0.151391,0.136283,0.128908
2,386,16,666087.4507,1,0.009278,0.011275,0.1875,0.015126,0.075343,0.119877,0.152938,0.163496,0.158355,0.157257,0.157609
2,388,21,1.752,1,0.010634,0.015099,0.14286,0.01939,0.117264,0.213753,0.232396,0.172787,0.104635,0.070852,0.068922
2,391,27,2.5281,1,0.009342,0.011159,0.22222,0.025442,0.145805,0.239548,0.22644,0.151973,0.09661,0.066464,0.047718
2,392,50,1.6534,1,0.011326,0.017521,0.1,0.04345,0.233282,0.330895,0.232964,0.086127,0.025351,0.023086,0.024845
2,396,9,1.459,0,0.008738,0.010082,0.44444,0.009919,0.066069,0.144996,0.206736,0.21421,0.174275,0.114766,0.069028
2,397,10,1.6974,0,0.00912,0.009801,0.1,0.009819,0.065283,0.142933,0.203743,0.212505,0.176382,0.119827,0.069509
2,398,9,451720.4957,1,0.009921,0.012541,0.0,0.009307,0.058839,0.118633,0.156629,0.164125,0.162377,0.163685,0.166405
2,399,26,1.4542,1,0.011676,0.016717,0.03846,0.023656,0.143354,0.259759,0.271631,0.177035,0.074146,0.025262,0.025155
2,401,31,2.0412,1,0.010991,0.014935,0.09677,0.027926,0.15739,0.25555,0.245189,0.16181,0.080187,0.037822,0.034126
2,403,10,2.1443,1,0.009952,0.012658,0.1,0.010161,0.066719,0.142632,0.196636,0.198268,0.163686,0.123079,0.098819
2,404,11,3.6031,0,0.00929,0.010699,0.0,0.011086,0.068577,0.132943,0.167562,0.169614,0.163462,0.153169,0.133587
2,405,30,2.5384,1,0.010125,0.014378,0.0,0.027479,0.150133,0.233597,0.22015,0.153793,0.09508,0.064024,0.055744
2,406,8,1.6839,1,0.009481,0.011361,0.125,0.008345,0.056157,0.125915,0.186212,0.204527,0.182438,0.138579,0.097827
2,408,23,2.6923,1,0.009967,0.01237,0.08696,0.021538,0.125878,0.217351,0.226749,0.173585,0.11538,0.071468,0.04805
2,409,10,3.5678,1,0.01036,0.013165,0.0,0.010223,0.065342,0.133612,0.176499,0.177835,0.160717,0.144235,0.131539
2,410,13,2.1981,1,0.010252,0.013599,0.0,0.012875,0.082385,0.167753,0.215748,0.199669,0.149365,0.100161,0.072045
2,411,15,2.6338,1,0.009671,0.011463,0.13333,0.015092,0.092248,0.174295,0.208154,0.186773,0.144295,0.102898,0.076245
3,3,11,6.2223,1,0.00785,0.009283,0.27273,0.011365,0.063627,0.112908,0.149115,0.166146,0.163619,0.165025,0.168196
3,4,24,1.6233,1,0.008201,0.010531,0.08333,0.023146,0.140518,0.255704,0.269635,0.178654,0.077322,0.02757,0.027451
3,7,22,2.3622,1,0.008563,0.011176,0.31818,0.020768,0.124027,0.220839,0.233589,0.172464,0.108309,0.069702,0.050302
3,9,24,2.2679,1,0.008992,0.011982,0.125,0.021994,0.130367,0.227897,0.232578,0.163487,0.101181,0.069543,0.052953
3,10,44,2.5,1,0.009359,0.013685,0.13636,0.038079,0.19455,0.2665,0.216683,0.135298,0.071633,0.042518,0.034739
3,17,39,1.3615,1,0.00901,0.012853,0.07692,0.035432,0.200759,0.31531,0.255787,0.107599,0.025855,0.023878,0.035381
3,18,46,1.7099,1,0.009712,0.014981,0.17391,0.040234,0.215321,0.311293,0.239328,0.107626,0.034476,0.023417,0.028307
3,20,35,2.2965,1,0.008758,0.011212,0.25714,0.032,0.175199,0.267143,0.234206,0.146425,0.077119,0.038125,0.029784
3,22,35,1.2866,1,0.009587,0.013496,0.25714,0.031439,0.18316,0.304266,0.270089,0.129083,0.030839,0.017785,0.033339
3,24,21,6.0994,1,0.008189,0.009815,0.19048,0.018978,0.092712,0.14285,0.179821,0.179467,0.150672,0.127672,0.107828
3,26,17,1.4783,1,0.008458,0.010956,0.11765,0.016912,0.107402,0.213813,0.259719,0.21072,0.119022,0.047578,0.024836
3,27,34,1.7586,1,0.008845,0.011965,0.26471,0.031447,0.17928,0.287998,0.251171,0.131807,0.05222,0.032017,0.03406
3,28,8,3.4262,0,0.00758,0.008308,0.0,0.008884,0.056168,0.113675,0.152421,0.16494,0.168742,0.170022,0.165147
3,29,32,2.6458,1,0.008556,0.01183,0.03125,0.029469,0.158895,0.24327,0.225939,0.154819,0.0918,0.05437,0.041438
3,30,36,2.812,1,0.008309,0.010282,0.02778,0.033602,0.171962,0.244277,0.22291,0.158597,0.088996,0.046679,0.032977
3,32,57,1.9109,1,0.010597,0.017459,0.33333,0.047905,0.247964,0.330475,0.221568,0.08944,0.029271,0.013994,0.019382
3,33,28,1.9683,1,0.008171,0.010158,0.07143,0.026259,0.151796,0.254141,0.246039,0.161028,0.083712,0.042662,0.034363
3,34,25,2.592,1,0.007907,0.009552,0.2,0.023473,0.131665,0.21676,0.224302,0.175389,0.113484,0.067904,0.047024
3,36,29,1.8626,1,0.008839,0.011934,0.10345,0.026978,0.156251,0.262467,0.254226,0.163076,0.077829,0.033084,0.02609
3,37,15,1.7446,1,0.008157,0.010109,0.33333,0.015456,0.097723,0.193546,0.235971,0.198667,0.128397,0.074452,0.055788
3,42,42,2.0084,1,0.009454,0.012967,0.11905,0.037729,0.200755,0.288791,0.231731,0.12951,0.059109,0.026776,0.0256
3,43,30,1.737,1,0.009236,0.013251,0.26667,0.027582,0.161539,0.27438,0.261977,0.15482,0.063302,0.02814,0.028259
3,45,15,2.4597,1,0.00838,0.01031,0.0,0.014836,0.092445,0.180088,0.220671,0.196993,0.144263,0.092495,0.058208
3,47,103,3.0173,2,0.009718,0.016061,0.21359,0.074023,0.25103,0.283603,0.22226,0.087896,0.035456,0.022069,0.023663
3,49,58,3.5146,1,0.009049,0.013307,0.2069,0.046977,0.207529,0.266714,0.21736,0.125522,0.061672,0.039334,0.034892
3,50,13,1.4794,1,0.008032,0.010451,0.30769,0.01295,0.083864,0.173951,0.226984,0.208058,0.146411,0.087494,0.060287
3,52,15,3.4158,0,0.007843,0.008927,0.13333,0.015161,0.090158,0.163384,0.19008,0.175339,0.146684,0.117242,0.101953
3,53,18,1.5013,1,0.008508,0.011499,0.27778,0.01819,0.11426,0.222683,0.262027,0.203925,0.109789,0.043019,0.026107
3,54,37,2.8701,1,0.008993,0.011886,0.13514,0.032428,0.164947,0.236722,0.22225,0.158752,0.090474,0.053618,0.040809
3,56,19,2.2155,1,0.008188,0.010427,0.0,0.018151,0.111074,0.206648,0.230816,0.178431,0.114734,0.077479,0.062667
3,57,10,2.311,0,0.007367,0.007905,0.2,0.010404,0.067529,0.141574,0.191325,0.191947,0.16334,0.130185,0.103696
3,58,8,2.3908,0,0.007563,0.008229,0.375,0.00843,0.056192,0.123855,0.179338,0.193989,0.175193,0.143915,0.119088
3,60,35,4.1725,2,0.008153,0.010302,0.17143,0.030072,0.130789,0.189791,0.219244,0.180246,0.121336,0.075811,0.052711
3,61,17,1.8663,1,0.008082,0.009641,0.17647,0.016462,0.103428,0.202265,0.241699,0.197896,0.123503,0.068299,0.046449
3,62,21,2.3219,1,0.007833,0.009415,0.04762,0.021159,0.126057,0.223579,0.235283,0.17174,0.104143,0.064595,0.053444
3,65,36,2.3635,1,0.008405,0.010004,0.05556,0.032957,0.175194,0.253652,0.214608,0.143264,0.08703,0.04935,0.043946
3,66,47,3.356,1,0.008196,0.011008,0.2766,0.040747,0.185218,0.243723,0.223913,0.15392,0.082355,0.040443,0.029682
3,67,52,1.9383,1,0.01135,0.020069,0.09615,0.04317,0.229039,0.321711,0.234195,0.102222,0.034286,0.016888,0.01849
3,68,17,1.3623,1,0.008113,0.009636,0.17647,0.016984,0.107824,0.214366,0.259315,0.208175,0.115142,0.046493,0.031701
3,70,22,1.3603,1,0.008677,0.011538,0.13636,0.021033,0.130293,0.246398,0.274489,0.193593,0.086468,0.025544,0.022182
3,71,34,2.0527,1,0.009028,0.012306,0.17647,0.031031,0.173286,0.27109,0.238252,0.142457,0.073153,0.039673,0.031058
3,72,10,1.3095,1,0.008021,0.009603,0.3,0.010754,0.071247,0.1546,0.216218,0.217237,0.1684,0.103153,0.05839
3,77,20,1.6689,1,0.008541,0.010735,0.25,0.019578,0.12115,0.229475,0.25936,0.193103,0.101918,0.044212,0.031204
3,78,30,2.2939,1,0.009056,0.012053,0.13333,0.027225,0.154933,0.25204,0.236264,0.155512,0.091082,0.052952,0.029992
3,79,31,5.1537,1,0.007876,0.009994,0.06452,0.025682,0.105776,0.172135,0.19864,0.177454,0.139465,0.103645,0.077203
3,80,22,2.1033,1,0.0083,0.010375,0.13636,0.021221,0.126486,0.22396,0.234163,0.170308,0.106737,0.068993,0.048132
3,81,33,4.4475,0,0.007866,0.009188,0.0303,0.02851,0.121048,0.170315,0.189197,0.178163,0.138101,0.098551,0.076116
3,84,32,1.8815,1,0.008394,0.010556,0.125,0.029897,0.169561,0.270528,0.237754,0.136654,0.072308,0.048072,0.035226
3,85,10,1.2536,1,0.00793,0.009534,0.1,0.010704,0.071046,0.154747,0.217669,0.220218,0.171341,0.102752,0.051523
3,86,25,1.4058,1,0.008818,0.011629,0.28,0.023758,0.144026,0.260698,0.27069,0.172522,0.069193,0.026129,0.032984
3,87,71,2.8685,1,0.00874,0.01192,0.15493,0.056838,0.216114,0.231747,0.207333,0.128371,0.070367,0.053367,0.035863
3,89,21,1.761,1,0.00939,0.012607,0.09524,0.019786,0.121675,0.228065,0.255224,0.1908,0.105522,0.049665,0.029263
3,91,79,1.6155,1,0.010894,0.019256,0.26582,0.063528,0.305377,0.350765,0.181938,0.048551,0.019282,0.018129,0.012429
3,92,10,1.5862,1,0.008132,0.009527,0.1,0.010411,0.068942,0.149595,0.209762,0.212878,0.16968,0.110794,0.067938
3,93,24,2.7816,1,0.009147,0.011743,0.16667,0.022242,0.129897,0.22496,0.235981,0.177233,0.108885,0.060994,0.039808
3,94,22,2.3519,1,0.008539,0.010571,0.27273,0.020996,0.125928,0.225903,0.240572,0.176361,0.105647,0.061924,0.042668
3,95,16,1.6568,1,0.009236,0.011425,0.25,0.014951,0.095695,0.193827,0.243241,0.209887,0.134287,0.068767,0.039347
3,99,39,2.6784,1,0.008726,0.011721,0.17949,0.035238,0.181258,0.257446,0.223756,0.144845,0.07572,0.041138,0.040599
3,101,27,2.1432,1,0.00854,0.010547,0.33333,0.025066,0.143871,0.239418,0.235778,0.166534,0.098237,0.052434,0.038663
3,102,26,2.0637,1,0.008789,0.011245,0.11538,0.024683,0.144868,0.249484,0.250291,0.168149,0.087025,0.042809,0.032691
3,103,12,1.7787,0,0.007922,0.008879,0.0,0.01188,0.077361,0.162537,0.217502,0.208574,0.157585,0.10076,0.0638
3,104,16,2.0744,1,0.008454,0.00981,0.25,0.015413,0.097091,0.191452,0.233792,0.200768,0.135775,0.079201,0.046509
3,105,14,1.7179,1,0.008211,0.009976,0.07143,0.013699,0.08838,0.182017,0.235013,0.212106,0.144917,0.079526,0.044343
3,107,19,1.2836,1,0.009359,0.011544,0.31579,0.018279,0.115038,0.224556,0.263271,0.200995,0.103137,0.04032,0.034404
3,108,15,2.0977,1,0.008182,0.009853,0.06667,0.015062,0.095413,0.190086,0.235092,0.20355,0.136336,0.077185,0.047277
3,109,11,3.4843,1,0.007897,0.009232,0.0,0.011432,0.072506,0.145532,0.185373,0.176168,0.149572,0.132191,0.127227
3,111,25,1.8777,1,0.008921,0.012647,0.44,0.02334,0.138997,0.246065,0.255892,0.17678,0.089989,0.040143,0.028796
3,112,10,1.6754,0,0.008352,0.008966,0.3,0.009804,0.065216,0.142911,0.203947,0.212941,0.176744,0.119691,0.068745
3,113,35,2.5203,1,0.008532,0.010992,0.11429,0.031935,0.167397,0.245501,0.224999,0.155457,0.083015,0.047379,0.044317
3,114,9,1.4591,0,0.007717,0.008736,0.0,0.008837,0.059473,0.133346,0.196946,0.214847,0.186718,0.129731,0.070103
3,116,23,2.1751,1,0.008625,0.010514,0.08696,0.021456,0.128461,0.229302,0.241304,0.172943,0.101695,0.061839,0.043001
3,117,31,1.828,1,0.008717,0.012039,0.12903,0.028854,0.166637,0.276426,0.257796,0.151914,0.06385,0.026947,0.027577
3,119,8,2.4169,0,0.007418,0.00788,0.375,0.008795,0.058521,0.128535,0.185016,0.19807,0.175299,0.138229,0.107535
3,120,18,1.2726,1,0.008514,0.010962,0.16667,0.017338,0.10976,0.216978,0.26016,0.206385,0.112812,0.045731,0.030836
3,121,28,1.4141,1,0.009009,0.012272,0.28571,0.026002,0.155627,0.274227,0.27184,0.160835,0.058299,0.023059,0.030109
3,122,14,6.8373,0,0.007601,0.008777,0.14286,0.013772,0.075028,0.124986,0.155223,0.17288,0.168344,0.151671,0.138095
3,123,88,1.4664,1,0.011648,0.023095,0.22727,0.067787,0.323138,0.3623,0.170985,0.033092,0.015654,0.015904,0.011139
3,125,32,4.9502,2,0.009055,0.012632,0.25,0.027091,0.122637,0.179647,0.217029,0.187609,0.127626,0.080649,0.057713
3,126,28,6.056,2,0.008482,0.011273,0.14286,0.023605,0.10292,0.155637,0.202798,0.185951,0.14294,0.10534,0.080809
3,129,24,1.5228,1,0.008317,0.010305,0.29167,0.023631,0.143541,0.261067,0.27363,0.177072,0.071121,0.022435,0.027502
3,130,52,1.6031,1,0.009899,0.015615,0.05769,0.044465,0.238553,0.336904,0.233748,0.083103,0.022381,0.019597,0.02125
3,131,29,3.1426,1,0.007879,0.009544,0.27586,0.026492,0.13789,0.20542,0.212383,0.187413,0.126636,0.065826,0.03794
3,132,67,3.3472,2,0.008427,0.011162,0.19403,0.04732,0.151294,0.223481,0.204402,0.159295,0.101428,0.061533,0.051249
3,134,14,2.1317,0,0.007491,0.008225,0.14286,0.013406,0.084916,0.17019,0.216254,0.201477,0.155029,0.102076,0.056651
3,138,52,2.0625,1,0.00975,0.014683,0.17308,0.044688,0.22753,0.306701,0.225474,0.104713,0.039111,0.024363,0.02742
3,140,11,1.6782,1,0.007996,0.00973,0.0,0.011519,0.075567,0.160931,0.219131,0.213438,0.16141,0.099389,0.058616
3,141,49,2.156,1,0.009714,0.014405,0.06122,0.042833,0.223217,0.306955,0.223625,0.103108,0.041571,0.027831,0.03086
3,142,46,1.5609,1,0.009504,0.013776,0.15217,0.041085,0.224369,0.327772,0.23971,0.093618,0.02948,0.022093,0.021872
3,143,33,2.5476,1,0.008854,0.011551,0.09091,0.030057,0.166285,0.258229,0.230753,0.14642,0.083061,0.050346,0.034849
3,144,15,1.5521,1,0.008554,0.009808,0.2,0.01486,0.095013,0.192168,0.241049,0.208515,0.134474,0.070342,0.043579
3,145,52,1.8016,1,0.009198,0.013156,0.17308,0.045809,0.240107,0.326308,0.220671,0.086046,0.031896,0.02426,0.024903
3,146,10,1.7048,0,0.007613,0.008401,0.1,0.009816,0.065268,0.142902,0.203689,0.212416,0.176277,0.119823,0.069808
3,147,11,1.867,0,0.008065,0.008728,0.36364,0.010921,0.07139,0.151615,0.20783,0.20849,0.168341,0.113751,0.067662
3,148,54,1.7612,1,0.009372,0.013655,0.14815,0.047019,0.244253,0.328721,0.220977,0.08238,0.02615,0.023991,0.026509
3,149,95,2.7595,2,0.009514,0.016599,0.16842,0.067967,0.232488,0.293741,0.225171,0.083701,0.038703,0.03012,0.028108
3,150,29,1.7725,1,0.008369,0.010999,0.37931,0.027602,0.160657,0.270421,0.257232,0.155292,0.068303,0.031491,0.029001
3,153,8,557522.8655,0,0.007398,0.008126,0.0,0.008551,0.054371,0.11127,0.151376,0.165666,0.16975,0.170959,0.168056
3,154,30,3.1499,1,0.008097,0.009918,0.06667,0.027802,0.14002,0.204769,0.214961,0.18333,0.121131,0.067694,0.040292
3,155,25,2.518,1,0.00814,0.009931,0.08,0.024564,0.138573,0.226658,0.225979,0.169153,0.109234,0.064167,0.041672
3,157,53,2.1573,1,0.008906,0.013253,0.07547,0.045196,0.214571,0.276934,0.23004,0.122807,0.040809,0.032761,0.036883
3,159,23,4.5811,1,0.007884,0.009523,0.3913,0.021387,0.111883,0.176835,0.19882,0.177613,0.133572,0.098822,0.081068
3,160,13,1.5467,0,0.007936,0.009104,0.07692,0.013232,0.083394,0.165478,0.207307,0.191009,0.149462,0.109139,0.080979
3,161,8,430393.8371,0,0.00741,0.00809,0.0,0.008409,0.055044,0.117403,0.163338,0.172605,0.162727,0.15722,0.163255
3,162,47,1.9518,1,0.011472,0.02011,0.10638,0.038424,0.20689,0.299,0.228807,0.11364,0.054077,0.033427,0.025734
3,163,27,1.9086,1,0.008561,0.01105,0.18519,0.025431,0.148247,0.251704,0.247057,0.162507,0.085119,0.045268,0.034666
3,164,13,3.5474,0,0.007779,0.00864,0.23077,0.013445,0.079623,0.14514,0.175864,0.176002,0.160832,0.135588,0.113506
3,165,77,1.7234,1,0.011827,0.022462,0.12987,0.060477,0.296473,0.353388,0.193381,0.053429,0.015994,0.014684,0.012174
3,166,11,704550.3755,0,0.007643,0.008239,0.09091,0.011378,0.066607,0.119672,0.146541,0.158296,0.165852,0.166661,0.164994
3,167,9,1.4774,0,0.007703,0.009169,0.33333,0.009832,0.065386,0.14309,0.203275,0.210119,0.171949,0.117506,0.078843
3,168,39,1.8752,1,0.010945,0.018741,0.12821,0.032827,0.181179,0.276702,0.23289,0.128651,0.061401,0.041098,0.045252
3,169,23,1.348,1,0.008552,0.010745,0.08696,0.022696,0.138589,0.254777,0.271823,0.181093,0.076696,0.025798,0.028527
3,170,10,1.8416,0,0.007687,0.008704,0.0,0.010797,0.070281,0.147818,0.199242,0.195924,0.158722,0.119402,0.097814
3,172,93,2.4437,2,0.010665,0.017531,0.17204,0.071787,0.293478,0.287958,0.194987,0.088573,0.021166,0.019825,0.022227
3,173,33,3.0326,2,0.008342,0.010788,0.15152,0.029142,0.122933,0.157464,0.207647,0.199997,0.123981,0.086306,0.072529
3,174,16,2.7212,0,0.007742,0.008835,0.0,0.015799,0.094263,0.171424,0.199607,0.184367,0.153304,0.110883,0.070352
3,175,103,3.7497,2,0.01045,0.019646,0.26214,0.070474,0.273387,0.322985,0.192125,0.068014,0.031507,0.02313,0.018378
3,177,27,3.6952,1,0.008115,0.009831,0.14815,0.024794,0.130465,0.199353,0.207931,0.177824,0.123462,0.078873,0.057298
3,178,38,2.1116,1,0.009277,0.013539,0.23684,0.034391,0.188972,0.287177,0.24204,0.133993,0.058149,0.02764,0.027638
3,179,22,1.6557,1,0.009448,0.012555,0.27273,0.020454,0.123683,0.225042,0.243693,0.180889,0.107879,0.060384,0.037977
3,180,17,2.1956,0,0.007898,0.009072,0.17647,0.016258,0.100378,0.19117,0.224915,0.191168,0.136652,0.088357,0.0511
3,181,10,1.5916,0,0.007362,0.008035,0.2,0.010238,0.067919,0.147972,0.209002,0.214516,0.173305,0.113072,0.063975
3,183,79,1.2476,1,0.010901,0.01831,0.21519,0.064707,0.317078,0.36438,0.168457,0.033498,0.023402,0.01849,0.009988
3,184,19,1.8373,1,0.007977,0.00974,0.15789,0.018994,0.116339,0.216114,0.238405,0.176759,0.10457,0.067921,0.060899
3,185,99,2.6969,2,0.009312,0.014384,0.19192,0.075108,0.265283,0.26322,0.202005,0.097451,0.041229,0.027936,0.027769
3,187,38,1.9282,1,0.010115,0.015962,0.02632,0.033672,0.187151,0.290533,0.249477,0.133981,0.051589,0.025418,0.028179
3,188,34,2.3835,1,0.008302,0.010698,0.05882,0.032031,0.174101,0.260876,0.222438,0.137404,0.07801,0.049449,0.045692
3,190,157,2.9552,3,0.010121,0.019464,0.22293,0.097645,0.280519,0.287813,0.190815,0.072234,0.034281,0.020866,0.015828
3,191,8,1.785,0,0.007624,0.008657,0.25,0.008681,0.058149,0.129205,0.188517,0.203602,0.178659,0.135026,0.098161
3,193,82,1.5174,1,0.010696,0.019553,0.13415,0.065736,0.314596,0.353517,0.173018,0.045041,0.020161,0.015721,0.012209
3,194,168,2.7627,3,0.00903,0.013449,0.22619,0.100585,0.212917,0.253871,0.206208,0.107381,0.059044,0.03252,0.027474
3,195,29,1.9804,1,0.008213,0.010259,0.24138,0.027698,0.158367,0.260692,0.248368,0.160276,0.08001,0.03629,0.0283
3,196,13,2.1622,0,0.007663,0.008576,0.15385,0.013271,0.083803,0.166857,0.209867,0.193906,0.151414,0.107976,0.072906
3,198,19,2.5741,1,0.008843,0.011372,0.21053,0.017968,0.108681,0.199906,0.226032,0.185565,0.128435,0.081302,0.052111
3,199,21,1.5688,1,0.008041,0.009825,0.28571,0.020574,0.126842,0.238198,0.264468,0.189401,0.09171,0.036049,0.032759
3,200,70,1.8753,1,0.010844,0.019126,0.14286,0.056854,0.277766,0.335618,0.200093,0.069078,0.021132,0.018617,0.020843
3,201,29,2.8797,1,0.008201,0.009998,0.2069,0.027018,0.150338,0.234921,0.212337,0.145502,0.100808,0.072988,0.056088
3,202,8,1.7231,0,0.007587,0.008456,0.125,0.008324,0.056121,0.126323,0.188008,0.208145,0.186365,0.138474,0.08824
3,203,8,3.726,0,0.007271,0.007527,0.25,0.009192,0.058647,0.120504,0.163743,0.176025,0.172013,0.158881,0.140995
3,204,23,1.9034,1,0.008105,0.009907,0.17391,0.022862,0.134543,0.234719,0.244338,0.175733,0.097115,0.048339,0.042351
3,208,18,1.383,1,0.007958,0.009245,0.05556,0.017563,0.110567,0.21616,0.254839,0.198162,0.108209,0.050565,0.043935
3,210,39,2.5693,1,0.008256,0.010042,0.10256,0.035979,0.187274,0.260908,0.209987,0.133406,0.081897,0.051822,0.038726
3,211,51,1.349,1,0.010725,0.01675,0.19608,0.043455,0.237451,0.344741,0.241836,0.077253,0.014458,0.020085,0.020722
3,212,66,3.6123,1,0.008595,0.0116,0.27273,0.053432,0.219495,0.257914,0.204496,0.122643,0.066816,0.041404,0.0338
3,213,31,4.8893,1,0.007772,0.010039,0.29032,0.025498,0.101895,0.157212,0.206089,0.183288,0.145035,0.100411,0.080572
3,216,31,1.6207,1,0.00887,0.012184,0.06452,0.029102,0.166891,0.274631,0.255437,0.149094,0.058146,0.026169,0.04053
3,218,8,1.8836,0,0.007641,0.008501,0.25,0.008391,0.056311,0.125672,0.184968,0.202796,0.181888,0.140193,0.099781
3,219,57,1.9353,1,0.009571,0.014968,0.26316,0.048946,0.248215,0.32041,0.210883,0.08897,0.033701,0.021895,0.026979
3,220,10,2.0089,0,0.007528,0.008203,0.3,0.010159,0.067217,0.145777,0.204893,0.210058,0.17178,0.117277,0.07284
3,221,8,2.6179,0,0.007409,0.008442,0.375,0.00864,0.057203,0.124648,0.178233,0.191422,0.17378,0.1451,0.120974
3,222,25,2.7809,1,0.008431,0.010949,0.0,0.02331,0.133232,0.22149,0.222795,0.169569,0.11445,0.069726,0.045428
3,223,31,2.6578,1,0.008474,0.011192,0.16129,0.028945,0.151654,0.231588,0.228238,0.162603,0.091231,0.0544,0.051341
3,225,61,2.9939,2,0.008768,0.012691,0.06557,0.050927,0.205573,0.227346,0.227662,0.153984,0.064728,0.039145,0.030636
3,226,8,2.748,0,0.007777,0.008871,0.125,0.008619,0.056941,0.123757,0.177046,0.191449,0.175903,0.147293,0.118991
3,231,32,1.9433,1,0.009024,0.012227,0.28125,0.029461,0.167312,0.270878,0.250176,0.154332,0.072657,0.030422,0.024762
3,232,59,1.3408,1,0.010661,0.017412,0.11864,0.049853,0.263154,0.355026,0.218823,0.05744,0.015757,0.022607,0.017339
3,233,60,2.2924,1,0.008357,0.011929,0.16667,0.051218,0.226623,0.255338,0.205259,0.133555,0.057229,0.036404,0.034376
3,234,45,1.6465,1,0.009313,0.013575,0.13333,0.039795,0.214037,0.308588,0.231338,0.100808,0.036063,0.031648,0.037723
3,235,12,1.8122,1,0.008131,0.009391,0.08333,0.012115,0.078849,0.165436,0.220702,0.210201,0.156428,0.096995,0.059273
3,236,13,1.6736,1,0.008017,0.009736,0.23077,0.0134,0.086285,0.177237,0.228724,0.208034,0.146241,0.086194,0.053886
3,239,39,4.5334,1,0.008212,0.011311,0.12821,0.033586,0.147021,0.208433,0.225478,0.173124,0.111381,0.062407,0.03857
3,240,10,6.4184,0,0.007427,0.007718,0.1,0.010507,0.058491,0.104281,0.1441,0.172893,0.177384,0.170493,0.161849
3,241,21,1.6305,1,0.008054,0.009972,0.09524,0.020903,0.127652,0.235967,0.258057,0.185387,0.095113,0.042048,0.034873
3,245,14,1.4421,1,0.00791,0.009593,0.07143,0.014686,0.094179,0.191589,0.242305,0.21135,0.136108,0.06859,0.041193
3,246,11,1.806,0,0.008103,0.009088,0.18182,0.010937,0.071455,0.151462,0.206746,0.206206,0.166363,0.114708,0.072123
3,250,13,1.3533,1,0.007914,0.009484,0.07692,0.013311,0.086643,0.181344,0.239053,0.219556,0.148932,0.075117,0.036043
3,252,8,1.4631,0,0.007485,0.008303,0.375,0.008887,0.059488,0.131924,0.191595,0.204928,0.176698,0.130674,0.095806
3,253,16,2.2303,1,0.008192,0.009741,0.125,0.01575,0.097422,0.186767,0.222684,0.191462,0.135631,0.088354,0.06193
3,254,9,1.4806,0,0.007911,0.008866,0.0,0.008846,0.059507,0.133288,0.196599,0.214206,0.186164,0.129918,0.071473
3,255,13,1.4675,0,0.00774,0.009161,0.0,0.013519,0.087007,0.178338,0.228723,0.205268,0.14165,0.08464,0.060856
3,256,9,1.8543,0,0.007773,0.00885,0.11111,0.009465,0.062905,0.137696,0.19654,0.206353,0.175002,0.1265,0.085539
3,257,31,1.2766,1,0.00924,0.013034,0.16129,0.028631,0.169108,0.289428,0.271497,0.144168,0.042208,0.019592,0.035369
3,258,14,1.5538,1,0.007879,0.009373,0.07143,0.014185,0.091476,0.18813,0.241895,0.21574,0.142527,0.071386,0.034661
3,259,24,2.1928,1,0.00843,0.011176,0.20833,0.023693,0.137523,0.234758,0.239769,0.172514,0.099142,0.052186,0.040415
3,268,25,1.7142,1,0.008601,0.01173,0.28,0.023751,0.142866,0.255679,0.264272,0.173336,0.078504,0.032947,0.028643
3,270,12,1.6114,1,0.008513,0.009638,0.0,0.011408,0.074949,0.160115,0.219178,0.215183,0.16422,0.100694,0.054254
3,271,49,3.5106,2,0.008373,0.011074,0.26531,0.040688,0.166182,0.210917,0.222363,0.165758,0.101456,0.054084,0.038553
3,272,8,558864.6259,0,0.008287,0.009197,0.25,0.008467,0.052074,0.102689,0.140414,0.16281,0.175266,0.178902,0.179379
3,273,45,1.2835,1,0.010098,0.015376,0.08889,0.039699,0.221136,0.334469,0.252229,0.09066,0.015463,0.01918,0.027164
3,274,11,1.8955,0,0.00803,0.008719,0.0,0.010991,0.07189,0.152589,0.208206,0.206591,0.164707,0.112419,0.072607
3,275,8,425035.9187,0,0.007659,0.008164,0.375,0.008432,0.055198,0.117721,0.16365,0.172561,0.162176,0.156625,0.163637
3,276,28,2.8678,1,0.008685,0.011456,0.14286,0.026057,0.145329,0.233426,0.227536,0.164375,0.100962,0.059935,0.04238
3,277,62,3.3051,1,0.00903,0.01279,0.17742,0.051208,0.225908,0.271029,0.212349,0.118346,0.057853,0.035514,0.027794
3,278,14,2.2579,0,0.007792,0.009024,0.14286,0.01458,0.091261,0.178202,0.216225,0.188438,0.137049,0.096521,0.077724
3,279,16,1.3839,1,0.008443,0.010214,0.0625,0.01579,0.100985,0.203913,0.253416,0.212786,0.12674,0.055428,0.030942
3,280,13,5.4918,0,0.007544,0.008093,0.07692,0.01287,0.072205,0.125003,0.156873,0.173205,0.170151,0.153899,0.135794
3,283,12,1.5096,1,0.008201,0.009563,0.0,0.012122,0.079384,0.168362,0.227345,0.217739,0.158884,0.090281,0.045883
3,284,70,2.5134,2,0.008932,0.012499,0.28571,0.057666,0.240418,0.265962,0.217317,0.116792,0.049244,0.030523,0.022079
3,286,31,2.8279,1,0.008193,0.010156,0.03226,0.028637,0.158628,0.246913,0.223895,0.152029,0.095958,0.05745,0.036489
3,287,32,1.4357,1,0.009143,0.011981,0.21875,0.029659,0.173284,0.290573,0.265445,0.139216,0.045738,0.024548,0.031538
3,295,14,1.9453,0,0.007651,0.008854,0.14286,0.01416,0.089998,0.180623,0.226628,0.201853,0.142818,0.088153,0.055767
3,296,36,2.0667,1,0.009374,0.013005,0.13889,0.032392,0.180043,0.279064,0.240339,0.136292,0.065417,0.037425,0.029028
3,297,18,1.5483,1,0.008262,0.010058,0.11111,0.018226,0.113446,0.217516,0.251062,0.193803,0.109623,0.054413,0.041911
3,298,48,3.2495,1,0.009242,0.013322,0.25,0.040394,0.187895,0.25031,0.226168,0.147754,0.077009,0.039986,0.030483
3,299,26,2.8606,1,0.008189,0.010498,0.26923,0.024769,0.1374,0.220319,0.217785,0.161429,0.102809,0.071206,0.064282
3,300,41,1.9202,1,0.009523,0.014144,0.02439,0.036276,0.198807,0.299494,0.245488,0.12485,0.045098,0.021879,0.028108
3,301,11,2.4984,0,0.00754,0.008461,0.0,0.011607,0.074457,0.152804,0.200572,0.194129,0.157556,0.117966,0.09091
3,302,11,1.9274,0,0.007541,0.008451,0.45455,0.01141,0.074658,0.158254,0.21432,0.208329,0.159676,0.104215,0.069139
3,303,46,1.6147,1,0.008666,0.011572,0.19565,0.041468,0.223562,0.319606,0.22878,0.089931,0.033265,0.030997,0.032392
3,305,32,3.4786,1,0.00865,0.01177,0.15625,0.028569,0.142652,0.207775,0.210632,0.167226,0.113475,0.075945,0.053725
3,306,18,1.8307,1,0.008771,0.011246,0.33333,0.016775,0.104481,0.200944,0.23473,0.188671,0.120267,0.075313,0.058819
3,307,10,1.7057,1,0.007994,0.009374,0.2,0.009745,0.064842,0.142186,0.203157,0.212567,0.177074,0.120631,0.069798
3,309,12,1.9611,1,0.008224,0.009261,0.16667,0.012152,0.078605,0.163593,0.217579,0.209576,0.160418,0.101063,0.057014
3,310,48,1.5735,1,0.009197,0.013464,0.29167,0.043088,0.231359,0.328002,0.232022,0.090022,0.02866,0.020827,0.02602
3,314,39,1.9833,1,0.008854,0.011925,0.10256,0.035506,0.191683,0.284344,0.235404,0.12831,0.056151,0.033111,0.035491
3,315,23,3.1139,1,0.007976,0.00923,0.04348,0.021757,0.120957,0.194414,0.200501,0.176312,0.138378,0.087011,0.06067
3,316,29,1.7272,1,0.009298,0.013692,0.2069,0.02692,0.158455,0.272157,0.265128,0.161562,0.066886,0.025298,0.023593
3,318,74,2.189,1,0.011968,0.019994,0.21622,0.058417,0.276664,0.324874,0.20064,0.077371,0.025391,0.018972,0.017671
3,319,8,1.9728,0,0.007723,0.008883,0.375,0.00871,0.058314,0.129437,0.188513,0.203039,0.177649,0.134504,0.099835
3,321,8,1.9475,0,0.007909,0.009006,0.0,0.00899,0.059978,0.132308,0.191234,0.204455,0.177614,0.132325,0.093096
3,322,38,3.8538,1,0.008883,0.012071,0.13158,0.032639,0.155092,0.227373,0.229167,0.156736,0.094029,0.060195,0.044768
3,323,89,1.8661,1,0.011426,0.020865,0.17978,0.069637,0.322539,0.343864,0.167404,0.053484,0.018173,0.010603,0.014297
3,324,11,1.8468,1,0.008171,0.009592,0.27273,0.011565,0.075464,0.159207,0.21433,0.207069,0.157845,0.103169,0.071352
3,325,23,2.1025,1,0.008382,0.009823,0.26087,0.021385,0.127476,0.225172,0.233217,0.167243,0.106215,0.072337,0.046955
3,326,29,1.9103,1,0.008339,0.010682,0.37931,0.027644,0.159209,0.262379,0.243534,0.149967,0.079742,0.046247,0.031278
3,328,47,1.512,1,0.00958,0.014325,0.12766,0.041383,0.224565,0.325594,0.23741,0.091218,0.025606,0.024369,0.029855
3,329,61,2.8549,1,0.008872,0.013201,0.03279,0.049919,0.20742,0.243026,0.218247,0.139535,0.06959,0.038228,0.034036
3,330,21,1.5817,1,0.008139,0.010139,0.28571,0.020836,0.127891,0.238243,0.261862,0.186436,0.091911,0.03876,0.034062
3,334,16,5.4177,0,0.007804,0.00918,0.75,0.015017,0.074847,0.133981,0.186019,0.188737,0.16543,0.130897,0.105071
3,335,30,1.2887,1,0.009053,0.012408,0.13333,0.028427,0.167963,0.288049,0.272149,0.147432,0.044861,0.018614,0.032504
3,336,48,3.1687,1,0.008754,0.011775,0.35417,0.040633,0.183696,0.233259,0.214676,0.152612,0.087072,0.050108,0.037945
3,339,25,1.7847,1,0.010923,0.018671,0.4,0.021843,0.13114,0.235192,0.248198,0.175123,0.095493,0.051955,0.041057
3,340,16,1.5088,1,0.008042,0.009898,0.25,0.015585,0.099424,0.199933,0.247685,0.209019,0.12878,0.062714,0.036859
3,341,40,1.6349,1,0.009028,0.012201,0.275,0.036412,0.202384,0.307681,0.24333,0.109983,0.040121,0.028873,0.031217
3,342,8,1.8393,0,0.008057,0.008817,0.25,0.008656,0.057504,0.125957,0.180874,0.193981,0.174082,0.142388,0.116557
3,343,85,1.822,1,0.012082,0.024045,0.2,0.063756,0.297484,0.332916,0.183937,0.062367,0.022428,0.018568,0.018544
3,344,10,1.7016,0,0.007824,0.008889,0.2,0.010518,0.069479,0.150056,0.209028,0.210624,0.167339,0.110867,0.072089
3,346,22,2.8099,1,0.008414,0.011082,0.18182,0.02041,0.119104,0.208699,0.228736,0.185468,0.122792,0.070976,0.043815
3,348,15,2.517,1,0.007968,0.009346,0.06667,0.014886,0.091973,0.175814,0.209626,0.184899,0.142939,0.105208,0.074654
3,349,46,2.7616,1,0.008886,0.013013,0.13043,0.039779,0.184221,0.229253,0.208187,0.163105,0.094896,0.04728,0.033279
3,352,38,2.2406,1,0.00856,0.011687,0.15789,0.034604,0.17765,0.249766,0.214849,0.143445,0.082954,0.050088,0.046644
3,354,21,2.3167,1,0.008395,0.010392,0.04762,0.020337,0.121901,0.218954,0.234959,0.175549,0.108532,0.067431,0.052338
3,358,8,2.4534,0,0.007903,0.008829,0.0,0.008769,0.056922,0.120194,0.167154,0.179651,0.171336,0.156013,0.139962
3,359,61,2.8909,1,0.008702,0.011431,0.09836,0.052125,0.237271,0.283301,0.211321,0.114118,0.048286,0.026495,0.027082
3,360,52,3.7533,1,0.008868,0.011454,0.15385,0.043777,0.197368,0.24316,0.214549,0.14312,0.076688,0.047047,0.034292
3,361,9,1.8765,0,0.00761,0.008568,0.33333,0.009536,0.063552,0.139777,0.20064,0.211238,0.177423,0.122781,0.075053
3,362,13,3.1377,1,0.008299,0.009982,0.07692,0.013291,0.08243,0.159681,0.196219,0.180955,0.146469,0.117567,0.103388
3,364,25,2.5966,1,0.01049,0.015797,0.08,0.022104,0.129722,0.224476,0.230656,0.168223,0.106578,0.068849,0.049393
3,365,41,2.1747,1,0.010607,0.016706,0.0,0.035292,0.186629,0.268994,0.222223,0.130762,0.067627,0.044221,0.044252
3,367,12,1.4767,1,0.007982,0.009427,0.08333,0.012123,0.079462,0.168818,0.22846,0.219161,0.15956,0.089192,0.043224
3,371,29,2.2888,1,0.008253,0.010072,0.31034,0.027802,0.157626,0.253447,0.230229,0.142286,0.080196,0.056578,0.051836
4,1,26,2.3627,1,0.011819,0.018968,0.15385,0.022344,0.132329,0.23171,0.238796,0.170398,0.102836,0.06207,0.039517
4,2,18,891726.9986,1,0.009138,0.010577,0.11111,0.017038,0.08888,0.138132,0.154801,0.154482,0.148306,0.147443,0.150917
4,3,86,2.6245,3,0.009909,0.014493,0.13953,0.063072,0.19172,0.236574,0.244591,0.122601,0.070326,0.036227,0.03489
4,5,58,2.1326,1,0.013463,0.02263,0.10345,0.046504,0.236734,0.315529,0.225893,0.101095,0.03359,0.018519,0.022136
4,6,27,3.7144,1,0.009024,0.011553,0.11111,0.024372,0.121025,0.174446,0.197486,0.193693,0.135516,0.087338,0.066123
4,8,30,3.1137,1,0.009341,0.01168,0.2,0.027731,0.14487,0.217626,0.217529,0.173956,0.112708,0.064373,0.041207
4,9,94,3.5424,2,0.010452,0.016337,0.10638,0.068354,0.230037,0.293329,0.236165,0.097347,0.030985,0.019209,0.024574
4,11,168,3.8362,3,0.011238,0.02191,0.19643,0.079512,0.193273,0.28578,0.204137,0.098598,0.059062,0.045074,0.034565
4,15,16,2.1755,1,0.009043,0.012092,0.4375,0.015571,0.095406,0.179752,0.210839,0.18386,0.141111,0.102048,0.071412
4,16,23,4.1307,1,0.009405,0.011667,0.26087,0.021427,0.112814,0.176459,0.197828,0.183129,0.135509,0.095474,0.077361
4,18,29,1.427,1,0.011578,0.019019,0.0,0.025321,0.150091,0.260265,0.25467,0.154712,0.06912,0.041543,0.044279
4,19,103,2.0271,1,0.012505,0.022616,0.13592,0.078158,0.32914,0.315542,0.164779,0.060824,0.021203,0.01512,0.015234
4,20,15,2.2716,1,0.009105,0.010402,0.06667,0.015066,0.093691,0.181721,0.220892,0.194385,0.139531,0.090187,0.064527
4,21,16,1.8603,0,0.008741,0.010138,0.1875,0.015831,0.099926,0.197352,0.239945,0.201776,0.130096,0.071918,0.043155
4,23,20,1.9374,1,0.010866,0.013854,0.25,0.018856,0.116114,0.218522,0.24722,0.190208,0.112738,0.059796,0.036546
4,25,12,1.9339,1,0.008951,0.010414,0.25,0.011866,0.077129,0.161628,0.215959,0.207773,0.158921,0.103194,0.063529
4,26,13,2.1049,0,0.008573,0.009364,0.23077,0.013209,0.084162,0.170173,0.217437,0.201006,0.151032,0.099331,0.063651
4,27,53,1.7955,1,0.011884,0.019877,0.15094,0.044848,0.236861,0.327338,0.22896,0.095528,0.034218,0.016407,0.01584
4,28,11,2.1057,0,0.008988,0.009788,0.09091,0.010969,0.071503,0.151293,0.207004,0.208172,0.16901,0.114276,0.067774
4,29,16,1.3815,1,0.008815,0.010745,0.0,0.016599,0.105632,0.211176,0.258261,0.211416,0.120309,0.048323,0.028284
4,30,12,4.8504,0,0.008789,0.010042,0.08333,0.011783,0.067275,0.117572,0.147326,0.170576,0.178943,0.16173,0.144796
4,35,16,1.3995,1,0.008755,0.010412,0.0,0.016567,0.105228,0.209657,0.255395,0.208766,0.120217,0.051514,0.032655
4,36,11,3.6458,0,0.008388,0.008861,0.09091,0.011303,0.065992,0.117257,0.143187,0.1636,0.18582,0.177652,0.135189
4,37,26,1.6358,1,0.009741,0.013357,0.03846,0.024569,0.147699,0.263563,0.26969,0.171964,0.072114,0.026044,0.024357
4,39,32,1.9924,1,0.009941,0.013552,0.1875,0.029188,0.166513,0.269432,0.24281,0.142591,0.071706,0.043872,0.033887
4,42,10,1.7151,0,0.009068,0.0101,0.3,0.009947,0.065829,0.143085,0.202588,0.210925,0.17622,0.121198,0.07021
4,44,14,1.5451,1,0.009195,0.011252,0.21429,0.01401,0.090311,0.185617,0.238659,0.213518,0.143065,0.075159,0.03966
4,45,19,2.6802,1,0.009315,0.010904,0.31579,0.018336,0.109174,0.195572,0.216186,0.180079,0.133569,0.09021,0.056874
4,47,25,2.9444,0,0.00914,0.010031,0.04,0.023146,0.130473,0.212866,0.214846,0.173073,0.124682,0.07494,0.045974
4,49,13,3.9174,0,0.009022,0.010213,0.0,0.013156,0.078364,0.14478,0.177943,0.177346,0.159486,0.134917,0.114007
4,51,20,3.3605,0,0.008698,0.009876,0.1,0.019488,0.110926,0.186093,0.198733,0.172736,0.136905,0.099143,0.075977
4,54,49,1.4275,1,0.011483,0.017625,0.28571,0.042311,0.231047,0.33607,0.239611,0.08333,0.020499,0.022444,0.024687
4,56,35,1.4089,1,0.010666,0.015285,0.11429,0.031744,0.184025,0.303312,0.267741,0.129698,0.033935,0.018135,0.03141
4,57,10,2.6359,0,0.008228,0.008708,0.0,0.010438,0.066749,0.136653,0.180853,0.182095,0.162392,0.140192,0.120629
4,58,17,3.9891,0,0.009001,0.010052,0.23529,0.016742,0.092407,0.154053,0.181861,0.185871,0.161416,0.119355,0.088295
4,60,14,1.7502,1,0.00877,0.010933,0.14286,0.014528,0.092619,0.186596,0.233856,0.204626,0.137486,0.07848,0.05181
4,61,15,1.5085,1,0.009285,0.011338,0.0,0.014668,0.094256,0.19233,0.243854,0.212631,0.136306,0.067903,0.038052
4,62,11,1.5788,0,0.008807,0.010081,0.36364,0.011443,0.075121,0.160145,0.218248,0.212544,0.160544,0.099582,0.062373
4,64,8,1.8848,0,0.008791,0.009748,0.25,0.008375,0.056203,0.125454,0.184716,0.202669,0.182003,0.140514,0.100067
4,66,8,1.7585,0,0.008694,0.009638,0.125,0.008331,0.056136,0.126228,0.187627,0.20751,0.185868,0.138719,0.089581
4,68,64,2.1005,1,0.010166,0.015656,0.07812,0.053692,0.245186,0.270127,0.177809,0.117897,0.072273,0.036062,0.026955
4,71,45,1.7949,1,0.010438,0.01535,0.04444,0.039854,0.214273,0.309691,0.237117,0.11175,0.039837,0.020449,0.027028
4,75,8,1.7717,0,0.008326,0.009077,0.0,0.008429,0.056533,0.126034,0.185206,0.202657,0.181425,0.139785,0.099931
4,78,68,2.0208,1,0.011685,0.020419,0.25,0.055284,0.267896,0.323138,0.204994,0.087282,0.027719,0.014991,0.018695
4,80,37,1.4968,1,0.01097,0.015543,0.10811,0.03283,0.187413,0.299633,0.253367,0.120564,0.041984,0.031358,0.032851
4,81,29,2.7652,1,0.009003,0.011357,0.06897,0.028066,0.151231,0.234668,0.22878,0.168002,0.100825,0.051036,0.037392
4,82,14,1.9413,1,0.008825,0.010386,0.07143,0.014046,0.089734,0.181641,0.229736,0.204379,0.141305,0.08394,0.055221
4,83,27,3.8613,1,0.009597,0.013648,0.11111,0.02319,0.110709,0.164317,0.203549,0.198307,0.146372,0.094635,0.05892
4,84,34,1.8338,1,0.010266,0.013948,0.05882,0.031289,0.178472,0.288047,0.255382,0.138534,0.053677,0.026008,0.028592
4,86,30,2.0068,1,0.009912,0.013508,0.06667,0.028152,0.160525,0.264221,0.252201,0.15904,0.073399,0.033233,0.029228
4,87,70,2.2186,1,0.010387,0.016493,0.05714,0.056764,0.248604,0.281587,0.20587,0.0995,0.044046,0.033987,0.029642
4,88,17,3.0815,1,0.008963,0.010836,0.47059,0.016602,0.097359,0.177198,0.213776,0.195206,0.141678,0.09132,0.066861
4,89,44,1.4527,1,0.010538,0.015318,0.22727,0.039156,0.215633,0.321996,0.245802,0.099593,0.025654,0.021865,0.030302
4,90,10,2.6449,0,0.008598,0.009594,0.0,0.010446,0.068129,0.14398,0.195973,0.196123,0.162929,0.124445,0.097976
4,91,113,3.2621,3,0.010131,0.015705,0.13274,0.078879,0.210702,0.235257,0.246759,0.124898,0.052852,0.024908,0.025746
4,92,36,1.8507,1,0.009956,0.013226,0.33333,0.032531,0.182714,0.288135,0.249555,0.131506,0.049912,0.03021,0.035437
4,94,55,3.157,2,0.010019,0.014486,0.03636,0.045803,0.191707,0.244691,0.241718,0.150462,0.069515,0.031557,0.024546
4,95,14,2.0951,1,0.009944,0.012817,0.14286,0.013425,0.085456,0.172389,0.219263,0.201176,0.149629,0.097338,0.061323
4,96,11,2.0492,0,0.008556,0.009261,0.27273,0.010917,0.07113,0.150049,0.203696,0.202735,0.165228,0.117955,0.07829
4,97,32,5.5674,1,0.009077,0.010799,0.15625,0.0265,0.113587,0.175917,0.202704,0.170807,0.131125,0.098856,0.080504
4,100,9,547133.9854,1,0.010182,0.012418,0.22222,0.009109,0.057719,0.116962,0.155853,0.165636,0.166015,0.166346,0.16236
4,101,10,1.807,0,0.008829,0.01018,0.1,0.010352,0.068077,0.146003,0.202255,0.204674,0.167323,0.118644,0.082673
4,102,31,1.6407,1,0.010801,0.014798,0.09677,0.028187,0.163048,0.269887,0.247747,0.142216,0.065949,0.043006,0.039959
4,104,68,3.4447,1,0.010828,0.018342,0.19118,0.05083,0.20215,0.273512,0.227596,0.122832,0.057806,0.036799,0.028474
4,105,25,1.6364,1,0.009521,0.012808,0.0,0.023757,0.142863,0.255758,0.26512,0.175433,0.080298,0.031812,0.024958
4,107,18,1.4903,1,0.009274,0.011803,0.22222,0.018131,0.11415,0.223334,0.263893,0.205559,0.10946,0.041153,0.024321
4,110,13,1.6886,0,0.008612,0.010079,0.07692,0.013896,0.088888,0.180078,0.22705,0.199654,0.135888,0.08435,0.070198
4,111,36,2.5835,1,0.010024,0.013121,0.36111,0.032524,0.172258,0.254796,0.232354,0.161787,0.085153,0.033812,0.027316
4,113,27,1.6441,1,0.0098,0.013124,0.40741,0.025444,0.151718,0.266085,0.26438,0.161761,0.066988,0.030579,0.033044
4,116,22,1.6481,1,0.01026,0.013401,0.27273,0.020679,0.126962,0.236641,0.260524,0.186739,0.094518,0.041738,0.0322
4,117,16,3.8636,1,0.009397,0.01159,0.0625,0.015206,0.088039,0.154363,0.180676,0.179192,0.160536,0.125509,0.096478
4,120,38,2.0911,1,0.009733,0.013178,0.02632,0.034627,0.188321,0.283554,0.242487,0.140584,0.059854,0.023561,0.027011
4,121,13,1.9005,0,0.00866,0.009919,0.0,0.013211,0.085153,0.175306,0.227136,0.207829,0.147198,0.087754,0.056411
4,122,21,2.0398,1,0.009215,0.010952,0.14286,0.019718,0.12039,0.222673,0.245148,0.182326,0.106293,0.060401,0.043051
4,123,44,1.8446,1,0.010793,0.016001,0.09091,0.038886,0.208784,0.300691,0.229677,0.112404,0.049857,0.031199,0.028502
4,127,51,1.5598,1,0.01111,0.017019,0.09804,0.044089,0.237284,0.336328,0.233035,0.081765,0.022863,0.021674,0.022962
4,128,29,2.4389,1,0.009191,0.011724,0.13793,0.027319,0.153443,0.249405,0.240879,0.160108,0.083077,0.044179,0.041591
4,130,18,1.9945,1,0.009773,0.011563,0.11111,0.017194,0.107075,0.2064,0.242945,0.196865,0.1219,0.065367,0.042254
4,131,8,1.7452,0,0.008645,0.009362,0.25,0.008334,0.056174,0.126394,0.188005,0.20799,0.186116,0.138373,0.088614
4,133,29,1.8607,1,0.009049,0.010815,0.24138,0.027642,0.158403,0.260042,0.242253,0.14837,0.073645,0.044962,0.044684
4,134,47,2.7505,1,0.010056,0.015685,0.14894,0.039588,0.176986,0.233533,0.234493,0.151044,0.070346,0.048728,0.045283
4,137,37,1.7424,1,0.009777,0.01383,0.10811,0.03438,0.186343,0.275822,0.226715,0.131084,0.070011,0.040649,0.034997
4,139,55,4.0279,2,0.009832,0.012781,0.16364,0.045564,0.189473,0.243751,0.234374,0.153557,0.075571,0.033162,0.024548
4,143,45,1.7754,1,0.009922,0.013389,0.06667,0.040835,0.216427,0.304687,0.227418,0.110169,0.045892,0.025148,0.029425
4,145,47,2.9241,1,0.009324,0.012705,0.08511,0.038876,0.160149,0.199245,0.205364,0.162496,0.10952,0.07203,0.052321
4,146,8,2.7909,0,0.008092,0.008635,0.25,0.008692,0.056924,0.121792,0.171018,0.183033,0.171248,0.152774,0.134519
4,147,77,2.2537,1,0.010432,0.015392,0.12987,0.063367,0.280653,0.305799,0.184503,0.076772,0.033541,0.029044,0.026321
4,148,9,2.0184,0,0.009007,0.009631,0.22222,0.009231,0.061485,0.135202,0.19446,0.206484,0.177595,0.129615,0.085928
4,152,23,1.3118,1,0.010232,0.013176,0.08696,0.021914,0.134619,0.250127,0.270315,0.181867,0.077417,0.028565,0.035176
4,155,29,1.8212,1,0.01002,0.013535,0.31034,0.027031,0.157189,0.264383,0.25248,0.156294,0.074623,0.037639,0.030361
4,156,73,2.1233,1,0.010745,0.01724,0.12329,0.060248,0.277551,0.315975,0.195546,0.078235,0.028639,0.021418,0.022388
4,157,143,3.8658,2,0.011446,0.019009,0.0979,0.086907,0.261017,0.28021,0.206293,0.091545,0.035467,0.02044,0.018121
4,158,20,3.4131,1,0.008796,0.010963,0.0,0.019091,0.101667,0.16643,0.197999,0.187563,0.143805,0.104876,0.078569
4,160,9,2.2443,0,0.008741,0.010013,0.0,0.009721,0.06313,0.132545,0.17973,0.182229,0.160414,0.140154,0.132077
4,162,25,2.0228,1,0.009565,0.012405,0.32,0.024028,0.142225,0.248289,0.252163,0.169756,0.087266,0.043269,0.033004
4,164,18,1.7635,1,0.010113,0.012659,0.16667,0.017676,0.110582,0.214417,0.252464,0.20058,0.116031,0.054015,0.034236
4,165,24,1.3486,1,0.01043,0.013654,0.20833,0.022972,0.140393,0.258235,0.274857,0.181038,0.074017,0.023097,0.02539
4,167,11,2.7258,0,0.008865,0.010019,0.09091,0.011307,0.071872,0.145743,0.190853,0.189367,0.163157,0.129928,0.097775
4,170,30,4.7804,1,0.009708,0.013334,0.1,0.026768,0.126715,0.19134,0.20607,0.168782,0.120824,0.086698,0.072803
4,171,37,2.3192,1,0.009566,0.012188,0.16216,0.033863,0.17954,0.261998,0.225817,0.144622,0.076993,0.041672,0.035494
4,174,37,2.4603,1,0.009222,0.011498,0.16216,0.034813,0.1831,0.260629,0.215817,0.138168,0.079549,0.046968,0.040955
4,177,32,1.9208,1,0.009987,0.013173,0.03125,0.029771,0.168165,0.269709,0.245489,0.147236,0.067865,0.035089,0.036677
4,179,11,4.1894,0,0.008449,0.009186,0.09091,0.011226,0.067969,0.128867,0.163928,0.173079,0.168965,0.15313,0.132835
4,180,61,3.0085,1,0.009637,0.014483,0.18033,0.04852,0.196246,0.252143,0.232712,0.136599,0.064279,0.037051,0.03245
4,181,22,3.0029,1,0.00948,0.012554,0.22727,0.021184,0.115578,0.192584,0.218198,0.187674,0.129448,0.081041,0.054293
4,182,33,1.8153,1,0.010197,0.014079,0.18182,0.030761,0.175308,0.284112,0.257503,0.147637,0.059973,0.022649,0.022057
4,183,15,2.8239,1,0.008993,0.010453,0.06667,0.015139,0.093429,0.177317,0.206714,0.175057,0.133226,0.108042,0.091077
4,184,70,1.939,1,0.010391,0.01499,0.05714,0.059606,0.285842,0.332539,0.189475,0.063654,0.020266,0.022355,0.026264
4,185,37,2.5411,1,0.010773,0.013409,0.10811,0.032728,0.174526,0.259128,0.231473,0.152326,0.07826,0.039343,0.032218
4,188,138,4.188,2,0.012459,0.022402,0.21014,0.078452,0.249207,0.36687,0.203624,0.056373,0.013342,0.017141,0.01499
4,189,102,4.8185,2,0.010421,0.015281,0.17647,0.067409,0.201208,0.252237,0.217086,0.127378,0.065873,0.039888,0.028922
4,190,35,2.8274,1,0.009824,0.013071,0.05714,0.031187,0.161696,0.238838,0.225074,0.160763,0.094449,0.05202,0.035972
4,191,24,1.3259,1,0.00961,0.012771,0.45833,0.0229,0.139805,0.25654,0.271885,0.177891,0.072897,0.026057,0.032024
4,194,40,2.3938,1,0.009323,0.011556,0.175,0.036126,0.191823,0.272601,0.213891,0.126525,0.076563,0.047161,0.035311
4,195,50,4.1187,1,0.009122,0.011337,0.28,0.042454,0.178774,0.20993,0.20227,0.146729,0.097684,0.072859,0.0493
4,201,14,4.6374,0,0.008308,0.009138,0.07143,0.01362,0.075657,0.129661,0.162775,0.178763,0.170385,0.1468,0.12234
4,203,74,8.1201,2,0.009167,0.012863,0.12162,0.043568,0.144545,0.218709,0.216301,0.160095,0.099816,0.066198,0.050767
4,204,45,2.0864,1,0.00977,0.013233,0.13333,0.0401,0.211405,0.292147,0.211446,0.110121,0.065635,0.040365,0.028781
4,206,15,1.9831,1,0.010239,0.012956,0.0,0.014283,0.090726,0.181878,0.227759,0.202132,0.141974,0.086627,0.054621
4,207,15,1.6878,1,0.009837,0.012381,0.33333,0.014587,0.093446,0.189847,0.240172,0.210818,0.138684,0.072463,0.039983
4,208,11,2.6096,1,0.009589,0.011914,0.27273,0.011237,0.071928,0.147131,0.192803,0.188102,0.157548,0.126026,0.105226
4,209,51,4.3985,2,0.009769,0.01345,0.35294,0.041226,0.169341,0.239058,0.23851,0.153904,0.081324,0.042884,0.033753
4,210,32,1.6075,1,0.009875,0.01383,0.28125,0.029851,0.173374,0.288141,0.262037,0.14036,0.050359,0.026123,0.029755
4,212,10,1.7168,0,0.008983,0.010317,0.1,0.009815,0.065257,0.142858,0.203597,0.212304,0.176217,0.119897,0.070055
4,214,43,1.8578,1,0.010626,0.015659,0.16279,0.037555,0.204128,0.299861,0.233481,0.115632,0.050755,0.02942,0.02917
4,215,8,1.9003,0,0.008841,0.009647,0.0,0.008325,0.055946,0.125204,0.185054,0.203953,0.183666,0.140871,0.09698
4,218,9,1.7298,0,0.008821,0.009862,0.33333,0.009256,0.061784,0.136324,0.196684,0.20876,0.177903,0.126927,0.082361
4,223,71,3.7736,2,0.010409,0.016964,0.23944,0.051025,0.186576,0.279044,0.250495,0.122551,0.048213,0.029299,0.032797
4,224,20,1.7745,1,0.009482,0.012544,0.4,0.01916,0.11834,0.223868,0.254344,0.193931,0.108746,0.050591,0.031021
4,225,43,3.3697,1,0.009961,0.013659,0.34884,0.03666,0.176096,0.236089,0.215947,0.152739,0.092114,0.056098,0.034256
4,226,18,1.9965,1,0.009322,0.011495,0.38889,0.017626,0.1092,0.207812,0.238817,0.187756,0.116315,0.06998,0.052494
4,227,46,2.4014,1,0.010139,0.013944,0.19565,0.040013,0.207242,0.287839,0.224726,0.120285,0.05583,0.034793,0.029273
4,228,58,1.3491,1,0.013308,0.023198,0.08621,0.046836,0.250143,0.347285,0.228569,0.070432,0.017888,0.020031,0.018817
4,229,29,2.3125,1,0.009744,0.013168,0.31034,0.027249,0.153864,0.255325,0.253178,0.163009,0.07262,0.035474,0.039282
4,231,11,2.3736,0,0.008599,0.009269,0.0,0.011164,0.070924,0.144202,0.191148,0.194136,0.169704,0.130283,0.088438
4,232,13,2.7081,1,0.008983,0.010441,0.23077,0.013387,0.082064,0.15514,0.184755,0.169444,0.14683,0.130842,0.117537
4,233,16,1.9684,1,0.008962,0.010969,0.125,0.01594,0.099623,0.19402,0.234255,0.200613,0.136285,0.077674,0.041589
4,234,14,2.1975,1,0.009073,0.010568,0.14286,0.01393,0.088,0.174772,0.216911,0.1933,0.142106,0.098104,0.072877
4,235,25,2.5347,1,0.008772,0.010744,0.08,0.023761,0.134098,0.220416,0.223956,0.174411,0.116234,0.066561,0.040562
4,236,13,2.8732,1,0.010225,0.013886,0.07692,0.012533,0.079144,0.157245,0.196231,0.1796,0.144009,0.120006,0.111232
4,237,24,7.6505,1,0.008818,0.011146,0.33333,0.020506,0.085764,0.146126,0.188843,0.186192,0.148942,0.11894,0.104688
4,240,46,2.3184,1,0.010174,0.013822,0.04348,0.040802,0.209608,0.286554,0.223074,0.12476,0.057878,0.029914,0.02741
4,241,20,2.0905,1,0.009221,0.011662,0.0,0.019056,0.116803,0.218468,0.246453,0.190309,0.113029,0.058978,0.036904
4,243,44,2.9099,1,0.00946,0.012923,0.22727,0.038894,0.191387,0.254727,0.21577,0.14405,0.079436,0.043756,0.03198
4,244,21,1.3358,1,0.009889,0.012735,0.04762,0.020033,0.124746,0.238351,0.269894,0.195202,0.091546,0.031368,0.028861
4,245,13,2.2115,1,0.008784,0.010419,0.07692,0.013285,0.084587,0.171196,0.219936,0.204971,0.153283,0.096037,0.056704
4,246,11,1.4928,0,0.008825,0.010197,0.0,0.011465,0.075596,0.16249,0.223901,0.220094,0.164946,0.094744,0.046764
4,247,12,3.0112,1,0.009007,0.010393,0.16667,0.012043,0.074626,0.144917,0.181881,0.17973,0.163231,0.138218,0.105354
4,248,20,2.4812,1,0.009109,0.011232,0.1,0.019449,0.116851,0.2115,0.232175,0.183209,0.1223,0.073336,0.041181
4,249,33,3.8759,1,0.00976,0.012629,0.18182,0.029359,0.14914,0.215632,0.211048,0.169004,0.11461,0.069706,0.0415
4,250,21,2.0266,1,0.009458,0.012347,0.04762,0.020452,0.123909,0.227358,0.251083,0.189594,0.107423,0.04969,0.030492
4,251,23,4.4262,1,0.009412,0.012553,0.17391,0.021775,0.109005,0.172839,0.209163,0.190417,0.134548,0.09051,0.071743
4,252,13,2.0693,1,0.008731,0.010876,0.0,0.013502,0.085977,0.173381,0.219818,0.199778,0.146633,0.096069,0.064842
4,256,64,3.7534,2,0.009686,0.012925,0.09375,0.048872,0.170461,0.257059,0.268433,0.135367,0.055131,0.031109,0.033569
4,258,13,2.3073,1,0.009607,0.011759,0.0,0.012792,0.081921,0.167346,0.217131,0.20423,0.154939,0.100341,0.0613
4,259,119,3.2313,2,0.010746,0.018769,0.15966,0.083463,0.268111,0.291335,0.20533,0.07848,0.02815,0.024184,0.020946
4,260,83,2.8789,2,0.010776,0.015986,0.08434,0.065631,0.266354,0.285496,0.218162,0.095692,0.029073,0.019381,0.02021
4,263,16,2.223,0,0.009107,0.010247,0.25,0.015636,0.09455,0.174701,0.202733,0.180168,0.144797,0.108862,0.078553
4,264,43,1.436,1,0.010879,0.016007,0.25581,0.037926,0.211609,0.322373,0.249933,0.100577,0.026346,0.023011,0.028226
4,266,31,1.8158,1,0.009982,0.014447,0.29032,0.029212,0.168227,0.277864,0.257544,0.149716,0.061642,0.027404,0.028392
4,267,10,1.68,0,0.009108,0.010294,0.3,0.009756,0.064938,0.142473,0.203702,0.213218,0.177431,0.120183,0.068298
4,268,58,2.3112,1,0.01043,0.013899,0.10345,0.049966,0.236832,0.287549,0.215473,0.124342,0.04253,0.01596,0.027348
4,269,8,1.0158,0,0.008663,0.009023,0.0,0.007684,0.052593,0.12172,0.188049,0.216462,0.198436,0.142435,0.072621
4,270,13,4.9723,1,0.009113,0.010824,0.07692,0.013073,0.079277,0.147683,0.174926,0.163656,0.147941,0.139368,0.134077
4,273,8,429781.8822,0,0.008384,0.009175,0.375,0.008409,0.055051,0.117455,0.16347,0.172773,0.162809,0.157101,0.162933
4,275,12,1.9757,1,0.009063,0.01053,0.08333,0.012152,0.078457,0.16209,0.211598,0.197558,0.148761,0.104449,0.084934
4,277,26,1.6337,1,0.009896,0.013232,0.03846,0.024555,0.146152,0.256273,0.257666,0.166392,0.080211,0.039402,0.02935
4,278,22,1.8267,1,0.009482,0.01204,0.04545,0.021424,0.129058,0.233177,0.249779,0.181211,0.101716,0.051014,0.032622
4,279,16,3.3371,0,0.008754,0.010338,0.0,0.015492,0.086293,0.145209,0.1706,0.175005,0.161741,0.135294,0.110366
4,282,23,1.9743,1,0.009632,0.012562,0.17391,0.021799,0.131108,0.236144,0.251837,0.181857,0.101538,0.049153,0.026566
4,283,8,4.2698,0,0.008237,0.009029,0.5,0.009027,0.057096,0.115689,0.15518,0.166496,0.166894,0.165982,0.163637
4,289,19,1.6008,1,0.009386,0.011401,0.26316,0.018487,0.115283,0.221451,0.255008,0.193797,0.10512,0.050054,0.040798
4,290,20,1.9191,1,0.008985,0.011086,0.4,0.019609,0.119841,0.222431,0.247002,0.185781,0.107272,0.057098,0.040966
4,291,17,1.4561,1,0.009192,0.012063,0.47059,0.017373,0.109831,0.216892,0.260739,0.209279,0.116814,0.045439,0.023632
4,292,28,2.0027,1,0.00976,0.01363,0.35714,0.026635,0.151202,0.249489,0.244654,0.163689,0.081659,0.041737,0.040935
4,293,57,1.9791,1,0.010706,0.015513,0.29825,0.048928,0.246569,0.32052,0.217726,0.088165,0.026873,0.022806,0.028414
4,294,17,2.5335,1,0.008726,0.010795,0.29412,0.016668,0.101877,0.191418,0.22335,0.18948,0.133736,0.085799,0.057672
4,295,22,1.4523,1,0.009951,0.01372,0.22727,0.021478,0.132357,0.248088,0.273687,0.19216,0.086721,0.025594,0.019916
4,296,34,2.0546,1,0.009584,0.013035,0.0,0.031093,0.171436,0.26501,0.236307,0.148011,0.076158,0.039116,0.032868
4,299,60,2.3669,1,0.010093,0.015463,0.2,0.050199,0.232155,0.293878,0.219332,0.094574,0.041071,0.035099,0.033693
4,300,12,1.8314,0,0.009028,0.009907,0.08333,0.01189,0.077104,0.160799,0.213253,0.203453,0.155581,0.104966,0.072953
4,301,9,2.1169,1,0.009306,0.011112,0.22222,0.009412,0.06199,0.133499,0.186795,0.193662,0.167642,0.13437,0.11263
4,305,39,2.4399,1,0.010028,0.013393,0.05128,0.034982,0.185919,0.271785,0.231858,0.141497,0.067731,0.033605,0.032623
4,306,11,2.5237,0,0.008342,0.009261,0.09091,0.011534,0.074149,0.152844,0.202028,0.197167,0.160548,0.117645,0.084086
4,307,17,1.4955,1,0.009059,0.012205,0.05882,0.017315,0.109155,0.214488,0.256427,0.20559,0.116975,0.05002,0.03003
4,308,61,2.1107,1,0.01057,0.017424,0.16393,0.050242,0.240752,0.307863,0.216641,0.087397,0.035049,0.02983,0.032224
4,310,48,6.497,1,0.009397,0.012594,0.10417,0.037478,0.143713,0.192971,0.185739,0.150427,0.117152,0.093787,0.078732
4,311,31,1.7509,1,0.009302,0.011947,0.19355,0.02961,0.170784,0.281576,0.257394,0.14447,0.056713,0.026696,0.032758
4,312,29,1.5047,1,0.010155,0.014558,0.06897,0.027189,0.161023,0.278365,0.269247,0.155763,0.056191,0.022375,0.029846
4,315,19,1.3617,1,0.009584,0.012937,0.0,0.018589,0.116694,0.226994,0.265769,0.204114,0.106078,0.038242,0.023519
4,316,30,1.4015,1,0.009968,0.013518,0.2,0.028116,0.166238,0.285626,0.271172,0.148762,0.046584,0.019071,0.034433
4,318,39,3.0385,1,0.009502,0.012313,0.15385,0.034987,0.179392,0.250434,0.213716,0.14379,0.085051,0.052605,0.040025
4,319,9,2.0292,0,0.008907,0.009653,0.33333,0.009229,0.06148,0.135209,0.194515,0.206605,0.177731,0.129616,0.085615
4,320,9,1.4554,1,0.00955,0.010542,0.33333,0.008829,0.059429,0.133285,0.196936,0.214933,0.186852,0.129785,0.069952
4,323,32,2.0359,1,0.009323,0.012095,0.0,0.029989,0.16723,0.260987,0.229222,0.139268,0.078356,0.052062,0.042886
4,324,118,3.4523,2,0.010464,0.014481,0.07627,0.084044,0.271581,0.287597,0.193109,0.085235,0.033197,0.021157,0.02408
4,325,54,2.2021,1,0.009727,0.013709,0.2037,0.046396,0.220461,0.268388,0.197414,0.117417,0.061949,0.045032,0.042944
4,326,89,5.5225,2,0.01022,0.016114,0.23596,0.054377,0.160519,0.265496,0.241854,0.141953,0.066337,0.03578,0.033684
4,330,19,2.1196,1,0.009227,0.010851,0.26316,0.018514,0.113311,0.211387,0.237964,0.184526,0.113611,0.068072,0.052615
4,331,18,1.5147,1,0.009325,0.011547,0.05556,0.017863,0.111584,0.215299,0.250413,0.194466,0.110191,0.055519,0.044664
4,332,52,1.4754,1,0.011444,0.019276,0.13462,0.044343,0.239004,0.339466,0.235416,0.081913,0.02092,0.018176,0.020763
4,334,18,1.7063,1,0.008749,0.010504,0.05556,0.018189,0.112446,0.213263,0.244039,0.190156,0.113909,0.062682,0.045317
4,335,298,3.5358,5,0.012083,0.026103,0.16443,0.117318,0.259138,0.250026,0.216731,0.067378,0.03522,0.02962,0.024568
4,336,31,2.1373,1,0.011027,0.016069,0.19355,0.02722,0.156981,0.260838,0.247773,0.157732,0.082887,0.043299,0.023271
4,342,68,2.2274,1,0.012871,0.02175,0.14706,0.053984,0.259123,0.305457,0.192583,0.095981,0.04351,0.024293,0.025068
4,345,42,3.8622,2,0.010523,0.015568,0.2619,0.033723,0.130968,0.196569,0.248656,0.158373,0.098219,0.067728,0.065765
4,346,8,1.6139,0,0.008629,0.009688,0.0,0.008394,0.056513,0.126792,0.187593,0.2059,0.182919,0.137281,0.094607
4,348,37,2.148,1,0.010076,0.013102,0.13514,0.033556,0.184882,0.28197,0.237363,0.130226,0.05989,0.036699,0.035414
4,349,10,2.3399,0,0.00868,0.009725,0.3,0.010891,0.070989,0.149583,0.201769,0.197785,0.158496,0.116766,0.09372
4,352,19,764139.2779,1,0.010208,0.014316,0.0,0.017187,0.092671,0.144973,0.153485,0.147613,0.145238,0.14984,0.148992
4,354,19,1.3168,1,0.009999,0.012955,0.21053,0.018612,0.116957,0.227893,0.267227,0.204987,0.105286,0.036369,0.022668
4,355,41,2.0014,1,0.011025,0.016998,0.17073,0.036179,0.195976,0.293982,0.246434,0.128519,0.045062,0.02322,0.030627
4,359,26,1.8509,1,0.009581,0.012512,0.03846,0.024746,0.145745,0.252389,0.254524,0.170712,0.08593,0.038131,0.027824
4,360,55,1.6788,1,0.010955,0.016529,0.14545,0.047135,0.244856,0.329477,0.221938,0.082461,0.023751,0.022514,0.027867
4,361,14,1.2246,1,0.009471,0.012306,0.0,0.01382,0.089078,0.182867,0.234143,0.207702,0.138635,0.078157,0.055597
4,363,9,1.4408,0,0.008565,0.009997,0.22222,0.00984,0.065602,0.144232,0.206234,0.214513,0.17527,0.115617,0.068692
4,364,17,2.5859,1,0.009424,0.01157,0.11765,0.016359,0.099086,0.184256,0.215802,0.189694,0.14206,0.093843,0.058901
4,365,16,2.0635,1,0.009477,0.01077,0.0,0.015365,0.096081,0.187146,0.225665,0.193224,0.134311,0.086503,0.061704
4,366,37,4.2584,1,0.009807,0.012598,0.02703,0.032519,0.155698,0.215393,0.212052,0.165339,0.107631,0.066323,0.045044
4,367,12,1.5962,1,0.00927,0.010633,0.0,0.01133,0.07455,0.159741,0.219663,0.216856,0.166081,0.100748,0.05103
4,369,10,410779.4299,0,0.009033,0.010249,0.0,0.010497,0.063086,0.118684,0.151419,0.16388,0.167872,0.165097,0.159465
